"section_id","time_hours","water_level_m","discharge_m3s"
"1","0.0","32.3","1.0"
"1","1.0","33.113","35.05"
"1","2.0","33.222","34.53"
"1","3.0","33.31","34.02"
"1","4.0","33.38","33.5"
"1","5.0","33.438","32.98"
"1","6.0","33.485","32.47"
"1","7.0","33.522","31.95"
"1","8.0","33.55","31.43"
"1","9.0","33.573","30.92"
"1","10.0","33.589","30.4"
"1","11.0","33.601","29.88"
"1","12.0","33.61","29.37"
"1","13.0","33.617","28.85"
"1","14.0","33.621","28.33"
"1","15.0","33.624","27.82"
"1","16.0","33.626","27.3"
"1","17.0","33.627","26.78"
"1","18.0","33.626","26.27"
"1","19.0","33.623","25.75"
"1","20.0","33.619","25.23"
"1","21.0","33.613","24.72"
"1","22.0","33.605","24.2"
"1","23.0","33.598","23.83"
"1","24.0","33.59","23.47"
"1","25.0","33.582","23.1"
"1","26.0","33.573","22.73"
"1","27.0","33.563","22.37"
"1","28.0","33.552","22.0"
"1","29.0","33.541","21.63"
"1","30.0","33.529","21.27"
"1","31.0","33.516","20.9"
"1","32.0","33.502","20.53"
"1","33.0","33.488","20.17"
"1","34.0","33.473","19.8"
"1","35.0","33.458","19.43"
"1","36.0","33.441","19.07"
"1","37.0","33.425","18.7"
"1","38.0","33.407","18.33"
"1","39.0","33.39","17.97"
"1","40.0","33.371","17.6"
"1","41.0","33.352","17.23"
"1","42.0","33.333","16.87"
"1","43.0","33.313","16.5"
"1","44.0","33.292","16.13"
"1","45.0","33.272","15.77"
"1","46.0","33.25","15.4"
"1","47.0","33.231","15.24"
"1","48.0","33.214","15.08"
"1","49.0","33.197","14.93"
"1","50.0","33.18","14.77"
"1","51.0","33.165","14.61"
"1","52.0","33.15","14.45"
"1","53.0","33.136","14.29"
"1","54.0","33.121","14.13"
"1","55.0","33.108","13.97"
"1","56.0","33.094","13.82"
"1","57.0","33.081","13.66"
"1","58.0","33.067","13.5"
"1","59.0","33.054","13.34"
"1","60.0","33.041","13.18"
"1","61.0","33.028","13.03"
"1","62.0","33.015","12.87"
"1","63.0","33.002","12.71"
"1","64.0","32.989","12.55"
"1","65.0","32.976","12.39"
"1","66.0","32.963","12.23"
"1","67.0","32.95","12.07"
"1","68.0","32.937","11.92"
"1","69.0","32.924","11.76"
"1","70.0","32.911","11.6"
"1","71.0","32.899","11.49"
"2","0.0","32.233","1.0"
"2","1.0","32.836","35.489"
"2","2.0","33.035","33.683"
"2","3.0","33.158","33.47"
"2","4.0","33.25","33.056"
"2","5.0","33.323","32.616"
"2","6.0","33.382","32.179"
"2","7.0","33.428","31.722"
"2","8.0","33.464","31.253"
"2","9.0","33.492","30.785"
"2","10.0","33.513","30.299"
"2","11.0","33.529","29.804"
"2","12.0","33.542","29.31"
"2","13.0","33.552","28.806"
"2","14.0","33.559","28.299"
"2","15.0","33.565","27.795"
"2","16.0","33.569","27.284"
"2","17.0","33.572","26.774"
"2","18.0","33.573","26.274"
"2","19.0","33.572","25.766"
"2","20.0","33.57","25.257"
"2","21.0","33.566","24.757"
"2","22.0","33.559","24.248"
"2","23.0","33.553","23.874"
"2","24.0","33.546","23.517"
"2","25.0","33.539","23.152"
"2","26.0","33.53","22.787"
"2","27.0","33.521","22.431"
"2","28.0","33.511","22.067"
"2","29.0","33.501","21.702"
"2","30.0","33.489","21.345"
"2","31.0","33.477","20.98"
"2","32.0","33.464","20.615"
"2","33.0","33.45","20.258"
"2","34.0","33.436","19.893"
"2","35.0","33.421","19.527"
"2","36.0","33.405","19.17"
"2","37.0","33.389","18.804"
"2","38.0","33.372","18.437"
"2","39.0","33.355","18.079"
"2","40.0","33.337","17.713"
"2","41.0","33.318","17.346"
"2","42.0","33.299","16.988"
"2","43.0","33.28","16.621"
"2","44.0","33.26","16.254"
"2","45.0","33.239","15.895"
"2","46.0","33.218","15.528"
"2","47.0","33.199","15.35"
"2","48.0","33.181","15.185"
"2","49.0","33.164","15.029"
"2","50.0","33.147","14.864"
"2","51.0","33.132","14.7"
"2","52.0","33.117","14.537"
"2","53.0","33.102","14.374"
"2","54.0","33.088","14.213"
"2","55.0","33.074","14.051"
"2","56.0","33.061","13.899"
"2","57.0","33.047","13.739"
"2","58.0","33.034","13.578"
"2","59.0","33.021","13.417"
"2","60.0","33.007","13.257"
"2","61.0","32.994","13.105"
"2","62.0","32.981","12.945"
"2","63.0","32.969","12.785"
"2","64.0","32.956","12.625"
"2","65.0","32.943","12.465"
"2","66.0","32.93","12.305"
"2","67.0","32.917","12.145"
"2","68.0","32.904","11.994"
"2","69.0","32.891","11.835"
"2","70.0","32.878","11.675"
"2","71.0","32.866","11.56"
"2_sec2_0","0.0","32.233","2.0"
"2_sec2_0","1.0","32.836","35.489"
"2_sec2_0","2.0","33.035","33.683"
"2_sec2_0","3.0","33.158","33.47"
"2_sec2_0","4.0","33.25","33.056"
"2_sec2_0","5.0","33.323","32.616"
"2_sec2_0","6.0","33.382","32.179"
"2_sec2_0","7.0","33.428","31.722"
"2_sec2_0","8.0","33.464","31.253"
"2_sec2_0","9.0","33.492","30.785"
"2_sec2_0","10.0","33.513","30.299"
"2_sec2_0","11.0","33.529","29.804"
"2_sec2_0","12.0","33.542","29.31"
"2_sec2_0","13.0","33.552","28.806"
"2_sec2_0","14.0","33.559","28.299"
"2_sec2_0","15.0","33.565","27.795"
"2_sec2_0","16.0","33.569","27.284"
"2_sec2_0","17.0","33.572","26.774"
"2_sec2_0","18.0","33.573","26.274"
"2_sec2_0","19.0","33.572","25.766"
"2_sec2_0","20.0","33.57","25.257"
"2_sec2_0","21.0","33.566","24.757"
"2_sec2_0","22.0","33.559","24.248"
"2_sec2_0","23.0","33.553","23.874"
"2_sec2_0","24.0","33.546","23.517"
"2_sec2_0","25.0","33.539","23.152"
"2_sec2_0","26.0","33.53","22.787"
"2_sec2_0","27.0","33.521","22.431"
"2_sec2_0","28.0","33.511","22.067"
"2_sec2_0","29.0","33.501","21.702"
"2_sec2_0","30.0","33.489","21.345"
"2_sec2_0","31.0","33.477","20.98"
"2_sec2_0","32.0","33.464","20.615"
"2_sec2_0","33.0","33.45","20.258"
"2_sec2_0","34.0","33.436","19.893"
"2_sec2_0","35.0","33.421","19.527"
"2_sec2_0","36.0","33.405","19.17"
"2_sec2_0","37.0","33.389","18.804"
"2_sec2_0","38.0","33.372","18.437"
"2_sec2_0","39.0","33.355","18.079"
"2_sec2_0","40.0","33.337","17.713"
"2_sec2_0","41.0","33.318","17.346"
"2_sec2_0","42.0","33.299","16.988"
"2_sec2_0","43.0","33.28","16.621"
"2_sec2_0","44.0","33.26","16.254"
"2_sec2_0","45.0","33.239","15.895"
"2_sec2_0","46.0","33.218","15.528"
"2_sec2_0","47.0","33.199","15.35"
"2_sec2_0","48.0","33.181","15.185"
"2_sec2_0","49.0","33.164","15.029"
"2_sec2_0","50.0","33.147","14.864"
"2_sec2_0","51.0","33.132","14.7"
"2_sec2_0","52.0","33.117","14.537"
"2_sec2_0","53.0","33.102","14.374"
"2_sec2_0","54.0","33.088","14.213"
"2_sec2_0","55.0","33.074","14.051"
"2_sec2_0","56.0","33.061","13.899"
"2_sec2_0","57.0","33.047","13.739"
"2_sec2_0","58.0","33.034","13.578"
"2_sec2_0","59.0","33.021","13.417"
"2_sec2_0","60.0","33.007","13.257"
"2_sec2_0","61.0","32.994","13.105"
"2_sec2_0","62.0","32.981","12.945"
"2_sec2_0","63.0","32.969","12.785"
"2_sec2_0","64.0","32.956","12.625"
"2_sec2_0","65.0","32.943","12.465"
"2_sec2_0","66.0","32.93","12.305"
"2_sec2_0","67.0","32.917","12.145"
"2_sec2_0","68.0","32.904","11.994"
"2_sec2_0","69.0","32.891","11.835"
"2_sec2_0","70.0","32.878","11.675"
"2_sec2_0","71.0","32.866","11.56"
"20","0.0","32.214","1.0"
"20","1.0","32.651","28.197"
"20","2.0","32.879","31.23"
"20","3.0","33.026","31.587"
"20","4.0","33.134","31.557"
"20","5.0","33.219","31.4"
"20","6.0","33.287","31.21"
"20","7.0","33.34","30.963"
"20","8.0","33.382","30.657"
"20","9.0","33.415","30.325"
"20","10.0","33.44","29.945"
"20","11.0","33.459","29.528"
"20","12.0","33.475","29.087"
"20","13.0","33.488","28.63"
"20","14.0","33.498","28.165"
"20","15.0","33.506","27.682"
"20","16.0","33.513","27.199"
"20","17.0","33.518","26.721"
"20","18.0","33.521","26.252"
"20","19.0","33.523","25.779"
"20","20.0","33.522","25.304"
"20","21.0","33.519","24.834"
"20","22.0","33.515","24.357"
"20","23.0","33.509","23.981"
"20","24.0","33.504","23.633"
"20","25.0","33.497","23.283"
"20","26.0","33.49","22.933"
"20","27.0","33.481","22.589"
"20","28.0","33.472","22.24"
"20","29.0","33.462","21.889"
"20","30.0","33.452","21.545"
"20","31.0","33.44","21.194"
"20","32.0","33.428","20.842"
"20","33.0","33.415","20.496"
"20","34.0","33.401","20.143"
"20","35.0","33.387","19.789"
"20","36.0","33.372","19.44"
"20","37.0","33.356","19.085"
"20","38.0","33.34","18.728"
"20","39.0","33.323","18.377"
"20","40.0","33.306","18.02"
"20","41.0","33.288","17.661"
"20","42.0","33.27","17.31"
"20","43.0","33.251","16.952"
"20","44.0","33.231","16.592"
"20","45.0","33.212","16.237"
"20","46.0","33.191","15.877"
"20","47.0","33.172","15.662"
"20","48.0","33.154","15.479"
"20","49.0","33.137","15.309"
"20","50.0","33.121","15.129"
"20","51.0","33.105","14.952"
"20","52.0","33.09","14.78"
"20","53.0","33.076","14.611"
"20","54.0","33.062","14.444"
"20","55.0","33.048","14.277"
"20","56.0","33.035","14.12"
"20","57.0","33.021","13.958"
"20","58.0","33.008","13.795"
"20","59.0","32.995","13.633"
"20","60.0","32.982","13.47"
"20","61.0","32.969","13.314"
"20","62.0","32.957","13.155"
"20","63.0","32.944","12.994"
"20","64.0","32.931","12.833"
"20","65.0","32.919","12.673"
"20","66.0","32.906","12.513"
"20","67.0","32.893","12.353"
"20","68.0","32.88","12.2"
"20","69.0","32.868","12.041"
"20","70.0","32.855","11.882"
"20","71.0","32.843","11.757"
"21","0.0","32.199","0.0"
"21","1.0","32.535","21.677"
"21","2.0","32.768","26.369"
"21","3.0","32.924","28.182"
"21","4.0","33.042","28.909"
"21","5.0","33.134","29.258"
"21","6.0","33.208","29.506"
"21","7.0","33.265","29.619"
"21","8.0","33.311","29.595"
"21","9.0","33.347","29.495"
"21","10.0","33.375","29.292"
"21","11.0","33.397","29.006"
"21","12.0","33.416","28.655"
"21","13.0","33.431","28.28"
"21","14.0","33.443","27.881"
"21","15.0","33.454","27.436"
"21","16.0","33.463","27.004"
"21","17.0","33.47","26.579"
"21","18.0","33.475","26.165"
"21","19.0","33.478","25.75"
"21","20.0","33.478","25.332"
"21","21.0","33.477","24.915"
"21","22.0","33.474","24.491"
"21","23.0","33.47","24.122"
"21","24.0","33.465","23.793"
"21","25.0","33.459","23.466"
"21","26.0","33.453","23.14"
"21","27.0","33.445","22.818"
"21","28.0","33.437","22.494"
"21","29.0","33.428","22.166"
"21","30.0","33.418","21.842"
"21","31.0","33.407","21.514"
"21","32.0","33.395","21.183"
"21","33.0","33.383","20.855"
"21","34.0","33.37","20.523"
"21","35.0","33.356","20.187"
"21","36.0","33.342","19.854"
"21","37.0","33.327","19.515"
"21","38.0","33.311","19.174"
"21","39.0","33.295","18.835"
"21","40.0","33.278","18.492"
"21","41.0","33.261","18.146"
"21","42.0","33.243","17.807"
"21","43.0","33.225","17.463"
"21","44.0","33.206","17.114"
"21","45.0","33.187","16.768"
"21","46.0","33.167","16.418"
"21","47.0","33.148","16.156"
"21","48.0","33.13","15.948"
"21","49.0","33.113","15.754"
"21","50.0","33.097","15.548"
"21","51.0","33.082","15.351"
"21","52.0","33.067","15.164"
"21","53.0","33.053","14.983"
"21","54.0","33.039","14.808"
"21","55.0","33.026","14.634"
"21","56.0","33.012","14.467"
"21","57.0","32.999","14.302"
"21","58.0","32.986","14.136"
"21","59.0","32.973","13.971"
"21","60.0","32.961","13.804"
"21","61.0","32.948","13.644"
"21","62.0","32.936","13.484"
"21","63.0","32.923","13.322"
"21","64.0","32.911","13.161"
"21","65.0","32.898","13.0"
"21","66.0","32.886","12.839"
"21","67.0","32.873","12.679"
"21","68.0","32.861","12.523"
"21","69.0","32.848","12.367"
"21","70.0","32.836","12.208"
"21","71.0","32.823","12.069"
"22","0.0","32.155","0.0"
"22","1.0","32.301","19.128"
"22","2.0","32.543","23.804"
"22","3.0","32.729","26.091"
"22","4.0","32.871","27.264"
"22","5.0","32.979","27.952"
"22","6.0","33.063","28.467"
"22","7.0","33.129","28.79"
"22","8.0","33.182","28.931"
"22","9.0","33.224","28.962"
"22","10.0","33.258","28.861"
"22","11.0","33.286","28.65"
"22","12.0","33.31","28.355"
"22","13.0","33.33","28.03"
"22","14.0","33.347","27.668"
"22","15.0","33.362","27.25"
"22","16.0","33.375","26.849"
"22","17.0","33.386","26.46"
"22","18.0","33.394","26.079"
"22","19.0","33.4","25.701"
"22","20.0","33.403","25.317"
"22","21.0","33.404","24.932"
"22","22.0","33.403","24.538"
"22","23.0","33.401","24.182"
"22","24.0","33.397","23.863"
"22","25.0","33.393","23.551"
"22","26.0","33.388","23.239"
"22","27.0","33.381","22.93"
"22","28.0","33.374","22.62"
"22","29.0","33.366","22.307"
"22","30.0","33.357","21.994"
"22","31.0","33.347","21.68"
"22","32.0","33.337","21.361"
"22","33.0","33.325","21.044"
"22","34.0","33.313","20.723"
"22","35.0","33.3","20.398"
"22","36.0","33.287","20.073"
"22","37.0","33.272","19.744"
"22","38.0","33.257","19.411"
"22","39.0","33.242","19.078"
"22","40.0","33.226","18.744"
"22","41.0","33.21","18.405"
"22","42.0","33.193","18.072"
"22","43.0","33.175","17.734"
"22","44.0","33.157","17.392"
"22","45.0","33.139","17.05"
"22","46.0","33.12","16.707"
"22","47.0","33.102","16.425"
"22","48.0","33.084","16.203"
"22","49.0","33.067","15.994"
"22","50.0","33.051","15.774"
"22","51.0","33.037","15.567"
"22","52.0","33.022","15.371"
"22","53.0","33.008","15.184"
"22","54.0","32.995","15.003"
"22","55.0","32.981","14.825"
"22","56.0","32.968","14.654"
"22","57.0","32.956","14.487"
"22","58.0","32.943","14.319"
"22","59.0","32.93","14.153"
"22","60.0","32.918","13.984"
"22","61.0","32.905","13.821"
"22","62.0","32.893","13.66"
"22","63.0","32.881","13.498"
"22","64.0","32.868","13.336"
"22","65.0","32.856","13.175"
"22","66.0","32.844","13.014"
"22","67.0","32.832","12.854"
"22","68.0","32.819","12.697"
"22","69.0","32.807","12.54"
"22","70.0","32.795","12.382"
"22","71.0","32.783","12.238"
"23","0.0","32.137","0.0"
"23","1.0","32.251","12.787"
"23","2.0","32.448","20.612"
"23","3.0","32.641","23.626"
"23","4.0","32.793","25.275"
"23","5.0","32.908","26.383"
"23","6.0","32.995","27.188"
"23","7.0","33.064","27.736"
"23","8.0","33.12","28.063"
"23","9.0","33.165","28.237"
"23","10.0","33.202","28.261"
"23","11.0","33.233","28.137"
"23","12.0","33.259","27.914"
"23","13.0","33.282","27.655"
"23","14.0","33.301","27.336"
"23","15.0","33.318","26.956"
"23","16.0","33.333","26.601"
"23","17.0","33.345","26.26"
"23","18.0","33.355","25.928"
"23","19.0","33.362","25.598"
"23","20.0","33.366","25.262"
"23","21.0","33.369","24.919"
"23","22.0","33.369","24.568"
"23","23.0","33.367","24.234"
"23","24.0","33.364","23.932"
"23","25.0","33.361","23.639"
"23","26.0","33.356","23.346"
"23","27.0","33.35","23.055"
"23","28.0","33.344","22.764"
"23","29.0","33.336","22.468"
"23","30.0","33.328","22.172"
"23","31.0","33.319","21.873"
"23","32.0","33.308","21.57"
"23","33.0","33.297","21.266"
"23","34.0","33.286","20.959"
"23","35.0","33.273","20.646"
"23","36.0","33.26","20.333"
"23","37.0","33.246","20.013"
"23","38.0","33.232","19.689"
"23","39.0","33.217","19.365"
"23","40.0","33.201","19.038"
"23","41.0","33.185","18.707"
"23","42.0","33.168","18.379"
"23","43.0","33.151","18.047"
"23","44.0","33.134","17.71"
"23","45.0","33.116","17.373"
"23","46.0","33.098","17.033"
"23","47.0","33.079","16.736"
"23","48.0","33.062","16.496"
"23","49.0","33.045","16.268"
"23","50.0","33.03","16.029"
"23","51.0","33.015","15.809"
"23","52.0","33.001","15.603"
"23","53.0","32.987","15.408"
"23","54.0","32.974","15.221"
"23","55.0","32.961","15.037"
"23","56.0","32.948","14.86"
"23","57.0","32.935","14.689"
"23","58.0","32.923","14.518"
"23","59.0","32.91","14.349"
"23","60.0","32.898","14.179"
"23","61.0","32.885","14.014"
"23","62.0","32.873","13.852"
"23","63.0","32.861","13.689"
"23","64.0","32.849","13.526"
"23","65.0","32.837","13.365"
"23","66.0","32.825","13.203"
"23","67.0","32.812","13.043"
"23","68.0","32.8","12.885"
"23","69.0","32.788","12.728"
"23","70.0","32.776","12.569"
"23","71.0","32.764","12.421"
"24","0.0","32.115","0.0"
"24","1.0","32.159","11.782"
"24","2.0","32.365","14.651"
"24","3.0","32.551","18.658"
"24","4.0","32.703","21.437"
"24","5.0","32.819","23.438"
"24","6.0","32.909","24.863"
"24","7.0","32.98","25.867"
"24","8.0","33.038","26.546"
"24","9.0","33.085","26.977"
"24","10.0","33.125","27.212"
"24","11.0","33.158","27.231"
"24","12.0","33.188","27.136"
"24","13.0","33.213","26.993"
"24","14.0","33.235","26.734"
"24","15.0","33.255","26.429"
"24","16.0","33.273","26.155"
"24","17.0","33.287","25.899"
"24","18.0","33.299","25.648"
"24","19.0","33.307","25.398"
"24","20.0","33.313","25.138"
"24","21.0","33.317","24.865"
"24","22.0","33.318","24.579"
"24","23.0","33.318","24.285"
"24","24.0","33.316","24.012"
"24","25.0","33.314","23.75"
"24","26.0","33.31","23.488"
"24","27.0","33.305","23.228"
"24","28.0","33.299","22.965"
"24","29.0","33.292","22.699"
"24","30.0","33.285","22.429"
"24","31.0","33.276","22.158"
"24","32.0","33.267","21.881"
"24","33.0","33.256","21.6"
"24","34.0","33.245","21.316"
"24","35.0","33.233","21.026"
"24","36.0","33.221","20.732"
"24","37.0","33.207","20.43"
"24","38.0","33.193","20.124"
"24","39.0","33.179","19.815"
"24","40.0","33.164","19.504"
"24","41.0","33.149","19.188"
"24","42.0","33.133","18.872"
"24","43.0","33.116","18.554"
"24","44.0","33.099","18.231"
"24","45.0","33.082","17.905"
"24","46.0","33.064","17.578"
"24","47.0","33.046","17.265"
"24","48.0","33.029","16.999"
"24","49.0","33.013","16.739"
"24","50.0","32.998","16.471"
"24","51.0","32.983","16.231"
"24","52.0","32.97","16.011"
"24","53.0","32.956","15.805"
"24","54.0","32.943","15.609"
"24","55.0","32.93","15.417"
"24","56.0","32.918","15.233"
"24","57.0","32.905","15.056"
"24","58.0","32.893","14.882"
"24","59.0","32.881","14.71"
"24","60.0","32.869","14.539"
"24","61.0","32.857","14.37"
"24","62.0","32.845","14.205"
"24","63.0","32.833","14.041"
"24","64.0","32.821","13.878"
"24","65.0","32.809","13.715"
"24","66.0","32.797","13.553"
"24","67.0","32.785","13.392"
"24","68.0","32.773","13.233"
"24","69.0","32.761","13.075"
"24","70.0","32.749","12.917"
"24","71.0","32.737","12.763"
"25","0.0","32.055","0.0"
"25","1.0","32.082","6.378"
"25","2.0","32.199","12.562"
"25","3.0","32.348","16.157"
"25","4.0","32.477","19.407"
"25","5.0","32.583","21.807"
"25","6.0","32.67","23.526"
"25","7.0","32.743","24.752"
"25","8.0","32.804","25.595"
"25","9.0","32.857","26.151"
"25","10.0","32.904","26.49"
"25","11.0","32.946","26.588"
"25","12.0","32.982","26.569"
"25","13.0","33.014","26.5"
"25","14.0","33.045","26.253"
"25","15.0","33.073","26.01"
"25","16.0","33.097","25.798"
"25","17.0","33.117","25.602"
"25","18.0","33.133","25.41"
"25","19.0","33.146","25.215"
"25","20.0","33.156","25.006"
"25","21.0","33.164","24.781"
"25","22.0","33.169","24.539"
"25","23.0","33.172","24.276"
"25","24.0","33.173","24.026"
"25","25.0","33.173","23.786"
"25","26.0","33.172","23.547"
"25","27.0","33.17","23.306"
"25","28.0","33.166","23.064"
"25","29.0","33.162","22.816"
"25","30.0","33.156","22.565"
"25","31.0","33.15","22.309"
"25","32.0","33.142","22.049"
"25","33.0","33.134","21.783"
"25","34.0","33.125","21.513"
"25","35.0","33.115","21.237"
"25","36.0","33.104","20.954"
"25","37.0","33.093","20.663"
"25","38.0","33.081","20.366"
"25","39.0","33.069","20.067"
"25","40.0","33.056","19.764"
"25","41.0","33.042","19.457"
"25","42.0","33.028","19.146"
"25","43.0","33.014","18.835"
"25","44.0","32.999","18.519"
"25","45.0","32.984","18.199"
"25","46.0","32.968","17.877"
"25","47.0","32.952","17.559"
"25","48.0","32.936","17.28"
"25","49.0","32.921","16.996"
"25","50.0","32.908","16.714"
"25","51.0","32.895","16.464"
"25","52.0","32.882","16.236"
"25","53.0","32.869","16.023"
"25","54.0","32.857","15.821"
"25","55.0","32.845","15.626"
"25","56.0","32.833","15.438"
"25","57.0","32.821","15.258"
"25","58.0","32.809","15.082"
"25","59.0","32.798","14.909"
"25","60.0","32.786","14.737"
"25","61.0","32.775","14.566"
"25","62.0","32.763","14.4"
"25","63.0","32.752","14.234"
"25","64.0","32.74","14.07"
"25","65.0","32.729","13.907"
"25","66.0","32.718","13.745"
"25","67.0","32.706","13.583"
"25","68.0","32.695","13.423"
"25","69.0","32.684","13.265"
"25","70.0","32.672","13.107"
"25","71.0","32.661","12.95"
"26","0.0","31.988","0.0"
"26","1.0","32.017","7.381"
"26","2.0","32.062","10.367"
"26","3.0","32.148","14.646"
"26","4.0","32.245","17.855"
"26","5.0","32.338","20.388"
"26","6.0","32.426","22.268"
"26","7.0","32.507","23.649"
"26","8.0","32.579","24.614"
"26","9.0","32.644","25.27"
"26","10.0","32.704","25.689"
"26","11.0","32.758","25.867"
"26","12.0","32.805","25.921"
"26","13.0","32.846","25.926"
"26","14.0","32.881","25.718"
"26","15.0","32.91","25.546"
"26","16.0","32.935","25.399"
"26","17.0","32.956","25.265"
"26","18.0","32.974","25.132"
"26","19.0","32.988","24.99"
"26","20.0","33.0","24.829"
"26","21.0","33.009","24.647"
"26","22.0","33.016","24.445"
"26","23.0","33.022","24.213"
"26","24.0","33.026","23.989"
"26","25.0","33.028","23.772"
"26","26.0","33.03","23.555"
"26","27.0","33.03","23.335"
"26","28.0","33.029","23.112"
"26","29.0","33.028","22.884"
"26","30.0","33.025","22.649"
"26","31.0","33.022","22.41"
"26","32.0","33.017","22.165"
"26","33.0","33.012","21.914"
"26","34.0","33.006","21.657"
"26","35.0","32.999","21.394"
"26","36.0","32.992","21.12"
"26","37.0","32.984","20.838"
"26","38.0","32.975","20.552"
"26","39.0","32.966","20.26"
"26","40.0","32.956","19.966"
"26","41.0","32.946","19.666"
"26","42.0","32.935","19.363"
"26","43.0","32.924","19.057"
"26","44.0","32.912","18.747"
"26","45.0","32.9","18.432"
"26","46.0","32.887","18.115"
"26","47.0","32.874","17.796"
"26","48.0","32.861","17.51"
"26","49.0","32.848","17.209"
"26","50.0","32.835","16.921"
"26","51.0","32.822","16.665"
"26","52.0","32.81","16.432"
"26","53.0","32.798","16.215"
"26","54.0","32.786","16.01"
"26","55.0","32.774","15.812"
"26","56.0","32.763","15.622"
"26","57.0","32.751","15.44"
"26","58.0","32.74","15.262"
"26","59.0","32.728","15.087"
"26","60.0","32.717","14.914"
"26","61.0","32.706","14.742"
"26","62.0","32.695","14.575"
"26","63.0","32.684","14.408"
"26","64.0","32.673","14.244"
"26","65.0","32.661","14.08"
"26","66.0","32.65","13.917"
"26","67.0","32.639","13.755"
"26","68.0","32.628","13.595"
"26","69.0","32.617","13.436"
"26","70.0","32.606","13.278"
"26","71.0","32.595","13.121"
"27","0.0","31.954","0.0"
"27","1.0","31.946","8.694"
"27","2.0","31.994","9.293"
"27","3.0","32.045","12.805"
"27","4.0","32.112","15.971"
"27","5.0","32.192","18.315"
"27","6.0","32.276","20.255"
"27","7.0","32.358","21.762"
"27","8.0","32.436","22.86"
"27","9.0","32.509","23.64"
"27","10.0","32.577","24.171"
"27","11.0","32.639","24.515"
"27","12.0","32.694","24.728"
"27","13.0","32.741","24.89"
"27","14.0","32.78","24.784"
"27","15.0","32.811","24.655"
"27","16.0","32.837","24.576"
"27","17.0","32.859","24.525"
"27","18.0","32.878","24.484"
"27","19.0","32.893","24.43"
"27","20.0","32.906","24.355"
"27","21.0","32.916","24.256"
"27","22.0","32.925","24.134"
"27","23.0","32.931","23.972"
"27","24.0","32.936","23.811"
"27","25.0","32.94","23.648"
"27","26.0","32.943","23.483"
"27","27.0","32.945","23.311"
"27","28.0","32.946","23.133"
"27","29.0","32.946","22.947"
"27","30.0","32.945","22.754"
"27","31.0","32.943","22.552"
"27","32.0","32.94","22.341"
"27","33.0","32.937","22.121"
"27","34.0","32.933","21.894"
"27","35.0","32.928","21.656"
"27","36.0","32.922","21.403"
"27","37.0","32.916","21.14"
"27","38.0","32.91","20.87"
"27","39.0","32.902","20.593"
"27","40.0","32.894","20.309"
"27","41.0","32.886","20.018"
"27","42.0","32.877","19.719"
"27","43.0","32.867","19.416"
"27","44.0","32.857","19.106"
"27","45.0","32.847","18.789"
"27","46.0","32.836","18.466"
"27","47.0","32.824","18.138"
"27","48.0","32.813","17.83"
"27","49.0","32.801","17.521"
"27","50.0","32.789","17.231"
"27","51.0","32.777","16.971"
"27","52.0","32.765","16.733"
"27","53.0","32.753","16.511"
"27","54.0","32.742","16.302"
"27","55.0","32.73","16.101"
"27","56.0","32.719","15.908"
"27","57.0","32.708","15.722"
"27","58.0","32.696","15.542"
"27","59.0","32.685","15.365"
"27","60.0","32.674","15.191"
"27","61.0","32.663","15.017"
"27","62.0","32.652","14.848"
"27","63.0","32.642","14.68"
"27","64.0","32.631","14.514"
"27","65.0","32.62","14.35"
"27","66.0","32.609","14.187"
"27","67.0","32.598","14.024"
"27","68.0","32.587","13.863"
"27","69.0","32.577","13.704"
"27","70.0","32.566","13.545"
"27","71.0","32.555","13.387"
"28","0.0","31.944","0.0"
"28","1.0","31.974","3.335"
"28","2.0","31.973","9.508"
"28","3.0","32.018","11.722"
"28","4.0","32.071","15.05"
"28","5.0","32.144","17.17"
"28","6.0","32.224","19.074"
"28","7.0","32.304","20.604"
"28","8.0","32.382","21.748"
"28","9.0","32.456","22.583"
"28","10.0","32.526","23.179"
"28","11.0","32.59","23.623"
"28","12.0","32.647","23.946"
"28","13.0","32.696","24.213"
"28","14.0","32.737","24.25"
"28","15.0","32.77","24.209"
"28","16.0","32.798","24.2"
"28","17.0","32.821","24.211"
"28","18.0","32.84","24.222"
"28","19.0","32.856","24.211"
"28","20.0","32.87","24.173"
"28","21.0","32.881","24.106"
"28","22.0","32.89","24.012"
"28","23.0","32.897","23.878"
"28","24.0","32.903","23.736"
"28","25.0","32.907","23.593"
"28","26.0","32.91","23.443"
"28","27.0","32.913","23.288"
"28","28.0","32.914","23.124"
"28","29.0","32.914","22.953"
"28","30.0","32.914","22.772"
"28","31.0","32.913","22.583"
"28","32.0","32.91","22.384"
"28","33.0","32.908","22.176"
"28","34.0","32.904","21.958"
"28","35.0","32.9","21.731"
"28","36.0","32.895","21.489"
"28","37.0","32.889","21.235"
"28","38.0","32.883","20.975"
"28","39.0","32.876","20.706"
"28","40.0","32.869","20.431"
"28","41.0","32.861","20.148"
"28","42.0","32.852","19.858"
"28","43.0","32.843","19.562"
"28","44.0","32.834","19.26"
"28","45.0","32.823","18.949"
"28","46.0","32.813","18.634"
"28","47.0","32.802","18.311"
"28","48.0","32.791","18.005"
"28","49.0","32.779","17.701"
"28","50.0","32.768","17.411"
"28","51.0","32.756","17.149"
"28","52.0","32.745","16.908"
"28","53.0","32.733","16.685"
"28","54.0","32.722","16.474"
"28","55.0","32.711","16.272"
"28","56.0","32.7","16.076"
"28","57.0","32.688","15.889"
"28","58.0","32.678","15.708"
"28","59.0","32.667","15.53"
"28","60.0","32.656","15.355"
"28","61.0","32.645","15.18"
"28","62.0","32.634","15.01"
"28","63.0","32.623","14.842"
"28","64.0","32.613","14.675"
"28","65.0","32.602","14.511"
"28","66.0","32.591","14.347"
"28","67.0","32.581","14.184"
"28","68.0","32.57","14.023"
"28","69.0","32.56","13.863"
"28","70.0","32.549","13.704"
"28","71.0","32.538","13.546"
"29","0.0","31.936","0.0"
"29","1.0","31.951","8.449"
"29","2.0","31.965","8.377"
"29","3.0","32.0","11.082"
"29","4.0","32.043","14.309"
"29","5.0","32.112","16.228"
"29","6.0","32.188","18.078"
"29","7.0","32.267","19.606"
"29","8.0","32.345","20.777"
"29","9.0","32.42","21.649"
"29","10.0","32.491","22.297"
"29","11.0","32.557","22.823"
"29","12.0","32.615","23.242"
"29","13.0","32.665","23.604"
"29","14.0","32.707","23.762"
"29","15.0","32.742","23.801"
"29","16.0","32.77","23.859"
"29","17.0","32.794","23.926"
"29","18.0","32.814","23.985"
"29","19.0","32.83","24.012"
"29","20.0","32.844","24.005"
"29","21.0","32.856","23.966"
"29","22.0","32.865","23.898"
"29","23.0","32.873","23.788"
"29","24.0","32.879","23.667"
"29","25.0","32.884","23.539"
"29","26.0","32.887","23.405"
"29","27.0","32.89","23.262"
"29","28.0","32.892","23.111"
"29","29.0","32.892","22.951"
"29","30.0","32.892","22.783"
"29","31.0","32.891","22.603"
"29","32.0","32.889","22.415"
"29","33.0","32.887","22.216"
"29","34.0","32.884","22.009"
"29","35.0","32.88","21.79"
"29","36.0","32.875","21.558"
"29","37.0","32.87","21.313"
"29","38.0","32.864","21.061"
"29","39.0","32.857","20.8"
"29","40.0","32.85","20.532"
"29","41.0","32.842","20.257"
"29","42.0","32.834","19.973"
"29","43.0","32.826","19.684"
"29","44.0","32.816","19.388"
"29","45.0","32.807","19.084"
"29","46.0","32.797","18.774"
"29","47.0","32.786","18.457"
"29","48.0","32.775","18.153"
"29","49.0","32.764","17.853"
"29","50.0","32.753","17.564"
"29","51.0","32.741","17.301"
"29","52.0","32.73","17.06"
"29","53.0","32.719","16.835"
"29","54.0","32.708","16.622"
"29","55.0","32.697","16.419"
"29","56.0","32.686","16.222"
"29","57.0","32.675","16.033"
"29","58.0","32.664","15.851"
"29","59.0","32.653","15.672"
"29","60.0","32.642","15.496"
"29","61.0","32.632","15.322"
"29","62.0","32.621","15.15"
"29","63.0","32.61","14.981"
"29","64.0","32.6","14.815"
"29","65.0","32.589","14.649"
"29","66.0","32.579","14.485"
"29","67.0","32.568","14.323"
"29","68.0","32.558","14.161"
"29","69.0","32.547","14.001"
"29","70.0","32.537","13.842"
"29","71.0","32.526","13.683"
"30","0.0","31.929","0.0"
"30","1.0","31.928","8.68"
"30","2.0","31.957","7.095"
"30","3.0","31.98","10.553"
"30","4.0","32.019","12.763"
"30","5.0","32.083","14.322"
"30","6.0","32.156","16.023"
"30","7.0","32.232","17.51"
"30","8.0","32.309","18.704"
"30","9.0","32.384","19.632"
"30","10.0","32.456","20.386"
"30","11.0","32.523","21.089"
"30","12.0","32.581","21.723"
"30","13.0","32.632","22.291"
"30","14.0","32.675","22.69"
"30","15.0","32.71","22.908"
"30","16.0","32.739","23.112"
"30","17.0","32.764","23.305"
"30","18.0","32.784","23.466"
"30","19.0","32.8","23.574"
"30","20.0","32.815","23.636"
"30","21.0","32.827","23.657"
"30","22.0","32.837","23.642"
"30","23.0","32.845","23.584"
"30","24.0","32.851","23.504"
"30","25.0","32.857","23.413"
"30","26.0","32.861","23.31"
"30","27.0","32.864","23.197"
"30","28.0","32.866","23.073"
"30","29.0","32.867","22.94"
"30","30.0","32.867","22.794"
"30","31.0","32.866","22.639"
"30","32.0","32.865","22.472"
"30","33.0","32.863","22.295"
"30","34.0","32.86","22.107"
"30","35.0","32.856","21.909"
"30","36.0","32.852","21.696"
"30","37.0","32.847","21.469"
"30","38.0","32.841","21.235"
"30","39.0","32.835","20.991"
"30","40.0","32.828","20.739"
"30","41.0","32.821","20.478"
"30","42.0","32.813","20.21"
"30","43.0","32.805","19.934"
"30","44.0","32.796","19.652"
"30","45.0","32.787","19.361"
"30","46.0","32.777","19.064"
"30","47.0","32.767","18.758"
"30","48.0","32.757","18.46"
"30","49.0","32.746","18.169"
"30","50.0","32.735","17.883"
"30","51.0","32.724","17.619"
"30","52.0","32.713","17.375"
"30","53.0","32.702","17.147"
"30","54.0","32.691","16.932"
"30","55.0","32.68","16.726"
"30","56.0","32.669","16.527"
"30","57.0","32.658","16.336"
"30","58.0","32.648","16.151"
"30","59.0","32.637","15.971"
"30","60.0","32.627","15.793"
"30","61.0","32.616","15.617"
"30","62.0","32.606","15.444"
"30","63.0","32.595","15.274"
"30","64.0","32.585","15.106"
"30","65.0","32.574","14.941"
"30","66.0","32.564","14.776"
"30","67.0","32.554","14.612"
"30","68.0","32.543","14.45"
"30","69.0","32.533","14.29"
"30","70.0","32.522","14.131"
"30","71.0","32.512","13.972"
"31","0.0","31.922","0.0"
"31","1.0","31.954","2.772"
"31","2.0","31.944","8.014"
"31","3.0","31.963","10.218"
"31","4.0","32.002","11.354"
"31","5.0","32.062","12.611"
"31","6.0","32.132","14.122"
"31","7.0","32.206","15.512"
"31","8.0","32.28","16.66"
"31","9.0","32.354","17.582"
"31","10.0","32.425","18.396"
"31","11.0","32.491","19.27"
"31","12.0","32.549","20.116"
"31","13.0","32.6","20.899"
"31","14.0","32.643","21.533"
"31","15.0","32.678","21.943"
"31","16.0","32.707","22.307"
"31","17.0","32.731","22.634"
"31","18.0","32.751","22.904"
"31","19.0","32.768","23.097"
"31","20.0","32.783","23.23"
"31","21.0","32.795","23.314"
"31","22.0","32.805","23.356"
"31","23.0","32.814","23.352"
"31","24.0","32.821","23.318"
"31","25.0","32.826","23.265"
"31","26.0","32.831","23.197"
"31","27.0","32.834","23.115"
"31","28.0","32.836","23.021"
"31","29.0","32.838","22.915"
"31","30.0","32.838","22.797"
"31","31.0","32.838","22.666"
"31","32.0","32.837","22.524"
"31","33.0","32.835","22.368"
"31","34.0","32.832","22.202"
"31","35.0","32.829","22.023"
"31","36.0","32.825","21.833"
"31","37.0","32.821","21.626"
"31","38.0","32.816","21.409"
"31","39.0","32.81","21.184"
"31","40.0","32.804","20.948"
"31","41.0","32.797","20.704"
"31","42.0","32.789","20.451"
"31","43.0","32.782","20.19"
"31","44.0","32.773","19.921"
"31","45.0","32.764","19.645"
"31","46.0","32.755","19.36"
"31","47.0","32.746","19.068"
"31","48.0","32.735","18.776"
"31","49.0","32.725","18.495"
"31","50.0","32.715","18.213"
"31","51.0","32.704","17.949"
"31","52.0","32.693","17.704"
"31","53.0","32.682","17.474"
"31","54.0","32.672","17.256"
"31","55.0","32.661","17.048"
"31","56.0","32.651","16.846"
"31","57.0","32.64","16.652"
"31","58.0","32.63","16.465"
"31","59.0","32.619","16.283"
"31","60.0","32.609","16.102"
"31","61.0","32.599","15.925"
"31","62.0","32.588","15.75"
"31","63.0","32.578","15.579"
"31","64.0","32.568","15.411"
"31","65.0","32.558","15.244"
"31","66.0","32.547","15.078"
"31","67.0","32.537","14.914"
"31","68.0","32.527","14.751"
"31","69.0","32.517","14.59"
"31","70.0","32.507","14.43"
"31","71.0","32.496","14.27"
"32","0.0","31.917","0.0"
"32","1.0","31.922","10.038"
"32","2.0","31.933","7.837"
"32","3.0","31.953","9.382"
"32","4.0","31.989","10.324"
"32","5.0","32.046","11.353"
"32","6.0","32.113","12.709"
"32","7.0","32.184","14.03"
"32","8.0","32.256","15.119"
"32","9.0","32.328","16.008"
"32","10.0","32.398","16.849"
"32","11.0","32.462","17.82"
"32","12.0","32.519","18.832"
"32","13.0","32.568","19.786"
"32","14.0","32.609","20.593"
"32","15.0","32.644","21.158"
"32","16.0","32.673","21.652"
"32","17.0","32.697","22.09"
"32","18.0","32.716","22.445"
"32","19.0","32.733","22.704"
"32","20.0","32.747","22.893"
"32","21.0","32.759","23.026"
"32","22.0","32.77","23.112"
"32","23.0","32.778","23.152"
"32","24.0","32.785","23.154"
"32","25.0","32.791","23.134"
"32","26.0","32.796","23.094"
"32","27.0","32.799","23.039"
"32","28.0","32.802","22.969"
"32","29.0","32.804","22.887"
"32","30.0","32.805","22.79"
"32","31.0","32.805","22.68"
"32","32.0","32.804","22.556"
"32","33.0","32.802","22.421"
"32","34.0","32.8","22.271"
"32","35.0","32.798","22.11"
"32","36.0","32.794","21.936"
"32","37.0","32.79","21.745"
"32","38.0","32.785","21.544"
"32","39.0","32.78","21.332"
"32","40.0","32.774","21.111"
"32","41.0","32.768","20.879"
"32","42.0","32.761","20.639"
"32","43.0","32.754","20.389"
"32","44.0","32.746","20.132"
"32","45.0","32.738","19.865"
"32","46.0","32.729","19.591"
"32","47.0","32.72","19.309"
"32","48.0","32.711","19.025"
"32","49.0","32.701","18.75"
"32","50.0","32.691","18.472"
"32","51.0","32.681","18.21"
"32","52.0","32.67","17.965"
"32","53.0","32.66","17.734"
"32","54.0","32.65","17.514"
"32","55.0","32.64","17.303"
"32","56.0","32.629","17.1"
"32","57.0","32.619","16.905"
"32","58.0","32.609","16.716"
"32","59.0","32.599","16.532"
"32","60.0","32.589","16.35"
"32","61.0","32.579","16.171"
"32","62.0","32.569","15.995"
"32","63.0","32.559","15.823"
"32","64.0","32.549","15.653"
"32","65.0","32.539","15.485"
"32","66.0","32.529","15.319"
"32","67.0","32.519","15.154"
"32","68.0","32.509","14.99"
"32","69.0","32.499","14.828"
"32","70.0","32.489","14.668"
"32","71.0","32.479","14.508"
"33","0.0","31.913","0.0"
"33","1.0","31.921","8.523"
"33","2.0","31.935","6.438"
"33","3.0","31.949","8.491"
"33","4.0","31.982","9.455"
"33","5.0","32.038","10.267"
"33","6.0","32.104","11.473"
"33","7.0","32.173","12.698"
"33","8.0","32.245","13.719"
"33","9.0","32.316","14.569"
"33","10.0","32.384","15.443"
"33","11.0","32.448","16.511"
"33","12.0","32.504","17.665"
"33","13.0","32.552","18.771"
"33","14.0","32.593","19.725"
"33","15.0","32.627","20.431"
"33","16.0","32.655","21.048"
"33","17.0","32.678","21.585"
"33","18.0","32.697","22.018"
"33","19.0","32.714","22.336"
"33","20.0","32.728","22.574"
"33","21.0","32.74","22.752"
"33","22.0","32.75","22.88"
"33","23.0","32.759","22.958"
"33","24.0","32.766","22.995"
"33","25.0","32.772","23.004"
"33","26.0","32.777","22.991"
"33","27.0","32.78","22.96"
"33","28.0","32.783","22.915"
"33","29.0","32.785","22.853"
"33","30.0","32.786","22.777"
"33","31.0","32.786","22.686"
"33","32.0","32.786","22.581"
"33","33.0","32.784","22.462"
"33","34.0","32.783","22.33"
"33","35.0","32.78","22.184"
"33","36.0","32.777","22.026"
"33","37.0","32.773","21.85"
"33","38.0","32.769","21.663"
"33","39.0","32.764","21.465"
"33","40.0","32.758","21.255"
"33","41.0","32.752","21.037"
"33","42.0","32.746","20.807"
"33","43.0","32.739","20.569"
"33","44.0","32.731","20.321"
"33","45.0","32.723","20.066"
"33","46.0","32.715","19.8"
"33","47.0","32.706","19.529"
"33","48.0","32.697","19.252"
"33","49.0","32.687","18.984"
"33","50.0","32.678","18.71"
"33","51.0","32.668","18.45"
"33","52.0","32.658","18.205"
"33","53.0","32.648","17.972"
"33","54.0","32.637","17.751"
"33","55.0","32.627","17.54"
"33","56.0","32.617","17.335"
"33","57.0","32.607","17.137"
"33","58.0","32.597","16.947"
"33","59.0","32.587","16.761"
"33","60.0","32.577","16.577"
"33","61.0","32.568","16.397"
"33","62.0","32.558","16.22"
"33","63.0","32.548","16.046"
"33","64.0","32.538","15.876"
"33","65.0","32.528","15.707"
"33","66.0","32.518","15.54"
"33","67.0","32.508","15.374"
"33","68.0","32.499","15.21"
"33","69.0","32.489","15.047"
"33","70.0","32.479","14.885"
"33","71.0","32.469","14.725"
"34","0.0","31.911","0.0"
"34","1.0","31.943","1.093"
"34","2.0","31.935","5.6"
"34","3.0","31.945","7.955"
"34","4.0","31.978","8.527"
"34","5.0","32.034","9.109"
"34","6.0","32.099","10.153"
"34","7.0","32.168","11.282"
"34","8.0","32.239","12.243"
"34","9.0","32.309","13.07"
"34","10.0","32.378","14.006"
"34","11.0","32.44","15.19"
"34","12.0","32.495","16.498"
"34","13.0","32.543","17.761"
"34","14.0","32.583","18.855"
"34","15.0","32.617","19.7"
"34","16.0","32.644","20.435"
"34","17.0","32.667","21.073"
"34","18.0","32.686","21.582"
"34","19.0","32.702","21.959"
"34","20.0","32.716","22.247"
"34","21.0","32.728","22.471"
"34","22.0","32.739","22.639"
"34","23.0","32.747","22.757"
"34","24.0","32.755","22.828"
"34","25.0","32.76","22.868"
"34","26.0","32.765","22.882"
"34","27.0","32.769","22.877"
"34","28.0","32.772","22.854"
"34","29.0","32.774","22.816"
"34","30.0","32.775","22.76"
"34","31.0","32.775","22.69"
"34","32.0","32.775","22.603"
"34","33.0","32.773","22.502"
"34","34.0","32.772","22.386"
"34","35.0","32.769","22.257"
"34","36.0","32.766","22.114"
"34","37.0","32.762","21.954"
"34","38.0","32.758","21.782"
"34","39.0","32.753","21.596"
"34","40.0","32.748","21.401"
"34","41.0","32.742","21.194"
"34","42.0","32.736","20.977"
"34","43.0","32.729","20.749"
"34","44.0","32.722","20.513"
"34","45.0","32.714","20.267"
"34","46.0","32.706","20.012"
"34","47.0","32.697","19.75"
"34","48.0","32.688","19.481"
"34","49.0","32.679","19.218"
"34","50.0","32.669","18.95"
"34","51.0","32.659","18.692"
"34","52.0","32.649","18.447"
"34","53.0","32.639","18.214"
"34","54.0","32.63","17.991"
"34","55.0","32.62","17.777"
"34","56.0","32.61","17.571"
"34","57.0","32.6","17.372"
"34","58.0","32.59","17.179"
"34","59.0","32.58","16.991"
"34","60.0","32.57","16.805"
"34","61.0","32.56","16.624"
"34","62.0","32.551","16.445"
"34","63.0","32.541","16.271"
"34","64.0","32.531","16.099"
"34","65.0","32.521","15.93"
"34","66.0","32.512","15.762"
"34","67.0","32.502","15.595"
"34","68.0","32.492","15.431"
"34","69.0","32.482","15.267"
"34","70.0","32.473","15.105"
"34","71.0","32.463","14.944"
"35","0.0","31.908","0.0"
"35","1.0","31.917","9.91"
"35","2.0","31.926","7.281"
"35","3.0","31.94","7.684"
"35","4.0","31.975","7.18"
"35","5.0","32.03","7.405"
"35","6.0","32.094","8.234"
"35","7.0","32.162","9.246"
"35","8.0","32.233","10.153"
"35","9.0","32.303","10.978"
"35","10.0","32.37","12.024"
"35","11.0","32.432","13.377"
"35","12.0","32.486","14.902"
"35","13.0","32.532","16.383"
"35","14.0","32.572","17.675"
"35","15.0","32.604","18.716"
"35","16.0","32.631","19.622"
"35","17.0","32.654","20.395"
"35","18.0","32.672","21.006"
"35","19.0","32.688","21.462"
"35","20.0","32.702","21.815"
"35","21.0","32.714","22.099"
"35","22.0","32.724","22.322"
"35","23.0","32.732","22.49"
"35","24.0","32.74","22.608"
"35","25.0","32.745","22.687"
"35","26.0","32.75","22.738"
"35","27.0","32.754","22.766"
"35","28.0","32.757","22.775"
"35","29.0","32.759","22.764"
"35","30.0","32.76","22.736"
"35","31.0","32.76","22.691"
"35","32.0","32.76","22.629"
"35","33.0","32.759","22.551"
"35","34.0","32.757","22.457"
"35","35.0","32.755","22.349"
"35","36.0","32.752","22.226"
"35","37.0","32.748","22.087"
"35","38.0","32.744","21.932"
"35","39.0","32.74","21.766"
"35","40.0","32.735","21.587"
"35","41.0","32.729","21.398"
"35","42.0","32.723","21.196"
"35","43.0","32.716","20.984"
"35","44.0","32.709","20.762"
"35","45.0","32.701","20.53"
"35","46.0","32.693","20.288"
"35","47.0","32.685","20.041"
"35","48.0","32.676","19.783"
"35","49.0","32.667","19.529"
"35","50.0","32.658","19.27"
"35","51.0","32.648","19.016"
"35","52.0","32.638","18.773"
"35","53.0","32.629","18.539"
"35","54.0","32.619","18.315"
"35","55.0","32.609","18.1"
"35","56.0","32.599","17.892"
"35","57.0","32.589","17.691"
"35","58.0","32.58","17.496"
"35","59.0","32.57","17.306"
"35","60.0","32.56","17.119"
"35","61.0","32.551","16.937"
"35","62.0","32.541","16.757"
"35","63.0","32.531","16.581"
"35","64.0","32.522","16.409"
"35","65.0","32.512","16.238"
"35","66.0","32.502","16.07"
"35","67.0","32.493","15.902"
"35","68.0","32.483","15.736"
"35","69.0","32.473","15.572"
"35","70.0","32.464","15.409"
"35","71.0","32.454","15.248"
"36","0.0","31.901","0.0"
"36","1.0","31.898","8.197"
"36","2.0","31.913","8.068"
"36","3.0","31.931","7.797"
"36","4.0","31.969","6.332"
"36","5.0","32.024","6.348"
"36","6.0","32.087","7.026"
"36","7.0","32.154","7.96"
"36","8.0","32.224","8.821"
"36","9.0","32.293","9.647"
"36","10.0","32.359","10.766"
"36","11.0","32.419","12.237"
"36","12.0","32.47","13.91"
"36","13.0","32.514","15.529"
"36","14.0","32.551","16.942"
"36","15.0","32.581","18.108"
"36","16.0","32.607","19.122"
"36","17.0","32.627","19.98"
"36","18.0","32.645","20.651"
"36","19.0","32.66","21.153"
"36","20.0","32.673","21.548"
"36","21.0","32.684","21.869"
"36","22.0","32.694","22.124"
"36","23.0","32.702","22.323"
"36","24.0","32.709","22.468"
"36","25.0","32.715","22.573"
"36","26.0","32.72","22.645"
"36","27.0","32.724","22.694"
"36","28.0","32.727","22.722"
"36","29.0","32.729","22.73"
"36","30.0","32.73","22.718"
"36","31.0","32.73","22.69"
"36","32.0","32.73","22.642"
"36","33.0","32.729","22.579"
"36","34.0","32.728","22.499"
"36","35.0","32.726","22.404"
"36","36.0","32.723","22.293"
"36","37.0","32.72","22.166"
"36","38.0","32.716","22.025"
"36","39.0","32.712","21.869"
"36","40.0","32.707","21.702"
"36","41.0","32.701","21.521"
"36","42.0","32.695","21.33"
"36","43.0","32.689","21.127"
"36","44.0","32.682","20.915"
"36","45.0","32.675","20.692"
"36","46.0","32.668","20.459"
"36","47.0","32.66","20.22"
"36","48.0","32.652","19.97"
"36","49.0","32.643","19.721"
"36","50.0","32.634","19.468"
"36","51.0","32.625","19.218"
"36","52.0","32.615","18.976"
"36","53.0","32.606","18.743"
"36","54.0","32.596","18.519"
"36","55.0","32.587","18.303"
"36","56.0","32.577","18.094"
"36","57.0","32.568","17.893"
"36","58.0","32.558","17.697"
"36","59.0","32.549","17.506"
"36","60.0","32.54","17.317"
"36","61.0","32.53","17.135"
"36","62.0","32.521","16.955"
"36","63.0","32.511","16.779"
"36","64.0","32.502","16.605"
"36","65.0","32.492","16.434"
"36","66.0","32.483","16.265"
"36","67.0","32.474","16.097"
"36","68.0","32.464","15.93"
"36","69.0","32.455","15.766"
"36","70.0","32.445","15.603"
"36","71.0","32.436","15.441"
"37","0.0","31.896","0.0"
"37","1.0","31.943","-0.569"
"37","2.0","31.915","6.454"
"37","3.0","31.922","8.158"
"37","4.0","31.965","5.531"
"37","5.0","32.021","5.365"
"37","6.0","32.083","5.888"
"37","7.0","32.149","6.714"
"37","8.0","32.218","7.496"
"37","9.0","32.287","8.295"
"37","10.0","32.351","9.478"
"37","11.0","32.408","11.067"
"37","12.0","32.457","12.889"
"37","13.0","32.498","14.644"
"37","14.0","32.533","16.177"
"37","15.0","32.561","17.455"
"37","16.0","32.584","18.574"
"37","17.0","32.603","19.512"
"37","18.0","32.619","20.238"
"37","19.0","32.633","20.785"
"37","20.0","32.645","21.22"
"37","21.0","32.656","21.581"
"37","22.0","32.665","21.874"
"37","23.0","32.673","22.108"
"37","24.0","32.68","22.287"
"37","25.0","32.685","22.422"
"37","26.0","32.69","22.523"
"37","27.0","32.694","22.598"
"37","28.0","32.696","22.651"
"37","29.0","32.698","22.682"
"37","30.0","32.7","22.693"
"37","31.0","32.7","22.684"
"37","32.0","32.7","22.658"
"37","33.0","32.699","22.612"
"37","34.0","32.698","22.55"
"37","35.0","32.696","22.471"
"37","36.0","32.694","22.377"
"37","37.0","32.691","22.266"
"37","38.0","32.687","22.139"
"37","39.0","32.683","21.998"
"37","40.0","32.678","21.843"
"37","41.0","32.673","21.676"
"37","42.0","32.668","21.496"
"37","43.0","32.662","21.305"
"37","44.0","32.656","21.102"
"37","45.0","32.649","20.89"
"37","46.0","32.642","20.665"
"37","47.0","32.635","20.435"
"37","48.0","32.627","20.193"
"37","49.0","32.619","19.949"
"37","50.0","32.61","19.701"
"37","51.0","32.601","19.453"
"37","52.0","32.592","19.211"
"37","53.0","32.583","18.977"
"37","54.0","32.574","18.751"
"37","55.0","32.565","18.532"
"37","56.0","32.556","18.32"
"37","57.0","32.547","18.115"
"37","58.0","32.538","17.916"
"37","59.0","32.529","17.723"
"37","60.0","32.52","17.533"
"37","61.0","32.51","17.35"
"37","62.0","32.501","17.168"
"37","63.0","32.492","16.991"
"37","64.0","32.483","16.816"
"37","65.0","32.474","16.645"
"37","66.0","32.464","16.474"
"37","67.0","32.455","16.305"
"37","68.0","32.446","16.137"
"37","69.0","32.437","15.972"
"37","70.0","32.428","15.808"
"37","71.0","32.418","15.645"
"38","0.0","31.888","0.0"
"38","1.0","31.892","10.299"
"38","2.0","31.918","4.595"
"38","3.0","31.91","8.532"
"38","4.0","31.962","4.392"
"38","5.0","32.018","4.007"
"38","6.0","32.079","4.357"
"38","7.0","32.145","5.063"
"38","8.0","32.213","5.763"
"38","9.0","32.281","6.568"
"38","10.0","32.344","7.878"
"38","11.0","32.399","9.663"
"38","12.0","32.444","11.705"
"38","13.0","32.482","13.633"
"38","14.0","32.513","15.31"
"38","15.0","32.538","16.745"
"38","16.0","32.559","17.998"
"38","17.0","32.575","19.031"
"38","18.0","32.589","19.811"
"38","19.0","32.602","20.404"
"38","20.0","32.613","20.885"
"38","21.0","32.623","21.287"
"38","22.0","32.631","21.618"
"38","23.0","32.639","21.888"
"38","24.0","32.645","22.101"
"38","25.0","32.65","22.266"
"38","26.0","32.654","22.395"
"38","27.0","32.658","22.499"
"38","28.0","32.661","22.576"
"38","29.0","32.663","22.632"
"38","30.0","32.664","22.665"
"38","31.0","32.664","22.678"
"38","32.0","32.664","22.67"
"38","33.0","32.664","22.644"
"38","34.0","32.662","22.599"
"38","35.0","32.661","22.538"
"38","36.0","32.658","22.459"
"38","37.0","32.656","22.365"
"38","38.0","32.652","22.254"
"38","39.0","32.649","22.127"
"38","40.0","32.644","21.987"
"38","41.0","32.64","21.832"
"38","42.0","32.635","21.666"
"38","43.0","32.629","21.486"
"38","44.0","32.623","21.296"
"38","45.0","32.617","21.094"
"38","46.0","32.611","20.881"
"38","47.0","32.604","20.661"
"38","48.0","32.596","20.429"
"38","49.0","32.589","20.191"
"38","50.0","32.581","19.953"
"38","51.0","32.573","19.71"
"38","52.0","32.564","19.471"
"38","53.0","32.556","19.238"
"38","54.0","32.547","19.012"
"38","55.0","32.538","18.793"
"38","56.0","32.53","18.58"
"38","57.0","32.521","18.374"
"38","58.0","32.512","18.174"
"38","59.0","32.504","17.981"
"38","60.0","32.495","17.79"
"38","61.0","32.486","17.605"
"38","62.0","32.477","17.424"
"38","63.0","32.468","17.245"
"38","64.0","32.459","17.07"
"38","65.0","32.45","16.897"
"38","66.0","32.442","16.725"
"38","67.0","32.433","16.555"
"38","68.0","32.424","16.388"
"38","69.0","32.415","16.221"
"38","70.0","32.406","16.056"
"38","71.0","32.397","15.893"
"39","0.0","31.88","0.0"
"39","1.0","31.876","8.413"
"39","2.0","31.904","6.918"
"39","3.0","31.898","8.254"
"39","4.0","31.96","3.562"
"39","5.0","32.016","3.04"
"39","6.0","32.077","3.3"
"39","7.0","32.143","3.932"
"39","8.0","32.21","4.59"
"39","9.0","32.278","5.417"
"39","10.0","32.34","6.84"
"39","11.0","32.393","8.763"
"39","12.0","32.436","10.954"
"39","13.0","32.471","12.997"
"39","14.0","32.5","14.773"
"39","15.0","32.523","16.31"
"39","16.0","32.542","17.652"
"39","17.0","32.556","18.738"
"39","18.0","32.569","19.547"
"39","19.0","32.581","20.166"
"39","20.0","32.592","20.672"
"39","21.0","32.601","21.1"
"39","22.0","32.609","21.455"
"39","23.0","32.616","21.747"
"39","24.0","32.622","21.981"
"39","25.0","32.627","22.165"
"39","26.0","32.632","22.313"
"39","27.0","32.635","22.434"
"39","28.0","32.638","22.529"
"39","29.0","32.639","22.599"
"39","30.0","32.641","22.647"
"39","31.0","32.641","22.672"
"39","32.0","32.641","22.678"
"39","33.0","32.64","22.664"
"39","34.0","32.639","22.631"
"39","35.0","32.638","22.58"
"39","36.0","32.635","22.513"
"39","37.0","32.633","22.428"
"39","38.0","32.629","22.326"
"39","39.0","32.626","22.21"
"39","40.0","32.622","22.078"
"39","41.0","32.617","21.933"
"39","42.0","32.612","21.775"
"39","43.0","32.607","21.604"
"39","44.0","32.601","21.42"
"39","45.0","32.595","21.226"
"39","46.0","32.589","21.02"
"39","47.0","32.582","20.807"
"39","48.0","32.575","20.582"
"39","49.0","32.568","20.35"
"39","50.0","32.56","20.116"
"39","51.0","32.552","19.877"
"39","52.0","32.544","19.64"
"39","53.0","32.536","19.408"
"39","54.0","32.527","19.183"
"39","55.0","32.519","18.965"
"39","56.0","32.51","18.752"
"39","57.0","32.502","18.545"
"39","58.0","32.493","18.344"
"39","59.0","32.485","18.151"
"39","60.0","32.476","17.96"
"39","61.0","32.467","17.776"
"39","62.0","32.459","17.593"
"39","63.0","32.45","17.414"
"39","64.0","32.441","17.238"
"39","65.0","32.432","17.064"
"39","66.0","32.424","16.892"
"39","67.0","32.415","16.722"
"39","68.0","32.406","16.553"
"39","69.0","32.397","16.386"
"39","70.0","32.388","16.221"
"39","71.0","32.379","16.057"
"40","0.0","31.872","0.0"
"40","1.0","31.923","-5.494"
"40","2.0","31.885","11.039"
"40","3.0","31.897","5.758"
"40","4.0","31.96","1.279"
"40","5.0","32.016","0.361"
"40","6.0","32.077","0.313"
"40","7.0","32.142","0.697"
"40","8.0","32.21","1.188"
"40","9.0","32.276","2.111"
"40","10.0","32.337","3.89"
"40","11.0","32.388","6.299"
"40","12.0","32.429","8.979"
"40","13.0","32.462","11.366"
"40","14.0","32.488","13.429"
"40","15.0","32.51","15.249"
"40","16.0","32.526","16.822"
"40","17.0","32.539","18.039"
"40","18.0","32.551","18.903"
"40","19.0","32.562","19.582"
"40","20.0","32.572","20.152"
"40","21.0","32.58","20.641"
"40","22.0","32.588","21.053"
"40","23.0","32.595","21.399"
"40","24.0","32.601","21.682"
"40","25.0","32.605","21.913"
"40","26.0","32.61","22.108"
"40","27.0","32.613","22.274"
"40","28.0","32.615","22.409"
"40","29.0","32.617","22.518"
"40","30.0","32.618","22.601"
"40","31.0","32.619","22.662"
"40","32.0","32.619","22.698"
"40","33.0","32.618","22.714"
"40","34.0","32.617","22.71"
"40","35.0","32.615","22.687"
"40","36.0","32.613","22.645"
"40","37.0","32.61","22.586"
"40","38.0","32.607","22.51"
"40","39.0","32.603","22.417"
"40","40.0","32.599","22.309"
"40","41.0","32.595","22.186"
"40","42.0","32.59","22.049"
"40","43.0","32.585","21.899"
"40","44.0","32.58","21.736"
"40","45.0","32.574","21.56"
"40","46.0","32.567","21.373"
"40","47.0","32.561","21.177"
"40","48.0","32.554","20.97"
"40","49.0","32.547","20.753"
"40","50.0","32.539","20.533"
"40","51.0","32.531","20.307"
"40","52.0","32.523","20.079"
"40","53.0","32.515","19.853"
"40","54.0","32.507","19.632"
"40","55.0","32.499","19.417"
"40","56.0","32.491","19.206"
"40","57.0","32.482","19.0"
"40","58.0","32.474","18.802"
"40","59.0","32.465","18.611"
"40","60.0","32.457","18.421"
"40","61.0","32.448","18.236"
"40","62.0","32.439","18.054"
"40","63.0","32.431","17.875"
"40","64.0","32.422","17.699"
"40","65.0","32.414","17.525"
"40","66.0","32.405","17.354"
"40","67.0","32.396","17.183"
"40","68.0","32.387","17.014"
"40","69.0","32.379","16.847"
"40","70.0","32.37","16.682"
"40","71.0","32.361","16.517"
"41","0.0","31.869","0.0"
"41","1.0","31.879","12.753"
"41","2.0","31.887","6.828"
"41","3.0","31.901","4.126"
"41","4.0","31.961","0.218"
"41","5.0","32.016","-0.874"
"41","6.0","32.077","-1.093"
"41","7.0","32.142","-0.878"
"41","8.0","32.21","-0.511"
"41","9.0","32.276","0.406"
"41","10.0","32.336","2.354"
"41","11.0","32.387","5.022"
"41","12.0","32.426","7.966"
"41","13.0","32.457","10.534"
"41","14.0","32.482","12.749"
"41","15.0","32.501","14.719"
"41","16.0","32.516","16.41"
"41","17.0","32.528","17.683"
"41","18.0","32.539","18.568"
"41","19.0","32.549","19.275"
"41","20.0","32.559","19.875"
"41","21.0","32.567","20.395"
"41","22.0","32.574","20.838"
"41","23.0","32.581","21.211"
"41","24.0","32.586","21.521"
"41","25.0","32.591","21.777"
"41","26.0","32.595","21.998"
"41","27.0","32.598","22.188"
"41","28.0","32.6","22.346"
"41","29.0","32.602","22.476"
"41","30.0","32.603","22.579"
"41","31.0","32.603","22.657"
"41","32.0","32.603","22.712"
"41","33.0","32.602","22.744"
"41","34.0","32.601","22.756"
"41","35.0","32.599","22.747"
"41","36.0","32.597","22.72"
"41","37.0","32.594","22.676"
"41","38.0","32.591","22.613"
"41","39.0","32.588","22.533"
"41","40.0","32.584","22.437"
"41","41.0","32.58","22.327"
"41","42.0","32.575","22.201"
"41","43.0","32.57","22.063"
"41","44.0","32.564","21.91"
"41","45.0","32.559","21.745"
"41","46.0","32.552","21.568"
"41","47.0","32.546","21.381"
"41","48.0","32.539","21.183"
"41","49.0","32.532","20.975"
"41","50.0","32.525","20.762"
"41","51.0","32.517","20.542"
"41","52.0","32.509","20.318"
"41","53.0","32.501","20.095"
"41","54.0","32.493","19.877"
"41","55.0","32.485","19.662"
"41","56.0","32.477","19.452"
"41","57.0","32.469","19.246"
"41","58.0","32.46","19.049"
"41","59.0","32.452","18.858"
"41","60.0","32.443","18.668"
"41","61.0","32.435","18.483"
"41","62.0","32.427","18.301"
"41","63.0","32.418","18.122"
"41","64.0","32.41","17.945"
"41","65.0","32.401","17.771"
"41","66.0","32.392","17.599"
"41","67.0","32.384","17.428"
"41","68.0","32.375","17.259"
"41","69.0","32.367","17.091"
"41","70.0","32.358","16.925"
"41","71.0","32.349","16.761"
"42","0.0","31.866","0.0"
"42","1.0","31.867","10.988"
"42","2.0","31.897","1.063"
"42","3.0","31.905","1.934"
"42","4.0","31.961","-1.233"
"42","5.0","32.016","-2.501"
"42","6.0","32.077","-2.906"
"42","7.0","32.142","-2.846"
"42","8.0","32.21","-2.593"
"42","9.0","32.276","-1.677"
"42","10.0","32.336","0.464"
"42","11.0","32.386","3.454"
"42","12.0","32.424","6.733"
"42","13.0","32.454","9.529"
"42","14.0","32.477","11.939"
"42","15.0","32.495","14.103"
"42","16.0","32.509","15.935"
"42","17.0","32.52","17.27"
"42","18.0","32.53","18.168"
"42","19.0","32.54","18.907"
"42","20.0","32.549","19.545"
"42","21.0","32.556","20.102"
"42","22.0","32.563","20.578"
"42","23.0","32.569","20.984"
"42","24.0","32.575","21.325"
"42","25.0","32.579","21.611"
"42","26.0","32.583","21.864"
"42","27.0","32.586","22.084"
"42","28.0","32.588","22.27"
"42","29.0","32.59","22.426"
"42","30.0","32.59","22.553"
"42","31.0","32.591","22.655"
"42","32.0","32.59","22.73"
"42","33.0","32.59","22.783"
"42","34.0","32.588","22.814"
"42","35.0","32.587","22.824"
"42","36.0","32.584","22.815"
"42","37.0","32.582","22.787"
"42","38.0","32.579","22.742"
"42","39.0","32.575","22.678"
"42","40.0","32.571","22.598"
"42","41.0","32.567","22.502"
"42","42.0","32.562","22.392"
"42","43.0","32.557","22.266"
"42","44.0","32.552","22.127"
"42","45.0","32.546","21.974"
"42","46.0","32.54","21.81"
"42","47.0","32.534","21.635"
"42","48.0","32.527","21.447"
"42","49.0","32.52","21.249"
"42","50.0","32.513","21.045"
"42","51.0","32.505","20.833"
"42","52.0","32.498","20.615"
"42","53.0","32.49","20.397"
"42","54.0","32.482","20.181"
"42","55.0","32.474","19.969"
"42","56.0","32.466","19.76"
"42","57.0","32.458","19.555"
"42","58.0","32.449","19.358"
"42","59.0","32.441","19.167"
"42","60.0","32.433","18.976"
"42","61.0","32.424","18.791"
"42","62.0","32.416","18.608"
"42","63.0","32.408","18.428"
"42","64.0","32.399","18.251"
"42","65.0","32.391","18.076"
"42","66.0","32.382","17.903"
"42","67.0","32.374","17.73"
"42","68.0","32.365","17.56"
"42","69.0","32.357","17.391"
"42","70.0","32.348","17.224"
"42","71.0","32.34","17.057"
"43","0.0","31.864","0.0"
"43","1.0","31.906","-5.66"
"43","2.0","31.897","2.568"
"43","3.0","31.908","0.067"
"43","4.0","31.962","-2.716"
"43","5.0","32.017","-4.222"
"43","6.0","32.078","-4.866"
"43","7.0","32.143","-5.0"
"43","8.0","32.21","-4.832"
"43","9.0","32.276","-3.841"
"43","10.0","32.336","-1.446"
"43","11.0","32.385","1.919"
"43","12.0","32.423","5.554"
"43","13.0","32.451","8.589"
"43","14.0","32.474","11.195"
"43","15.0","32.49","13.547"
"43","16.0","32.503","15.512"
"43","17.0","32.513","16.889"
"43","18.0","32.522","17.799"
"43","19.0","32.532","18.565"
"43","20.0","32.54","19.235"
"43","21.0","32.547","19.826"
"43","22.0","32.554","20.336"
"43","23.0","32.56","20.772"
"43","24.0","32.565","21.143"
"43","25.0","32.569","21.457"
"43","26.0","32.573","21.741"
"43","27.0","32.575","21.989"
"43","28.0","32.577","22.202"
"43","29.0","32.579","22.383"
"43","30.0","32.579","22.533"
"43","31.0","32.58","22.656"
"43","32.0","32.579","22.753"
"43","33.0","32.578","22.825"
"43","34.0","32.577","22.874"
"43","35.0","32.575","22.902"
"43","36.0","32.573","22.91"
"43","37.0","32.57","22.899"
"43","38.0","32.567","22.869"
"43","39.0","32.564","22.821"
"43","40.0","32.56","22.756"
"43","41.0","32.556","22.674"
"43","42.0","32.551","22.577"
"43","43.0","32.546","22.465"
"43","44.0","32.541","22.338"
"43","45.0","32.535","22.198"
"43","46.0","32.529","22.045"
"43","47.0","32.523","21.88"
"43","48.0","32.516","21.704"
"43","49.0","32.509","21.516"
"43","50.0","32.502","21.32"
"43","51.0","32.495","21.115"
"43","52.0","32.487","20.902"
"43","53.0","32.48","20.688"
"43","54.0","32.472","20.475"
"43","55.0","32.464","20.265"
"43","56.0","32.456","20.057"
"43","57.0","32.448","19.853"
"43","58.0","32.44","19.655"
"43","59.0","32.431","19.464"
"43","60.0","32.423","19.275"
"43","61.0","32.415","19.089"
"43","62.0","32.407","18.906"
"43","63.0","32.398","18.726"
"43","64.0","32.39","18.549"
"43","65.0","32.382","18.373"
"43","66.0","32.373","18.2"
"43","67.0","32.365","18.028"
"43","68.0","32.356","17.857"
"43","69.0","32.348","17.688"
"43","70.0","32.339","17.521"
"43","71.0","32.331","17.355"
"44","0.0","31.862","0.0"
"44","1.0","31.883","6.941"
"44","2.0","31.881","8.819"
"44","3.0","31.91","-1.713"
"44","4.0","31.963","-4.38"
"44","5.0","32.018","-6.141"
"44","6.0","32.079","-7.027"
"44","7.0","32.144","-7.32"
"44","8.0","32.211","-7.226"
"44","9.0","32.276","-6.128"
"44","10.0","32.335","-3.463"
"44","11.0","32.384","0.288"
"44","12.0","32.422","4.322"
"44","13.0","32.449","7.623"
"44","14.0","32.471","10.443"
"44","15.0","32.487","13.005"
"44","16.0","32.498","15.098"
"44","17.0","32.507","16.513"
"44","18.0","32.516","17.426"
"44","19.0","32.525","18.219"
"44","20.0","32.533","18.925"
"44","21.0","32.54","19.55"
"44","22.0","32.546","20.091"
"44","23.0","32.551","20.557"
"44","24.0","32.556","20.956"
"44","25.0","32.56","21.3"
"44","26.0","32.563","21.616"
"44","27.0","32.566","21.894"
"44","28.0","32.568","22.134"
"44","29.0","32.569","22.341"
"44","30.0","32.57","22.515"
"44","31.0","32.57","22.661"
"44","32.0","32.569","22.779"
"44","33.0","32.568","22.871"
"44","34.0","32.567","22.939"
"44","35.0","32.565","22.986"
"44","36.0","32.563","23.011"
"44","37.0","32.56","23.017"
"44","38.0","32.557","23.004"
"44","39.0","32.554","22.971"
"44","40.0","32.55","22.922"
"44","41.0","32.546","22.855"
"44","42.0","32.541","22.772"
"44","43.0","32.536","22.673"
"44","44.0","32.531","22.56"
"44","45.0","32.525","22.431"
"44","46.0","32.52","22.291"
"44","47.0","32.513","22.137"
"44","48.0","32.507","21.972"
"44","49.0","32.5","21.794"
"44","50.0","32.493","21.607"
"44","51.0","32.486","21.409"
"44","52.0","32.478","21.202"
"44","53.0","32.471","20.993"
"44","54.0","32.463","20.784"
"44","55.0","32.455","20.575"
"44","56.0","32.447","20.369"
"44","57.0","32.439","20.166"
"44","58.0","32.431","19.969"
"44","59.0","32.423","19.778"
"44","60.0","32.415","19.589"
"44","61.0","32.407","19.403"
"44","62.0","32.399","19.221"
"44","63.0","32.391","19.041"
"44","64.0","32.382","18.863"
"44","65.0","32.374","18.688"
"44","66.0","32.366","18.514"
"44","67.0","32.357","18.341"
"44","68.0","32.349","18.17"
"44","69.0","32.341","18.001"
"44","70.0","32.332","17.833"
"44","71.0","32.324","17.666"
"45","0.0","31.86","0.0"
"45","1.0","31.848","11.495"
"45","2.0","31.864","11.342"
"45","3.0","31.913","-2.601"
"45","4.0","31.964","-5.224"
"45","5.0","32.02","-7.088"
"45","6.0","32.081","-8.077"
"45","7.0","32.146","-8.459"
"45","8.0","32.212","-8.414"
"45","9.0","32.277","-7.277"
"45","10.0","32.335","-4.49"
"45","11.0","32.384","-0.548"
"45","12.0","32.421","3.698"
"45","13.0","32.448","7.143"
"45","14.0","32.468","10.078"
"45","15.0","32.483","12.746"
"45","16.0","32.493","14.902"
"45","17.0","32.501","16.325"
"45","18.0","32.51","17.24"
"45","19.0","32.518","18.046"
"45","20.0","32.525","18.768"
"45","21.0","32.531","19.409"
"45","22.0","32.537","19.968"
"45","23.0","32.542","20.448"
"45","24.0","32.547","20.862"
"45","25.0","32.55","21.222"
"45","26.0","32.553","21.554"
"45","27.0","32.556","21.848"
"45","28.0","32.557","22.103"
"45","29.0","32.558","22.323"
"45","30.0","32.559","22.51"
"45","31.0","32.559","22.668"
"45","32.0","32.558","22.796"
"45","33.0","32.557","22.899"
"45","34.0","32.556","22.977"
"45","35.0","32.554","23.033"
"45","36.0","32.552","23.068"
"45","37.0","32.549","23.082"
"45","38.0","32.546","23.077"
"45","39.0","32.542","23.054"
"45","40.0","32.538","23.012"
"45","41.0","32.534","22.952"
"45","42.0","32.53","22.876"
"45","43.0","32.525","22.785"
"45","44.0","32.52","22.677"
"45","45.0","32.514","22.555"
"45","46.0","32.508","22.42"
"45","47.0","32.502","22.271"
"45","48.0","32.496","22.111"
"45","49.0","32.489","21.938"
"45","50.0","32.483","21.754"
"45","51.0","32.475","21.56"
"45","52.0","32.468","21.355"
"45","53.0","32.461","21.147"
"45","54.0","32.453","20.939"
"45","55.0","32.445","20.732"
"45","56.0","32.438","20.526"
"45","57.0","32.43","20.325"
"45","58.0","32.422","20.127"
"45","59.0","32.414","19.937"
"45","60.0","32.406","19.749"
"45","61.0","32.398","19.563"
"45","62.0","32.39","19.381"
"45","63.0","32.382","19.2"
"45","64.0","32.374","19.023"
"45","65.0","32.365","18.847"
"45","66.0","32.357","18.673"
"45","67.0","32.349","18.501"
"45","68.0","32.341","18.33"
"45","69.0","32.332","18.16"
"45","70.0","32.324","17.992"
"45","71.0","32.316","17.825"
"46","0.0","31.857","0.0"
"46","1.0","31.88","3.475"
"46","2.0","31.861","10.078"
"46","3.0","31.915","-4.001"
"46","4.0","31.966","-6.614"
"46","5.0","32.023","-8.63"
"46","6.0","32.085","-9.803"
"46","7.0","32.15","-10.316"
"46","8.0","32.216","-10.3"
"46","9.0","32.279","-9.035"
"46","10.0","32.335","-6.036"
"46","11.0","32.383","-1.812"
"46","12.0","32.42","2.781"
"46","13.0","32.446","6.463"
"46","14.0","32.464","9.585"
"46","15.0","32.477","12.424"
"46","16.0","32.485","14.66"
"46","17.0","32.492","16.084"
"46","18.0","32.499","16.998"
"46","19.0","32.506","17.821"
"46","20.0","32.513","18.568"
"46","21.0","32.519","19.232"
"46","22.0","32.524","19.81"
"46","23.0","32.528","20.31"
"46","24.0","32.532","20.742"
"46","25.0","32.535","21.124"
"46","26.0","32.538","21.478"
"46","27.0","32.54","21.792"
"46","28.0","32.541","22.066"
"46","29.0","32.542","22.303"
"46","30.0","32.542","22.507"
"46","31.0","32.542","22.68"
"46","32.0","32.541","22.823"
"46","33.0","32.54","22.94"
"46","34.0","32.538","23.031"
"46","35.0","32.536","23.1"
"46","36.0","32.534","23.146"
"46","37.0","32.531","23.172"
"46","38.0","32.528","23.179"
"46","39.0","32.524","23.166"
"46","40.0","32.52","23.135"
"46","41.0","32.516","23.086"
"46","42.0","32.512","23.02"
"46","43.0","32.507","22.937"
"46","44.0","32.502","22.839"
"46","45.0","32.496","22.725"
"46","46.0","32.491","22.599"
"46","47.0","32.485","22.46"
"46","48.0","32.479","22.307"
"46","49.0","32.472","22.14"
"46","50.0","32.465","21.963"
"46","51.0","32.459","21.774"
"46","52.0","32.451","21.574"
"46","53.0","32.444","21.37"
"46","54.0","32.437","21.165"
"46","55.0","32.429","20.96"
"46","56.0","32.422","20.757"
"46","57.0","32.414","20.557"
"46","58.0","32.406","20.361"
"46","59.0","32.398","20.171"
"46","60.0","32.391","19.984"
"46","61.0","32.383","19.799"
"46","62.0","32.375","19.618"
"46","63.0","32.367","19.439"
"46","64.0","32.359","19.262"
"46","65.0","32.351","19.087"
"46","66.0","32.343","18.913"
"46","67.0","32.334","18.741"
"46","68.0","32.326","18.57"
"46","69.0","32.318","18.401"
"46","70.0","32.31","18.233"
"46","71.0","32.302","18.066"
"47","0.0","31.854","0.0"
"47","1.0","31.91","0.897"
"47","2.0","31.878","5.15"
"47","3.0","31.917","-4.818"
"47","4.0","31.969","-7.625"
"47","5.0","32.028","-9.74"
"47","6.0","32.091","-11.03"
"47","7.0","32.156","-11.65"
"47","8.0","32.222","-11.679"
"47","9.0","32.283","-10.328"
"47","10.0","32.337","-7.194"
"47","11.0","32.382","-2.797"
"47","12.0","32.419","2.057"
"47","13.0","32.444","5.946"
"47","14.0","32.461","9.231"
"47","15.0","32.471","12.21"
"47","16.0","32.477","14.503"
"47","17.0","32.483","15.907"
"47","18.0","32.49","16.818"
"47","19.0","32.496","17.655"
"47","20.0","32.502","18.418"
"47","21.0","32.507","19.098"
"47","22.0","32.511","19.693"
"47","23.0","32.515","20.208"
"47","24.0","32.519","20.655"
"47","25.0","32.521","21.053"
"47","26.0","32.524","21.425"
"47","27.0","32.525","21.756"
"47","28.0","32.526","22.045"
"47","29.0","32.526","22.297"
"47","30.0","32.526","22.514"
"47","31.0","32.526","22.699"
"47","32.0","32.525","22.854"
"47","33.0","32.523","22.981"
"47","34.0","32.521","23.083"
"47","35.0","32.519","23.162"
"47","36.0","32.517","23.218"
"47","37.0","32.514","23.253"
"47","38.0","32.511","23.269"
"47","39.0","32.507","23.264"
"47","40.0","32.503","23.241"
"47","41.0","32.499","23.2"
"47","42.0","32.495","23.141"
"47","43.0","32.49","23.066"
"47","44.0","32.485","22.974"
"47","45.0","32.48","22.866"
"47","46.0","32.474","22.746"
"47","47.0","32.468","22.611"
"47","48.0","32.462","22.464"
"47","49.0","32.456","22.302"
"47","50.0","32.449","22.128"
"47","51.0","32.442","21.943"
"47","52.0","32.435","21.746"
"47","53.0","32.428","21.545"
"47","54.0","32.421","21.342"
"47","55.0","32.414","21.14"
"47","56.0","32.406","20.937"
"47","57.0","32.399","20.738"
"47","58.0","32.391","20.543"
"47","59.0","32.384","20.354"
"47","60.0","32.376","20.168"
"47","61.0","32.368","19.984"
"47","62.0","32.36","19.802"
"47","63.0","32.352","19.623"
"47","64.0","32.345","19.446"
"47","65.0","32.337","19.271"
"47","66.0","32.329","19.097"
"47","67.0","32.321","18.926"
"47","68.0","32.313","18.754"
"47","69.0","32.304","18.584"
"47","70.0","32.296","18.416"
"47","71.0","32.288","18.249"
"48","0.0","31.851","0.0"
"48","1.0","31.856","8.417"
"48","2.0","31.888","-2.235"
"48","3.0","31.92","-6.02"
"48","4.0","31.972","-9.902"
"48","5.0","32.033","-12.096"
"48","6.0","32.096","-13.526"
"48","7.0","32.161","-14.25"
"48","8.0","32.227","-14.277"
"48","9.0","32.286","-12.698"
"48","10.0","32.338","-9.303"
"48","11.0","32.382","-4.621"
"48","12.0","32.418","0.705"
"48","13.0","32.442","5.022"
"48","14.0","32.458","8.637"
"48","15.0","32.467","11.9"
"48","16.0","32.472","14.277"
"48","17.0","32.477","15.623"
"48","18.0","32.483","16.527"
"48","19.0","32.489","17.388"
"48","20.0","32.494","18.183"
"48","21.0","32.499","18.891"
"48","22.0","32.503","19.509"
"48","23.0","32.506","20.047"
"48","24.0","32.509","20.519"
"48","25.0","32.512","20.946"
"48","26.0","32.513","21.348"
"48","27.0","32.515","21.706"
"48","28.0","32.515","22.02"
"48","29.0","32.515","22.295"
"48","30.0","32.515","22.533"
"48","31.0","32.514","22.739"
"48","32.0","32.513","22.913"
"48","33.0","32.512","23.058"
"48","34.0","32.51","23.177"
"48","35.0","32.507","23.273"
"48","36.0","32.505","23.345"
"48","37.0","32.502","23.396"
"48","38.0","32.498","23.426"
"48","39.0","32.495","23.437"
"48","40.0","32.491","23.428"
"48","41.0","32.487","23.4"
"48","42.0","32.482","23.355"
"48","43.0","32.477","23.292"
"48","44.0","32.472","23.213"
"48","45.0","32.467","23.117"
"48","46.0","32.462","23.008"
"48","47.0","32.456","22.885"
"48","48.0","32.45","22.748"
"48","49.0","32.444","22.595"
"48","50.0","32.437","22.43"
"48","51.0","32.43","22.252"
"48","52.0","32.424","22.061"
"48","53.0","32.417","21.866"
"48","54.0","32.41","21.668"
"48","55.0","32.402","21.469"
"48","56.0","32.395","21.27"
"48","57.0","32.388","21.074"
"48","58.0","32.38","20.881"
"48","59.0","32.373","20.692"
"48","60.0","32.365","20.507"
"48","61.0","32.357","20.323"
"48","62.0","32.35","20.143"
"48","63.0","32.342","19.965"
"48","64.0","32.334","19.788"
"48","65.0","32.326","19.613"
"48","66.0","32.318","19.44"
"48","67.0","32.31","19.267"
"48","68.0","32.303","19.096"
"48","69.0","32.295","18.926"
"48","70.0","32.287","18.758"
"48","71.0","32.278","18.589"
"49","0.0","31.85","0.0"
"49","1.0","31.828","11.522"
"49","2.0","31.885","-0.073"
"49","3.0","31.924","-6.562"
"49","4.0","31.975","-11.444"
"49","5.0","32.037","-13.681"
"49","6.0","32.101","-15.192"
"49","7.0","32.166","-15.983"
"49","8.0","32.23","-15.993"
"49","9.0","32.289","-14.236"
"49","10.0","32.339","-10.662"
"49","11.0","32.382","-5.81"
"49","12.0","32.417","-0.203"
"49","13.0","32.442","4.422"
"49","14.0","32.457","8.272"
"49","15.0","32.465","11.725"
"49","16.0","32.469","14.152"
"49","17.0","32.474","15.445"
"49","18.0","32.48","16.347"
"49","19.0","32.485","17.225"
"49","20.0","32.49","18.037"
"49","21.0","32.494","18.763"
"49","22.0","32.498","19.398"
"49","23.0","32.501","19.951"
"49","24.0","32.504","20.438"
"49","25.0","32.506","20.885"
"49","26.0","32.507","21.307"
"49","27.0","32.508","21.682"
"49","28.0","32.509","22.011"
"49","29.0","32.509","22.301"
"49","30.0","32.508","22.554"
"49","31.0","32.507","22.773"
"49","32.0","32.506","22.958"
"49","33.0","32.504","23.115"
"49","34.0","32.502","23.246"
"49","35.0","32.5","23.352"
"49","36.0","32.497","23.434"
"49","37.0","32.494","23.495"
"49","38.0","32.491","23.536"
"49","39.0","32.487","23.555"
"49","40.0","32.483","23.556"
"49","41.0","32.479","23.536"
"49","42.0","32.475","23.5"
"49","43.0","32.47","23.445"
"49","44.0","32.465","23.373"
"49","45.0","32.46","23.285"
"49","46.0","32.454","23.184"
"49","47.0","32.448","23.066"
"49","48.0","32.442","22.935"
"49","49.0","32.436","22.79"
"49","50.0","32.43","22.627"
"49","51.0","32.423","22.454"
"49","52.0","32.417","22.268"
"49","53.0","32.41","22.076"
"49","54.0","32.403","21.881"
"49","55.0","32.396","21.685"
"49","56.0","32.389","21.488"
"49","57.0","32.381","21.293"
"49","58.0","32.374","21.101"
"49","59.0","32.366","20.914"
"49","60.0","32.359","20.73"
"49","61.0","32.351","20.548"
"49","62.0","32.344","20.367"
"49","63.0","32.336","20.189"
"49","64.0","32.328","20.013"
"49","65.0","32.32","19.838"
"49","66.0","32.313","19.665"
"49","67.0","32.305","19.493"
"49","68.0","32.297","19.321"
"49","69.0","32.289","19.151"
"49","70.0","32.281","18.982"
"49","71.0","32.273","18.815"
"50","0.0","31.849","0.0"
"50","1.0","31.891","3.372"
"50","2.0","31.868","7.785"
"50","3.0","31.928","-7.41"
"50","4.0","31.979","-13.682"
"50","5.0","32.042","-16.079"
"50","6.0","32.107","-17.757"
"50","7.0","32.172","-18.642"
"50","8.0","32.236","-18.596"
"50","9.0","32.293","-16.51"
"50","10.0","32.34","-12.653"
"50","11.0","32.382","-7.563"
"50","12.0","32.417","-1.588"
"50","13.0","32.441","3.529"
"50","14.0","32.455","7.753"
"50","15.0","32.463","11.502"
"50","16.0","32.466","13.989"
"50","17.0","32.47","15.193"
"50","18.0","32.476","16.09"
"50","19.0","32.48","16.991"
"50","20.0","32.485","17.834"
"50","21.0","32.489","18.585"
"50","22.0","32.492","19.24"
"50","23.0","32.495","19.814"
"50","24.0","32.497","20.32"
"50","25.0","32.499","20.8"
"50","26.0","32.501","21.251"
"50","27.0","32.501","21.651"
"50","28.0","32.502","22.005"
"50","29.0","32.501","22.317"
"50","30.0","32.501","22.59"
"50","31.0","32.5","22.828"
"50","32.0","32.498","23.032"
"50","33.0","32.497","23.206"
"50","34.0","32.494","23.353"
"50","35.0","32.492","23.475"
"50","36.0","32.489","23.573"
"50","37.0","32.486","23.649"
"50","38.0","32.483","23.703"
"50","39.0","32.479","23.737"
"50","40.0","32.475","23.75"
"50","41.0","32.471","23.744"
"50","42.0","32.466","23.719"
"50","43.0","32.461","23.676"
"50","44.0","32.456","23.615"
"50","45.0","32.451","23.538"
"50","46.0","32.446","23.446"
"50","47.0","32.44","23.34"
"50","48.0","32.434","23.218"
"50","49.0","32.428","23.079"
"50","50.0","32.422","22.924"
"50","51.0","32.415","22.757"
"50","52.0","32.408","22.577"
"50","53.0","32.402","22.39"
"50","54.0","32.395","22.2"
"50","55.0","32.388","22.007"
"50","56.0","32.381","21.814"
"50","57.0","32.373","21.622"
"50","58.0","32.366","21.433"
"50","59.0","32.359","21.247"
"50","60.0","32.351","21.065"
"50","61.0","32.344","20.883"
"50","62.0","32.336","20.705"
"50","63.0","32.328","20.528"
"50","64.0","32.321","20.353"
"50","65.0","32.313","20.178"
"50","66.0","32.305","20.006"
"50","67.0","32.297","19.833"
"50","68.0","32.29","19.662"
"50","69.0","32.282","19.492"
"50","70.0","32.274","19.324"
"50","71.0","32.266","19.155"
"51","0.0","31.848","0.0"
"51","1.0","31.876","-3.012"
"51","2.0","31.852","16.529"
"51","3.0","31.931","-10.265"
"51","4.0","31.985","-17.468"
"51","5.0","32.05","-20.417"
"51","6.0","32.115","-22.599"
"51","7.0","32.181","-23.908"
"51","8.0","32.244","-23.492"
"51","9.0","32.298","-20.611"
"51","10.0","32.343","-16.164"
"51","11.0","32.382","-10.637"
"51","12.0","32.416","-4.063"
"51","13.0","32.44","1.975"
"51","14.0","32.454","6.912"
"51","15.0","32.46","11.172"
"51","16.0","32.463","13.742"
"51","17.0","32.467","14.779"
"51","18.0","32.472","15.678"
"51","19.0","32.477","16.62"
"51","20.0","32.481","17.511"
"51","21.0","32.484","18.302"
"51","22.0","32.487","18.994"
"51","23.0","32.49","19.602"
"51","24.0","32.492","20.14"
"51","25.0","32.494","20.679"
"51","26.0","32.495","21.177"
"51","27.0","32.496","21.62"
"51","28.0","32.496","22.013"
"51","29.0","32.495","22.361"
"51","30.0","32.494","22.669"
"51","31.0","32.493","22.937"
"51","32.0","32.492","23.171"
"51","33.0","32.49","23.374"
"51","34.0","32.488","23.548"
"51","35.0","32.485","23.697"
"51","36.0","32.482","23.82"
"51","37.0","32.479","23.92"
"51","38.0","32.475","23.999"
"51","39.0","32.472","24.056"
"51","40.0","32.468","24.092"
"51","41.0","32.463","24.108"
"51","42.0","32.459","24.104"
"51","43.0","32.454","24.082"
"51","44.0","32.449","24.041"
"51","45.0","32.444","23.982"
"51","46.0","32.438","23.909"
"51","47.0","32.433","23.819"
"51","48.0","32.427","23.715"
"51","49.0","32.42","23.592"
"51","50.0","32.414","23.447"
"51","51.0","32.408","23.293"
"51","52.0","32.401","23.126"
"51","53.0","32.394","22.95"
"51","54.0","32.388","22.77"
"51","55.0","32.381","22.588"
"51","56.0","32.373","22.402"
"51","57.0","32.366","22.217"
"51","58.0","32.359","22.034"
"51","59.0","32.352","21.854"
"51","60.0","32.344","21.677"
"51","61.0","32.337","21.501"
"51","62.0","32.329","21.326"
"51","63.0","32.322","21.153"
"51","64.0","32.314","20.981"
"51","65.0","32.306","20.81"
"51","66.0","32.298","20.64"
"51","67.0","32.291","20.471"
"51","68.0","32.283","20.301"
"51","69.0","32.275","20.134"
"51","70.0","32.267","19.967"
"51","71.0","32.259","19.801"
"52","0.0","31.847","0.0"
"52","1.0","31.826","17.743"
"52","2.0","31.854","15.466"
"52","3.0","31.932","-14.319"
"52","4.0","31.991","-20.757"
"52","5.0","32.057","-23.832"
"52","6.0","32.124","-26.04"
"52","7.0","32.189","-27.301"
"52","8.0","32.251","-26.551"
"52","9.0","32.303","-23.135"
"52","10.0","32.345","-18.33"
"52","11.0","32.383","-12.556"
"52","12.0","32.415","-5.657"
"52","13.0","32.439","0.966"
"52","14.0","32.453","6.396"
"52","15.0","32.459","10.989"
"52","16.0","32.461","13.591"
"52","17.0","32.465","14.524"
"52","18.0","32.47","15.424"
"52","19.0","32.474","16.394"
"52","20.0","32.478","17.316"
"52","21.0","32.481","18.133"
"52","22.0","32.484","18.845"
"52","23.0","32.487","19.471"
"52","24.0","32.489","20.031"
"52","25.0","32.49","20.608"
"52","26.0","32.491","21.138"
"52","27.0","32.492","21.607"
"52","28.0","32.491","22.026"
"52","29.0","32.491","22.396"
"52","30.0","32.49","22.726"
"52","31.0","32.489","23.014"
"52","32.0","32.487","23.267"
"52","33.0","32.485","23.487"
"52","34.0","32.483","23.68"
"52","35.0","32.48","23.844"
"52","36.0","32.477","23.985"
"52","37.0","32.474","24.1"
"52","38.0","32.47","24.194"
"52","39.0","32.467","24.267"
"52","40.0","32.463","24.316"
"52","41.0","32.458","24.347"
"52","42.0","32.454","24.356"
"52","43.0","32.449","24.347"
"52","44.0","32.444","24.318"
"52","45.0","32.438","24.272"
"52","46.0","32.433","24.209"
"52","47.0","32.427","24.133"
"52","48.0","32.421","24.04"
"52","49.0","32.415","23.923"
"52","50.0","32.409","23.788"
"52","51.0","32.403","23.642"
"52","52.0","32.396","23.483"
"52","53.0","32.389","23.314"
"52","54.0","32.382","23.14"
"52","55.0","32.375","22.962"
"52","56.0","32.368","22.783"
"52","57.0","32.361","22.603"
"52","58.0","32.354","22.425"
"52","59.0","32.347","22.248"
"52","60.0","32.339","22.074"
"52","61.0","32.332","21.899"
"52","62.0","32.324","21.728"
"52","63.0","32.317","21.558"
"52","64.0","32.309","21.388"
"52","65.0","32.301","21.219"
"52","66.0","32.294","21.05"
"52","67.0","32.286","20.881"
"52","68.0","32.278","20.715"
"52","69.0","32.27","20.548"
"52","70.0","32.263","20.383"
"52","71.0","32.255","20.217"
"53","0.0","31.846","0.0"
"53","1.0","31.878","5.939"
"53","2.0","31.867","-0.035"
"53","3.0","31.938","-20.552"
"53","4.0","32.004","-26.308"
"53","5.0","32.072","-29.736"
"53","6.0","32.14","-32.006"
"53","7.0","32.205","-33.098"
"53","8.0","32.264","-31.601"
"53","9.0","32.311","-27.229"
"53","10.0","32.35","-21.841"
"53","11.0","32.384","-15.686"
"53","12.0","32.414","-8.34"
"53","13.0","32.438","-0.799"
"53","14.0","32.452","5.56"
"53","15.0","32.457","10.707"
"53","16.0","32.459","13.337"
"53","17.0","32.463","14.101"
"53","18.0","32.467","15.013"
"53","19.0","32.471","16.03"
"53","20.0","32.474","17.002"
"53","21.0","32.477","17.86"
"53","22.0","32.48","18.609"
"53","23.0","32.482","19.273"
"53","24.0","32.484","19.867"
"53","25.0","32.485","20.511"
"53","26.0","32.486","21.091"
"53","27.0","32.486","21.606"
"53","28.0","32.486","22.067"
"53","29.0","32.485","22.475"
"53","30.0","32.484","22.842"
"53","31.0","32.482","23.162"
"53","32.0","32.48","23.447"
"53","33.0","32.478","23.697"
"53","34.0","32.476","23.92"
"53","35.0","32.473","24.113"
"53","36.0","32.47","24.28"
"53","37.0","32.467","24.422"
"53","38.0","32.463","24.542"
"53","39.0","32.459","24.64"
"53","40.0","32.455","24.714"
"53","41.0","32.451","24.767"
"53","42.0","32.446","24.8"
"53","43.0","32.441","24.812"
"53","44.0","32.436","24.804"
"53","45.0","32.431","24.778"
"53","46.0","32.425","24.735"
"53","47.0","32.42","24.676"
"53","48.0","32.414","24.602"
"53","49.0","32.408","24.5"
"53","50.0","32.401","24.376"
"53","51.0","32.395","24.244"
"53","52.0","32.388","24.098"
"53","53.0","32.382","23.942"
"53","54.0","32.375","23.779"
"53","55.0","32.368","23.612"
"53","56.0","32.361","23.441"
"53","57.0","32.354","23.27"
"53","58.0","32.347","23.099"
"53","59.0","32.339","22.928"
"53","60.0","32.332","22.76"
"53","61.0","32.325","22.592"
"53","62.0","32.317","22.424"
"53","63.0","32.31","22.258"
"53","64.0","32.302","22.092"
"53","65.0","32.294","21.925"
"53","66.0","32.287","21.759"
"53","67.0","32.279","21.595"
"53","68.0","32.271","21.428"
"53","69.0","32.264","21.265"
"53","70.0","32.256","21.101"
"53","71.0","32.248","20.938"
"54","0.0","31.845","0.0"
"54","1.0","31.879","-14.241"
"54","2.0","31.878","-9.717"
"54","3.0","31.949","-24.201"
"54","4.0","32.017","-30.681"
"54","5.0","32.087","-34.179"
"54","6.0","32.155","-36.407"
"54","7.0","32.219","-37.259"
"54","8.0","32.275","-35.066"
"54","9.0","32.319","-29.99"
"54","10.0","32.354","-24.228"
"54","11.0","32.386","-17.84"
"54","12.0","32.414","-10.246"
"54","13.0","32.437","-2.126"
"54","14.0","32.451","4.975"
"54","15.0","32.455","10.527"
"54","16.0","32.457","13.15"
"54","17.0","32.461","13.807"
"54","18.0","32.465","14.725"
"54","19.0","32.469","15.778"
"54","20.0","32.472","16.788"
"54","21.0","32.475","17.676"
"54","22.0","32.477","18.448"
"54","23.0","32.479","19.136"
"54","24.0","32.481","19.763"
"54","25.0","32.482","20.453"
"54","26.0","32.482","21.071"
"54","27.0","32.482","21.617"
"54","28.0","32.481","22.11"
"54","29.0","32.481","22.545"
"54","30.0","32.479","22.939"
"54","31.0","32.478","23.282"
"54","32.0","32.476","23.591"
"54","33.0","32.473","23.863"
"54","34.0","32.471","24.108"
"54","35.0","32.468","24.32"
"54","36.0","32.465","24.509"
"54","37.0","32.461","24.669"
"54","38.0","32.458","24.807"
"54","39.0","32.454","24.924"
"54","40.0","32.45","25.014"
"54","41.0","32.445","25.086"
"54","42.0","32.44","25.134"
"54","43.0","32.436","25.163"
"54","44.0","32.43","25.168"
"54","45.0","32.425","25.157"
"54","46.0","32.42","25.127"
"54","47.0","32.414","25.083"
"54","48.0","32.408","25.022"
"54","49.0","32.402","24.928"
"54","50.0","32.396","24.815"
"54","51.0","32.389","24.692"
"54","52.0","32.383","24.555"
"54","53.0","32.376","24.407"
"54","54.0","32.369","24.252"
"54","55.0","32.362","24.091"
"54","56.0","32.355","23.927"
"54","57.0","32.348","23.763"
"54","58.0","32.341","23.597"
"54","59.0","32.334","23.43"
"54","60.0","32.327","23.265"
"54","61.0","32.319","23.099"
"54","62.0","32.312","22.935"
"54","63.0","32.304","22.773"
"54","64.0","32.297","22.609"
"54","65.0","32.289","22.444"
"54","66.0","32.282","22.28"
"54","67.0","32.274","22.115"
"54","68.0","32.266","21.952"
"54","69.0","32.258","21.79"
"54","70.0","32.251","21.627"
"54","71.0","32.243","21.463"
"55","0.0","31.844","0.0"
"55","1.0","31.827","21.102"
"55","2.0","31.893","-12.696"
"55","3.0","31.958","-27.68"
"55","4.0","32.029","-34.661"
"55","5.0","32.1","-38.09"
"55","6.0","32.167","-40.195"
"55","7.0","32.231","-40.729"
"55","8.0","32.284","-37.808"
"55","9.0","32.325","-32.137"
"55","10.0","32.358","-26.082"
"55","11.0","32.387","-19.516"
"55","12.0","32.414","-11.758"
"55","13.0","32.437","-3.226"
"55","14.0","32.45","4.51"
"55","15.0","32.454","10.39"
"55","16.0","32.456","12.994"
"55","17.0","32.46","13.572"
"55","18.0","32.464","14.498"
"55","19.0","32.467","15.583"
"55","20.0","32.47","16.62"
"55","21.0","32.473","17.531"
"55","22.0","32.475","18.325"
"55","23.0","32.477","19.033"
"55","24.0","32.478","19.69"
"55","25.0","32.479","20.417"
"55","26.0","32.48","21.064"
"55","27.0","32.479","21.638"
"55","28.0","32.479","22.154"
"55","29.0","32.478","22.613"
"55","30.0","32.477","23.028"
"55","31.0","32.475","23.391"
"55","32.0","32.473","23.717"
"55","33.0","32.47","24.008"
"55","34.0","32.468","24.269"
"55","35.0","32.465","24.499"
"55","36.0","32.462","24.703"
"55","37.0","32.458","24.879"
"55","38.0","32.454","25.034"
"55","39.0","32.45","25.164"
"55","40.0","32.446","25.269"
"55","41.0","32.442","25.354"
"55","42.0","32.437","25.416"
"55","43.0","32.432","25.456"
"55","44.0","32.427","25.475"
"55","45.0","32.422","25.475"
"55","46.0","32.416","25.457"
"55","47.0","32.41","25.423"
"55","48.0","32.404","25.371"
"55","49.0","32.398","25.286"
"55","50.0","32.392","25.179"
"55","51.0","32.386","25.064"
"55","52.0","32.379","24.934"
"55","53.0","32.373","24.793"
"55","54.0","32.366","24.645"
"55","55.0","32.359","24.492"
"55","56.0","32.352","24.332"
"55","57.0","32.345","24.173"
"55","58.0","32.338","24.012"
"55","59.0","32.33","23.85"
"55","60.0","32.323","23.688"
"55","61.0","32.316","23.527"
"55","62.0","32.308","23.365"
"55","63.0","32.301","23.205"
"55","64.0","32.293","23.043"
"55","65.0","32.286","22.881"
"55","66.0","32.278","22.719"
"55","67.0","32.27","22.557"
"55","68.0","32.263","22.394"
"55","69.0","32.255","22.234"
"55","70.0","32.247","22.072"
"55","71.0","32.239","21.911"
"56","0.0","31.844","0.0"
"56","1.0","31.848","28.845"
"56","2.0","31.899","-18.489"
"56","3.0","31.965","-33.69"
"56","4.0","32.038","-40.83"
"56","5.0","32.109","-44.078"
"56","6.0","32.177","-45.93"
"56","7.0","32.239","-45.873"
"56","8.0","32.291","-41.739"
"56","9.0","32.329","-35.195"
"56","10.0","32.36","-28.744"
"56","11.0","32.389","-21.937"
"56","12.0","32.414","-13.961"
"56","13.0","32.436","-4.876"
"56","14.0","32.45","3.821"
"56","15.0","32.454","10.202"
"56","16.0","32.456","12.753"
"56","17.0","32.459","13.231"
"56","18.0","32.463","14.167"
"56","19.0","32.466","15.299"
"56","20.0","32.469","16.381"
"56","21.0","32.472","17.327"
"56","22.0","32.474","18.148"
"56","23.0","32.476","18.884"
"56","24.0","32.477","19.591"
"56","25.0","32.478","20.369"
"56","26.0","32.478","21.062"
"56","27.0","32.478","21.674"
"56","28.0","32.477","22.228"
"56","29.0","32.476","22.72"
"56","30.0","32.475","23.167"
"56","31.0","32.473","23.557"
"56","32.0","32.471","23.913"
"56","33.0","32.468","24.229"
"56","34.0","32.466","24.517"
"56","35.0","32.463","24.771"
"56","36.0","32.46","25.001"
"56","37.0","32.456","25.2"
"56","38.0","32.452","25.376"
"56","39.0","32.448","25.53"
"56","40.0","32.444","25.655"
"56","41.0","32.439","25.762"
"56","42.0","32.435","25.843"
"56","43.0","32.43","25.903"
"56","44.0","32.425","25.938"
"56","45.0","32.419","25.957"
"56","46.0","32.414","25.955"
"56","47.0","32.408","25.941"
"56","48.0","32.402","25.903"
"56","49.0","32.396","25.827"
"56","50.0","32.39","25.733"
"56","51.0","32.383","25.63"
"56","52.0","32.377","25.512"
"56","53.0","32.37","25.382"
"56","54.0","32.363","25.244"
"56","55.0","32.356","25.098"
"56","56.0","32.349","24.949"
"56","57.0","32.342","24.798"
"56","58.0","32.335","24.644"
"56","59.0","32.328","24.488"
"56","60.0","32.321","24.332"
"56","61.0","32.313","24.174"
"56","62.0","32.306","24.018"
"56","63.0","32.298","23.862"
"56","64.0","32.291","23.704"
"56","65.0","32.283","23.545"
"56","66.0","32.276","23.386"
"56","67.0","32.268","23.225"
"56","68.0","32.26","23.066"
"56","69.0","32.253","22.908"
"56","70.0","32.245","22.749"
"56","71.0","32.237","22.589"
"57","0.0","31.843","0.0"
"57","1.0","31.89","-25.974"
"57","2.0","31.901","-31.285"
"57","3.0","31.98","-40.347"
"57","4.0","32.057","-47.79"
"57","5.0","32.128","-50.732"
"57","6.0","32.195","-52.31"
"57","7.0","32.256","-51.49"
"57","8.0","32.303","-45.9"
"57","9.0","32.337","-38.465"
"57","10.0","32.365","-31.624"
"57","11.0","32.391","-24.575"
"57","12.0","32.415","-16.396"
"57","13.0","32.436","-6.764"
"57","14.0","32.449","3.028"
"57","15.0","32.453","9.994"
"57","16.0","32.455","12.466"
"57","17.0","32.458","12.842"
"57","18.0","32.462","13.795"
"57","19.0","32.465","14.981"
"57","20.0","32.468","16.111"
"57","21.0","32.47","17.096"
"57","22.0","32.472","17.953"
"57","23.0","32.474","18.729"
"57","24.0","32.475","19.489"
"57","25.0","32.476","20.329"
"57","26.0","32.476","21.072"
"57","27.0","32.475","21.732"
"57","28.0","32.474","22.326"
"57","29.0","32.473","22.858"
"57","30.0","32.472","23.34"
"57","31.0","32.47","23.765"
"57","32.0","32.468","24.151"
"57","33.0","32.465","24.499"
"57","34.0","32.462","24.816"
"57","35.0","32.459","25.1"
"57","36.0","32.456","25.356"
"57","37.0","32.452","25.582"
"57","38.0","32.449","25.786"
"57","39.0","32.444","25.963"
"57","40.0","32.44","26.115"
"57","41.0","32.436","26.243"
"57","42.0","32.431","26.348"
"57","43.0","32.426","26.428"
"57","44.0","32.421","26.486"
"57","45.0","32.415","26.523"
"57","46.0","32.409","26.542"
"57","47.0","32.404","26.544"
"57","48.0","32.398","26.523"
"57","49.0","32.392","26.461"
"57","50.0","32.385","26.378"
"57","51.0","32.379","26.288"
"57","52.0","32.373","26.183"
"57","53.0","32.366","26.065"
"57","54.0","32.359","25.938"
"57","55.0","32.352","25.805"
"57","56.0","32.345","25.664"
"57","57.0","32.338","25.521"
"57","58.0","32.331","25.374"
"57","59.0","32.324","25.224"
"57","60.0","32.317","25.073"
"57","61.0","32.309","24.922"
"57","62.0","32.302","24.768"
"57","63.0","32.294","24.616"
"57","64.0","32.287","24.46"
"57","65.0","32.279","24.304"
"57","66.0","32.272","24.147"
"57","67.0","32.264","23.989"
"57","68.0","32.256","23.83"
"57","69.0","32.249","23.674"
"57","70.0","32.241","23.516"
"57","71.0","32.233","23.357"
"58","0.0","31.843","0.0"
"58","1.0","31.839","-0.076"
"58","2.0","31.912","-38.598"
"58","3.0","31.998","-45.631"
"58","4.0","32.079","-53.25"
"58","5.0","32.151","-55.874"
"58","6.0","32.217","-57.107"
"58","7.0","32.275","-55.437"
"58","8.0","32.317","-48.626"
"58","9.0","32.346","-40.606"
"58","10.0","32.371","-33.533"
"58","11.0","32.394","-26.336"
"58","12.0","32.416","-18.038"
"58","13.0","32.435","-8.089"
"58","14.0","32.448","2.453"
"58","15.0","32.452","9.861"
"58","16.0","32.454","12.25"
"58","17.0","32.457","12.572"
"58","18.0","32.461","13.537"
"58","19.0","32.464","14.763"
"58","20.0","32.466","15.929"
"58","21.0","32.468","16.942"
"58","22.0","32.47","17.822"
"58","23.0","32.472","18.622"
"58","24.0","32.473","19.427"
"58","25.0","32.473","20.309"
"58","26.0","32.473","21.091"
"58","27.0","32.473","21.782"
"58","28.0","32.472","22.407"
"58","29.0","32.47","22.966"
"58","30.0","32.469","23.475"
"58","31.0","32.467","23.921"
"58","32.0","32.464","24.332"
"58","33.0","32.462","24.701"
"58","34.0","32.459","25.041"
"58","35.0","32.456","25.344"
"58","36.0","32.452","25.622"
"58","37.0","32.449","25.867"
"58","38.0","32.445","26.089"
"58","39.0","32.441","26.285"
"58","40.0","32.436","26.452"
"58","41.0","32.432","26.6"
"58","42.0","32.427","26.719"
"58","43.0","32.422","26.817"
"58","44.0","32.416","26.887"
"58","45.0","32.411","26.941"
"58","46.0","32.405","26.972"
"58","47.0","32.399","26.989"
"58","48.0","32.393","26.979"
"58","49.0","32.387","26.924"
"58","50.0","32.381","26.853"
"58","51.0","32.375","26.771"
"58","52.0","32.368","26.676"
"58","53.0","32.362","26.567"
"58","54.0","32.355","26.449"
"58","55.0","32.348","26.321"
"58","56.0","32.341","26.189"
"58","57.0","32.334","26.053"
"58","58.0","32.327","25.912"
"58","59.0","32.32","25.767"
"58","60.0","32.312","25.621"
"58","61.0","32.305","25.472"
"58","62.0","32.298","25.324"
"58","63.0","32.29","25.175"
"58","64.0","32.283","25.023"
"58","65.0","32.275","24.869"
"58","66.0","32.268","24.714"
"58","67.0","32.26","24.557"
"58","68.0","32.252","24.402"
"58","69.0","32.245","24.248"
"58","70.0","32.237","24.091"
"58","71.0","32.229","23.932"
"59","0.0","31.842","0.0"
"59","1.0","31.825","28.513"
"59","2.0","31.94","-40.393"
"59","3.0","32.03","-52.355"
"59","4.0","32.116","-59.439"
"59","5.0","32.188","-61.82"
"59","6.0","32.253","-62.704"
"59","7.0","32.305","-59.79"
"59","8.0","32.338","-51.43"
"59","9.0","32.36","-42.911"
"59","10.0","32.38","-35.667"
"59","11.0","32.399","-28.351"
"59","12.0","32.418","-19.974"
"59","13.0","32.435","-9.744"
"59","14.0","32.447","1.679"
"59","15.0","32.451","9.701"
"59","16.0","32.453","11.948"
"59","17.0","32.456","12.222"
"59","18.0","32.459","13.212"
"59","19.0","32.462","14.492"
"59","20.0","32.464","15.701"
"59","21.0","32.466","16.749"
"59","22.0","32.468","17.662"
"59","23.0","32.469","18.493"
"59","24.0","32.47","19.366"
"59","25.0","32.47","20.309"
"59","26.0","32.47","21.136"
"59","27.0","32.469","21.873"
"59","28.0","32.468","22.535"
"59","29.0","32.466","23.133"
"59","30.0","32.464","23.672"
"59","31.0","32.462","24.152"
"59","32.0","32.46","24.59"
"59","33.0","32.457","24.99"
"59","34.0","32.454","25.356"
"59","35.0","32.451","25.688"
"59","36.0","32.447","25.989"
"59","37.0","32.443","26.26"
"59","38.0","32.439","26.508"
"59","39.0","32.435","26.725"
"59","40.0","32.431","26.917"
"59","41.0","32.426","27.084"
"59","42.0","32.421","27.225"
"59","43.0","32.416","27.339"
"59","44.0","32.41","27.429"
"59","45.0","32.405","27.498"
"59","46.0","32.399","27.548"
"59","47.0","32.393","27.58"
"59","48.0","32.387","27.58"
"59","49.0","32.381","27.535"
"59","50.0","32.375","27.473"
"59","51.0","32.369","27.402"
"59","52.0","32.362","27.316"
"59","53.0","32.355","27.217"
"59","54.0","32.349","27.107"
"59","55.0","32.342","26.989"
"59","56.0","32.335","26.863"
"59","57.0","32.328","26.733"
"59","58.0","32.321","26.597"
"59","59.0","32.314","26.456"
"59","60.0","32.306","26.313"
"59","61.0","32.299","26.169"
"59","62.0","32.292","26.022"
"59","63.0","32.284","25.875"
"59","64.0","32.277","25.724"
"59","65.0","32.269","25.571"
"59","66.0","32.262","25.416"
"59","67.0","32.254","25.261"
"59","68.0","32.246","25.105"
"59","69.0","32.239","24.951"
"59","70.0","32.231","24.793"
"59","71.0","32.223","24.635"
"60","0.0","31.841","0.0"
"60","1.0","31.851","5.74"
"60","2.0","31.962","-44.125"
"60","3.0","32.059","-59.006"
"60","4.0","32.147","-64.504"
"60","5.0","32.218","-66.366"
"60","6.0","32.281","-66.772"
"60","7.0","32.329","-62.511"
"60","8.0","32.354","-52.962"
"60","9.0","32.371","-44.23"
"60","10.0","32.388","-36.927"
"60","11.0","32.404","-29.551"
"60","12.0","32.419","-21.136"
"60","13.0","32.434","-10.787"
"60","14.0","32.446","1.129"
"60","15.0","32.45","9.603"
"60","16.0","32.452","11.731"
"60","17.0","32.455","11.996"
"60","18.0","32.458","13.005"
"60","19.0","32.461","14.321"
"60","20.0","32.463","15.562"
"60","21.0","32.465","16.633"
"60","22.0","32.466","17.566"
"60","23.0","32.467","18.417"
"60","24.0","32.468","19.342"
"60","25.0","32.468","20.321"
"60","26.0","32.467","21.182"
"60","27.0","32.466","21.946"
"60","28.0","32.465","22.636"
"60","29.0","32.463","23.257"
"60","30.0","32.461","23.819"
"60","31.0","32.459","24.318"
"60","32.0","32.456","24.778"
"60","33.0","32.453","25.197"
"60","34.0","32.45","25.583"
"60","35.0","32.447","25.932"
"60","36.0","32.443","26.252"
"60","37.0","32.439","26.541"
"60","38.0","32.435","26.804"
"60","39.0","32.431","27.038"
"60","40.0","32.426","27.244"
"60","41.0","32.421","27.428"
"60","42.0","32.416","27.581"
"60","43.0","32.411","27.709"
"60","44.0","32.406","27.811"
"60","45.0","32.4","27.894"
"60","46.0","32.395","27.955"
"60","47.0","32.389","28.001"
"60","48.0","32.383","28.008"
"60","49.0","32.376","27.968"
"60","50.0","32.37","27.917"
"60","51.0","32.364","27.853"
"60","52.0","32.357","27.775"
"60","53.0","32.351","27.684"
"60","54.0","32.344","27.582"
"60","55.0","32.337","27.468"
"60","56.0","32.33","27.351"
"60","57.0","32.323","27.227"
"60","58.0","32.316","27.096"
"60","59.0","32.309","26.96"
"60","60.0","32.302","26.821"
"60","61.0","32.294","26.679"
"60","62.0","32.287","26.537"
"60","63.0","32.279","26.393"
"60","64.0","32.272","26.245"
"60","65.0","32.264","26.094"
"60","66.0","32.257","25.942"
"60","67.0","32.249","25.787"
"60","68.0","32.242","25.635"
"60","69.0","32.234","25.482"
"60","70.0","32.226","25.326"
"60","71.0","32.219","25.168"
"61","0.0","31.841","0.0"
"61","1.0","31.863","-11.582"
"61","2.0","31.976","-49.511"
"61","3.0","32.081","-63.159"
"61","4.0","32.17","-67.492"
"61","5.0","32.24","-68.992"
"61","6.0","32.302","-69.064"
"61","7.0","32.345","-63.858"
"61","8.0","32.365","-53.64"
"61","9.0","32.379","-44.87"
"61","10.0","32.393","-37.56"
"61","11.0","32.407","-30.163"
"61","12.0","32.42","-21.744"
"61","13.0","32.434","-11.358"
"61","14.0","32.445","0.79"
"61","15.0","32.449","9.541"
"61","16.0","32.451","11.599"
"61","17.0","32.455","11.865"
"61","18.0","32.457","12.888"
"61","19.0","32.46","14.226"
"61","20.0","32.462","15.482"
"61","21.0","32.464","16.566"
"61","22.0","32.465","17.514"
"61","23.0","32.466","18.385"
"61","24.0","32.466","19.336"
"61","25.0","32.466","20.337"
"61","26.0","32.466","21.215"
"61","27.0","32.464","21.998"
"61","28.0","32.463","22.701"
"61","29.0","32.461","23.339"
"61","30.0","32.459","23.911"
"61","31.0","32.457","24.425"
"61","32.0","32.454","24.894"
"61","33.0","32.451","25.327"
"61","34.0","32.448","25.721"
"61","35.0","32.444","26.083"
"61","36.0","32.441","26.412"
"61","37.0","32.437","26.71"
"61","38.0","32.433","26.985"
"61","39.0","32.428","27.227"
"61","40.0","32.423","27.444"
"61","41.0","32.419","27.634"
"61","42.0","32.414","27.797"
"61","43.0","32.408","27.93"
"61","44.0","32.403","28.042"
"61","45.0","32.397","28.131"
"61","46.0","32.391","28.201"
"61","47.0","32.386","28.251"
"61","48.0","32.379","28.262"
"61","49.0","32.373","28.228"
"61","50.0","32.367","28.18"
"61","51.0","32.361","28.121"
"61","52.0","32.354","28.048"
"61","53.0","32.348","27.961"
"61","54.0","32.341","27.863"
"61","55.0","32.334","27.755"
"61","56.0","32.327","27.64"
"61","57.0","32.32","27.519"
"61","58.0","32.313","27.392"
"61","59.0","32.306","27.259"
"61","60.0","32.298","27.122"
"61","61.0","32.291","26.984"
"61","62.0","32.284","26.842"
"61","63.0","32.276","26.7"
"61","64.0","32.269","26.553"
"61","65.0","32.261","26.404"
"61","66.0","32.254","26.253"
"61","67.0","32.246","26.101"
"61","68.0","32.239","25.948"
"61","69.0","32.231","25.797"
"61","70.0","32.223","25.641"
"61","71.0","32.216","25.485"
"62","0.0","31.841","0.0"
"62","1.0","31.889","-26.098"
"62","2.0","31.998","-57.832"
"62","3.0","32.109","-69.103"
"62","4.0","32.196","-71.728"
"62","5.0","32.265","-72.748"
"62","6.0","32.324","-72.237"
"62","7.0","32.362","-65.444"
"62","8.0","32.377","-54.351"
"62","9.0","32.387","-45.627"
"62","10.0","32.398","-38.35"
"62","11.0","32.41","-30.94"
"62","12.0","32.421","-22.526"
"62","13.0","32.433","-12.128"
"62","14.0","32.444","0.273"
"62","15.0","32.448","9.446"
"62","16.0","32.451","11.397"
"62","17.0","32.454","11.683"
"62","18.0","32.457","12.725"
"62","19.0","32.459","14.093"
"62","20.0","32.461","15.376"
"62","21.0","32.462","16.48"
"62","22.0","32.464","17.445"
"62","23.0","32.465","18.339"
"62","24.0","32.465","19.338"
"62","25.0","32.465","20.366"
"62","26.0","32.464","21.273"
"62","27.0","32.463","22.078"
"62","28.0","32.461","22.805"
"62","29.0","32.459","23.462"
"62","30.0","32.457","24.054"
"62","31.0","32.454","24.584"
"62","32.0","32.452","25.073"
"62","33.0","32.449","25.52"
"62","34.0","32.445","25.932"
"62","35.0","32.442","26.308"
"62","36.0","32.438","26.653"
"62","37.0","32.434","26.966"
"62","38.0","32.43","27.253"
"62","39.0","32.425","27.51"
"62","40.0","32.42","27.737"
"62","41.0","32.415","27.942"
"62","42.0","32.41","28.114"
"62","43.0","32.405","28.26"
"62","44.0","32.4","28.38"
"62","45.0","32.394","28.481"
"62","46.0","32.388","28.56"
"62","47.0","32.382","28.621"
"62","48.0","32.376","28.637"
"62","49.0","32.37","28.607"
"62","50.0","32.364","28.567"
"62","51.0","32.357","28.515"
"62","52.0","32.351","28.448"
"62","53.0","32.344","28.368"
"62","54.0","32.337","28.276"
"62","55.0","32.33","28.172"
"62","56.0","32.324","28.065"
"62","57.0","32.317","27.948"
"62","58.0","32.309","27.825"
"62","59.0","32.302","27.696"
"62","60.0","32.295","27.563"
"62","61.0","32.288","27.426"
"62","62.0","32.28","27.29"
"62","63.0","32.273","27.15"
"62","64.0","32.265","27.005"
"62","65.0","32.258","26.858"
"62","66.0","32.25","26.709"
"62","67.0","32.243","26.557"
"62","68.0","32.235","26.407"
"62","69.0","32.228","26.257"
"62","70.0","32.22","26.102"
"62","71.0","32.212","25.946"
"63","0.0","31.84","0.0"
"63","1.0","31.849","-1.04"
"63","2.0","32.015","-64.741"
"63","3.0","32.127","-76.312"
"63","4.0","32.213","-76.618"
"63","5.0","32.28","-77.061"
"63","6.0","32.338","-75.667"
"63","7.0","32.372","-66.88"
"63","8.0","32.383","-54.908"
"63","9.0","32.391","-46.34"
"63","10.0","32.401","-39.129"
"63","11.0","32.412","-31.72"
"63","12.0","32.422","-23.327"
"63","13.0","32.433","-12.945"
"63","14.0","32.443","-0.331"
"63","15.0","32.448","9.316"
"63","16.0","32.451","11.162"
"63","17.0","32.454","11.477"
"63","18.0","32.456","12.546"
"63","19.0","32.459","13.949"
"63","20.0","32.46","15.257"
"63","21.0","32.462","16.382"
"63","22.0","32.463","17.371"
"63","23.0","32.464","18.288"
"63","24.0","32.464","19.346"
"63","25.0","32.464","20.41"
"63","26.0","32.463","21.344"
"63","27.0","32.462","22.181"
"63","28.0","32.46","22.929"
"63","29.0","32.458","23.613"
"63","30.0","32.456","24.222"
"63","31.0","32.453","24.775"
"63","32.0","32.45","25.28"
"63","33.0","32.447","25.749"
"63","34.0","32.444","26.177"
"63","35.0","32.44","26.573"
"63","36.0","32.436","26.932"
"63","37.0","32.432","27.262"
"63","38.0","32.428","27.567"
"63","39.0","32.423","27.836"
"63","40.0","32.419","28.081"
"63","41.0","32.414","28.297"
"63","42.0","32.409","28.484"
"63","43.0","32.403","28.64"
"63","44.0","32.398","28.775"
"63","45.0","32.392","28.886"
"63","46.0","32.386","28.979"
"63","47.0","32.38","29.048"
"63","48.0","32.374","29.068"
"63","49.0","32.368","29.047"
"63","50.0","32.362","29.014"
"63","51.0","32.355","28.969"
"63","52.0","32.349","28.91"
"63","53.0","32.342","28.837"
"63","54.0","32.335","28.752"
"63","55.0","32.329","28.657"
"63","56.0","32.322","28.554"
"63","57.0","32.315","28.443"
"63","58.0","32.307","28.325"
"63","59.0","32.3","28.201"
"63","60.0","32.293","28.072"
"63","61.0","32.286","27.941"
"63","62.0","32.278","27.807"
"63","63.0","32.271","27.67"
"63","64.0","32.263","27.528"
"63","65.0","32.256","27.383"
"63","66.0","32.248","27.236"
"63","67.0","32.241","27.088"
"63","68.0","32.233","26.939"
"63","69.0","32.226","26.79"
"63","70.0","32.218","26.637"
"63","71.0","32.21","26.482"
"64","0.0","31.84","0.0"
"64","1.0","31.787","53.186"
"64","2.0","32.036","-74.53"
"64","3.0","32.152","-85.16"
"64","4.0","32.235","-82.748"
"64","5.0","32.3","-82.414"
"64","6.0","32.355","-79.635"
"64","7.0","32.384","-68.231"
"64","8.0","32.391","-55.367"
"64","9.0","32.397","-47.07"
"64","10.0","32.405","-39.969"
"64","11.0","32.414","-32.573"
"64","12.0","32.423","-24.211"
"64","13.0","32.433","-13.879"
"64","14.0","32.442","-1.078"
"64","15.0","32.447","9.127"
"64","16.0","32.45","10.866"
"64","17.0","32.453","11.235"
"64","18.0","32.456","12.332"
"64","19.0","32.458","13.778"
"64","20.0","32.46","15.122"
"64","21.0","32.461","16.274"
"64","22.0","32.462","17.286"
"64","23.0","32.463","18.221"
"64","24.0","32.463","19.367"
"64","25.0","32.463","20.47"
"64","26.0","32.462","21.442"
"64","27.0","32.46","22.312"
"64","28.0","32.459","23.092"
"64","29.0","32.456","23.804"
"64","30.0","32.454","24.438"
"64","31.0","32.451","25.015"
"64","32.0","32.449","25.544"
"64","33.0","32.445","26.036"
"64","34.0","32.442","26.486"
"64","35.0","32.438","26.903"
"64","36.0","32.434","27.284"
"64","37.0","32.43","27.636"
"64","38.0","32.426","27.958"
"64","39.0","32.421","28.247"
"64","40.0","32.416","28.51"
"64","41.0","32.411","28.743"
"64","42.0","32.406","28.945"
"64","43.0","32.401","29.117"
"64","44.0","32.395","29.267"
"64","45.0","32.39","29.393"
"64","46.0","32.384","29.5"
"64","47.0","32.378","29.585"
"64","48.0","32.372","29.607"
"64","49.0","32.365","29.593"
"64","50.0","32.359","29.572"
"64","51.0","32.353","29.536"
"64","52.0","32.346","29.486"
"64","53.0","32.34","29.423"
"64","54.0","32.333","29.347"
"64","55.0","32.326","29.258"
"64","56.0","32.319","29.165"
"64","57.0","32.312","29.062"
"64","58.0","32.305","28.95"
"64","59.0","32.298","28.832"
"64","60.0","32.29","28.708"
"64","61.0","32.283","28.58"
"64","62.0","32.276","28.452"
"64","63.0","32.268","28.319"
"64","64.0","32.261","28.18"
"64","65.0","32.253","28.038"
"64","66.0","32.246","27.894"
"64","67.0","32.238","27.747"
"64","68.0","32.231","27.603"
"64","69.0","32.223","27.456"
"64","70.0","32.215","27.305"
"64","71.0","32.208","27.15"
"65","0.0","31.84","0.0"
"65","1.0","31.826","24.882"
"65","2.0","32.052","-90.099"
"65","3.0","32.169","-94.695"
"65","4.0","32.249","-89.564"
"65","5.0","32.314","-88.412"
"65","6.0","32.366","-83.803"
"65","7.0","32.392","-69.335"
"65","8.0","32.396","-55.676"
"65","9.0","32.4","-47.755"
"65","10.0","32.407","-40.794"
"65","11.0","32.415","-33.424"
"65","12.0","32.424","-25.114"
"65","13.0","32.433","-14.861"
"65","14.0","32.442","-1.912"
"65","15.0","32.447","8.856"
"65","16.0","32.45","10.526"
"65","17.0","32.453","10.963"
"65","18.0","32.456","12.097"
"65","19.0","32.458","13.59"
"65","20.0","32.459","14.97"
"65","21.0","32.461","16.151"
"65","22.0","32.462","17.194"
"65","23.0","32.462","18.153"
"65","24.0","32.462","19.395"
"65","25.0","32.462","20.549"
"65","26.0","32.461","21.558"
"65","27.0","32.459","22.471"
"65","28.0","32.458","23.281"
"65","29.0","32.456","24.03"
"65","30.0","32.453","24.687"
"65","31.0","32.45","25.296"
"65","32.0","32.448","25.848"
"65","33.0","32.444","26.371"
"65","34.0","32.441","26.842"
"65","35.0","32.437","27.287"
"65","36.0","32.433","27.687"
"65","37.0","32.429","28.063"
"65","38.0","32.425","28.41"
"65","39.0","32.42","28.716"
"65","40.0","32.415","29.003"
"65","41.0","32.41","29.253"
"65","42.0","32.405","29.475"
"65","43.0","32.4","29.66"
"65","44.0","32.394","29.83"
"65","45.0","32.388","29.97"
"65","46.0","32.382","30.096"
"65","47.0","32.376","30.197"
"65","48.0","32.37","30.221"
"65","49.0","32.364","30.218"
"65","50.0","32.358","30.207"
"65","51.0","32.351","30.181"
"65","52.0","32.345","30.141"
"65","53.0","32.338","30.089"
"65","54.0","32.331","30.022"
"65","55.0","32.324","29.944"
"65","56.0","32.317","29.859"
"65","57.0","32.31","29.763"
"65","58.0","32.303","29.658"
"65","59.0","32.296","29.547"
"65","60.0","32.289","29.429"
"65","61.0","32.282","29.308"
"65","62.0","32.274","29.185"
"65","63.0","32.267","29.055"
"65","64.0","32.259","28.919"
"65","65.0","32.252","28.781"
"65","66.0","32.244","28.639"
"65","67.0","32.237","28.497"
"65","68.0","32.229","28.356"
"65","69.0","32.222","28.21"
"65","70.0","32.214","28.06"
"65","71.0","32.206","27.911"
"66","0.0","31.84","0.0"
"66","1.0","31.868","-20.38"
"66","2.0","32.065","-96.623"
"66","3.0","32.181","-100.013"
"66","4.0","32.259","-93.238"
"66","5.0","32.323","-91.602"
"66","6.0","32.374","-85.941"
"66","7.0","32.396","-69.789"
"66","8.0","32.399","-55.784"
"66","9.0","32.402","-48.073"
"66","10.0","32.409","-41.192"
"66","11.0","32.416","-33.84"
"66","12.0","32.424","-25.558"
"66","13.0","32.432","-15.353"
"66","14.0","32.441","-2.353"
"66","15.0","32.447","8.688"
"66","16.0","32.45","10.343"
"66","17.0","32.453","10.823"
"66","18.0","32.455","11.976"
"66","19.0","32.457","13.491"
"66","20.0","32.459","14.894"
"66","21.0","32.46","16.091"
"66","22.0","32.461","17.148"
"66","23.0","32.462","18.122"
"66","24.0","32.462","19.415"
"66","25.0","32.461","20.592"
"66","26.0","32.46","21.626"
"66","27.0","32.459","22.558"
"66","28.0","32.457","23.387"
"66","29.0","32.455","24.153"
"66","30.0","32.452","24.824"
"66","31.0","32.45","25.448"
"66","32.0","32.447","26.015"
"66","33.0","32.444","26.551"
"66","34.0","32.44","27.036"
"66","35.0","32.436","27.494"
"66","36.0","32.432","27.907"
"66","37.0","32.428","28.296"
"66","38.0","32.424","28.653"
"66","39.0","32.419","28.971"
"66","40.0","32.414","29.268"
"66","41.0","32.409","29.529"
"66","42.0","32.404","29.759"
"66","43.0","32.398","29.954"
"66","44.0","32.393","30.133"
"66","45.0","32.387","30.282"
"66","46.0","32.381","30.416"
"66","47.0","32.375","30.526"
"66","48.0","32.369","30.551"
"66","49.0","32.363","30.55"
"66","50.0","32.356","30.548"
"66","51.0","32.35","30.527"
"66","52.0","32.344","30.493"
"66","53.0","32.337","30.446"
"66","54.0","32.33","30.384"
"66","55.0","32.323","30.309"
"66","56.0","32.316","30.232"
"66","57.0","32.309","30.14"
"66","58.0","32.302","30.039"
"66","59.0","32.295","29.931"
"66","60.0","32.288","29.816"
"66","61.0","32.28","29.695"
"66","62.0","32.273","29.578"
"66","63.0","32.266","29.449"
"66","64.0","32.258","29.316"
"66","65.0","32.251","29.179"
"66","66.0","32.243","29.04"
"66","67.0","32.236","28.897"
"66","68.0","32.228","28.759"
"66","69.0","32.22","28.615"
"66","70.0","32.213","28.466"
"66","71.0","32.205","28.318"
"67","0.0","31.84","0.0"
"67","1.0","31.925","-52.227"
"67","2.0","32.1","-102.281"
"67","3.0","32.213","-107.013"
"67","4.0","32.285","-98.008"
"67","5.0","32.346","-95.54"
"67","6.0","32.392","-88.393"
"67","7.0","32.407","-70.125"
"67","8.0","32.406","-55.825"
"67","9.0","32.408","-48.399"
"67","10.0","32.413","-41.621"
"67","11.0","32.418","-34.299"
"67","12.0","32.425","-26.061"
"67","13.0","32.432","-15.923"
"67","14.0","32.44","-2.896"
"67","15.0","32.446","8.432"
"67","16.0","32.45","10.114"
"67","17.0","32.453","10.647"
"67","18.0","32.455","11.827"
"67","19.0","32.457","13.371"
"67","20.0","32.458","14.797"
"67","21.0","32.46","16.013"
"67","22.0","32.46","17.093"
"67","23.0","32.461","18.101"
"67","24.0","32.461","19.443"
"67","25.0","32.46","20.654"
"67","26.0","32.459","21.713"
"67","27.0","32.457","22.673"
"67","28.0","32.456","23.523"
"67","29.0","32.453","24.313"
"67","30.0","32.451","25.0"
"67","31.0","32.448","25.645"
"67","32.0","32.445","26.227"
"67","33.0","32.442","26.783"
"67","34.0","32.438","27.283"
"67","35.0","32.434","27.759"
"67","36.0","32.43","28.185"
"67","37.0","32.426","28.59"
"67","38.0","32.421","28.963"
"67","39.0","32.417","29.293"
"67","40.0","32.412","29.605"
"67","41.0","32.407","29.877"
"67","42.0","32.402","30.121"
"67","43.0","32.396","30.324"
"67","44.0","32.39","30.516"
"67","45.0","32.385","30.674"
"67","46.0","32.379","30.821"
"67","47.0","32.373","30.939"
"67","48.0","32.366","30.966"
"67","49.0","32.36","30.973"
"67","50.0","32.354","30.977"
"67","51.0","32.347","30.962"
"67","52.0","32.341","30.934"
"67","53.0","32.334","30.894"
"67","54.0","32.328","30.838"
"67","55.0","32.321","30.77"
"67","56.0","32.314","30.698"
"67","57.0","32.307","30.61"
"67","58.0","32.3","30.513"
"67","59.0","32.292","30.409"
"67","60.0","32.285","30.298"
"67","61.0","32.278","30.182"
"67","62.0","32.27","30.066"
"67","63.0","32.263","29.94"
"67","64.0","32.256","29.809"
"67","65.0","32.248","29.674"
"67","66.0","32.241","29.536"
"67","67.0","32.233","29.396"
"67","68.0","32.225","29.259"
"67","69.0","32.218","29.115"
"67","70.0","32.21","28.968"
"67","71.0","32.203","28.821"
"68","0.0","31.839","0.0"
"68","1.0","31.98","-96.167"
"68","2.0","32.13","-111.512"
"68","3.0","32.241","-113.206"
"68","4.0","32.307","-102.416"
"68","5.0","32.365","-99.081"
"68","6.0","32.407","-90.272"
"68","7.0","32.415","-70.131"
"68","8.0","32.411","-55.749"
"68","9.0","32.412","-48.602"
"68","10.0","32.416","-41.928"
"68","11.0","32.42","-34.641"
"68","12.0","32.426","-26.442"
"68","13.0","32.432","-16.373"
"68","14.0","32.439","-3.37"
"68","15.0","32.446","8.162"
"68","16.0","32.45","9.908"
"68","17.0","32.452","10.496"
"68","18.0","32.455","11.7"
"68","19.0","32.456","13.267"
"68","20.0","32.458","14.717"
"68","21.0","32.459","15.952"
"68","22.0","32.46","17.05"
"68","23.0","32.46","18.094"
"68","24.0","32.46","19.477"
"68","25.0","32.459","20.714"
"68","26.0","32.458","21.8"
"68","27.0","32.457","22.781"
"68","28.0","32.455","23.653"
"68","29.0","32.452","24.461"
"68","30.0","32.45","25.166"
"68","31.0","32.447","25.825"
"68","32.0","32.444","26.427"
"68","33.0","32.44","26.996"
"68","34.0","32.437","27.513"
"68","35.0","32.433","28.001"
"68","36.0","32.429","28.444"
"68","37.0","32.425","28.863"
"68","38.0","32.42","29.247"
"68","39.0","32.415","29.59"
"68","40.0","32.41","29.913"
"68","41.0","32.405","30.199"
"68","42.0","32.4","30.45"
"68","43.0","32.394","30.666"
"68","44.0","32.389","30.866"
"68","45.0","32.383","31.036"
"68","46.0","32.377","31.191"
"68","47.0","32.371","31.316"
"68","48.0","32.365","31.345"
"68","49.0","32.358","31.356"
"68","50.0","32.352","31.369"
"68","51.0","32.346","31.36"
"68","52.0","32.339","31.339"
"68","53.0","32.332","31.304"
"68","54.0","32.326","31.254"
"68","55.0","32.319","31.19"
"68","56.0","32.312","31.125"
"68","57.0","32.305","31.042"
"68","58.0","32.298","30.949"
"68","59.0","32.291","30.849"
"68","60.0","32.283","30.742"
"68","61.0","32.276","30.627"
"68","62.0","32.269","30.517"
"68","63.0","32.261","30.392"
"68","64.0","32.254","30.263"
"68","65.0","32.246","30.131"
"68","66.0","32.239","29.995"
"68","67.0","32.231","29.855"
"68","68.0","32.224","29.722"
"68","69.0","32.216","29.579"
"68","70.0","32.208","29.433"
"68","71.0","32.201","29.285"
"69","0.0","31.839","0.0"
"69","1.0","31.989","-150.256"
"69","2.0","32.143","-126.097"
"69","3.0","32.25","-119.364"
"69","4.0","32.314","-106.944"
"69","5.0","32.372","-102.917"
"69","6.0","32.412","-92.035"
"69","7.0","32.418","-69.95"
"69","8.0","32.413","-55.601"
"69","9.0","32.413","-48.772"
"69","10.0","32.416","-42.21"
"69","11.0","32.421","-34.965"
"69","12.0","32.426","-26.815"
"69","13.0","32.432","-16.824"
"69","14.0","32.439","-3.874"
"69","15.0","32.445","7.827"
"69","16.0","32.449","9.683"
"69","17.0","32.452","10.331"
"69","18.0","32.454","11.563"
"69","19.0","32.456","13.155"
"69","20.0","32.458","14.626"
"69","21.0","32.459","15.882"
"69","22.0","32.46","17.003"
"69","23.0","32.46","18.095"
"69","24.0","32.46","19.515"
"69","25.0","32.459","20.783"
"69","26.0","32.458","21.895"
"69","27.0","32.456","22.902"
"69","28.0","32.454","23.796"
"69","29.0","32.452","24.626"
"69","30.0","32.449","25.347"
"69","31.0","32.447","26.027"
"69","32.0","32.443","26.643"
"69","33.0","32.44","27.232"
"69","34.0","32.436","27.763"
"69","35.0","32.433","28.269"
"69","36.0","32.428","28.725"
"69","37.0","32.424","29.159"
"69","38.0","32.42","29.559"
"69","39.0","32.415","29.914"
"69","40.0","32.41","30.253"
"69","41.0","32.405","30.549"
"69","42.0","32.399","30.813"
"69","43.0","32.394","31.037"
"69","44.0","32.388","31.251"
"69","45.0","32.382","31.429"
"69","46.0","32.376","31.597"
"69","47.0","32.37","31.728"
"69","48.0","32.364","31.76"
"69","49.0","32.358","31.78"
"69","50.0","32.352","31.798"
"69","51.0","32.345","31.795"
"69","52.0","32.339","31.781"
"69","53.0","32.332","31.753"
"69","54.0","32.325","31.709"
"69","55.0","32.318","31.653"
"69","56.0","32.311","31.592"
"69","57.0","32.304","31.514"
"69","58.0","32.297","31.427"
"69","59.0","32.29","31.331"
"69","60.0","32.283","31.227"
"69","61.0","32.275","31.118"
"69","62.0","32.268","31.009"
"69","63.0","32.261","30.887"
"69","64.0","32.253","30.761"
"69","65.0","32.246","30.63"
"69","66.0","32.238","30.496"
"69","67.0","32.231","30.36"
"69","68.0","32.223","30.228"
"69","69.0","32.215","30.086"
"69","70.0","32.208","29.94"
"69","71.0","32.2","29.792"
"3","0.0","31.839","0.0"
"3","1.0","31.987","-155.346"
"3","2.0","32.156","-143.003"
"3","3.0","32.261","-128.478"
"3","4.0","32.322","-113.575"
"3","5.0","32.379","-108.795"
"3","6.0","32.417","-94.493"
"3","7.0","32.42","-69.51"
"3","8.0","32.415","-55.33"
"3","9.0","32.414","-48.983"
"3","10.0","32.417","-42.601"
"3","11.0","32.421","-35.424"
"3","12.0","32.426","-27.345"
"3","13.0","32.431","-17.474"
"3","14.0","32.438","-4.636"
"3","15.0","32.445","7.281"
"3","16.0","32.449","9.337"
"3","17.0","32.452","10.086"
"3","18.0","32.454","11.358"
"3","19.0","32.456","12.986"
"3","20.0","32.458","14.495"
"3","21.0","32.459","15.782"
"3","22.0","32.459","16.934"
"3","23.0","32.46","18.096"
"3","24.0","32.46","19.58"
"3","25.0","32.459","20.892"
"3","26.0","32.457","22.048"
"3","27.0","32.456","23.091"
"3","28.0","32.454","24.022"
"3","29.0","32.451","24.881"
"3","30.0","32.449","25.632"
"3","31.0","32.446","26.337"
"3","32.0","32.443","26.983"
"3","33.0","32.439","27.596"
"3","34.0","32.436","28.154"
"3","35.0","32.432","28.682"
"3","36.0","32.428","29.163"
"3","37.0","32.423","29.62"
"3","38.0","32.419","30.039"
"3","39.0","32.414","30.417"
"3","40.0","32.409","30.773"
"3","41.0","32.404","31.09"
"3","42.0","32.398","31.368"
"3","43.0","32.393","31.611"
"3","44.0","32.387","31.839"
"3","45.0","32.381","32.036"
"3","46.0","32.375","32.218"
"3","47.0","32.369","32.358"
"3","48.0","32.363","32.395"
"3","49.0","32.357","32.423"
"3","50.0","32.351","32.453"
"3","51.0","32.344","32.46"
"3","52.0","32.338","32.456"
"3","53.0","32.331","32.438"
"3","54.0","32.324","32.404"
"3","55.0","32.317","32.356"
"3","56.0","32.31","32.305"
"3","57.0","32.303","32.234"
"3","58.0","32.296","32.154"
"3","59.0","32.289","32.064"
"3","60.0","32.282","31.966"
"3","61.0","32.274","31.862"
"3","62.0","32.267","31.759"
"3","63.0","32.26","31.64"
"3","64.0","32.252","31.517"
"3","65.0","32.245","31.39"
"3","66.0","32.237","31.259"
"3","67.0","32.23","31.125"
"3","68.0","32.222","30.997"
"3","69.0","32.214","30.856"
"3","70.0","32.207","30.713"
"3","71.0","32.199","30.561"
"3_sec3_0","0.0","31.839","3.0"
"3_sec3_0","1.0","31.987","-155.346"
"3_sec3_0","2.0","32.156","-143.003"
"3_sec3_0","3.0","32.261","-128.478"
"3_sec3_0","4.0","32.322","-113.575"
"3_sec3_0","5.0","32.379","-108.795"
"3_sec3_0","6.0","32.417","-94.493"
"3_sec3_0","7.0","32.42","-69.51"
"3_sec3_0","8.0","32.415","-55.33"
"3_sec3_0","9.0","32.414","-48.983"
"3_sec3_0","10.0","32.417","-42.601"
"3_sec3_0","11.0","32.421","-35.424"
"3_sec3_0","12.0","32.426","-27.345"
"3_sec3_0","13.0","32.431","-17.474"
"3_sec3_0","14.0","32.438","-4.636"
"3_sec3_0","15.0","32.445","7.281"
"3_sec3_0","16.0","32.449","9.337"
"3_sec3_0","17.0","32.452","10.086"
"3_sec3_0","18.0","32.454","11.358"
"3_sec3_0","19.0","32.456","12.986"
"3_sec3_0","20.0","32.458","14.495"
"3_sec3_0","21.0","32.459","15.782"
"3_sec3_0","22.0","32.459","16.934"
"3_sec3_0","23.0","32.46","18.096"
"3_sec3_0","24.0","32.46","19.58"
"3_sec3_0","25.0","32.459","20.892"
"3_sec3_0","26.0","32.457","22.048"
"3_sec3_0","27.0","32.456","23.091"
"3_sec3_0","28.0","32.454","24.022"
"3_sec3_0","29.0","32.451","24.881"
"3_sec3_0","30.0","32.449","25.632"
"3_sec3_0","31.0","32.446","26.337"
"3_sec3_0","32.0","32.443","26.983"
"3_sec3_0","33.0","32.439","27.596"
"3_sec3_0","34.0","32.436","28.154"
"3_sec3_0","35.0","32.432","28.682"
"3_sec3_0","36.0","32.428","29.163"
"3_sec3_0","37.0","32.423","29.62"
"3_sec3_0","38.0","32.419","30.039"
"3_sec3_0","39.0","32.414","30.417"
"3_sec3_0","40.0","32.409","30.773"
"3_sec3_0","41.0","32.404","31.09"
"3_sec3_0","42.0","32.398","31.368"
"3_sec3_0","43.0","32.393","31.611"
"3_sec3_0","44.0","32.387","31.839"
"3_sec3_0","45.0","32.381","32.036"
"3_sec3_0","46.0","32.375","32.218"
"3_sec3_0","47.0","32.369","32.358"
"3_sec3_0","48.0","32.363","32.395"
"3_sec3_0","49.0","32.357","32.423"
"3_sec3_0","50.0","32.351","32.453"
"3_sec3_0","51.0","32.344","32.46"
"3_sec3_0","52.0","32.338","32.456"
"3_sec3_0","53.0","32.331","32.438"
"3_sec3_0","54.0","32.324","32.404"
"3_sec3_0","55.0","32.317","32.356"
"3_sec3_0","56.0","32.31","32.305"
"3_sec3_0","57.0","32.303","32.234"
"3_sec3_0","58.0","32.296","32.154"
"3_sec3_0","59.0","32.289","32.064"
"3_sec3_0","60.0","32.282","31.966"
"3_sec3_0","61.0","32.274","31.862"
"3_sec3_0","62.0","32.267","31.759"
"3_sec3_0","63.0","32.26","31.64"
"3_sec3_0","64.0","32.252","31.517"
"3_sec3_0","65.0","32.245","31.39"
"3_sec3_0","66.0","32.237","31.259"
"3_sec3_0","67.0","32.23","31.125"
"3_sec3_0","68.0","32.222","30.997"
"3_sec3_0","69.0","32.214","30.856"
"3_sec3_0","70.0","32.207","30.713"
"3_sec3_0","71.0","32.199","30.561"
"4","0.0","31.839","1.0"
"4","1.0","32.015","-154.511"
"4","2.0","32.181","-143.708"
"4","3.0","32.281","-130.711"
"4","4.0","32.337","-115.266"
"4","5.0","32.392","-110.293"
"4","6.0","32.425","-95.033"
"4","7.0","32.425","-69.34"
"4","8.0","32.418","-55.246"
"4","9.0","32.417","-49.026"
"4","10.0","32.419","-42.688"
"4","11.0","32.422","-35.529"
"4","12.0","32.426","-27.472"
"4","13.0","32.431","-17.632"
"4","14.0","32.438","-4.828"
"4","15.0","32.445","7.129"
"4","16.0","32.449","9.247"
"4","17.0","32.452","10.022"
"4","18.0","32.454","11.306"
"4","19.0","32.456","12.943"
"4","20.0","32.457","14.46"
"4","21.0","32.458","15.755"
"4","22.0","32.459","16.917"
"4","23.0","32.46","18.098"
"4","24.0","32.459","19.596"
"4","25.0","32.458","20.921"
"4","26.0","32.457","22.087"
"4","27.0","32.455","23.141"
"4","28.0","32.453","24.079"
"4","29.0","32.451","24.947"
"4","30.0","32.448","25.704"
"4","31.0","32.445","26.418"
"4","32.0","32.442","27.069"
"4","33.0","32.438","27.69"
"4","34.0","32.435","28.253"
"4","35.0","32.431","28.789"
"4","36.0","32.427","29.274"
"4","37.0","32.422","29.737"
"4","38.0","32.418","30.163"
"4","39.0","32.413","30.545"
"4","40.0","32.408","30.908"
"4","41.0","32.403","31.227"
"4","42.0","32.397","31.511"
"4","43.0","32.392","31.757"
"4","44.0","32.386","31.992"
"4","45.0","32.38","32.191"
"4","46.0","32.374","32.378"
"4","47.0","32.368","32.521"
"4","48.0","32.362","32.559"
"4","49.0","32.356","32.591"
"4","50.0","32.349","32.622"
"4","51.0","32.343","32.633"
"4","52.0","32.336","32.631"
"4","53.0","32.33","32.615"
"4","54.0","32.323","32.583"
"4","55.0","32.316","32.538"
"4","56.0","32.309","32.489"
"4","57.0","32.302","32.42"
"4","58.0","32.295","32.341"
"4","59.0","32.288","32.254"
"4","60.0","32.28","32.157"
"4","61.0","32.273","32.054"
"4","62.0","32.266","31.952"
"4","63.0","32.258","31.835"
"4","64.0","32.251","31.713"
"4","65.0","32.243","31.586"
"4","66.0","32.236","31.456"
"4","67.0","32.228","31.323"
"4","68.0","32.221","31.195"
"4","69.0","32.213","31.056"
"4","70.0","32.206","30.912"
"4","71.0","32.198","30.76"
"4_sec4_0","0.0","31.839","4.0"
"4_sec4_0","1.0","32.015","-314.109"
"4_sec4_0","2.0","32.181","-343.728"
"4_sec4_0","3.0","32.281","-263.7"
"4_sec4_0","4.0","32.337","-212.222"
"4_sec4_0","5.0","32.392","-115.196"
"4_sec4_0","6.0","32.425","-12.545"
"4_sec4_0","7.0","32.425","112.396"
"4_sec4_0","8.0","32.418","173.609"
"4_sec4_0","9.0","32.417","196.142"
"4_sec4_0","10.0","32.419","214.604"
"4_sec4_0","11.0","32.422","233.075"
"4_sec4_0","12.0","32.426","251.327"
"4_sec4_0","13.0","32.431","269.574"
"4_sec4_0","14.0","32.438","288.613"
"4_sec4_0","15.0","32.445","306.761"
"4_sec4_0","16.0","32.449","319.946"
"4_sec4_0","17.0","32.452","331.472"
"4_sec4_0","18.0","32.454","341.805"
"4_sec4_0","19.0","32.456","351.464"
"4_sec4_0","20.0","32.457","360.393"
"4_sec4_0","21.0","32.458","368.67"
"4_sec4_0","22.0","32.459","376.416"
"4_sec4_0","23.0","32.46","383.925"
"4_sec4_0","24.0","32.459","391.97"
"4_sec4_0","25.0","32.458","399.32"
"4_sec4_0","26.0","32.457","406.051"
"4_sec4_0","27.0","32.455","412.301"
"4_sec4_0","28.0","32.453","418.051"
"4_sec4_0","29.0","32.451","423.42"
"4_sec4_0","30.0","32.448","428.407"
"4_sec4_0","31.0","32.445","433.069"
"4_sec4_0","32.0","32.442","437.369"
"4_sec4_0","33.0","32.438","441.391"
"4_sec4_0","34.0","32.435","445.085"
"4_sec4_0","35.0","32.431","448.534"
"4_sec4_0","36.0","32.427","451.694"
"4_sec4_0","37.0","32.422","454.642"
"4_sec4_0","38.0","32.418","457.35"
"4_sec4_0","39.0","32.413","459.811"
"4_sec4_0","40.0","32.408","462.091"
"4_sec4_0","41.0","32.403","464.148"
"4_sec4_0","42.0","32.397","466.075"
"4_sec4_0","43.0","32.392","467.801"
"4_sec4_0","44.0","32.386","469.385"
"4_sec4_0","45.0","32.38","470.782"
"4_sec4_0","46.0","32.374","472.049"
"4_sec4_0","47.0","32.368","473.116"
"4_sec4_0","48.0","32.362","473.819"
"4_sec4_0","49.0","32.356","474.408"
"4_sec4_0","50.0","32.349","474.926"
"4_sec4_0","51.0","32.343","475.313"
"4_sec4_0","52.0","32.336","475.604"
"4_sec4_0","53.0","32.33","475.806"
"4_sec4_0","54.0","32.323","475.921"
"4_sec4_0","55.0","32.316","475.958"
"4_sec4_0","56.0","32.309","475.946"
"4_sec4_0","57.0","32.302","475.843"
"4_sec4_0","58.0","32.295","475.673"
"4_sec4_0","59.0","32.288","475.443"
"4_sec4_0","60.0","32.28","475.16"
"4_sec4_0","61.0","32.273","474.829"
"4_sec4_0","62.0","32.266","474.476"
"4_sec4_0","63.0","32.258","474.055"
"4_sec4_0","64.0","32.251","473.591"
"4_sec4_0","65.0","32.243","473.091"
"4_sec4_0","66.0","32.236","472.557"
"4_sec4_0","67.0","32.228","471.992"
"4_sec4_0","68.0","32.221","471.422"
"4_sec4_0","69.0","32.213","470.8"
"4_sec4_0","70.0","32.206","470.149"
"4_sec4_0","71.0","32.198","469.457"
"70","0.0","31.818","1.0"
"70","1.0","32.068","-339.799"
"70","2.0","32.205","-360.579"
"70","3.0","32.292","-285.803"
"70","4.0","32.342","-226.754"
"70","5.0","32.391","-128.407"
"70","6.0","32.421","-16.688"
"70","7.0","32.419","114.537"
"70","8.0","32.411","174.582"
"70","9.0","32.409","195.996"
"70","10.0","32.41","214.042"
"70","11.0","32.412","232.344"
"70","12.0","32.415","250.417"
"70","13.0","32.418","268.389"
"70","14.0","32.423","287.065"
"70","15.0","32.428","305.478"
"70","16.0","32.431","319.272"
"70","17.0","32.433","331.039"
"70","18.0","32.434","341.47"
"70","19.0","32.434","351.209"
"70","20.0","32.435","360.214"
"70","21.0","32.435","368.564"
"70","22.0","32.435","376.386"
"70","23.0","32.434","384.083"
"70","24.0","32.432","392.273"
"70","25.0","32.431","399.729"
"70","26.0","32.428","406.557"
"70","27.0","32.426","412.891"
"70","28.0","32.423","418.722"
"70","29.0","32.419","424.16"
"70","30.0","32.416","429.211"
"70","31.0","32.412","433.935"
"70","32.0","32.408","438.299"
"70","33.0","32.404","442.377"
"70","34.0","32.4","446.13"
"70","35.0","32.395","449.632"
"70","36.0","32.39","452.847"
"70","37.0","32.385","455.847"
"70","38.0","32.38","458.602"
"70","39.0","32.375","461.112"
"70","40.0","32.369","463.436"
"70","41.0","32.364","465.537"
"70","42.0","32.358","467.5"
"70","43.0","32.352","469.265"
"70","44.0","32.346","470.886"
"70","45.0","32.339","472.322"
"70","46.0","32.333","473.624"
"70","47.0","32.326","474.692"
"70","48.0","32.32","475.404"
"70","49.0","32.313","476.022"
"70","50.0","32.307","476.559"
"70","51.0","32.3","476.97"
"70","52.0","32.293","477.284"
"70","53.0","32.286","477.508"
"70","54.0","32.279","477.644"
"70","55.0","32.272","477.708"
"70","56.0","32.265","477.711"
"70","57.0","32.257","477.625"
"70","58.0","32.25","477.471"
"70","59.0","32.243","477.256"
"70","60.0","32.235","476.984"
"70","61.0","32.228","476.672"
"70","62.0","32.22","476.327"
"70","63.0","32.213","475.913"
"70","64.0","32.205","475.457"
"70","65.0","32.197","474.965"
"70","66.0","32.19","474.437"
"70","67.0","32.182","473.886"
"70","68.0","32.174","473.318"
"70","69.0","32.166","472.7"
"70","70.0","32.159","472.053"
"70","71.0","32.151","471.343"
"71","0.0","31.803","0.0"
"71","1.0","32.109","-360.431"
"71","2.0","32.218","-389.23"
"71","3.0","32.302","-297.101"
"71","4.0","32.346","-233.655"
"71","5.0","32.39","-134.61"
"71","6.0","32.417","-18.48"
"71","7.0","32.414","115.736"
"71","8.0","32.407","175.137"
"71","9.0","32.404","196.048"
"71","10.0","32.404","213.894"
"71","11.0","32.405","232.117"
"71","12.0","32.406","250.108"
"71","13.0","32.409","267.952"
"71","14.0","32.412","286.455"
"71","15.0","32.416","304.958"
"71","16.0","32.418","319.059"
"71","17.0","32.419","330.939"
"71","18.0","32.419","341.417"
"71","19.0","32.419","351.19"
"71","20.0","32.418","360.233"
"71","21.0","32.418","368.616"
"71","22.0","32.417","376.474"
"71","23.0","32.415","384.288"
"71","24.0","32.413","392.546"
"71","25.0","32.41","400.052"
"71","26.0","32.407","406.927"
"71","27.0","32.404","413.299"
"71","28.0","32.401","419.169"
"71","29.0","32.397","424.638"
"71","30.0","32.393","429.72"
"71","31.0","32.388","434.471"
"71","32.0","32.384","438.865"
"71","33.0","32.379","442.969"
"71","34.0","32.374","446.75"
"71","35.0","32.369","450.277"
"71","36.0","32.364","453.517"
"71","37.0","32.358","456.543"
"71","38.0","32.353","459.319"
"71","39.0","32.347","461.852"
"71","40.0","32.341","464.197"
"71","41.0","32.335","466.319"
"71","42.0","32.329","468.299"
"71","43.0","32.323","470.083"
"71","44.0","32.316","471.72"
"71","45.0","32.309","473.176"
"71","46.0","32.303","474.494"
"71","47.0","32.296","475.57"
"71","48.0","32.289","476.286"
"71","49.0","32.282","476.911"
"71","50.0","32.275","477.462"
"71","51.0","32.268","477.884"
"71","52.0","32.261","478.209"
"71","53.0","32.254","478.443"
"71","54.0","32.247","478.59"
"71","55.0","32.24","478.662"
"71","56.0","32.232","478.677"
"71","57.0","32.225","478.597"
"71","58.0","32.217","478.451"
"71","59.0","32.21","478.243"
"71","60.0","32.202","477.978"
"71","61.0","32.194","477.668"
"71","62.0","32.187","477.331"
"71","63.0","32.179","476.921"
"71","64.0","32.171","476.469"
"71","65.0","32.163","475.979"
"71","66.0","32.156","475.455"
"71","67.0","32.148","474.905"
"71","68.0","32.14","474.342"
"71","69.0","32.132","473.726"
"71","70.0","32.124","473.081"
"71","71.0","32.116","472.349"
"72","0.0","31.784","0.0"
"72","1.0","32.11","-421.039"
"72","2.0","32.235","-411.849"
"72","3.0","32.312","-306.295"
"72","4.0","32.351","-240.936"
"72","5.0","32.39","-140.591"
"72","6.0","32.414","-20.054"
"72","7.0","32.409","117.074"
"72","8.0","32.401","175.797"
"72","9.0","32.398","196.245"
"72","10.0","32.397","213.901"
"72","11.0","32.396","232.045"
"72","12.0","32.396","249.954"
"72","13.0","32.397","267.68"
"72","14.0","32.399","286.016"
"72","15.0","32.402","304.571"
"72","16.0","32.403","318.993"
"72","17.0","32.402","330.976"
"72","18.0","32.401","341.503"
"72","19.0","32.4","351.307"
"72","20.0","32.399","360.383"
"72","21.0","32.397","368.797"
"72","22.0","32.395","376.691"
"72","23.0","32.393","384.652"
"72","24.0","32.39","392.971"
"72","25.0","32.386","400.522"
"72","26.0","32.382","407.443"
"72","27.0","32.378","413.849"
"72","28.0","32.373","419.758"
"72","29.0","32.369","425.255"
"72","30.0","32.364","430.368"
"72","31.0","32.359","435.143"
"72","32.0","32.354","439.568"
"72","33.0","32.348","443.695"
"72","34.0","32.343","447.504"
"72","35.0","32.337","451.051"
"72","36.0","32.331","454.319"
"72","37.0","32.325","457.368"
"72","38.0","32.319","460.162"
"72","39.0","32.313","462.72"
"72","40.0","32.306","465.081"
"72","41.0","32.3","467.226"
"72","42.0","32.293","469.219"
"72","43.0","32.286","471.023"
"72","44.0","32.279","472.674"
"72","45.0","32.272","474.149"
"72","46.0","32.265","475.481"
"72","47.0","32.258","476.535"
"72","48.0","32.251","477.256"
"72","49.0","32.244","477.896"
"72","50.0","32.237","478.453"
"72","51.0","32.229","478.884"
"72","52.0","32.222","479.22"
"72","53.0","32.214","479.465"
"72","54.0","32.207","479.621"
"72","55.0","32.199","479.708"
"72","56.0","32.192","479.727"
"72","57.0","32.184","479.654"
"72","58.0","32.176","479.514"
"72","59.0","32.169","479.313"
"72","60.0","32.161","479.054"
"72","61.0","32.153","478.756"
"72","62.0","32.145","478.418"
"72","63.0","32.137","478.012"
"72","64.0","32.129","477.563"
"72","65.0","32.121","477.077"
"72","66.0","32.113","476.556"
"72","67.0","32.105","476.014"
"72","68.0","32.097","475.45"
"72","69.0","32.089","474.835"
"72","70.0","32.081","474.193"
"72","71.0","32.073","473.434"
"73","0.0","31.765","0.0"
"73","1.0","32.158","-440.58"
"73","2.0","32.26","-418.512"
"73","3.0","32.323","-312.376"
"73","4.0","32.357","-245.898"
"73","5.0","32.39","-144.883"
"73","6.0","32.41","-21.103"
"73","7.0","32.405","118.279"
"73","8.0","32.396","176.415"
"73","9.0","32.392","196.515"
"73","10.0","32.39","214.032"
"73","11.0","32.389","232.121"
"73","12.0","32.388","249.966"
"73","13.0","32.387","267.608"
"73","14.0","32.388","285.822"
"73","15.0","32.389","304.386"
"73","16.0","32.389","319.065"
"73","17.0","32.387","331.118"
"73","18.0","32.385","341.683"
"73","19.0","32.383","351.51"
"73","20.0","32.381","360.605"
"73","21.0","32.378","369.042"
"73","22.0","32.376","376.963"
"73","23.0","32.372","385.072"
"73","24.0","32.368","393.432"
"73","25.0","32.364","401.014"
"73","26.0","32.359","407.97"
"73","27.0","32.354","414.4"
"73","28.0","32.349","420.338"
"73","29.0","32.343","425.854"
"73","30.0","32.338","430.989"
"73","31.0","32.332","435.781"
"73","32.0","32.326","440.229"
"73","33.0","32.32","444.371"
"73","34.0","32.314","448.202"
"73","35.0","32.308","451.763"
"73","36.0","32.301","455.051"
"73","37.0","32.294","458.116"
"73","38.0","32.288","460.923"
"73","39.0","32.281","463.498"
"73","40.0","32.274","465.872"
"73","41.0","32.267","468.034"
"73","42.0","32.26","470.035"
"73","43.0","32.252","471.854"
"73","44.0","32.245","473.515"
"73","45.0","32.238","475.004"
"73","46.0","32.23","476.345"
"73","47.0","32.222","477.392"
"73","48.0","32.215","478.114"
"73","49.0","32.207","478.763"
"73","50.0","32.2","479.327"
"73","51.0","32.192","479.766"
"73","52.0","32.185","480.109"
"73","53.0","32.177","480.361"
"73","54.0","32.169","480.524"
"73","55.0","32.161","480.62"
"73","56.0","32.153","480.645"
"73","57.0","32.145","480.576"
"73","58.0","32.137","480.442"
"73","59.0","32.129","480.245"
"73","60.0","32.121","479.99"
"73","61.0","32.113","479.697"
"73","62.0","32.105","479.363"
"73","63.0","32.097","478.959"
"73","64.0","32.088","478.513"
"73","65.0","32.08","478.029"
"73","66.0","32.072","477.509"
"73","67.0","32.064","476.971"
"73","68.0","32.055","476.409"
"73","69.0","32.047","475.795"
"73","70.0","32.039","475.154"
"73","71.0","32.03","474.36"
"74","0.0","31.747","0.0"
"74","1.0","32.204","-437.212"
"74","2.0","32.286","-425.064"
"74","3.0","32.335","-318.118"
"74","4.0","32.363","-248.919"
"74","5.0","32.39","-148.467"
"74","6.0","32.408","-21.855"
"74","7.0","32.402","119.7"
"74","8.0","32.392","177.148"
"74","9.0","32.387","196.917"
"74","10.0","32.384","214.299"
"74","11.0","32.382","232.339"
"74","12.0","32.38","250.128"
"74","13.0","32.378","267.692"
"74","14.0","32.377","285.795"
"74","15.0","32.377","304.345"
"74","16.0","32.376","319.276"
"74","17.0","32.374","331.393"
"74","18.0","32.371","341.993"
"74","19.0","32.368","351.836"
"74","20.0","32.365","360.952"
"74","21.0","32.362","369.41"
"74","22.0","32.358","377.355"
"74","23.0","32.354","385.631"
"74","24.0","32.349","394.029"
"74","25.0","32.344","401.638"
"74","26.0","32.338","408.628"
"74","27.0","32.332","415.076"
"74","28.0","32.326","421.043"
"74","29.0","32.32","426.575"
"74","30.0","32.314","431.732"
"74","31.0","32.308","436.537"
"74","32.0","32.301","441.008"
"74","33.0","32.294","445.161"
"74","34.0","32.288","449.014"
"74","35.0","32.281","452.586"
"74","36.0","32.274","455.894"
"74","37.0","32.266","458.976"
"74","38.0","32.259","461.792"
"74","39.0","32.252","464.386"
"74","40.0","32.244","466.768"
"74","41.0","32.237","468.948"
"74","42.0","32.229","470.956"
"74","43.0","32.221","472.79"
"74","44.0","32.213","474.458"
"74","45.0","32.205","475.962"
"74","46.0","32.197","477.31"
"74","47.0","32.189","478.322"
"74","48.0","32.182","479.047"
"74","49.0","32.174","479.707"
"74","50.0","32.166","480.273"
"74","51.0","32.158","480.719"
"74","52.0","32.15","481.069"
"74","53.0","32.142","481.328"
"74","54.0","32.134","481.498"
"74","55.0","32.126","481.605"
"74","56.0","32.117","481.631"
"74","57.0","32.109","481.567"
"74","58.0","32.101","481.437"
"74","59.0","32.092","481.245"
"74","60.0","32.084","480.995"
"74","61.0","32.076","480.71"
"74","62.0","32.067","480.375"
"74","63.0","32.059","479.973"
"74","64.0","32.05","479.529"
"74","65.0","32.042","479.048"
"74","66.0","32.033","478.531"
"74","67.0","32.025","477.999"
"74","68.0","32.016","477.435"
"74","69.0","32.007","476.821"
"74","70.0","31.999","476.182"
"74","71.0","31.99","475.346"
"75","0.0","31.723","0.0"
"75","1.0","32.243","-499.7"
"75","2.0","32.317","-432.453"
"75","3.0","32.351","-327.561"
"75","4.0","32.37","-251.221"
"75","5.0","32.39","-154.352"
"75","6.0","32.403","-22.531"
"75","7.0","32.396","123.005"
"75","8.0","32.386","178.866"
"75","9.0","32.381","197.992"
"75","10.0","32.377","215.137"
"75","11.0","32.373","233.088"
"75","12.0","32.37","250.766"
"75","13.0","32.367","268.199"
"75","14.0","32.364","286.109"
"75","15.0","32.363","304.572"
"75","16.0","32.36","320.01"
"75","17.0","32.356","332.221"
"75","18.0","32.353","342.891"
"75","19.0","32.348","352.767"
"75","20.0","32.344","361.907"
"75","21.0","32.34","370.401"
"75","22.0","32.336","378.398"
"75","23.0","32.33","387.083"
"75","24.0","32.324","395.537"
"75","25.0","32.318","403.19"
"75","26.0","32.311","410.244"
"75","27.0","32.304","416.724"
"75","28.0","32.297","422.744"
"75","29.0","32.29","428.302"
"75","30.0","32.283","433.502"
"75","31.0","32.276","438.327"
"75","32.0","32.268","442.842"
"75","33.0","32.261","447.014"
"75","34.0","32.253","450.908"
"75","35.0","32.245","454.499"
"75","36.0","32.237","457.845"
"75","37.0","32.229","460.955"
"75","38.0","32.221","463.786"
"75","39.0","32.213","466.416"
"75","40.0","32.205","468.812"
"75","41.0","32.197","471.027"
"75","42.0","32.188","473.043"
"75","43.0","32.18","474.908"
"75","44.0","32.171","476.586"
"75","45.0","32.163","478.12"
"75","46.0","32.154","479.478"
"75","47.0","32.146","480.42"
"75","48.0","32.137","481.149"
"75","49.0","32.129","481.831"
"75","50.0","32.12","482.401"
"75","51.0","32.112","482.858"
"75","52.0","32.103","483.221"
"75","53.0","32.095","483.491"
"75","54.0","32.086","483.674"
"75","55.0","32.078","483.803"
"75","56.0","32.069","483.831"
"75","57.0","32.06","483.773"
"75","58.0","32.051","483.652"
"75","59.0","32.042","483.468"
"75","60.0","32.034","483.226"
"75","61.0","32.025","482.958"
"75","62.0","32.016","482.62"
"75","63.0","32.007","482.221"
"75","64.0","31.998","481.781"
"75","65.0","31.989","481.303"
"75","66.0","31.98","480.79"
"75","67.0","31.971","480.272"
"75","68.0","31.962","479.703"
"75","69.0","31.953","479.09"
"75","70.0","31.944","478.451"
"75","71.0","31.935","477.493"
"76","0.0","31.714","0.0"
"76","1.0","32.267","-546.894"
"76","2.0","32.325","-428.479"
"76","3.0","32.356","-332.679"
"76","4.0","32.372","-251.643"
"76","5.0","32.39","-157.943"
"76","6.0","32.401","-22.548"
"76","7.0","32.394","125.527"
"76","8.0","32.384","180.205"
"76","9.0","32.378","198.917"
"76","10.0","32.374","215.911"
"76","11.0","32.37","233.806"
"76","12.0","32.366","251.413"
"76","13.0","32.363","268.766"
"76","14.0","32.36","286.554"
"76","15.0","32.357","304.93"
"76","16.0","32.354","320.717"
"76","17.0","32.35","332.98"
"76","18.0","32.346","343.698"
"76","19.0","32.341","353.593"
"76","20.0","32.337","362.745"
"76","21.0","32.332","371.264"
"76","22.0","32.327","379.293"
"76","23.0","32.321","388.303"
"76","24.0","32.315","396.793"
"76","25.0","32.308","404.469"
"76","26.0","32.301","411.568"
"76","27.0","32.294","418.062"
"76","28.0","32.286","424.122"
"76","29.0","32.279","429.689"
"76","30.0","32.271","434.922"
"76","31.0","32.264","439.755"
"76","32.0","32.256","444.303"
"76","33.0","32.248","448.482"
"76","34.0","32.24","452.407"
"76","35.0","32.232","456.004"
"76","36.0","32.224","459.38"
"76","37.0","32.215","462.507"
"76","38.0","32.207","465.343"
"76","39.0","32.199","468.001"
"76","40.0","32.19","470.401"
"76","41.0","32.182","472.643"
"76","42.0","32.173","474.66"
"76","43.0","32.164","476.549"
"76","44.0","32.155","478.229"
"76","45.0","32.147","479.787"
"76","46.0","32.138","481.147"
"76","47.0","32.129","482.014"
"76","48.0","32.12","482.746"
"76","49.0","32.112","483.445"
"76","50.0","32.103","484.014"
"76","51.0","32.095","484.479"
"76","52.0","32.086","484.85"
"76","53.0","32.077","485.129"
"76","54.0","32.068","485.32"
"76","55.0","32.059","485.465"
"76","56.0","32.05","485.492"
"76","57.0","32.042","485.44"
"76","58.0","32.033","485.325"
"76","59.0","32.024","485.146"
"76","60.0","32.015","484.909"
"76","61.0","32.006","484.655"
"76","62.0","31.996","484.313"
"76","63.0","31.987","483.916"
"76","64.0","31.978","483.48"
"76","65.0","31.969","483.004"
"76","66.0","31.96","482.494"
"76","67.0","31.951","481.987"
"76","68.0","31.942","481.412"
"76","69.0","31.932","480.8"
"76","70.0","31.923","480.162"
"76","71.0","31.914","479.099"
"77","0.0","31.701","0.0"
"77","1.0","32.287","-575.963"
"77","2.0","32.336","-429.948"
"77","3.0","32.361","-341.295"
"77","4.0","32.375","-252.273"
"77","5.0","32.39","-162.04"
"77","6.0","32.398","-22.272"
"77","7.0","32.391","128.939"
"77","8.0","32.381","182.111"
"77","9.0","32.375","200.308"
"77","10.0","32.369","217.127"
"77","11.0","32.365","234.956"
"77","12.0","32.36","252.473"
"77","13.0","32.356","269.726"
"77","14.0","32.352","287.372"
"77","15.0","32.348","305.617"
"77","16.0","32.344","321.852"
"77","17.0","32.34","334.172"
"77","18.0","32.335","344.954"
"77","19.0","32.329","354.869"
"77","20.0","32.324","364.033"
"77","21.0","32.319","372.58"
"77","22.0","32.313","380.656"
"77","23.0","32.307","390.134"
"77","24.0","32.299","398.668"
"77","25.0","32.292","406.372"
"77","26.0","32.284","413.524"
"77","27.0","32.276","420.037"
"77","28.0","32.268","426.142"
"77","29.0","32.26","431.725"
"77","30.0","32.252","436.995"
"77","31.0","32.244","441.838"
"77","32.0","32.236","446.425"
"77","33.0","32.227","450.614"
"77","34.0","32.219","454.576"
"77","35.0","32.21","458.181"
"77","36.0","32.202","461.591"
"77","37.0","32.193","464.741"
"77","38.0","32.184","467.583"
"77","39.0","32.175","470.274"
"77","40.0","32.166","472.68"
"77","41.0","32.157","474.952"
"77","42.0","32.148","476.972"
"77","43.0","32.139","478.889"
"77","44.0","32.13","480.573"
"77","45.0","32.121","482.158"
"77","46.0","32.111","483.522"
"77","47.0","32.102","484.285"
"77","48.0","32.094","485.019"
"77","49.0","32.085","485.743"
"77","50.0","32.076","486.307"
"77","51.0","32.067","486.781"
"77","52.0","32.058","487.163"
"77","53.0","32.049","487.45"
"77","54.0","32.04","487.651"
"77","55.0","32.03","487.821"
"77","56.0","32.021","487.842"
"77","57.0","32.012","487.795"
"77","58.0","32.003","487.687"
"77","59.0","31.994","487.515"
"77","60.0","31.984","487.284"
"77","61.0","31.975","487.05"
"77","62.0","31.966","486.699"
"77","63.0","31.957","486.305"
"77","64.0","31.947","485.872"
"77","65.0","31.938","485.401"
"77","66.0","31.928","484.894"
"77","67.0","31.919","484.404"
"77","68.0","31.91","483.819"
"77","69.0","31.9","483.207"
"77","70.0","31.891","482.57"
"77","71.0","31.882","481.344"
"78","0.0","31.68","0.0"
"78","1.0","32.315","-653.231"
"78","2.0","32.364","-442.223"
"78","3.0","32.376","-352.017"
"78","4.0","32.383","-252.985"
"78","5.0","32.389","-163.77"
"78","6.0","32.392","-21.371"
"78","7.0","32.384","131.924"
"78","8.0","32.375","183.974"
"78","9.0","32.368","201.8"
"78","10.0","32.361","218.5"
"78","11.0","32.355","236.283"
"78","12.0","32.349","253.733"
"78","13.0","32.343","270.916"
"78","14.0","32.338","288.464"
"78","15.0","32.332","306.596"
"78","16.0","32.327","323.169"
"78","17.0","32.321","335.522"
"78","18.0","32.314","346.348"
"78","19.0","32.308","356.28"
"78","20.0","32.302","365.448"
"78","21.0","32.295","374.015"
"78","22.0","32.289","382.123"
"78","23.0","32.281","392.073"
"78","24.0","32.272","400.642"
"78","25.0","32.263","408.357"
"78","26.0","32.254","415.556"
"78","27.0","32.245","422.072"
"78","28.0","32.236","428.22"
"78","29.0","32.227","433.802"
"78","30.0","32.218","439.109"
"78","31.0","32.209","443.95"
"78","32.0","32.2","448.574"
"78","33.0","32.19","452.76"
"78","34.0","32.181","456.757"
"78","35.0","32.171","460.358"
"78","36.0","32.162","463.803"
"78","37.0","32.152","466.967"
"78","38.0","32.143","469.805"
"78","39.0","32.133","472.528"
"78","40.0","32.123","474.929"
"78","41.0","32.114","477.233"
"78","42.0","32.104","479.246"
"78","43.0","32.094","481.191"
"78","44.0","32.084","482.869"
"78","45.0","32.074","484.483"
"78","46.0","32.064","485.84"
"78","47.0","32.055","486.479"
"78","48.0","32.046","487.214"
"78","49.0","32.036","487.961"
"78","50.0","32.027","488.518"
"78","51.0","32.017","488.998"
"78","52.0","32.008","489.388"
"78","53.0","31.998","489.682"
"78","54.0","31.989","489.889"
"78","55.0","31.979","490.081"
"78","56.0","31.97","490.095"
"78","57.0","31.96","490.052"
"78","58.0","31.951","489.949"
"78","59.0","31.941","489.782"
"78","60.0","31.931","489.556"
"78","61.0","31.922","489.339"
"78","62.0","31.912","488.98"
"78","63.0","31.902","488.588"
"78","64.0","31.893","488.158"
"78","65.0","31.883","487.689"
"78","66.0","31.873","487.184"
"78","67.0","31.863","486.71"
"78","68.0","31.854","486.115"
"78","69.0","31.844","485.503"
"78","70.0","31.834","484.868"
"78","71.0","31.825","483.459"
"79","0.0","31.67","0.0"
"79","1.0","32.35","-685.156"
"79","2.0","32.376","-440.791"
"79","3.0","32.384","-355.981"
"79","4.0","32.387","-253.207"
"79","5.0","32.389","-163.713"
"79","6.0","32.389","-20.624"
"79","7.0","32.381","133.151"
"79","8.0","32.371","184.832"
"79","9.0","32.364","202.546"
"79","10.0","32.357","219.21"
"79","11.0","32.35","236.979"
"79","12.0","32.343","254.404"
"79","13.0","32.337","271.565"
"79","14.0","32.33","289.087"
"79","15.0","32.324","307.176"
"79","16.0","32.318","323.86"
"79","17.0","32.311","336.218"
"79","18.0","32.304","347.064"
"79","19.0","32.297","356.998"
"79","20.0","32.29","366.164"
"79","21.0","32.283","374.737"
"79","22.0","32.276","382.86"
"79","23.0","32.267","393.034"
"79","24.0","32.257","401.614"
"79","25.0","32.248","409.332"
"79","26.0","32.239","416.545"
"79","27.0","32.229","423.061"
"79","28.0","32.219","429.223"
"79","29.0","32.21","434.804"
"79","30.0","32.2","440.122"
"79","31.0","32.19","444.961"
"79","32.0","32.181","449.597"
"79","33.0","32.171","453.781"
"79","34.0","32.161","457.789"
"79","35.0","32.151","461.388"
"79","36.0","32.141","464.844"
"79","37.0","32.131","468.012"
"79","38.0","32.121","470.848"
"79","39.0","32.111","473.582"
"79","40.0","32.101","475.98"
"79","41.0","32.091","478.295"
"79","42.0","32.081","480.304"
"79","43.0","32.071","482.258"
"79","44.0","32.061","483.933"
"79","45.0","32.05","485.556"
"79","46.0","32.04","486.911"
"79","47.0","32.031","487.489"
"79","48.0","32.021","488.225"
"79","49.0","32.011","488.984"
"79","50.0","32.002","489.533"
"79","51.0","31.992","490.015"
"79","52.0","31.982","490.406"
"79","53.0","31.973","490.703"
"79","54.0","31.963","490.913"
"79","55.0","31.953","491.116"
"79","56.0","31.944","491.122"
"79","57.0","31.934","491.08"
"79","58.0","31.924","490.979"
"79","59.0","31.914","490.813"
"79","60.0","31.904","490.589"
"79","61.0","31.895","490.383"
"79","62.0","31.885","490.015"
"79","63.0","31.875","489.624"
"79","64.0","31.865","489.194"
"79","65.0","31.855","488.726"
"79","66.0","31.845","488.223"
"79","67.0","31.836","487.758"
"79","68.0","31.826","487.154"
"79","69.0","31.816","486.542"
"79","70.0","31.806","485.907"
"79","71.0","31.797","484.406"
"80","0.0","31.652","0.0"
"80","1.0","32.41","-658.876"
"80","2.0","32.398","-425.827"
"80","3.0","32.398","-356.74"
"80","4.0","32.393","-252.881"
"80","5.0","32.389","-163.162"
"80","6.0","32.383","-19.461"
"80","7.0","32.375","134.521"
"80","8.0","32.366","185.909"
"80","9.0","32.358","203.546"
"80","10.0","32.35","220.186"
"80","11.0","32.342","237.945"
"80","12.0","32.334","255.347"
"80","13.0","32.326","272.492"
"80","14.0","32.318","290.0"
"80","15.0","32.311","308.051"
"80","16.0","32.303","324.82"
"80","17.0","32.295","337.177"
"80","18.0","32.287","348.04"
"80","19.0","32.279","357.978"
"80","20.0","32.271","367.138"
"80","21.0","32.263","375.714"
"80","22.0","32.255","383.851"
"80","23.0","32.245","394.304"
"80","24.0","32.234","402.903"
"80","25.0","32.224","410.615"
"80","26.0","32.213","417.845"
"80","27.0","32.203","424.354"
"80","28.0","32.192","430.532"
"80","29.0","32.181","436.105"
"80","30.0","32.171","441.438"
"80","31.0","32.16","446.268"
"80","32.0","32.149","450.921"
"80","33.0","32.139","455.095"
"80","34.0","32.128","459.118"
"80","35.0","32.118","462.709"
"80","36.0","32.107","466.179"
"80","37.0","32.096","469.35"
"80","38.0","32.085","472.177"
"80","39.0","32.075","474.926"
"80","40.0","32.064","477.314"
"80","41.0","32.053","479.643"
"80","42.0","32.042","481.642"
"80","43.0","32.031","483.611"
"80","44.0","32.021","485.275"
"80","45.0","32.01","486.912"
"80","46.0","31.999","488.257"
"80","47.0","31.989","488.748"
"80","48.0","31.979","489.484"
"80","49.0","31.969","490.253"
"80","50.0","31.959","490.794"
"80","51.0","31.948","491.277"
"80","52.0","31.938","491.67"
"80","53.0","31.928","491.968"
"80","54.0","31.918","492.18"
"80","55.0","31.908","492.392"
"80","56.0","31.898","492.391"
"80","57.0","31.888","492.349"
"80","58.0","31.878","492.248"
"80","59.0","31.867","492.083"
"80","60.0","31.857","491.861"
"80","61.0","31.847","491.664"
"80","62.0","31.837","491.287"
"80","63.0","31.827","490.896"
"80","64.0","31.816","490.467"
"80","65.0","31.806","489.998"
"80","66.0","31.796","489.496"
"80","67.0","31.786","489.039"
"80","68.0","31.776","488.427"
"80","69.0","31.765","487.815"
"80","70.0","31.755","487.18"
"80","71.0","31.746","485.549"
"5","0.0","31.64","0.0"
"5","1.0","32.424","-621.11"
"5","2.0","32.415","-413.95"
"5","3.0","32.406","-355.058"
"5","4.0","32.397","-251.753"
"5","5.0","32.389","-162.032"
"5","6.0","32.38","-18.046"
"5","7.0","32.371","135.943"
"5","8.0","32.362","187.231"
"5","9.0","32.354","204.83"
"5","10.0","32.345","221.474"
"5","11.0","32.336","239.228"
"5","12.0","32.327","256.609"
"5","13.0","32.319","273.75"
"5","14.0","32.31","291.265"
"5","15.0","32.301","309.289"
"5","16.0","32.292","326.101"
"5","17.0","32.284","338.445"
"5","18.0","32.275","349.327"
"5","19.0","32.266","359.266"
"5","20.0","32.257","368.41"
"5","21.0","32.249","376.987"
"5","22.0","32.24","385.142"
"5","23.0","32.229","395.955"
"5","24.0","32.217","404.569"
"5","25.0","32.206","412.27"
"5","26.0","32.195","419.516"
"5","27.0","32.184","426.012"
"5","28.0","32.173","432.205"
"5","29.0","32.161","437.766"
"5","30.0","32.15","443.114"
"5","31.0","32.139","447.931"
"5","32.0","32.127","452.598"
"5","33.0","32.116","456.76"
"5","34.0","32.105","460.797"
"5","35.0","32.094","464.375"
"5","36.0","32.083","467.86"
"5","37.0","32.071","471.032"
"5","38.0","32.06","473.846"
"5","39.0","32.049","476.61"
"5","40.0","32.037","478.985"
"5","41.0","32.026","481.328"
"5","42.0","32.015","483.314"
"5","43.0","32.004","485.297"
"5","44.0","31.993","486.949"
"5","45.0","31.981","488.6"
"5","46.0","31.97","489.932"
"5","47.0","31.96","490.306"
"5","48.0","31.949","491.042"
"5","49.0","31.939","491.828"
"5","50.0","31.928","492.353"
"5","51.0","31.918","492.836"
"5","52.0","31.908","493.228"
"5","53.0","31.897","493.526"
"5","54.0","31.887","493.739"
"5","55.0","31.876","493.968"
"5","56.0","31.866","493.95"
"5","57.0","31.855","493.908"
"5","58.0","31.845","493.807"
"5","59.0","31.835","493.642"
"5","60.0","31.824","493.42"
"5","61.0","31.814","493.239"
"5","62.0","31.803","492.846"
"5","63.0","31.793","492.454"
"5","64.0","31.783","492.025"
"5","65.0","31.772","491.556"
"5","66.0","31.762","491.054"
"5","67.0","31.751","490.613"
"5","68.0","31.741","489.984"
"5","69.0","31.73","489.371"
"5","70.0","31.72","488.736"
"5","71.0","31.711","486.935"
"6","0.0","33.592","0.0"
"6","1.0","34.15","1162.154"
"6","2.0","34.205","1151.512"
"6","3.0","34.275","1159.05"
"6","4.0","34.332","1146.683"
"6","5.0","34.398","1137.563"
"6","6.0","34.459","1130.854"
"6","7.0","34.515","1123.642"
"6","8.0","34.567","1116.569"
"6","9.0","34.612","1110.613"
"6","10.0","34.653","1103.581"
"6","11.0","34.69","1096.594"
"6","12.0","34.724","1089.589"
"6","13.0","34.754","1082.424"
"6","14.0","34.782","1075.142"
"6","15.0","34.808","1067.775"
"6","16.0","34.83","1061.135"
"6","17.0","34.849","1053.832"
"6","18.0","34.866","1046.521"
"6","19.0","34.881","1039.16"
"6","20.0","34.895","1031.73"
"6","21.0","34.907","1024.311"
"6","22.0","34.918","1016.872"
"6","23.0","34.927","1011.376"
"6","24.0","34.937","1006.205"
"6","25.0","34.945","1001.049"
"6","26.0","34.952","995.897"
"6","27.0","34.958","990.725"
"6","28.0","34.963","985.539"
"6","29.0","34.967","980.342"
"6","30.0","34.97","975.131"
"6","31.0","34.972","969.909"
"6","32.0","34.974","964.674"
"6","33.0","34.974","959.427"
"6","34.0","34.974","954.168"
"6","35.0","34.974","948.898"
"6","36.0","34.972","943.617"
"6","37.0","34.97","938.326"
"6","38.0","34.968","933.024"
"6","39.0","34.965","927.713"
"6","40.0","34.961","922.392"
"6","41.0","34.956","917.062"
"6","42.0","34.952","911.724"
"6","43.0","34.946","906.377"
"6","44.0","34.941","901.022"
"6","45.0","34.935","895.66"
"6","46.0","34.928","890.29"
"6","47.0","34.922","887.31"
"6","48.0","34.916","884.712"
"6","49.0","34.911","882.138"
"6","50.0","34.905","879.586"
"6","51.0","34.899","877.017"
"6","52.0","34.893","874.456"
"6","53.0","34.887","871.894"
"6","54.0","34.881","869.324"
"6","55.0","34.875","866.759"
"6","56.0","34.869","864.195"
"6","57.0","34.863","861.622"
"6","58.0","34.856","859.055"
"6","59.0","34.85","856.49"
"6","60.0","34.843","853.916"
"6","61.0","34.837","851.348"
"6","62.0","34.83","848.781"
"6","63.0","34.824","846.206"
"6","64.0","34.817","843.637"
"6","65.0","34.81","841.067"
"6","66.0","34.803","838.489"
"6","67.0","34.797","835.917"
"6","68.0","34.79","833.345"
"6","69.0","34.783","830.764"
"6","70.0","34.776","828.188"
"6","71.0","34.769","826.266"
"81","0.0","33.568","0.0"
"81","1.0","34.035","1202.229"
"81","2.0","34.1","1142.517"
"81","3.0","34.177","1139.154"
"81","4.0","34.237","1127.721"
"81","5.0","34.303","1119.221"
"81","6.0","34.366","1113.931"
"81","7.0","34.426","1107.818"
"81","8.0","34.481","1102.122"
"81","9.0","34.529","1098.074"
"81","10.0","34.573","1092.081"
"81","11.0","34.612","1086.153"
"81","12.0","34.648","1080.134"
"81","13.0","34.681","1073.799"
"81","14.0","34.711","1067.215"
"81","15.0","34.738","1060.648"
"81","16.0","34.762","1055.05"
"81","17.0","34.782","1048.361"
"81","18.0","34.801","1041.635"
"81","19.0","34.818","1034.812"
"81","20.0","34.833","1027.847"
"81","21.0","34.846","1020.886"
"81","22.0","34.858","1013.892"
"81","23.0","34.869","1008.47"
"81","24.0","34.878","1003.604"
"81","25.0","34.887","998.761"
"81","26.0","34.895","993.921"
"81","27.0","34.902","989.041"
"81","28.0","34.907","984.133"
"81","29.0","34.912","979.203"
"81","30.0","34.916","974.247"
"81","31.0","34.919","969.268"
"81","32.0","34.921","964.265"
"81","33.0","34.922","959.239"
"81","34.0","34.923","954.191"
"81","35.0","34.923","949.121"
"81","36.0","34.922","944.032"
"81","37.0","34.92","938.922"
"81","38.0","34.918","933.795"
"81","39.0","34.916","928.649"
"81","40.0","34.912","923.487"
"81","41.0","34.909","918.309"
"81","42.0","34.904","913.115"
"81","43.0","34.899","907.906"
"81","44.0","34.894","902.683"
"81","45.0","34.888","897.447"
"81","46.0","34.882","892.197"
"81","47.0","34.876","888.929"
"81","48.0","34.871","886.329"
"81","49.0","34.865","883.765"
"81","50.0","34.86","881.242"
"81","51.0","34.854","878.695"
"81","52.0","34.848","876.154"
"81","53.0","34.842","873.614"
"81","54.0","34.836","871.065"
"81","55.0","34.83","868.518"
"81","56.0","34.824","865.973"
"81","57.0","34.818","863.42"
"81","58.0","34.812","860.87"
"81","59.0","34.806","858.324"
"81","60.0","34.799","855.769"
"81","61.0","34.793","853.217"
"81","62.0","34.786","850.668"
"81","63.0","34.78","848.112"
"81","64.0","34.773","845.557"
"81","65.0","34.767","843.002"
"81","66.0","34.76","840.441"
"81","67.0","34.753","837.883"
"81","68.0","34.746","835.324"
"81","69.0","34.739","832.757"
"81","70.0","34.733","830.191"
"81","71.0","34.726","828.167"
"82","0.0","33.555","0.0"
"82","1.0","33.989","1220.803"
"82","2.0","34.052","1132.774"
"82","3.0","34.123","1123.187"
"82","4.0","34.183","1113.778"
"82","5.0","34.248","1105.887"
"82","6.0","34.313","1100.597"
"82","7.0","34.374","1095.248"
"82","8.0","34.431","1090.717"
"82","9.0","34.48","1087.853"
"82","10.0","34.525","1082.626"
"82","11.0","34.566","1077.481"
"82","12.0","34.603","1072.212"
"82","13.0","34.636","1066.509"
"82","14.0","34.667","1060.463"
"82","15.0","34.695","1054.686"
"82","16.0","34.72","1049.781"
"82","17.0","34.741","1043.603"
"82","18.0","34.761","1037.355"
"82","19.0","34.778","1030.972"
"82","20.0","34.794","1024.398"
"82","21.0","34.808","1017.82"
"82","22.0","34.82","1011.2"
"82","23.0","34.832","1005.885"
"82","24.0","34.842","1001.279"
"82","25.0","34.852","996.7"
"82","26.0","34.86","992.124"
"82","27.0","34.867","987.492"
"82","28.0","34.873","982.822"
"82","29.0","34.878","978.12"
"82","30.0","34.882","973.382"
"82","31.0","34.886","968.611"
"82","32.0","34.888","963.806"
"82","33.0","34.89","958.969"
"82","34.0","34.891","954.101"
"82","35.0","34.891","949.203"
"82","36.0","34.89","944.277"
"82","37.0","34.889","939.324"
"82","38.0","34.887","934.346"
"82","39.0","34.885","929.342"
"82","40.0","34.882","924.315"
"82","41.0","34.878","919.265"
"82","42.0","34.874","914.193"
"82","43.0","34.87","909.101"
"82","44.0","34.865","903.989"
"82","45.0","34.859","898.859"
"82","46.0","34.853","893.71"
"82","47.0","34.848","890.246"
"82","48.0","34.842","887.648"
"82","49.0","34.837","885.09"
"82","50.0","34.831","882.589"
"82","51.0","34.826","880.06"
"82","52.0","34.82","877.536"
"82","53.0","34.814","875.011"
"82","54.0","34.808","872.48"
"82","55.0","34.802","869.946"
"82","56.0","34.796","867.416"
"82","57.0","34.79","864.877"
"82","58.0","34.784","862.34"
"82","59.0","34.778","859.809"
"82","60.0","34.772","857.268"
"82","61.0","34.766","854.727"
"82","62.0","34.759","852.191"
"82","63.0","34.753","849.649"
"82","64.0","34.746","847.105"
"82","65.0","34.74","844.561"
"82","66.0","34.733","842.011"
"82","67.0","34.726","839.462"
"82","68.0","34.72","836.913"
"82","69.0","34.713","834.355"
"82","70.0","34.706","831.795"
"82","71.0","34.699","829.7"
"83","0.0","33.538","0.0"
"83","1.0","33.901","1164.515"
"83","2.0","33.986","1107.887"
"83","3.0","34.058","1111.347"
"83","4.0","34.12","1100.119"
"83","5.0","34.188","1093.47"
"83","6.0","34.254","1088.146"
"83","7.0","34.318","1083.601"
"83","8.0","34.376","1080.372"
"83","9.0","34.427","1078.557"
"83","10.0","34.474","1074.077"
"83","11.0","34.516","1069.702"
"83","12.0","34.554","1065.127"
"83","13.0","34.589","1060.016"
"83","14.0","34.621","1054.462"
"83","15.0","34.651","1049.406"
"83","16.0","34.676","1045.094"
"83","17.0","34.699","1039.373"
"83","18.0","34.719","1033.546"
"83","19.0","34.737","1027.552"
"83","20.0","34.754","1021.316"
"83","21.0","34.768","1015.074"
"83","22.0","34.781","1008.78"
"83","23.0","34.793","1003.593"
"83","24.0","34.804","999.213"
"83","25.0","34.814","994.864"
"83","26.0","34.823","990.514"
"83","27.0","34.83","986.097"
"83","28.0","34.837","981.632"
"83","29.0","34.842","977.124"
"83","30.0","34.847","972.573"
"83","31.0","34.851","967.98"
"83","32.0","34.854","963.344"
"83","33.0","34.856","958.669"
"83","34.0","34.857","953.956"
"83","35.0","34.857","949.205"
"83","36.0","34.857","944.419"
"83","37.0","34.856","939.6"
"83","38.0","34.855","934.748"
"83","39.0","34.853","929.865"
"83","40.0","34.85","924.954"
"83","41.0","34.847","920.014"
"83","42.0","34.843","915.047"
"83","43.0","34.839","910.055"
"83","44.0","34.834","905.039"
"83","45.0","34.829","900.0"
"83","46.0","34.823","894.938"
"83","47.0","34.818","891.341"
"83","48.0","34.812","888.745"
"83","49.0","34.807","886.195"
"83","50.0","34.801","883.714"
"83","51.0","34.796","881.2"
"83","52.0","34.79","878.691"
"83","53.0","34.785","876.181"
"83","54.0","34.779","873.664"
"83","55.0","34.773","871.144"
"83","56.0","34.767","868.626"
"83","57.0","34.761","866.1"
"83","58.0","34.755","863.577"
"83","59.0","34.749","861.057"
"83","60.0","34.743","858.529"
"83","61.0","34.737","855.999"
"83","62.0","34.731","853.475"
"83","63.0","34.724","850.946"
"83","64.0","34.718","848.412"
"83","65.0","34.711","845.878"
"83","66.0","34.705","843.339"
"83","67.0","34.698","840.799"
"83","68.0","34.692","838.259"
"83","69.0","34.685","835.709"
"83","70.0","34.678","833.156"
"83","71.0","34.671","831.006"
"7","0.0","33.528","0.0"
"7","1.0","33.842","1142.506"
"7","2.0","33.936","1085.857"
"7","3.0","34.009","1103.638"
"7","4.0","34.075","1086.07"
"7","5.0","34.141","1079.99"
"7","6.0","34.206","1074.272"
"7","7.0","34.27","1070.393"
"7","8.0","34.327","1068.59"
"7","9.0","34.377","1067.795"
"7","10.0","34.423","1064.065"
"7","11.0","34.464","1060.534"
"7","12.0","34.502","1056.704"
"7","13.0","34.536","1052.24"
"7","14.0","34.567","1047.225"
"7","15.0","34.596","1042.697"
"7","16.0","34.623","1039.054"
"7","17.0","34.647","1033.869"
"7","18.0","34.669","1028.546"
"7","19.0","34.688","1023.015"
"7","20.0","34.706","1017.198"
"7","21.0","34.722","1011.373"
"7","22.0","34.736","1005.488"
"7","23.0","34.748","1000.5"
"7","24.0","34.76","996.409"
"7","25.0","34.77","992.354"
"7","26.0","34.78","988.296"
"7","27.0","34.788","984.156"
"7","28.0","34.795","979.958"
"7","29.0","34.801","975.707"
"7","30.0","34.806","971.401"
"7","31.0","34.81","967.043"
"7","32.0","34.814","962.633"
"7","33.0","34.816","958.173"
"7","34.0","34.818","953.664"
"7","35.0","34.819","949.109"
"7","36.0","34.819","944.509"
"7","37.0","34.818","939.866"
"7","38.0","34.817","935.184"
"7","39.0","34.816","930.462"
"7","40.0","34.813","925.703"
"7","41.0","34.81","920.908"
"7","42.0","34.807","916.079"
"7","43.0","34.803","911.218"
"7","44.0","34.798","906.325"
"7","45.0","34.793","901.403"
"7","46.0","34.788","896.453"
"7","47.0","34.783","892.729"
"7","48.0","34.777","890.131"
"7","49.0","34.772","887.591"
"7","50.0","34.767","885.131"
"7","51.0","34.761","882.636"
"7","52.0","34.756","880.143"
"7","53.0","34.75","877.649"
"7","54.0","34.744","875.149"
"7","55.0","34.739","872.641"
"7","56.0","34.733","870.137"
"7","57.0","34.727","867.626"
"7","58.0","34.721","865.115"
"7","59.0","34.715","862.608"
"7","60.0","34.709","860.094"
"7","61.0","34.703","857.574"
"7","62.0","34.696","855.062"
"7","63.0","34.69","852.545"
"7","64.0","34.684","850.02"
"7","65.0","34.677","847.495"
"7","66.0","34.671","844.966"
"7","67.0","34.664","842.434"
"7","68.0","34.658","839.901"
"7","69.0","34.651","837.358"
"7","70.0","34.644","834.808"
"7","71.0","34.638","832.603"
"7_sec6_0","0.0","33.528","0.0"
"7_sec6_0","1.0","33.842","371.409"
"7_sec6_0","2.0","33.936","382.591"
"7_sec6_0","3.0","34.009","382.523"
"7_sec6_0","4.0","34.075","389.833"
"7_sec6_0","5.0","34.141","398.245"
"7_sec6_0","6.0","34.206","404.923"
"7_sec6_0","7.0","34.27","409.965"
"7_sec6_0","8.0","34.327","412.838"
"7_sec6_0","9.0","34.377","414.176"
"7_sec6_0","10.0","34.423","414.98"
"7_sec6_0","11.0","34.464","416.478"
"7_sec6_0","12.0","34.502","418.321"
"7_sec6_0","13.0","34.536","419.967"
"7_sec6_0","14.0","34.567","421.176"
"7_sec6_0","15.0","34.596","422.067"
"7_sec6_0","16.0","34.623","423.392"
"7_sec6_0","17.0","34.647","424.326"
"7_sec6_0","18.0","34.669","425.01"
"7_sec6_0","19.0","34.688","425.472"
"7_sec6_0","20.0","34.706","425.734"
"7_sec6_0","21.0","34.722","425.863"
"7_sec6_0","22.0","34.736","425.852"
"7_sec6_0","23.0","34.748","425.949"
"7_sec6_0","24.0","34.76","426.128"
"7_sec6_0","25.0","34.77","426.239"
"7_sec6_0","26.0","34.78","426.221"
"7_sec6_0","27.0","34.788","426.095"
"7_sec6_0","28.0","34.795","425.879"
"7_sec6_0","29.0","34.801","425.598"
"7_sec6_0","30.0","34.806","425.246"
"7_sec6_0","31.0","34.81","424.818"
"7_sec6_0","32.0","34.814","424.323"
"7_sec6_0","33.0","34.816","423.759"
"7_sec6_0","34.0","34.818","423.135"
"7_sec6_0","35.0","34.819","422.448"
"7_sec6_0","36.0","34.819","421.707"
"7_sec6_0","37.0","34.818","420.91"
"7_sec6_0","38.0","34.817","420.062"
"7_sec6_0","39.0","34.816","419.167"
"7_sec6_0","40.0","34.813","418.223"
"7_sec6_0","41.0","34.81","417.237"
"7_sec6_0","42.0","34.807","416.208"
"7_sec6_0","43.0","34.803","415.14"
"7_sec6_0","44.0","34.798","414.032"
"7_sec6_0","45.0","34.793","412.891"
"7_sec6_0","46.0","34.788","411.714"
"7_sec6_0","47.0","34.783","410.813"
"7_sec6_0","48.0","34.777","410.057"
"7_sec6_0","49.0","34.772","409.285"
"7_sec6_0","50.0","34.767","408.493"
"7_sec6_0","51.0","34.761","407.703"
"7_sec6_0","52.0","34.756","406.918"
"7_sec6_0","53.0","34.75","406.138"
"7_sec6_0","54.0","34.744","405.358"
"7_sec6_0","55.0","34.739","404.582"
"7_sec6_0","56.0","34.733","403.807"
"7_sec6_0","57.0","34.727","403.031"
"7_sec6_0","58.0","34.721","402.253"
"7_sec6_0","59.0","34.715","401.479"
"7_sec6_0","60.0","34.709","400.714"
"7_sec6_0","61.0","34.703","399.953"
"7_sec6_0","62.0","34.696","399.214"
"7_sec6_0","63.0","34.69","398.491"
"7_sec6_0","64.0","34.684","397.764"
"7_sec6_0","65.0","34.677","397.034"
"7_sec6_0","66.0","34.671","396.297"
"7_sec6_0","67.0","34.664","395.555"
"7_sec6_0","68.0","34.658","394.811"
"7_sec6_0","69.0","34.651","394.063"
"7_sec6_0","70.0","34.644","393.319"
"7_sec6_0","71.0","34.638","392.661"
"8","0.0","33.514","0.0"
"8","1.0","33.834","394.742"
"8","2.0","33.917","380.351"
"8","3.0","33.988","381.249"
"8","4.0","34.053","387.58"
"8","5.0","34.119","396.076"
"8","6.0","34.185","402.731"
"8","7.0","34.248","407.898"
"8","8.0","34.306","411.014"
"8","9.0","34.357","412.512"
"8","10.0","34.403","413.45"
"8","11.0","34.444","415.084"
"8","12.0","34.482","417.045"
"8","13.0","34.517","418.794"
"8","14.0","34.548","420.086"
"8","15.0","34.577","421.007"
"8","16.0","34.603","422.421"
"8","17.0","34.627","423.43"
"8","18.0","34.649","424.189"
"8","19.0","34.668","424.719"
"8","20.0","34.685","425.044"
"8","21.0","34.701","425.238"
"8","22.0","34.715","425.292"
"8","23.0","34.728","425.426"
"8","24.0","34.739","425.648"
"8","25.0","34.75","425.81"
"8","26.0","34.759","425.837"
"8","27.0","34.767","425.758"
"8","28.0","34.774","425.585"
"8","29.0","34.78","425.348"
"8","30.0","34.785","425.036"
"8","31.0","34.789","424.65"
"8","32.0","34.793","424.19"
"8","33.0","34.795","423.666"
"8","34.0","34.797","423.074"
"8","35.0","34.798","422.422"
"8","36.0","34.798","421.711"
"8","37.0","34.798","420.945"
"8","38.0","34.797","420.127"
"8","39.0","34.795","419.257"
"8","40.0","34.793","418.341"
"8","41.0","34.79","417.378"
"8","42.0","34.787","416.374"
"8","43.0","34.783","415.326"
"8","44.0","34.778","414.241"
"8","45.0","34.774","413.117"
"8","46.0","34.768","411.96"
"8","47.0","34.763","411.04"
"8","48.0","34.758","410.284"
"8","49.0","34.753","409.515"
"8","50.0","34.747","408.725"
"8","51.0","34.742","407.938"
"8","52.0","34.737","407.155"
"8","53.0","34.731","406.377"
"8","54.0","34.726","405.599"
"8","55.0","34.72","404.826"
"8","56.0","34.714","404.052"
"8","57.0","34.708","403.278"
"8","58.0","34.703","402.502"
"8","59.0","34.697","401.729"
"8","60.0","34.691","400.965"
"8","61.0","34.685","400.207"
"8","62.0","34.678","399.468"
"8","63.0","34.672","398.746"
"8","64.0","34.666","398.021"
"8","65.0","34.66","397.291"
"8","66.0","34.653","396.555"
"8","67.0","34.647","395.815"
"8","68.0","34.64","395.071"
"8","69.0","34.634","394.323"
"8","70.0","34.627","393.579"
"8","71.0","34.621","392.913"
"8_sec7_0","0.0","33.514","0.0"
"8_sec7_0","1.0","33.834","394.742"
"8_sec7_0","2.0","33.917","380.351"
"8_sec7_0","3.0","33.988","381.249"
"8_sec7_0","4.0","34.053","387.58"
"8_sec7_0","5.0","34.119","396.076"
"8_sec7_0","6.0","34.185","402.731"
"8_sec7_0","7.0","34.248","407.898"
"8_sec7_0","8.0","34.306","411.014"
"8_sec7_0","9.0","34.357","412.512"
"8_sec7_0","10.0","34.403","413.45"
"8_sec7_0","11.0","34.444","415.084"
"8_sec7_0","12.0","34.482","417.045"
"8_sec7_0","13.0","34.517","418.794"
"8_sec7_0","14.0","34.548","420.086"
"8_sec7_0","15.0","34.577","421.007"
"8_sec7_0","16.0","34.603","422.421"
"8_sec7_0","17.0","34.627","423.43"
"8_sec7_0","18.0","34.649","424.189"
"8_sec7_0","19.0","34.668","424.719"
"8_sec7_0","20.0","34.685","425.044"
"8_sec7_0","21.0","34.701","425.238"
"8_sec7_0","22.0","34.715","425.292"
"8_sec7_0","23.0","34.728","425.426"
"8_sec7_0","24.0","34.739","425.648"
"8_sec7_0","25.0","34.75","425.81"
"8_sec7_0","26.0","34.759","425.837"
"8_sec7_0","27.0","34.767","425.758"
"8_sec7_0","28.0","34.774","425.585"
"8_sec7_0","29.0","34.78","425.348"
"8_sec7_0","30.0","34.785","425.036"
"8_sec7_0","31.0","34.789","424.65"
"8_sec7_0","32.0","34.793","424.19"
"8_sec7_0","33.0","34.795","423.666"
"8_sec7_0","34.0","34.797","423.074"
"8_sec7_0","35.0","34.798","422.422"
"8_sec7_0","36.0","34.798","421.711"
"8_sec7_0","37.0","34.798","420.945"
"8_sec7_0","38.0","34.797","420.127"
"8_sec7_0","39.0","34.795","419.257"
"8_sec7_0","40.0","34.793","418.341"
"8_sec7_0","41.0","34.79","417.378"
"8_sec7_0","42.0","34.787","416.374"
"8_sec7_0","43.0","34.783","415.326"
"8_sec7_0","44.0","34.778","414.241"
"8_sec7_0","45.0","34.774","413.117"
"8_sec7_0","46.0","34.768","411.96"
"8_sec7_0","47.0","34.763","411.04"
"8_sec7_0","48.0","34.758","410.284"
"8_sec7_0","49.0","34.753","409.515"
"8_sec7_0","50.0","34.747","408.725"
"8_sec7_0","51.0","34.742","407.938"
"8_sec7_0","52.0","34.737","407.155"
"8_sec7_0","53.0","34.731","406.377"
"8_sec7_0","54.0","34.726","405.599"
"8_sec7_0","55.0","34.72","404.826"
"8_sec7_0","56.0","34.714","404.052"
"8_sec7_0","57.0","34.708","403.278"
"8_sec7_0","58.0","34.703","402.502"
"8_sec7_0","59.0","34.697","401.729"
"8_sec7_0","60.0","34.691","400.965"
"8_sec7_0","61.0","34.685","400.207"
"8_sec7_0","62.0","34.678","399.468"
"8_sec7_0","63.0","34.672","398.746"
"8_sec7_0","64.0","34.666","398.021"
"8_sec7_0","65.0","34.66","397.291"
"8_sec7_0","66.0","34.653","396.555"
"8_sec7_0","67.0","34.647","395.815"
"8_sec7_0","68.0","34.64","395.071"
"8_sec7_0","69.0","34.634","394.323"
"8_sec7_0","70.0","34.627","393.579"
"8_sec7_0","71.0","34.621","392.913"
"84","0.0","33.448","0.0"
"84","1.0","33.716","425.931"
"84","2.0","33.815","377.011"
"84","3.0","33.886","376.315"
"84","4.0","33.95","381.57"
"84","5.0","34.017","390.167"
"84","6.0","34.084","396.756"
"84","7.0","34.149","402.243"
"84","8.0","34.208","405.981"
"84","9.0","34.261","407.885"
"84","10.0","34.31","409.248"
"84","11.0","34.353","411.266"
"84","12.0","34.392","413.555"
"84","13.0","34.427","415.577"
"84","14.0","34.459","417.145"
"84","15.0","34.488","418.22"
"84","16.0","34.515","419.866"
"84","17.0","34.539","421.067"
"84","18.0","34.56","422.019"
"84","19.0","34.58","422.727"
"84","20.0","34.597","423.217"
"84","21.0","34.613","423.58"
"84","22.0","34.627","423.803"
"84","23.0","34.64","424.035"
"84","24.0","34.651","424.384"
"84","25.0","34.662","424.667"
"84","26.0","34.671","424.819"
"84","27.0","34.679","424.858"
"84","28.0","34.686","424.802"
"84","29.0","34.693","424.675"
"84","30.0","34.698","424.472"
"84","31.0","34.702","424.188"
"84","32.0","34.706","423.829"
"84","33.0","34.709","423.397"
"84","34.0","34.711","422.898"
"84","35.0","34.712","422.331"
"84","36.0","34.712","421.704"
"84","37.0","34.712","421.016"
"84","38.0","34.711","420.272"
"84","39.0","34.71","419.475"
"84","40.0","34.708","418.625"
"84","41.0","34.706","417.728"
"84","42.0","34.703","416.782"
"84","43.0","34.699","415.794"
"84","44.0","34.695","414.762"
"84","45.0","34.691","413.691"
"84","46.0","34.686","412.581"
"84","47.0","34.681","411.629"
"84","48.0","34.676","410.872"
"84","49.0","34.671","410.105"
"84","50.0","34.666","409.325"
"84","51.0","34.661","408.545"
"84","52.0","34.656","407.769"
"84","53.0","34.651","406.997"
"84","54.0","34.645","406.226"
"84","55.0","34.64","405.457"
"84","56.0","34.634","404.689"
"84","57.0","34.629","403.92"
"84","58.0","34.623","403.148"
"84","59.0","34.617","402.38"
"84","60.0","34.612","401.622"
"84","61.0","34.606","400.865"
"84","62.0","34.6","400.133"
"84","63.0","34.594","399.415"
"84","64.0","34.588","398.692"
"84","65.0","34.582","397.965"
"84","66.0","34.576","397.231"
"84","67.0","34.569","396.492"
"84","68.0","34.563","395.75"
"84","69.0","34.557","395.004"
"84","70.0","34.55","394.26"
"84","71.0","34.544","393.573"
"85","0.0","33.382","0.0"
"85","1.0","33.579","377.325"
"85","2.0","33.7","368.616"
"85","3.0","33.782","370.274"
"85","4.0","33.847","376.371"
"85","5.0","33.914","384.952"
"85","6.0","33.981","391.512"
"85","7.0","34.046","397.244"
"85","8.0","34.107","401.466"
"85","9.0","34.162","403.702"
"85","10.0","34.211","405.478"
"85","11.0","34.254","407.887"
"85","12.0","34.293","410.47"
"85","13.0","34.329","412.718"
"85","14.0","34.361","414.527"
"85","15.0","34.391","415.829"
"85","16.0","34.417","417.695"
"85","17.0","34.442","419.082"
"85","18.0","34.464","420.216"
"85","19.0","34.484","421.082"
"85","20.0","34.502","421.722"
"85","21.0","34.518","422.233"
"85","22.0","34.533","422.598"
"85","23.0","34.546","422.928"
"85","24.0","34.558","423.381"
"85","25.0","34.569","423.766"
"85","26.0","34.578","424.014"
"85","27.0","34.587","424.148"
"85","28.0","34.594","424.181"
"85","29.0","34.601","424.143"
"85","30.0","34.607","424.02"
"85","31.0","34.611","423.816"
"85","32.0","34.615","423.53"
"85","33.0","34.618","423.171"
"85","34.0","34.62","422.739"
"85","35.0","34.622","422.239"
"85","36.0","34.623","421.671"
"85","37.0","34.623","421.043"
"85","38.0","34.622","420.356"
"85","39.0","34.621","419.611"
"85","40.0","34.62","418.814"
"85","41.0","34.617","417.964"
"85","42.0","34.615","417.066"
"85","43.0","34.611","416.12"
"85","44.0","34.608","415.132"
"85","45.0","34.604","414.1"
"85","46.0","34.599","413.029"
"85","47.0","34.594","412.064"
"85","48.0","34.589","411.307"
"85","49.0","34.585","410.546"
"85","50.0","34.58","409.772"
"85","51.0","34.575","409.0"
"85","52.0","34.57","408.231"
"85","53.0","34.565","407.466"
"85","54.0","34.559","406.702"
"85","55.0","34.554","405.94"
"85","56.0","34.549","405.176"
"85","57.0","34.543","404.412"
"85","58.0","34.538","403.646"
"85","59.0","34.532","402.885"
"85","60.0","34.526","402.132"
"85","61.0","34.52","401.382"
"85","62.0","34.515","400.656"
"85","63.0","34.509","399.943"
"85","64.0","34.503","399.224"
"85","65.0","34.497","398.501"
"85","66.0","34.49","397.772"
"85","67.0","34.484","397.037"
"85","68.0","34.478","396.298"
"85","69.0","34.472","395.555"
"85","70.0","34.465","394.814"
"85","71.0","34.459","394.116"
"86","0.0","33.324","0.0"
"86","1.0","33.498","361.552"
"86","2.0","33.614","352.353"
"86","3.0","33.701","363.117"
"86","4.0","33.768","370.375"
"86","5.0","33.836","378.912"
"86","6.0","33.904","385.431"
"86","7.0","33.97","391.297"
"86","8.0","34.032","395.926"
"86","9.0","34.088","398.551"
"86","10.0","34.136","400.795"
"86","11.0","34.179","403.674"
"86","12.0","34.217","406.566"
"86","13.0","34.252","409.038"
"86","14.0","34.284","411.111"
"86","15.0","34.313","412.695"
"86","16.0","34.34","414.745"
"86","17.0","34.365","416.378"
"86","18.0","34.388","417.746"
"86","19.0","34.408","418.816"
"86","20.0","34.427","419.66"
"86","21.0","34.444","420.368"
"86","22.0","34.459","420.923"
"86","23.0","34.473","421.397"
"86","24.0","34.485","421.998"
"86","25.0","34.496","422.513"
"86","26.0","34.506","422.893"
"86","27.0","34.515","423.151"
"86","28.0","34.523","423.31"
"86","29.0","34.529","423.388"
"86","30.0","34.535","423.378"
"86","31.0","34.54","423.279"
"86","32.0","34.544","423.097"
"86","33.0","34.547","422.833"
"86","34.0","34.55","422.495"
"86","35.0","34.552","422.081"
"86","36.0","34.553","421.599"
"86","37.0","34.553","421.051"
"86","38.0","34.553","420.439"
"86","39.0","34.552","419.769"
"86","40.0","34.55","419.039"
"86","41.0","34.548","418.257"
"86","42.0","34.546","417.42"
"86","43.0","34.543","416.536"
"86","44.0","34.539","415.603"
"86","45.0","34.535","414.627"
"86","46.0","34.531","413.607"
"86","47.0","34.526","412.645"
"86","48.0","34.521","411.886"
"86","49.0","34.517","411.129"
"86","50.0","34.512","410.367"
"86","51.0","34.507","409.606"
"86","52.0","34.502","408.847"
"86","53.0","34.497","408.091"
"86","54.0","34.492","407.336"
"86","55.0","34.486","406.58"
"86","56.0","34.481","405.827"
"86","57.0","34.476","405.07"
"86","58.0","34.47","404.311"
"86","59.0","34.464","403.56"
"86","60.0","34.459","402.815"
"86","61.0","34.453","402.071"
"86","62.0","34.447","401.359"
"86","63.0","34.441","400.652"
"86","64.0","34.435","399.938"
"86","65.0","34.429","399.221"
"86","66.0","34.423","398.496"
"86","67.0","34.417","397.765"
"86","68.0","34.411","397.032"
"86","69.0","34.404","396.293"
"86","70.0","34.398","395.556"
"86","71.0","34.392","394.848"
"87","0.0","33.24","0.0"
"87","1.0","33.339","354.307"
"87","2.0","33.497","345.168"
"87","3.0","33.576","352.779"
"87","4.0","33.642","360.532"
"87","5.0","33.709","368.694"
"87","6.0","33.777","375.297"
"87","7.0","33.845","381.426"
"87","8.0","33.909","386.722"
"87","9.0","33.966","390.258"
"87","10.0","34.015","393.336"
"87","11.0","34.057","396.963"
"87","12.0","34.095","400.333"
"87","13.0","34.129","403.118"
"87","14.0","34.161","405.592"
"87","15.0","34.19","407.672"
"87","16.0","34.217","409.866"
"87","17.0","34.241","411.9"
"87","18.0","34.264","413.646"
"87","19.0","34.284","415.034"
"87","20.0","34.303","416.216"
"87","21.0","34.32","417.249"
"87","22.0","34.335","418.115"
"87","23.0","34.349","418.845"
"87","24.0","34.361","419.694"
"87","25.0","34.372","420.425"
"87","26.0","34.382","421.015"
"87","27.0","34.391","421.479"
"87","28.0","34.399","421.841"
"87","29.0","34.405","422.112"
"87","30.0","34.411","422.282"
"87","31.0","34.416","422.357"
"87","32.0","34.421","422.339"
"87","33.0","34.424","422.235"
"87","34.0","34.427","422.046"
"87","35.0","34.429","421.777"
"87","36.0","34.43","421.431"
"87","37.0","34.431","421.013"
"87","38.0","34.431","420.527"
"87","39.0","34.43","419.973"
"87","40.0","34.429","419.358"
"87","41.0","34.427","418.682"
"87","42.0","34.425","417.95"
"87","43.0","34.422","417.162"
"87","44.0","34.419","416.324"
"87","45.0","34.416","415.435"
"87","46.0","34.412","414.501"
"87","47.0","34.407","413.563"
"87","48.0","34.403","412.8"
"87","49.0","34.399","412.055"
"87","50.0","34.394","411.311"
"87","51.0","34.389","410.568"
"87","52.0","34.385","409.826"
"87","53.0","34.38","409.087"
"87","54.0","34.375","408.347"
"87","55.0","34.37","407.608"
"87","56.0","34.365","406.866"
"87","57.0","34.36","406.123"
"87","58.0","34.354","405.377"
"87","59.0","34.349","404.643"
"87","60.0","34.344","403.912"
"87","61.0","34.338","403.18"
"87","62.0","34.333","402.493"
"87","63.0","34.327","401.796"
"87","64.0","34.321","401.092"
"87","65.0","34.315","400.383"
"87","66.0","34.309","399.667"
"87","67.0","34.303","398.945"
"87","68.0","34.297","398.218"
"87","69.0","34.291","397.487"
"87","70.0","34.285","396.757"
"87","71.0","34.279","396.039"
"88","0.0","33.18","0.0"
"88","1.0","33.245","327.632"
"88","2.0","33.403","346.124"
"88","3.0","33.48","348.191"
"88","4.0","33.543","355.478"
"88","5.0","33.609","363.048"
"88","6.0","33.677","369.544"
"88","7.0","33.744","375.708"
"88","8.0","33.807","381.281"
"88","9.0","33.865","385.351"
"88","10.0","33.916","388.981"
"88","11.0","33.959","393.086"
"88","12.0","33.998","396.77"
"88","13.0","34.034","399.746"
"88","14.0","34.067","402.467"
"88","15.0","34.097","404.853"
"88","16.0","34.123","407.12"
"88","17.0","34.148","409.332"
"88","18.0","34.171","411.25"
"88","19.0","34.192","412.782"
"88","20.0","34.211","414.141"
"88","21.0","34.228","415.348"
"88","22.0","34.243","416.382"
"88","23.0","34.257","417.262"
"88","24.0","34.269","418.264"
"88","25.0","34.28","419.114"
"88","26.0","34.29","419.827"
"88","27.0","34.299","420.41"
"88","28.0","34.307","420.897"
"88","29.0","34.314","421.283"
"88","30.0","34.32","421.566"
"88","31.0","34.325","421.747"
"88","32.0","34.33","421.833"
"88","33.0","34.333","421.826"
"88","34.0","34.336","421.731"
"88","35.0","34.338","421.552"
"88","36.0","34.34","421.293"
"88","37.0","34.341","420.958"
"88","38.0","34.341","420.549"
"88","39.0","34.34","420.071"
"88","40.0","34.34","419.526"
"88","41.0","34.338","418.919"
"88","42.0","34.336","418.25"
"88","43.0","34.334","417.525"
"88","44.0","34.331","416.743"
"88","45.0","34.328","415.911"
"88","46.0","34.324","415.028"
"88","47.0","34.32","414.119"
"88","48.0","34.315","413.355"
"88","49.0","34.311","412.615"
"88","50.0","34.307","411.883"
"88","51.0","34.302","411.151"
"88","52.0","34.298","410.42"
"88","53.0","34.293","409.689"
"88","54.0","34.288","408.959"
"88","55.0","34.283","408.225"
"88","56.0","34.279","407.492"
"88","57.0","34.273","406.755"
"88","58.0","34.268","406.017"
"88","59.0","34.263","405.292"
"88","60.0","34.258","404.568"
"88","61.0","34.252","403.843"
"88","62.0","34.247","403.171"
"88","63.0","34.241","402.479"
"88","64.0","34.236","401.778"
"88","65.0","34.23","401.071"
"88","66.0","34.224","400.358"
"88","67.0","34.218","399.637"
"88","68.0","34.212","398.912"
"88","69.0","34.206","398.184"
"88","70.0","34.2","397.456"
"88","71.0","34.194","396.733"
"89","0.0","33.121","0.0"
"89","1.0","33.174","316.092"
"89","2.0","33.312","330.603"
"89","3.0","33.395","339.906"
"89","4.0","33.458","347.269"
"89","5.0","33.523","353.98"
"89","6.0","33.592","359.879"
"89","7.0","33.659","365.82"
"89","8.0","33.722","371.597"
"89","9.0","33.78","376.304"
"89","10.0","33.832","381.092"
"89","11.0","33.876","386.166"
"89","12.0","33.916","390.504"
"89","13.0","33.951","393.982"
"89","14.0","33.984","397.2"
"89","15.0","34.013","400.12"
"89","16.0","34.04","402.723"
"89","17.0","34.064","405.316"
"89","18.0","34.086","407.587"
"89","19.0","34.107","409.399"
"89","20.0","34.126","411.083"
"89","21.0","34.143","412.589"
"89","22.0","34.158","413.901"
"89","23.0","34.171","415.035"
"89","24.0","34.184","416.244"
"89","25.0","34.195","417.282"
"89","26.0","34.205","418.176"
"89","27.0","34.215","418.933"
"89","28.0","34.223","419.601"
"89","29.0","34.23","420.152"
"89","30.0","34.236","420.587"
"89","31.0","34.242","420.913"
"89","32.0","34.246","421.137"
"89","33.0","34.25","421.261"
"89","34.0","34.253","421.29"
"89","35.0","34.255","421.23"
"89","36.0","34.257","421.082"
"89","37.0","34.258","420.854"
"89","38.0","34.258","420.549"
"89","39.0","34.258","420.168"
"89","40.0","34.257","419.717"
"89","41.0","34.256","419.197"
"89","42.0","34.254","418.614"
"89","43.0","34.252","417.969"
"89","44.0","34.249","417.266"
"89","45.0","34.246","416.507"
"89","46.0","34.242","415.697"
"89","47.0","34.238","414.838"
"89","48.0","34.234","414.077"
"89","49.0","34.23","413.351"
"89","50.0","34.225","412.636"
"89","51.0","34.221","411.923"
"89","52.0","34.217","411.21"
"89","53.0","34.212","410.497"
"89","54.0","34.207","409.782"
"89","55.0","34.202","409.065"
"89","56.0","34.197","408.345"
"89","57.0","34.192","407.622"
"89","58.0","34.187","406.9"
"89","59.0","34.182","406.195"
"89","60.0","34.177","405.486"
"89","61.0","34.171","404.778"
"89","62.0","34.166","404.121"
"89","63.0","34.16","403.439"
"89","64.0","34.155","402.748"
"89","65.0","34.149","402.051"
"89","66.0","34.144","401.347"
"89","67.0","34.138","400.637"
"89","68.0","34.132","399.92"
"89","69.0","34.126","399.202"
"89","70.0","34.12","398.483"
"89","71.0","34.114","397.762"
"90","0.0","33.088","0.0"
"90","1.0","33.116","299.78"
"90","2.0","33.269","322.471"
"90","3.0","33.35","336.282"
"90","4.0","33.413","344.374"
"90","5.0","33.479","350.821"
"90","6.0","33.547","356.689"
"90","7.0","33.614","362.731"
"90","8.0","33.676","368.699"
"90","9.0","33.734","373.679"
"90","10.0","33.785","378.807"
"90","11.0","33.829","384.155"
"90","12.0","33.867","388.68"
"90","13.0","33.902","392.31"
"90","14.0","33.933","395.637"
"90","15.0","33.961","398.682"
"90","16.0","33.986","401.368"
"90","17.0","34.01","404.051"
"90","18.0","34.031","406.412"
"90","19.0","34.051","408.294"
"90","20.0","34.069","410.074"
"90","21.0","34.085","411.668"
"90","22.0","34.1","413.064"
"90","23.0","34.113","414.275"
"90","24.0","34.125","415.539"
"90","25.0","34.136","416.637"
"90","26.0","34.146","417.593"
"90","27.0","34.155","418.407"
"90","28.0","34.163","419.14"
"90","29.0","34.17","419.746"
"90","30.0","34.176","420.235"
"90","31.0","34.182","420.61"
"90","32.0","34.186","420.883"
"90","33.0","34.19","421.053"
"90","34.0","34.193","421.127"
"90","35.0","34.195","421.107"
"90","36.0","34.197","421.001"
"90","37.0","34.198","420.811"
"90","38.0","34.198","420.54"
"90","39.0","34.198","420.195"
"90","40.0","34.197","419.776"
"90","41.0","34.196","419.29"
"90","42.0","34.195","418.735"
"90","43.0","34.193","418.12"
"90","44.0","34.19","417.444"
"90","45.0","34.187","416.712"
"90","46.0","34.184","415.925"
"90","47.0","34.18","415.088"
"90","48.0","34.176","414.328"
"90","49.0","34.172","413.606"
"90","50.0","34.168","412.899"
"90","51.0","34.164","412.192"
"90","52.0","34.159","411.485"
"90","53.0","34.155","410.778"
"90","54.0","34.15","410.069"
"90","55.0","34.145","409.355"
"90","56.0","34.141","408.641"
"90","57.0","34.136","407.922"
"90","58.0","34.131","407.206"
"90","59.0","34.126","406.507"
"90","60.0","34.121","405.802"
"90","61.0","34.116","405.095"
"90","62.0","34.11","404.44"
"90","63.0","34.105","403.76"
"90","64.0","34.1","403.072"
"90","65.0","34.095","402.377"
"90","66.0","34.089","401.675"
"90","67.0","34.084","400.965"
"90","68.0","34.078","400.251"
"90","69.0","34.072","399.536"
"90","70.0","34.067","398.819"
"90","71.0","34.061","398.098"
"91","0.0","33.062","0.0"
"91","1.0","33.098","272.531"
"91","2.0","33.237","318.51"
"91","3.0","33.314","332.951"
"91","4.0","33.376","341.864"
"91","5.0","33.441","348.065"
"91","6.0","33.509","353.876"
"91","7.0","33.573","359.942"
"91","8.0","33.634","366.024"
"91","9.0","33.69","371.204"
"91","10.0","33.74","376.578"
"91","11.0","33.782","382.125"
"91","12.0","33.82","386.777"
"91","13.0","33.854","390.574"
"91","14.0","33.884","394.021"
"91","15.0","33.911","397.192"
"91","16.0","33.936","399.972"
"91","17.0","33.959","402.73"
"91","18.0","33.98","405.18"
"91","19.0","33.999","407.143"
"91","20.0","34.017","409.017"
"91","21.0","34.032","410.702"
"91","22.0","34.047","412.184"
"91","23.0","34.059","413.478"
"91","24.0","34.071","414.787"
"91","25.0","34.082","415.947"
"91","26.0","34.091","416.964"
"91","27.0","34.1","417.841"
"91","28.0","34.108","418.638"
"91","29.0","34.114","419.305"
"91","30.0","34.12","419.849"
"91","31.0","34.125","420.279"
"91","32.0","34.13","420.604"
"91","33.0","34.133","420.823"
"91","34.0","34.136","420.943"
"91","35.0","34.139","420.969"
"91","36.0","34.14","420.905"
"91","37.0","34.141","420.756"
"91","38.0","34.142","420.526"
"91","39.0","34.142","420.218"
"91","40.0","34.141","419.836"
"91","41.0","34.14","419.382"
"91","42.0","34.139","418.861"
"91","43.0","34.137","418.275"
"91","44.0","34.135","417.63"
"91","45.0","34.132","416.926"
"91","46.0","34.129","416.166"
"91","47.0","34.125","415.352"
"91","48.0","34.121","414.594"
"91","49.0","34.118","413.878"
"91","50.0","34.114","413.176"
"91","51.0","34.11","412.476"
"91","52.0","34.106","411.776"
"91","53.0","34.101","411.074"
"91","54.0","34.097","410.371"
"91","55.0","34.093","409.664"
"91","56.0","34.088","408.952"
"91","57.0","34.083","408.238"
"91","58.0","34.079","407.529"
"91","59.0","34.074","406.835"
"91","60.0","34.069","406.135"
"91","61.0","34.064","405.43"
"91","62.0","34.059","404.772"
"91","63.0","34.054","404.095"
"91","64.0","34.049","403.409"
"91","65.0","34.044","402.715"
"91","66.0","34.039","402.016"
"91","67.0","34.033","401.309"
"91","68.0","34.028","400.595"
"91","69.0","34.023","399.883"
"91","70.0","34.017","399.167"
"91","71.0","34.012","398.446"
"9","0.0","32.844","0.0"
"9","1.0","32.879","271.942"
"9","2.0","32.95","317.731"
"9","3.0","33.013","329.584"
"9","4.0","33.069","338.483"
"9","5.0","33.135","344.162"
"9","6.0","33.203","349.773"
"9","7.0","33.267","355.747"
"9","8.0","33.326","361.844"
"9","9.0","33.381","367.221"
"9","10.0","33.429","372.888"
"9","11.0","33.473","378.807"
"9","12.0","33.513","383.733"
"9","13.0","33.548","387.831"
"9","14.0","33.581","391.524"
"9","15.0","33.61","394.919"
"9","16.0","33.636","397.879"
"9","17.0","33.66","400.771"
"9","18.0","33.683","403.362"
"9","19.0","33.703","405.477"
"9","20.0","33.721","407.49"
"9","21.0","33.737","409.299"
"9","22.0","33.751","410.896"
"9","23.0","33.764","412.311"
"9","24.0","33.776","413.69"
"9","25.0","33.787","414.937"
"9","26.0","33.797","416.041"
"9","27.0","33.806","417.01"
"9","28.0","33.814","417.902"
"9","29.0","33.821","418.651"
"9","30.0","33.827","419.275"
"9","31.0","33.832","419.781"
"9","32.0","33.837","420.18"
"9","33.0","33.841","420.469"
"9","34.0","33.844","420.656"
"9","35.0","33.846","420.746"
"9","36.0","33.848","420.745"
"9","37.0","33.85","420.655"
"9","38.0","33.851","420.48"
"9","39.0","33.851","420.226"
"9","40.0","33.851","419.894"
"9","41.0","33.85","419.49"
"9","42.0","33.849","419.015"
"9","43.0","33.848","418.474"
"9","44.0","33.846","417.87"
"9","45.0","33.844","417.207"
"9","46.0","33.841","416.485"
"9","47.0","33.838","415.707"
"9","48.0","33.835","414.958"
"9","49.0","33.832","414.252"
"9","50.0","33.828","413.564"
"9","51.0","33.824","412.875"
"9","52.0","33.82","412.185"
"9","53.0","33.816","411.493"
"9","54.0","33.812","410.797"
"9","55.0","33.808","410.096"
"9","56.0","33.804","409.393"
"9","57.0","33.8","408.685"
"9","58.0","33.795","407.989"
"9","59.0","33.79","407.304"
"9","60.0","33.785","406.611"
"9","61.0","33.781","405.91"
"9","62.0","33.776","405.249"
"9","63.0","33.771","404.575"
"9","64.0","33.766","403.891"
"9","65.0","33.761","403.2"
"9","66.0","33.755","402.503"
"9","67.0","33.75","401.797"
"9","68.0","33.745","401.086"
"9","69.0","33.74","400.378"
"9","70.0","33.734","399.665"
"9","71.0","33.729","398.945"
"9_sec8_0","0.0","32.844","0.0"
"9_sec8_0","1.0","32.879","209.565"
"9_sec8_0","2.0","32.95","250.934"
"9_sec8_0","3.0","33.013","259.477"
"9_sec8_0","4.0","33.069","265.474"
"9_sec8_0","5.0","33.135","267.84"
"9_sec8_0","6.0","33.203","271.174"
"9_sec8_0","7.0","33.267","275.404"
"9_sec8_0","8.0","33.326","279.809"
"9_sec8_0","9.0","33.381","283.565"
"9_sec8_0","10.0","33.429","287.734"
"9_sec8_0","11.0","33.473","292.095"
"9_sec8_0","12.0","33.513","295.726"
"9_sec8_0","13.0","33.548","298.813"
"9_sec8_0","14.0","33.581","301.662"
"9_sec8_0","15.0","33.61","304.395"
"9_sec8_0","16.0","33.636","306.773"
"9_sec8_0","17.0","33.66","309.124"
"9_sec8_0","18.0","33.683","311.211"
"9_sec8_0","19.0","33.703","312.854"
"9_sec8_0","20.0","33.721","314.297"
"9_sec8_0","21.0","33.737","315.575"
"9_sec8_0","22.0","33.751","316.679"
"9_sec8_0","23.0","33.764","317.676"
"9_sec8_0","24.0","33.776","318.645"
"9_sec8_0","25.0","33.787","319.519"
"9_sec8_0","26.0","33.797","320.288"
"9_sec8_0","27.0","33.806","320.974"
"9_sec8_0","28.0","33.814","321.656"
"9_sec8_0","29.0","33.821","322.226"
"9_sec8_0","30.0","33.827","322.702"
"9_sec8_0","31.0","33.832","323.095"
"9_sec8_0","32.0","33.837","323.399"
"9_sec8_0","33.0","33.841","323.635"
"9_sec8_0","34.0","33.844","323.794"
"9_sec8_0","35.0","33.846","323.887"
"9_sec8_0","36.0","33.848","323.91"
"9_sec8_0","37.0","33.85","323.871"
"9_sec8_0","38.0","33.851","323.773"
"9_sec8_0","39.0","33.851","323.615"
"9_sec8_0","40.0","33.851","323.406"
"9_sec8_0","41.0","33.85","323.14"
"9_sec8_0","42.0","33.849","322.828"
"9_sec8_0","43.0","33.848","322.466"
"9_sec8_0","44.0","33.846","322.063"
"9_sec8_0","45.0","33.844","321.614"
"9_sec8_0","46.0","33.841","321.127"
"9_sec8_0","47.0","33.838","320.596"
"9_sec8_0","48.0","33.835","320.089"
"9_sec8_0","49.0","33.832","319.61"
"9_sec8_0","50.0","33.828","319.139"
"9_sec8_0","51.0","33.824","318.671"
"9_sec8_0","52.0","33.82","318.203"
"9_sec8_0","53.0","33.816","317.735"
"9_sec8_0","54.0","33.812","317.264"
"9_sec8_0","55.0","33.808","316.789"
"9_sec8_0","56.0","33.804","316.313"
"9_sec8_0","57.0","33.8","315.834"
"9_sec8_0","58.0","33.795","315.382"
"9_sec8_0","59.0","33.79","314.95"
"9_sec8_0","60.0","33.785","314.511"
"9_sec8_0","61.0","33.781","314.066"
"9_sec8_0","62.0","33.776","313.65"
"9_sec8_0","63.0","33.771","313.224"
"9_sec8_0","64.0","33.766","312.791"
"9_sec8_0","65.0","33.761","312.354"
"9_sec8_0","66.0","33.755","311.913"
"9_sec8_0","67.0","33.75","311.466"
"9_sec8_0","68.0","33.745","311.015"
"9_sec8_0","69.0","33.74","310.577"
"9_sec8_0","70.0","33.734","310.136"
"9_sec8_0","71.0","33.729","309.689"
"92","0.0","32.818","0.0"
"92","1.0","32.813","214.257"
"92","2.0","32.911","250.027"
"92","3.0","32.976","257.957"
"92","4.0","33.031","263.503"
"92","5.0","33.097","265.574"
"92","6.0","33.164","268.877"
"92","7.0","33.228","273.115"
"92","8.0","33.286","277.558"
"92","9.0","33.339","281.456"
"92","10.0","33.386","285.738"
"92","11.0","33.429","290.229"
"92","12.0","33.468","293.974"
"92","13.0","33.504","297.186"
"92","14.0","33.536","300.168"
"92","15.0","33.564","303.007"
"92","16.0","33.59","305.487"
"92","17.0","33.614","307.903"
"92","18.0","33.636","310.063"
"92","19.0","33.656","311.825"
"92","20.0","33.673","313.36"
"92","21.0","33.689","314.718"
"92","22.0","33.704","315.897"
"92","23.0","33.717","316.969"
"92","24.0","33.729","317.992"
"92","25.0","33.739","318.916"
"92","26.0","33.749","319.739"
"92","27.0","33.758","320.484"
"92","28.0","33.766","321.222"
"92","29.0","33.773","321.838"
"92","30.0","33.779","322.362"
"92","31.0","33.784","322.797"
"92","32.0","33.789","323.147"
"92","33.0","33.793","323.419"
"92","34.0","33.796","323.619"
"92","35.0","33.798","323.745"
"92","36.0","33.8","323.806"
"92","37.0","33.802","323.8"
"92","38.0","33.803","323.732"
"92","39.0","33.803","323.607"
"92","40.0","33.803","323.423"
"92","41.0","33.803","323.188"
"92","42.0","33.802","322.899"
"92","43.0","33.8","322.565"
"92","44.0","33.799","322.183"
"92","45.0","33.796","321.76"
"92","46.0","33.794","321.293"
"92","47.0","33.791","320.786"
"92","48.0","33.788","320.289"
"92","49.0","33.784","319.82"
"92","50.0","33.781","319.357"
"92","51.0","33.777","318.896"
"92","52.0","33.774","318.435"
"92","53.0","33.77","317.973"
"92","54.0","33.766","317.508"
"92","55.0","33.761","317.039"
"92","56.0","33.757","316.568"
"92","57.0","33.753","316.093"
"92","58.0","33.748","315.652"
"92","59.0","33.744","315.226"
"92","60.0","33.739","314.792"
"92","61.0","33.734","314.352"
"92","62.0","33.729","313.935"
"92","63.0","33.724","313.511"
"92","64.0","33.719","313.081"
"92","65.0","33.714","312.646"
"92","66.0","33.709","312.207"
"92","67.0","33.704","311.763"
"92","68.0","33.699","311.313"
"92","69.0","33.694","310.879"
"92","70.0","33.688","310.439"
"92","71.0","33.683","309.993"
"93","0.0","32.794","0.0"
"93","1.0","32.787","199.347"
"93","2.0","32.879","246.99"
"93","3.0","32.944","256.149"
"93","4.0","33.0","261.226"
"93","5.0","33.067","263.086"
"93","6.0","33.135","266.497"
"93","7.0","33.198","270.892"
"93","8.0","33.256","275.473"
"93","9.0","33.31","279.594"
"93","10.0","33.357","284.051"
"93","11.0","33.4","288.693"
"93","12.0","33.439","292.572"
"93","13.0","33.474","295.911"
"93","14.0","33.506","299.028"
"93","15.0","33.535","301.967"
"93","16.0","33.561","304.544"
"93","17.0","33.585","307.023"
"93","18.0","33.607","309.25"
"93","19.0","33.627","311.101"
"93","20.0","33.645","312.71"
"93","21.0","33.661","314.129"
"93","22.0","33.675","315.366"
"93","23.0","33.688","316.493"
"93","24.0","33.7","317.551"
"93","25.0","33.711","318.516"
"93","26.0","33.721","319.374"
"93","27.0","33.73","320.165"
"93","28.0","33.737","320.936"
"93","29.0","33.744","321.588"
"93","30.0","33.75","322.139"
"93","31.0","33.756","322.606"
"93","32.0","33.76","322.981"
"93","33.0","33.764","323.282"
"93","34.0","33.767","323.504"
"93","35.0","33.77","323.656"
"93","36.0","33.772","323.736"
"93","37.0","33.774","323.752"
"93","38.0","33.775","323.706"
"93","39.0","33.775","323.597"
"93","40.0","33.775","323.435"
"93","41.0","33.775","323.215"
"93","42.0","33.774","322.945"
"93","43.0","33.772","322.625"
"93","44.0","33.771","322.262"
"93","45.0","33.768","321.851"
"93","46.0","33.766","321.4"
"93","47.0","33.763","320.905"
"93","48.0","33.76","320.415"
"93","49.0","33.757","319.951"
"93","50.0","33.753","319.494"
"93","51.0","33.749","319.04"
"93","52.0","33.746","318.584"
"93","53.0","33.742","318.126"
"93","54.0","33.738","317.666"
"93","55.0","33.734","317.2"
"93","56.0","33.729","316.733"
"93","57.0","33.725","316.262"
"93","58.0","33.721","315.83"
"93","59.0","33.716","315.408"
"93","60.0","33.711","314.977"
"93","61.0","33.706","314.54"
"93","62.0","33.701","314.125"
"93","63.0","33.697","313.702"
"93","64.0","33.692","313.275"
"93","65.0","33.686","312.842"
"93","66.0","33.681","312.405"
"93","67.0","33.676","311.962"
"93","68.0","33.671","311.516"
"93","69.0","33.666","311.085"
"93","70.0","33.66","310.648"
"93","71.0","33.655","310.205"
"94","0.0","32.752","0.0"
"94","1.0","32.764","181.089"
"94","2.0","32.827","240.592"
"94","3.0","32.889","252.831"
"94","4.0","32.946","257.0"
"94","5.0","33.014","258.457"
"94","6.0","33.083","262.058"
"94","7.0","33.147","266.788"
"94","8.0","33.206","271.625"
"94","9.0","33.259","276.17"
"94","10.0","33.306","280.981"
"94","11.0","33.349","285.885"
"94","12.0","33.388","290.004"
"94","13.0","33.423","293.575"
"94","14.0","33.455","296.951"
"94","15.0","33.484","300.07"
"94","16.0","33.509","302.83"
"94","17.0","33.533","305.424"
"94","18.0","33.555","307.772"
"94","19.0","33.575","309.78"
"94","20.0","33.593","311.523"
"94","21.0","33.61","313.053"
"94","22.0","33.624","314.397"
"94","23.0","33.638","315.622"
"94","24.0","33.65","316.753"
"94","25.0","33.661","317.784"
"94","26.0","33.671","318.712"
"94","27.0","33.679","319.582"
"94","28.0","33.687","320.421"
"94","29.0","33.694","321.129"
"94","30.0","33.7","321.739"
"94","31.0","33.706","322.255"
"94","32.0","33.71","322.683"
"94","33.0","33.714","323.027"
"94","34.0","33.718","323.297"
"94","35.0","33.72","323.488"
"94","36.0","33.722","323.611"
"94","37.0","33.724","323.665"
"94","38.0","33.725","323.653"
"94","39.0","33.725","323.582"
"94","40.0","33.725","323.449"
"94","41.0","33.725","323.264"
"94","42.0","33.724","323.021"
"94","43.0","33.723","322.733"
"94","44.0","33.721","322.395"
"94","45.0","33.719","322.014"
"94","46.0","33.717","321.586"
"94","47.0","33.714","321.119"
"94","48.0","33.711","320.644"
"94","49.0","33.707","320.192"
"94","50.0","33.704","319.745"
"94","51.0","33.7","319.301"
"94","52.0","33.696","318.854"
"94","53.0","33.693","318.405"
"94","54.0","33.689","317.953"
"94","55.0","33.684","317.496"
"94","56.0","33.68","317.035"
"94","57.0","33.676","316.571"
"94","58.0","33.671","316.155"
"94","59.0","33.667","315.742"
"94","60.0","33.662","315.318"
"94","61.0","33.657","314.887"
"94","62.0","33.652","314.473"
"94","63.0","33.647","314.054"
"94","64.0","33.642","313.631"
"94","65.0","33.637","313.202"
"94","66.0","33.631","312.769"
"94","67.0","33.626","312.331"
"94","68.0","33.621","311.889"
"94","69.0","33.616","311.464"
"94","70.0","33.61","311.031"
"94","71.0","33.605","310.59"
"95","0.0","32.69","0.0"
"95","1.0","32.676","189.096"
"95","2.0","32.757","234.428"
"95","3.0","32.809","249.016"
"95","4.0","32.867","251.812"
"95","5.0","32.938","252.873"
"95","6.0","33.008","256.655"
"95","7.0","33.072","261.779"
"95","8.0","33.131","266.857"
"95","9.0","33.184","271.922"
"95","10.0","33.231","277.164"
"95","11.0","33.273","282.312"
"95","12.0","33.311","286.687"
"95","13.0","33.346","290.505"
"95","14.0","33.378","294.202"
"95","15.0","33.406","297.532"
"95","16.0","33.432","300.495"
"95","17.0","33.456","303.223"
"95","18.0","33.478","305.7"
"95","19.0","33.499","307.915"
"95","20.0","33.517","309.84"
"95","21.0","33.534","311.523"
"95","22.0","33.549","313.017"
"95","23.0","33.563","314.378"
"95","24.0","33.575","315.607"
"95","25.0","33.586","316.739"
"95","26.0","33.596","317.758"
"95","27.0","33.606","318.753"
"95","28.0","33.614","319.679"
"95","29.0","33.621","320.474"
"95","30.0","33.627","321.16"
"95","31.0","33.632","321.753"
"95","32.0","33.637","322.249"
"95","33.0","33.641","322.664"
"95","34.0","33.645","322.993"
"95","35.0","33.647","323.248"
"95","36.0","33.65","323.425"
"95","37.0","33.651","323.534"
"95","38.0","33.652","323.576"
"95","39.0","33.653","323.552"
"95","40.0","33.653","323.469"
"95","41.0","33.652","323.326"
"95","42.0","33.652","323.13"
"95","43.0","33.65","322.881"
"95","44.0","33.649","322.585"
"95","45.0","33.647","322.24"
"95","46.0","33.644","321.852"
"95","47.0","33.641","321.418"
"95","48.0","33.638","320.965"
"95","49.0","33.635","320.53"
"95","50.0","33.631","320.1"
"95","51.0","33.628","319.67"
"95","52.0","33.624","319.238"
"95","53.0","33.62","318.802"
"95","54.0","33.616","318.362"
"95","55.0","33.612","317.915"
"95","56.0","33.607","317.465"
"95","57.0","33.603","317.01"
"95","58.0","33.598","316.622"
"95","59.0","33.593","316.219"
"95","60.0","33.588","315.805"
"95","61.0","33.583","315.383"
"95","62.0","33.578","314.971"
"95","63.0","33.573","314.558"
"95","64.0","33.568","314.14"
"95","65.0","33.562","313.717"
"95","66.0","33.557","313.289"
"95","67.0","33.551","312.855"
"95","68.0","33.546","312.424"
"95","69.0","33.54","312.006"
"95","70.0","33.535","311.577"
"95","71.0","33.529","311.142"
"96","0.0","32.633","0.0"
"96","1.0","32.64","203.703"
"96","2.0","32.688","232.662"
"96","3.0","32.735","246.038"
"96","4.0","32.797","247.093"
"96","5.0","32.869","247.561"
"96","6.0","32.939","251.473"
"96","7.0","33.003","256.973"
"96","8.0","33.06","262.325"
"96","9.0","33.111","267.906"
"96","10.0","33.154","273.596"
"96","11.0","33.193","278.96"
"96","12.0","33.228","283.585"
"96","13.0","33.261","287.635"
"96","14.0","33.291","291.592"
"96","15.0","33.318","295.119"
"96","16.0","33.344","298.254"
"96","17.0","33.367","301.123"
"96","18.0","33.389","303.728"
"96","19.0","33.41","306.138"
"96","20.0","33.428","308.236"
"96","21.0","33.445","310.065"
"96","22.0","33.46","311.71"
"96","23.0","33.474","313.196"
"96","24.0","33.486","314.528"
"96","25.0","33.497","315.751"
"96","26.0","33.508","316.862"
"96","27.0","33.517","317.96"
"96","28.0","33.525","318.974"
"96","29.0","33.532","319.847"
"96","30.0","33.539","320.61"
"96","31.0","33.545","321.272"
"96","32.0","33.55","321.838"
"96","33.0","33.554","322.313"
"96","34.0","33.557","322.705"
"96","35.0","33.56","323.014"
"96","36.0","33.563","323.248"
"96","37.0","33.564","323.408"
"96","38.0","33.565","323.497"
"96","39.0","33.566","323.522"
"96","40.0","33.566","323.481"
"96","41.0","33.566","323.383"
"96","42.0","33.565","323.225"
"96","43.0","33.564","323.019"
"96","44.0","33.562","322.758"
"96","45.0","33.56","322.452"
"96","46.0","33.557","322.096"
"96","47.0","33.554","321.698"
"96","48.0","33.551","321.27"
"96","49.0","33.548","320.854"
"96","50.0","33.544","320.44"
"96","51.0","33.54","320.025"
"96","52.0","33.536","319.607"
"96","53.0","33.532","319.183"
"96","54.0","33.528","318.756"
"96","55.0","33.523","318.321"
"96","56.0","33.519","317.88"
"96","57.0","33.514","317.435"
"96","58.0","33.509","317.067"
"96","59.0","33.504","316.675"
"96","60.0","33.499","316.271"
"96","61.0","33.494","315.858"
"96","62.0","33.489","315.449"
"96","63.0","33.484","315.041"
"96","64.0","33.478","314.629"
"96","65.0","33.473","314.212"
"96","66.0","33.468","313.789"
"96","67.0","33.462","313.361"
"96","68.0","33.457","312.941"
"96","69.0","33.451","312.529"
"96","70.0","33.445","312.105"
"96","71.0","33.439","311.675"
"97","0.0","32.581","0.0"
"97","1.0","32.634","217.939"
"97","2.0","32.622","229.49"
"97","3.0","32.671","243.326"
"97","4.0","32.735","243.13"
"97","5.0","32.81","243.178"
"97","6.0","32.88","247.299"
"97","7.0","32.943","253.177"
"97","8.0","32.998","258.802"
"97","9.0","33.045","264.657"
"97","10.0","33.084","270.61"
"97","11.0","33.119","276.053"
"97","12.0","33.151","280.813"
"97","13.0","33.18","284.999"
"97","14.0","33.207","289.036"
"97","15.0","33.232","292.703"
"97","16.0","33.256","295.951"
"97","17.0","33.278","298.915"
"97","18.0","33.298","301.62"
"97","19.0","33.317","304.199"
"97","20.0","33.334","306.455"
"97","21.0","33.349","308.423"
"97","22.0","33.363","310.203"
"97","23.0","33.376","311.819"
"97","24.0","33.387","313.253"
"97","25.0","33.398","314.578"
"97","26.0","33.408","315.785"
"97","27.0","33.417","316.969"
"97","28.0","33.425","318.083"
"97","29.0","33.432","319.058"
"97","30.0","33.438","319.913"
"97","31.0","33.444","320.667"
"97","32.0","33.449","321.315"
"97","33.0","33.453","321.872"
"97","34.0","33.457","322.337"
"97","35.0","33.46","322.72"
"97","36.0","33.462","323.02"
"97","37.0","33.463","323.244"
"97","38.0","33.465","323.397"
"97","39.0","33.465","323.479"
"97","40.0","33.465","323.497"
"97","41.0","33.465","323.449"
"97","42.0","33.464","323.346"
"97","43.0","33.463","323.187"
"97","44.0","33.461","322.977"
"97","45.0","33.459","322.714"
"97","46.0","33.457","322.405"
"97","47.0","33.454","322.046"
"97","48.0","33.451","321.653"
"97","49.0","33.447","321.26"
"97","50.0","33.444","320.869"
"97","51.0","33.44","320.474"
"97","52.0","33.436","320.074"
"97","53.0","33.432","319.668"
"97","54.0","33.427","319.256"
"97","55.0","33.423","318.835"
"97","56.0","33.418","318.409"
"97","57.0","33.413","317.976"
"97","58.0","33.409","317.608"
"97","59.0","33.404","317.229"
"97","60.0","33.399","316.834"
"97","61.0","33.394","316.428"
"97","62.0","33.389","316.023"
"97","63.0","33.384","315.62"
"97","64.0","33.379","315.212"
"97","65.0","33.374","314.799"
"97","66.0","33.368","314.38"
"97","67.0","33.363","313.955"
"97","68.0","33.358","313.54"
"97","69.0","33.352","313.133"
"97","70.0","33.347","312.712"
"97","71.0","33.341","312.284"
"98","0.0","32.556","0.0"
"98","1.0","32.588","218.788"
"98","2.0","32.595","225.796"
"98","3.0","32.64","241.348"
"98","4.0","32.706","240.402"
"98","5.0","32.781","240.343"
"98","6.0","32.851","244.62"
"98","7.0","32.913","250.745"
"98","8.0","32.968","256.676"
"98","9.0","33.013","262.846"
"98","10.0","33.052","269.049"
"98","11.0","33.086","274.589"
"98","12.0","33.117","279.444"
"98","13.0","33.145","283.72"
"98","14.0","33.171","287.783"
"98","15.0","33.195","291.525"
"98","16.0","33.218","294.833"
"98","17.0","33.239","297.847"
"98","18.0","33.259","300.61"
"98","19.0","33.277","303.274"
"98","20.0","33.294","305.604"
"98","21.0","33.309","307.641"
"98","22.0","33.322","309.477"
"98","23.0","33.335","311.155"
"98","24.0","33.346","312.644"
"98","25.0","33.357","314.015"
"98","26.0","33.366","315.274"
"98","27.0","33.375","316.482"
"98","28.0","33.383","317.648"
"98","29.0","33.39","318.668"
"98","30.0","33.396","319.571"
"98","31.0","33.402","320.365"
"98","32.0","33.406","321.057"
"98","33.0","33.41","321.65"
"98","34.0","33.414","322.155"
"98","35.0","33.417","322.571"
"98","36.0","33.419","322.907"
"98","37.0","33.42","323.164"
"98","38.0","33.422","323.346"
"98","39.0","33.422","323.459"
"98","40.0","33.422","323.502"
"98","41.0","33.422","323.484"
"98","42.0","33.421","323.405"
"98","43.0","33.42","323.273"
"98","44.0","33.418","323.085"
"98","45.0","33.416","322.848"
"98","46.0","33.414","322.558"
"98","47.0","33.411","322.222"
"98","48.0","33.408","321.846"
"98","49.0","33.404","321.466"
"98","50.0","33.401","321.085"
"98","51.0","33.397","320.701"
"98","52.0","33.393","320.31"
"98","53.0","33.389","319.912"
"98","54.0","33.385","319.507"
"98","55.0","33.38","319.094"
"98","56.0","33.376","318.673"
"98","57.0","33.371","318.246"
"98","58.0","33.366","317.873"
"98","59.0","33.362","317.499"
"98","60.0","33.357","317.109"
"98","61.0","33.352","316.708"
"98","62.0","33.347","316.304"
"98","63.0","33.342","315.904"
"98","64.0","33.337","315.498"
"98","65.0","33.332","315.087"
"98","66.0","33.326","314.671"
"98","67.0","33.321","314.248"
"98","68.0","33.316","313.832"
"98","69.0","33.31","313.426"
"98","70.0","33.305","313.007"
"98","71.0","33.3","312.58"
"99","0.0","32.512","0.0"
"99","1.0","32.517","215.122"
"99","2.0","32.551","223.952"
"99","3.0","32.588","238.809"
"99","4.0","32.658","236.353"
"99","5.0","32.735","236.63"
"99","6.0","32.804","241.231"
"99","7.0","32.866","247.722"
"99","8.0","32.919","254.056"
"99","9.0","32.963","260.646"
"99","10.0","33.0","267.149"
"99","11.0","33.033","272.849"
"99","12.0","33.062","277.853"
"99","13.0","33.089","282.256"
"99","14.0","33.115","286.368"
"99","15.0","33.138","290.217"
"99","16.0","33.16","293.605"
"99","17.0","33.181","296.69"
"99","18.0","33.2","299.525"
"99","19.0","33.218","302.293"
"99","20.0","33.234","304.713"
"99","21.0","33.249","306.827"
"99","22.0","33.262","308.724"
"99","23.0","33.274","310.469"
"99","24.0","33.286","312.016"
"99","25.0","33.296","313.443"
"99","26.0","33.305","314.75"
"99","27.0","33.313","315.994"
"99","28.0","33.321","317.209"
"99","29.0","33.328","318.28"
"99","30.0","33.334","319.226"
"99","31.0","33.34","320.067"
"99","32.0","33.344","320.799"
"99","33.0","33.348","321.433"
"99","34.0","33.352","321.973"
"99","35.0","33.354","322.426"
"99","36.0","33.356","322.794"
"99","37.0","33.358","323.083"
"99","38.0","33.359","323.297"
"99","39.0","33.36","323.437"
"99","40.0","33.36","323.511"
"99","41.0","33.359","323.517"
"99","42.0","33.359","323.465"
"99","43.0","33.357","323.356"
"99","44.0","33.356","323.195"
"99","45.0","33.354","322.978"
"99","46.0","33.351","322.712"
"99","47.0","33.349","322.395"
"99","48.0","33.345","322.037"
"99","49.0","33.342","321.671"
"99","50.0","33.339","321.302"
"99","51.0","33.335","320.928"
"99","52.0","33.331","320.547"
"99","53.0","33.327","320.158"
"99","54.0","33.322","319.761"
"99","55.0","33.318","319.356"
"99","56.0","33.314","318.943"
"99","57.0","33.309","318.522"
"99","58.0","33.304","318.146"
"99","59.0","33.299","317.778"
"99","60.0","33.295","317.393"
"99","61.0","33.29","316.997"
"99","62.0","33.285","316.597"
"99","63.0","33.28","316.199"
"99","64.0","33.275","315.797"
"99","65.0","33.269","315.39"
"99","66.0","33.264","314.976"
"99","67.0","33.259","314.556"
"99","68.0","33.253","314.139"
"99","69.0","33.248","313.736"
"99","70.0","33.243","313.32"
"99","71.0","33.237","312.896"
"100","0.0","32.452","0.0"
"100","1.0","32.469","206.126"
"100","2.0","32.485","221.769"
"100","3.0","32.515","236.078"
"100","4.0","32.592","231.607"
"100","5.0","32.671","232.49"
"100","6.0","32.741","237.555"
"100","7.0","32.802","244.489"
"100","8.0","32.854","251.295"
"100","9.0","32.896","258.36"
"100","10.0","32.931","265.162"
"100","11.0","32.962","271.037"
"100","12.0","32.991","276.189"
"100","13.0","33.016","280.718"
"100","14.0","33.041","284.883"
"100","15.0","33.063","288.834"
"100","16.0","33.085","292.299"
"100","17.0","33.105","295.456"
"100","18.0","33.124","298.366"
"100","19.0","33.141","301.252"
"100","20.0","33.157","303.76"
"100","21.0","33.171","305.955"
"100","22.0","33.184","307.919"
"100","23.0","33.196","309.737"
"100","24.0","33.207","311.348"
"100","25.0","33.217","312.83"
"100","26.0","33.226","314.196"
"100","27.0","33.234","315.476"
"100","28.0","33.241","316.746"
"100","29.0","33.248","317.866"
"100","30.0","33.254","318.864"
"100","31.0","33.259","319.749"
"100","32.0","33.264","320.528"
"100","33.0","33.268","321.202"
"100","34.0","33.271","321.784"
"100","35.0","33.273","322.273"
"100","36.0","33.275","322.678"
"100","37.0","33.277","323.001"
"100","38.0","33.278","323.246"
"100","39.0","33.278","323.419"
"100","40.0","33.279","323.52"
"100","41.0","33.278","323.557"
"100","42.0","33.277","323.531"
"100","43.0","33.276","323.451"
"100","44.0","33.274","323.312"
"100","45.0","33.272","323.122"
"100","46.0","33.27","322.877"
"100","47.0","33.267","322.585"
"100","48.0","33.264","322.246"
"100","49.0","33.261","321.896"
"100","50.0","33.257","321.54"
"100","51.0","33.253","321.178"
"100","52.0","33.25","320.808"
"100","53.0","33.245","320.429"
"100","54.0","33.241","320.041"
"100","55.0","33.237","319.645"
"100","56.0","33.232","319.239"
"100","57.0","33.227","318.826"
"100","58.0","33.223","318.447"
"100","59.0","33.218","318.086"
"100","60.0","33.213","317.707"
"100","61.0","33.208","317.317"
"100","62.0","33.203","316.92"
"100","63.0","33.198","316.526"
"100","64.0","33.193","316.128"
"100","65.0","33.187","315.724"
"100","66.0","33.182","315.313"
"100","67.0","33.177","314.897"
"100","68.0","33.171","314.478"
"100","69.0","33.166","314.079"
"100","70.0","33.16","313.666"
"100","71.0","33.155","313.245"
"101","0.0","32.406","0.0"
"101","1.0","32.426","203.972"
"101","2.0","32.433","218.83"
"101","3.0","32.463","232.33"
"101","4.0","32.545","226.091"
"101","5.0","32.625","227.521"
"101","6.0","32.694","233.202"
"101","7.0","32.752","240.729"
"101","8.0","32.802","248.17"
"101","9.0","32.841","255.839"
"101","10.0","32.874","262.991"
"101","11.0","32.903","269.066"
"101","12.0","32.929","274.385"
"101","13.0","32.953","279.055"
"101","14.0","32.975","283.289"
"101","15.0","32.996","287.355"
"101","16.0","33.016","290.898"
"101","17.0","33.035","294.132"
"101","18.0","33.053","297.125"
"101","19.0","33.069","300.12"
"101","20.0","33.084","302.723"
"101","21.0","33.098","305.007"
"101","22.0","33.111","307.045"
"101","23.0","33.123","308.941"
"101","24.0","33.134","310.618"
"101","25.0","33.143","312.165"
"101","26.0","33.152","313.591"
"101","27.0","33.16","314.919"
"101","28.0","33.168","316.244"
"101","29.0","33.174","317.422"
"101","30.0","33.18","318.472"
"101","31.0","33.185","319.411"
"101","32.0","33.189","320.235"
"101","33.0","33.193","320.957"
"101","34.0","33.196","321.579"
"101","35.0","33.199","322.111"
"101","36.0","33.201","322.553"
"101","37.0","33.202","322.913"
"101","38.0","33.203","323.195"
"101","39.0","33.203","323.399"
"101","40.0","33.203","323.534"
"101","41.0","33.203","323.599"
"101","42.0","33.202","323.606"
"101","43.0","33.201","323.553"
"101","44.0","33.199","323.444"
"101","45.0","33.197","323.278"
"101","46.0","33.195","323.061"
"101","47.0","33.192","322.792"
"101","48.0","33.189","322.475"
"101","49.0","33.186","322.142"
"101","50.0","33.182","321.803"
"101","51.0","33.178","321.454"
"101","52.0","33.174","321.097"
"101","53.0","33.17","320.729"
"101","54.0","33.166","320.352"
"101","55.0","33.161","319.965"
"101","56.0","33.156","319.569"
"101","57.0","33.152","319.164"
"101","58.0","33.147","318.786"
"101","59.0","33.142","318.432"
"101","60.0","33.137","318.06"
"101","61.0","33.132","317.675"
"101","62.0","33.127","317.284"
"101","63.0","33.121","316.894"
"101","64.0","33.116","316.5"
"101","65.0","33.111","316.1"
"101","66.0","33.105","315.694"
"101","67.0","33.1","315.28"
"101","68.0","33.094","314.863"
"101","69.0","33.089","314.467"
"101","70.0","33.083","314.057"
"101","71.0","33.077","313.639"
"102","0.0","32.377","0.0"
"102","1.0","32.392","222.951"
"102","2.0","32.399","220.97"
"102","3.0","32.432","229.735"
"102","4.0","32.517","222.779"
"102","5.0","32.597","224.603"
"102","6.0","32.666","230.687"
"102","7.0","32.724","238.582"
"102","8.0","32.773","246.369"
"102","9.0","32.81","254.363"
"102","10.0","32.841","261.692"
"102","11.0","32.869","267.857"
"102","12.0","32.894","273.254"
"102","13.0","32.917","277.993"
"102","14.0","32.939","282.262"
"102","15.0","32.959","286.381"
"102","16.0","32.978","289.962"
"102","17.0","32.996","293.235"
"102","18.0","33.013","296.276"
"102","19.0","33.029","299.317"
"102","20.0","33.044","301.984"
"102","21.0","33.058","304.33"
"102","22.0","33.071","306.424"
"102","23.0","33.082","308.371"
"102","24.0","33.093","310.1"
"102","25.0","33.103","311.692"
"102","26.0","33.112","313.165"
"102","27.0","33.119","314.525"
"102","28.0","33.127","315.893"
"102","29.0","33.133","317.108"
"102","30.0","33.139","318.199"
"102","31.0","33.144","319.171"
"102","32.0","33.148","320.032"
"102","33.0","33.152","320.784"
"102","34.0","33.155","321.439"
"102","35.0","33.157","321.998"
"102","36.0","33.159","322.469"
"102","37.0","33.161","322.855"
"102","38.0","33.161","323.16"
"102","39.0","33.162","323.39"
"102","40.0","33.162","323.546"
"102","41.0","33.161","323.634"
"102","42.0","33.16","323.661"
"102","43.0","33.159","323.631"
"102","44.0","33.157","323.541"
"102","45.0","33.155","323.396"
"102","46.0","33.153","323.195"
"102","47.0","33.15","322.943"
"102","48.0","33.147","322.643"
"102","49.0","33.144","322.324"
"102","50.0","33.14","321.996"
"102","51.0","33.136","321.657"
"102","52.0","33.132","321.309"
"102","53.0","33.128","320.95"
"102","54.0","33.123","320.581"
"102","55.0","33.119","320.202"
"102","56.0","33.114","319.811"
"102","57.0","33.109","319.412"
"102","58.0","33.104","319.037"
"102","59.0","33.099","318.687"
"102","60.0","33.094","318.32"
"102","61.0","33.089","317.941"
"102","62.0","33.084","317.552"
"102","63.0","33.079","317.165"
"102","64.0","33.073","316.775"
"102","65.0","33.068","316.378"
"102","66.0","33.062","315.974"
"102","67.0","33.057","315.565"
"102","68.0","33.051","315.147"
"102","69.0","33.045","314.753"
"102","70.0","33.04","314.345"
"102","71.0","33.034","313.93"
"103","0.0","32.302","0.0"
"103","1.0","32.322","230.206"
"103","2.0","32.314","223.078"
"103","3.0","32.355","221.116"
"103","4.0","32.45","213.271"
"103","5.0","32.532","217.049"
"103","6.0","32.601","224.382"
"103","7.0","32.657","233.23"
"103","8.0","32.703","242.144"
"103","9.0","32.739","251.082"
"103","10.0","32.767","258.861"
"103","11.0","32.793","265.28"
"103","12.0","32.816","270.878"
"103","13.0","32.838","275.787"
"103","14.0","32.859","280.175"
"103","15.0","32.878","284.416"
"103","16.0","32.896","288.089"
"103","17.0","32.914","291.462"
"103","18.0","32.93","294.609"
"103","19.0","32.946","297.731"
"103","20.0","32.961","300.522"
"103","21.0","32.974","302.987"
"103","22.0","32.986","305.192"
"103","23.0","32.998","307.239"
"103","24.0","33.008","309.064"
"103","25.0","33.017","310.749"
"103","26.0","33.026","312.31"
"103","27.0","33.034","313.748"
"103","28.0","33.041","315.193"
"103","29.0","33.047","316.488"
"103","30.0","33.052","317.655"
"103","31.0","33.057","318.701"
"103","32.0","33.061","319.629"
"103","33.0","33.065","320.447"
"103","34.0","33.068","321.16"
"103","35.0","33.07","321.779"
"103","36.0","33.072","322.304"
"103","37.0","33.073","322.742"
"103","38.0","33.074","323.099"
"103","39.0","33.074","323.375"
"103","40.0","33.074","323.578"
"103","41.0","33.073","323.708"
"103","42.0","33.072","323.781"
"103","43.0","33.071","323.791"
"103","44.0","33.069","323.742"
"103","45.0","33.067","323.633"
"103","46.0","33.064","323.471"
"103","47.0","33.061","323.254"
"103","48.0","33.058","322.987"
"103","49.0","33.055","322.695"
"103","50.0","33.051","322.392"
"103","51.0","33.047","322.075"
"103","52.0","33.043","321.746"
"103","53.0","33.038","321.404"
"103","54.0","33.034","321.052"
"103","55.0","33.029","320.686"
"103","56.0","33.024","320.31"
"103","57.0","33.019","319.924"
"103","58.0","33.014","319.556"
"103","59.0","33.009","319.215"
"103","60.0","33.004","318.857"
"103","61.0","32.999","318.486"
"103","62.0","32.993","318.107"
"103","63.0","32.988","317.727"
"103","64.0","32.982","317.343"
"103","65.0","32.976","316.953"
"103","66.0","32.971","316.556"
"103","67.0","32.965","316.15"
"103","68.0","32.959","315.738"
"103","69.0","32.953","315.347"
"103","70.0","32.947","314.944"
"103","71.0","32.941","314.534"
"104","0.0","32.302","0.0"
"104","1.0","32.325","201.53"
"104","2.0","32.315","219.723"
"104","3.0","32.355","217.115"
"104","4.0","32.45","209.171"
"104","5.0","32.532","213.844"
"104","6.0","32.6","221.709"
"104","7.0","32.657","230.921"
"104","8.0","32.703","240.332"
"104","9.0","32.739","249.692"
"104","10.0","32.767","257.652"
"104","11.0","32.793","264.178"
"104","12.0","32.817","269.855"
"104","13.0","32.839","274.832"
"104","14.0","32.859","279.275"
"104","15.0","32.878","283.563"
"104","16.0","32.897","287.274"
"104","17.0","32.914","290.686"
"104","18.0","32.931","293.88"
"104","19.0","32.947","297.035"
"104","20.0","32.961","299.878"
"104","21.0","32.975","302.395"
"104","22.0","32.987","304.65"
"104","23.0","32.998","306.743"
"104","24.0","33.009","308.611"
"104","25.0","33.018","310.335"
"104","26.0","33.027","311.938"
"104","27.0","33.034","313.411"
"104","28.0","33.041","314.89"
"104","29.0","33.048","316.218"
"104","30.0","33.053","317.421"
"104","31.0","33.058","318.497"
"104","32.0","33.062","319.456"
"104","33.0","33.066","320.301"
"104","34.0","33.068","321.043"
"104","35.0","33.071","321.686"
"104","36.0","33.073","322.236"
"104","37.0","33.074","322.698"
"104","38.0","33.075","323.075"
"104","39.0","33.075","323.373"
"104","40.0","33.075","323.595"
"104","41.0","33.074","323.746"
"104","42.0","33.073","323.837"
"104","43.0","33.072","323.867"
"104","44.0","33.07","323.834"
"104","45.0","33.068","323.744"
"104","46.0","33.065","323.596"
"104","47.0","33.062","323.394"
"104","48.0","33.059","323.142"
"104","49.0","33.056","322.865"
"104","50.0","33.052","322.571"
"104","51.0","33.048","322.264"
"104","52.0","33.044","321.943"
"104","53.0","33.039","321.61"
"104","54.0","33.035","321.265"
"104","55.0","33.03","320.908"
"104","56.0","33.025","320.536"
"104","57.0","33.02","320.156"
"104","58.0","33.015","319.791"
"104","59.0","33.01","319.454"
"104","60.0","33.005","319.101"
"104","61.0","32.999","318.736"
"104","62.0","32.994","318.359"
"104","63.0","32.989","317.982"
"104","64.0","32.983","317.601"
"104","65.0","32.977","317.214"
"104","66.0","32.972","316.819"
"104","67.0","32.966","316.418"
"104","68.0","32.96","316.006"
"104","69.0","32.954","315.617"
"104","70.0","32.948","315.215"
"104","71.0","32.942","314.808"
"10","0.0","32.298","0.0"
"10","1.0","32.312","156.957"
"10","2.0","32.314","206.843"
"10","3.0","32.353","198.227"
"10","4.0","32.447","189.225"
"10","5.0","32.53","197.737"
"10","6.0","32.598","208.46"
"10","7.0","32.654","219.574"
"10","8.0","32.7","231.442"
"10","9.0","32.735","242.894"
"10","10.0","32.764","251.749"
"10","11.0","32.79","258.793"
"10","12.0","32.813","264.865"
"10","13.0","32.835","270.167"
"10","14.0","32.856","274.877"
"10","15.0","32.875","279.383"
"10","16.0","32.893","283.285"
"10","17.0","32.911","286.886"
"10","18.0","32.927","290.295"
"10","19.0","32.943","293.616"
"10","20.0","32.958","296.718"
"10","21.0","32.971","299.485"
"10","22.0","32.983","301.978"
"10","23.0","32.995","304.283"
"10","24.0","33.005","306.363"
"10","25.0","33.014","308.286"
"10","26.0","33.023","310.084"
"10","27.0","33.031","311.744"
"10","28.0","33.038","313.378"
"10","29.0","33.044","314.877"
"10","30.0","33.049","316.247"
"10","31.0","33.054","317.481"
"10","32.0","33.058","318.588"
"10","33.0","33.062","319.574"
"10","34.0","33.065","320.449"
"10","35.0","33.067","321.219"
"10","36.0","33.069","321.889"
"10","37.0","33.07","322.465"
"10","38.0","33.071","322.952"
"10","39.0","33.071","323.354"
"10","40.0","33.071","323.676"
"10","41.0","33.07","323.922"
"10","42.0","33.069","324.112"
"10","43.0","33.068","324.233"
"10","44.0","33.066","324.289"
"10","45.0","33.064","324.281"
"10","46.0","33.061","324.214"
"10","47.0","33.059","324.09"
"10","48.0","33.055","323.912"
"10","49.0","33.052","323.696"
"10","50.0","33.048","323.459"
"10","51.0","33.044","323.199"
"10","52.0","33.04","322.922"
"10","53.0","33.035","322.628"
"10","54.0","33.031","322.319"
"10","55.0","33.026","321.993"
"10","56.0","33.021","321.654"
"10","57.0","33.016","321.302"
"10","58.0","33.011","320.956"
"10","59.0","33.006","320.638"
"10","60.0","33.001","320.306"
"10","61.0","32.995","319.959"
"10","62.0","32.99","319.602"
"10","63.0","32.984","319.241"
"10","64.0","32.979","318.875"
"10","65.0","32.973","318.501"
"10","66.0","32.967","318.118"
"10","67.0","32.962","317.727"
"10","68.0","32.956","317.329"
"10","69.0","32.95","316.944"
"10","70.0","32.944","316.552"
"10","71.0","32.938","316.154"
"9_sec9_0","0.0","32.844","0.0"
"9_sec9_0","1.0","32.879","62.376"
"9_sec9_0","2.0","32.95","66.797"
"9_sec9_0","3.0","33.013","70.108"
"9_sec9_0","4.0","33.069","73.009"
"9_sec9_0","5.0","33.135","76.322"
"9_sec9_0","6.0","33.203","78.599"
"9_sec9_0","7.0","33.267","80.343"
"9_sec9_0","8.0","33.326","82.035"
"9_sec9_0","9.0","33.381","83.656"
"9_sec9_0","10.0","33.429","85.155"
"9_sec9_0","11.0","33.473","86.712"
"9_sec9_0","12.0","33.513","88.007"
"9_sec9_0","13.0","33.548","89.018"
"9_sec9_0","14.0","33.581","89.862"
"9_sec9_0","15.0","33.61","90.524"
"9_sec9_0","16.0","33.636","91.106"
"9_sec9_0","17.0","33.66","91.647"
"9_sec9_0","18.0","33.683","92.15"
"9_sec9_0","19.0","33.703","92.623"
"9_sec9_0","20.0","33.721","93.193"
"9_sec9_0","21.0","33.737","93.725"
"9_sec9_0","22.0","33.751","94.217"
"9_sec9_0","23.0","33.764","94.634"
"9_sec9_0","24.0","33.776","95.045"
"9_sec9_0","25.0","33.787","95.418"
"9_sec9_0","26.0","33.797","95.753"
"9_sec9_0","27.0","33.806","96.036"
"9_sec9_0","28.0","33.814","96.246"
"9_sec9_0","29.0","33.821","96.425"
"9_sec9_0","30.0","33.827","96.573"
"9_sec9_0","31.0","33.832","96.686"
"9_sec9_0","32.0","33.837","96.78"
"9_sec9_0","33.0","33.841","96.834"
"9_sec9_0","34.0","33.844","96.862"
"9_sec9_0","35.0","33.846","96.86"
"9_sec9_0","36.0","33.848","96.835"
"9_sec9_0","37.0","33.85","96.784"
"9_sec9_0","38.0","33.851","96.707"
"9_sec9_0","39.0","33.851","96.61"
"9_sec9_0","40.0","33.851","96.489"
"9_sec9_0","41.0","33.85","96.349"
"9_sec9_0","42.0","33.849","96.187"
"9_sec9_0","43.0","33.848","96.008"
"9_sec9_0","44.0","33.846","95.808"
"9_sec9_0","45.0","33.844","95.593"
"9_sec9_0","46.0","33.841","95.358"
"9_sec9_0","47.0","33.838","95.11"
"9_sec9_0","48.0","33.835","94.87"
"9_sec9_0","49.0","33.832","94.642"
"9_sec9_0","50.0","33.828","94.424"
"9_sec9_0","51.0","33.824","94.203"
"9_sec9_0","52.0","33.82","93.981"
"9_sec9_0","53.0","33.816","93.758"
"9_sec9_0","54.0","33.812","93.533"
"9_sec9_0","55.0","33.808","93.307"
"9_sec9_0","56.0","33.804","93.08"
"9_sec9_0","57.0","33.8","92.851"
"9_sec9_0","58.0","33.795","92.607"
"9_sec9_0","59.0","33.79","92.354"
"9_sec9_0","60.0","33.785","92.1"
"9_sec9_0","61.0","33.781","91.844"
"9_sec9_0","62.0","33.776","91.599"
"9_sec9_0","63.0","33.771","91.351"
"9_sec9_0","64.0","33.766","91.1"
"9_sec9_0","65.0","33.761","90.846"
"9_sec9_0","66.0","33.755","90.59"
"9_sec9_0","67.0","33.75","90.331"
"9_sec9_0","68.0","33.745","90.071"
"9_sec9_0","69.0","33.74","89.801"
"9_sec9_0","70.0","33.734","89.529"
"9_sec9_0","71.0","33.729","89.255"
"11","0.0","32.802","0.0"
"11","1.0","32.824","60.942"
"11","2.0","32.891","66.383"
"11","3.0","32.952","69.434"
"11","4.0","33.006","72.111"
"11","5.0","33.071","75.25"
"11","6.0","33.141","77.515"
"11","7.0","33.208","79.309"
"11","8.0","33.27","81.06"
"11","9.0","33.326","82.766"
"11","10.0","33.376","84.335"
"11","11.0","33.422","85.965"
"11","12.0","33.463","87.318"
"11","13.0","33.5","88.393"
"11","14.0","33.534","89.298"
"11","15.0","33.564","90.006"
"11","16.0","33.591","90.63"
"11","17.0","33.616","91.198"
"11","18.0","33.639","91.732"
"11","19.0","33.66","92.253"
"11","20.0","33.678","92.857"
"11","21.0","33.694","93.419"
"11","22.0","33.709","93.939"
"11","23.0","33.722","94.386"
"11","24.0","33.734","94.811"
"11","25.0","33.745","95.207"
"11","26.0","33.755","95.557"
"11","27.0","33.764","95.864"
"11","28.0","33.772","96.09"
"11","29.0","33.78","96.29"
"11","30.0","33.786","96.452"
"11","31.0","33.791","96.583"
"11","32.0","33.796","96.689"
"11","33.0","33.8","96.76"
"11","34.0","33.803","96.799"
"11","35.0","33.806","96.812"
"11","36.0","33.808","96.796"
"11","37.0","33.81","96.757"
"11","38.0","33.811","96.694"
"11","39.0","33.811","96.605"
"11","40.0","33.811","96.497"
"11","41.0","33.811","96.364"
"11","42.0","33.81","96.214"
"11","43.0","33.809","96.041"
"11","44.0","33.807","95.852"
"11","45.0","33.805","95.642"
"11","46.0","33.802","95.418"
"11","47.0","33.799","95.174"
"11","48.0","33.796","94.938"
"11","49.0","33.792","94.714"
"11","50.0","33.789","94.498"
"11","51.0","33.785","94.28"
"11","52.0","33.781","94.06"
"11","53.0","33.777","93.839"
"11","54.0","33.773","93.617"
"11","55.0","33.769","93.394"
"11","56.0","33.765","93.168"
"11","57.0","33.76","92.94"
"11","58.0","33.756","92.7"
"11","59.0","33.751","92.449"
"11","60.0","33.746","92.197"
"11","61.0","33.742","91.943"
"11","62.0","33.737","91.697"
"11","63.0","33.732","91.45"
"11","64.0","33.727","91.2"
"11","65.0","33.722","90.947"
"11","66.0","33.716","90.692"
"11","67.0","33.711","90.435"
"11","68.0","33.706","90.174"
"11","69.0","33.701","89.906"
"11","70.0","33.695","89.635"
"11","71.0","33.69","89.363"
"11_sec10_0","0.0","32.802","0.0"
"11_sec10_0","1.0","32.824","60.942"
"11_sec10_0","2.0","32.891","66.383"
"11_sec10_0","3.0","32.952","69.434"
"11_sec10_0","4.0","33.006","72.111"
"11_sec10_0","5.0","33.071","75.25"
"11_sec10_0","6.0","33.141","77.515"
"11_sec10_0","7.0","33.208","79.309"
"11_sec10_0","8.0","33.27","81.06"
"11_sec10_0","9.0","33.326","82.766"
"11_sec10_0","10.0","33.376","84.335"
"11_sec10_0","11.0","33.422","85.965"
"11_sec10_0","12.0","33.463","87.318"
"11_sec10_0","13.0","33.5","88.393"
"11_sec10_0","14.0","33.534","89.298"
"11_sec10_0","15.0","33.564","90.006"
"11_sec10_0","16.0","33.591","90.63"
"11_sec10_0","17.0","33.616","91.198"
"11_sec10_0","18.0","33.639","91.732"
"11_sec10_0","19.0","33.66","92.253"
"11_sec10_0","20.0","33.678","92.857"
"11_sec10_0","21.0","33.694","93.419"
"11_sec10_0","22.0","33.709","93.939"
"11_sec10_0","23.0","33.722","94.386"
"11_sec10_0","24.0","33.734","94.811"
"11_sec10_0","25.0","33.745","95.207"
"11_sec10_0","26.0","33.755","95.557"
"11_sec10_0","27.0","33.764","95.864"
"11_sec10_0","28.0","33.772","96.09"
"11_sec10_0","29.0","33.78","96.29"
"11_sec10_0","30.0","33.786","96.452"
"11_sec10_0","31.0","33.791","96.583"
"11_sec10_0","32.0","33.796","96.689"
"11_sec10_0","33.0","33.8","96.76"
"11_sec10_0","34.0","33.803","96.799"
"11_sec10_0","35.0","33.806","96.812"
"11_sec10_0","36.0","33.808","96.796"
"11_sec10_0","37.0","33.81","96.757"
"11_sec10_0","38.0","33.811","96.694"
"11_sec10_0","39.0","33.811","96.605"
"11_sec10_0","40.0","33.811","96.497"
"11_sec10_0","41.0","33.811","96.364"
"11_sec10_0","42.0","33.81","96.214"
"11_sec10_0","43.0","33.809","96.041"
"11_sec10_0","44.0","33.807","95.852"
"11_sec10_0","45.0","33.805","95.642"
"11_sec10_0","46.0","33.802","95.418"
"11_sec10_0","47.0","33.799","95.174"
"11_sec10_0","48.0","33.796","94.938"
"11_sec10_0","49.0","33.792","94.714"
"11_sec10_0","50.0","33.789","94.498"
"11_sec10_0","51.0","33.785","94.28"
"11_sec10_0","52.0","33.781","94.06"
"11_sec10_0","53.0","33.777","93.839"
"11_sec10_0","54.0","33.773","93.617"
"11_sec10_0","55.0","33.769","93.394"
"11_sec10_0","56.0","33.765","93.168"
"11_sec10_0","57.0","33.76","92.94"
"11_sec10_0","58.0","33.756","92.7"
"11_sec10_0","59.0","33.751","92.449"
"11_sec10_0","60.0","33.746","92.197"
"11_sec10_0","61.0","33.742","91.943"
"11_sec10_0","62.0","33.737","91.697"
"11_sec10_0","63.0","33.732","91.45"
"11_sec10_0","64.0","33.727","91.2"
"11_sec10_0","65.0","33.722","90.947"
"11_sec10_0","66.0","33.716","90.692"
"11_sec10_0","67.0","33.711","90.435"
"11_sec10_0","68.0","33.706","90.174"
"11_sec10_0","69.0","33.701","89.906"
"11_sec10_0","70.0","33.695","89.635"
"11_sec10_0","71.0","33.69","89.363"
"105","0.0","32.768","0.0"
"105","1.0","32.754","43.59"
"105","2.0","32.84","63.944"
"105","3.0","32.9","68.038"
"105","4.0","32.952","70.547"
"105","5.0","33.017","73.258"
"105","6.0","33.087","75.431"
"105","7.0","33.156","77.333"
"105","8.0","33.218","79.201"
"105","9.0","33.275","81.061"
"105","10.0","33.326","82.768"
"105","11.0","33.372","84.532"
"105","12.0","33.413","85.995"
"105","13.0","33.451","87.191"
"105","14.0","33.486","88.205"
"105","15.0","33.516","89.013"
"105","16.0","33.544","89.722"
"105","17.0","33.569","90.349"
"105","18.0","33.593","90.939"
"105","19.0","33.613","91.553"
"105","20.0","33.632","92.226"
"105","21.0","33.648","92.845"
"105","22.0","33.663","93.416"
"105","23.0","33.676","93.913"
"105","24.0","33.688","94.378"
"105","25.0","33.699","94.806"
"105","26.0","33.71","95.195"
"105","27.0","33.719","95.535"
"105","28.0","33.727","95.802"
"105","29.0","33.734","96.031"
"105","30.0","33.74","96.226"
"105","31.0","33.746","96.383"
"105","32.0","33.75","96.518"
"105","33.0","33.755","96.613"
"105","34.0","33.758","96.68"
"105","35.0","33.761","96.714"
"105","36.0","33.763","96.725"
"105","37.0","33.765","96.707"
"105","38.0","33.766","96.662"
"105","39.0","33.766","96.596"
"105","40.0","33.766","96.503"
"105","41.0","33.766","96.392"
"105","42.0","33.765","96.256"
"105","43.0","33.764","96.102"
"105","44.0","33.762","95.926"
"105","45.0","33.76","95.735"
"105","46.0","33.758","95.523"
"105","47.0","33.755","95.297"
"105","48.0","33.752","95.067"
"105","49.0","33.748","94.848"
"105","50.0","33.745","94.638"
"105","51.0","33.741","94.425"
"105","52.0","33.737","94.211"
"105","53.0","33.734","93.994"
"105","54.0","33.73","93.776"
"105","55.0","33.725","93.555"
"105","56.0","33.721","93.334"
"105","57.0","33.717","93.11"
"105","58.0","33.712","92.876"
"105","59.0","33.708","92.629"
"105","60.0","33.703","92.38"
"105","61.0","33.698","92.128"
"105","62.0","33.693","91.884"
"105","63.0","33.689","91.638"
"105","64.0","33.684","91.39"
"105","65.0","33.679","91.139"
"105","66.0","33.673","90.885"
"105","67.0","33.668","90.628"
"105","68.0","33.663","90.371"
"105","69.0","33.658","90.105"
"105","70.0","33.652","89.836"
"105","71.0","33.647","89.564"
"106","0.0","32.748","0.0"
"106","1.0","32.729","47.426"
"106","2.0","32.81","61.867"
"106","3.0","32.869","66.691"
"106","4.0","32.922","69.395"
"106","5.0","32.986","71.805"
"106","6.0","33.056","73.936"
"106","7.0","33.125","75.929"
"106","8.0","33.187","77.897"
"106","9.0","33.244","79.869"
"106","10.0","33.295","81.69"
"106","11.0","33.34","83.548"
"106","12.0","33.382","85.088"
"106","13.0","33.42","86.368"
"106","14.0","33.454","87.46"
"106","15.0","33.485","88.334"
"106","16.0","33.513","89.105"
"106","17.0","33.538","89.776"
"106","18.0","33.562","90.413"
"106","19.0","33.583","91.095"
"106","20.0","33.601","91.813"
"106","21.0","33.617","92.471"
"106","22.0","33.632","93.079"
"106","23.0","33.645","93.61"
"106","24.0","33.657","94.096"
"106","25.0","33.668","94.552"
"106","26.0","33.678","94.96"
"106","27.0","33.688","95.327"
"106","28.0","33.696","95.615"
"106","29.0","33.703","95.868"
"106","30.0","33.709","96.08"
"106","31.0","33.715","96.259"
"106","32.0","33.719","96.407"
"106","33.0","33.724","96.521"
"106","34.0","33.727","96.601"
"106","35.0","33.73","96.654"
"106","36.0","33.732","96.675"
"106","37.0","33.734","96.671"
"106","38.0","33.735","96.642"
"106","39.0","33.736","96.585"
"106","40.0","33.736","96.508"
"106","41.0","33.735","96.405"
"106","42.0","33.735","96.283"
"106","43.0","33.733","96.137"
"106","44.0","33.732","95.974"
"106","45.0","33.73","95.789"
"106","46.0","33.727","95.589"
"106","47.0","33.725","95.369"
"106","48.0","33.721","95.145"
"106","49.0","33.718","94.931"
"106","50.0","33.715","94.723"
"106","51.0","33.711","94.513"
"106","52.0","33.708","94.302"
"106","53.0","33.704","94.089"
"106","54.0","33.7","93.873"
"106","55.0","33.696","93.656"
"106","56.0","33.691","93.436"
"106","57.0","33.687","93.214"
"106","58.0","33.683","92.984"
"106","59.0","33.678","92.74"
"106","60.0","33.674","92.494"
"106","61.0","33.669","92.245"
"106","62.0","33.664","92.0"
"106","63.0","33.659","91.756"
"106","64.0","33.654","91.508"
"106","65.0","33.649","91.259"
"106","66.0","33.644","91.006"
"106","67.0","33.639","90.752"
"106","68.0","33.634","90.494"
"106","69.0","33.629","90.23"
"106","70.0","33.623","89.962"
"106","71.0","33.618","89.693"
"107","0.0","32.717","0.0"
"107","1.0","32.718","51.483"
"107","2.0","32.769","60.088"
"107","3.0","32.823","65.013"
"107","4.0","32.873","67.735"
"107","5.0","32.936","69.752"
"107","6.0","33.006","71.832"
"107","7.0","33.074","73.962"
"107","8.0","33.136","76.088"
"107","9.0","33.193","78.226"
"107","10.0","33.243","80.209"
"107","11.0","33.288","82.195"
"107","12.0","33.329","83.841"
"107","13.0","33.367","85.235"
"107","14.0","33.401","86.428"
"107","15.0","33.432","87.397"
"107","16.0","33.46","88.25"
"107","17.0","33.485","88.989"
"107","18.0","33.509","89.692"
"107","19.0","33.529","90.471"
"107","20.0","33.547","91.256"
"107","21.0","33.564","91.969"
"107","22.0","33.578","92.623"
"107","23.0","33.592","93.199"
"107","24.0","33.603","93.723"
"107","25.0","33.614","94.207"
"107","26.0","33.624","94.65"
"107","27.0","33.633","95.043"
"107","28.0","33.641","95.368"
"107","29.0","33.649","95.645"
"107","30.0","33.655","95.886"
"107","31.0","33.66","96.087"
"107","32.0","33.665","96.26"
"107","33.0","33.669","96.394"
"107","34.0","33.673","96.498"
"107","35.0","33.676","96.568"
"107","36.0","33.678","96.611"
"107","37.0","33.68","96.625"
"107","38.0","33.681","96.61"
"107","39.0","33.682","96.573"
"107","40.0","33.682","96.508"
"107","41.0","33.682","96.423"
"107","42.0","33.681","96.312"
"107","43.0","33.68","96.183"
"107","44.0","33.679","96.03"
"107","45.0","33.677","95.861"
"107","46.0","33.674","95.671"
"107","47.0","33.672","95.465"
"107","48.0","33.669","95.249"
"107","49.0","33.666","95.04"
"107","50.0","33.662","94.838"
"107","51.0","33.659","94.633"
"107","52.0","33.655","94.427"
"107","53.0","33.651","94.217"
"107","54.0","33.648","94.005"
"107","55.0","33.644","93.791"
"107","56.0","33.639","93.575"
"107","57.0","33.635","93.356"
"107","58.0","33.631","93.132"
"107","59.0","33.626","92.892"
"107","60.0","33.622","92.648"
"107","61.0","33.617","92.401"
"107","62.0","33.612","92.159"
"107","63.0","33.608","91.916"
"107","64.0","33.603","91.671"
"107","65.0","33.598","91.422"
"107","66.0","33.593","91.172"
"107","67.0","33.588","90.918"
"107","68.0","33.583","90.663"
"107","69.0","33.578","90.401"
"107","70.0","33.573","90.135"
"107","71.0","33.567","89.866"
"108","0.0","32.689","0.0"
"108","1.0","32.683","45.204"
"108","2.0","32.735","59.696"
"108","3.0","32.784","64.357"
"108","4.0","32.833","66.882"
"108","5.0","32.895","68.668"
"108","6.0","32.965","70.692"
"108","7.0","33.033","72.875"
"108","8.0","33.095","75.098"
"108","9.0","33.152","77.326"
"108","10.0","33.201","79.408"
"108","11.0","33.246","81.461"
"108","12.0","33.287","83.162"
"108","13.0","33.325","84.614"
"108","14.0","33.359","85.861"
"108","15.0","33.39","86.877"
"108","16.0","33.418","87.777"
"108","17.0","33.443","88.549"
"108","18.0","33.467","89.293"
"108","19.0","33.487","90.128"
"108","20.0","33.505","90.948"
"108","21.0","33.521","91.689"
"108","22.0","33.536","92.371"
"108","23.0","33.549","92.972"
"108","24.0","33.561","93.512"
"108","25.0","33.572","94.018"
"108","26.0","33.582","94.474"
"108","27.0","33.591","94.886"
"108","28.0","33.599","95.227"
"108","29.0","33.606","95.523"
"108","30.0","33.612","95.775"
"108","31.0","33.618","95.993"
"108","32.0","33.623","96.176"
"108","33.0","33.627","96.324"
"108","34.0","33.631","96.437"
"108","35.0","33.634","96.521"
"108","36.0","33.636","96.572"
"108","37.0","33.638","96.596"
"108","38.0","33.639","96.594"
"108","39.0","33.64","96.563"
"108","40.0","33.64","96.51"
"108","41.0","33.64","96.43"
"108","42.0","33.639","96.33"
"108","43.0","33.638","96.205"
"108","44.0","33.637","96.063"
"108","45.0","33.635","95.898"
"108","46.0","33.633","95.717"
"108","47.0","33.63","95.515"
"108","48.0","33.627","95.304"
"108","49.0","33.624","95.099"
"108","50.0","33.621","94.898"
"108","51.0","33.617","94.697"
"108","52.0","33.614","94.492"
"108","53.0","33.61","94.286"
"108","54.0","33.606","94.076"
"108","55.0","33.602","93.865"
"108","56.0","33.598","93.65"
"108","57.0","33.594","93.432"
"108","58.0","33.59","93.21"
"108","59.0","33.585","92.973"
"108","60.0","33.581","92.731"
"108","61.0","33.576","92.487"
"108","62.0","33.572","92.244"
"108","63.0","33.567","92.002"
"108","64.0","33.562","91.758"
"108","65.0","33.557","91.51"
"108","66.0","33.552","91.261"
"108","67.0","33.547","91.009"
"108","68.0","33.542","90.754"
"108","69.0","33.537","90.493"
"108","70.0","33.532","90.228"
"108","71.0","33.527","89.961"
"109","0.0","32.664","0.0"
"109","1.0","32.67","54.436"
"109","2.0","32.703","59.447"
"109","3.0","32.75","63.524"
"109","4.0","32.798","65.905"
"109","5.0","32.861","67.428"
"109","6.0","32.931","69.417"
"109","7.0","32.999","71.662"
"109","8.0","33.062","73.989"
"109","9.0","33.119","76.323"
"109","10.0","33.169","78.518"
"109","11.0","33.214","80.636"
"109","12.0","33.255","82.403"
"109","13.0","33.293","83.915"
"109","14.0","33.327","85.216"
"109","15.0","33.358","86.287"
"109","16.0","33.386","87.235"
"109","17.0","33.412","88.049"
"109","18.0","33.436","88.838"
"109","19.0","33.457","89.737"
"109","20.0","33.475","90.599"
"109","21.0","33.491","91.374"
"109","22.0","33.505","92.082"
"109","23.0","33.519","92.71"
"109","24.0","33.531","93.276"
"109","25.0","33.542","93.8"
"109","26.0","33.552","94.278"
"109","27.0","33.561","94.705"
"109","28.0","33.569","95.07"
"109","29.0","33.576","95.38"
"109","30.0","33.582","95.652"
"109","31.0","33.588","95.882"
"109","32.0","33.593","96.082"
"109","33.0","33.597","96.242"
"109","34.0","33.601","96.37"
"109","35.0","33.604","96.464"
"109","36.0","33.606","96.53"
"109","37.0","33.608","96.565"
"109","38.0","33.609","96.571"
"109","39.0","33.61","96.553"
"109","40.0","33.61","96.507"
"109","41.0","33.61","96.439"
"109","42.0","33.61","96.345"
"109","43.0","33.609","96.232"
"109","44.0","33.607","96.095"
"109","45.0","33.606","95.941"
"109","46.0","33.603","95.765"
"109","47.0","33.601","95.573"
"109","48.0","33.598","95.368"
"109","49.0","33.595","95.166"
"109","50.0","33.592","94.97"
"109","51.0","33.588","94.772"
"109","52.0","33.585","94.57"
"109","53.0","33.581","94.366"
"109","54.0","33.577","94.159"
"109","55.0","33.573","93.949"
"109","56.0","33.569","93.737"
"109","57.0","33.565","93.522"
"109","58.0","33.561","93.303"
"109","59.0","33.556","93.068"
"109","60.0","33.552","92.828"
"109","61.0","33.547","92.584"
"109","62.0","33.542","92.344"
"109","63.0","33.538","92.103"
"109","64.0","33.533","91.859"
"109","65.0","33.528","91.613"
"109","66.0","33.523","91.365"
"109","67.0","33.518","91.113"
"109","68.0","33.513","90.86"
"109","69.0","33.508","90.601"
"109","70.0","33.503","90.337"
"109","71.0","33.498","90.069"
"110","0.0","32.636","0.0"
"110","1.0","32.667","63.14"
"110","2.0","32.669","58.446"
"110","3.0","32.714","62.253"
"110","4.0","32.761","64.373"
"110","5.0","32.826","65.423"
"110","6.0","32.896","67.313"
"110","7.0","32.965","69.619"
"110","8.0","33.028","72.136"
"110","9.0","33.085","74.66"
"110","10.0","33.135","77.06"
"110","11.0","33.18","79.284"
"110","12.0","33.222","81.163"
"110","13.0","33.26","82.777"
"110","14.0","33.294","84.174"
"110","15.0","33.326","85.332"
"110","16.0","33.354","86.368"
"110","17.0","33.38","87.246"
"110","18.0","33.404","88.118"
"110","19.0","33.425","89.124"
"110","20.0","33.443","90.048"
"110","21.0","33.459","90.876"
"110","22.0","33.474","91.629"
"110","23.0","33.487","92.3"
"110","24.0","33.499","92.901"
"110","25.0","33.51","93.459"
"110","26.0","33.52","93.966"
"110","27.0","33.529","94.425"
"110","28.0","33.537","94.818"
"110","29.0","33.545","95.159"
"110","30.0","33.551","95.453"
"110","31.0","33.557","95.71"
"110","32.0","33.562","95.93"
"110","33.0","33.566","96.115"
"110","34.0","33.57","96.261"
"110","35.0","33.573","96.377"
"110","36.0","33.575","96.459"
"110","37.0","33.577","96.512"
"110","38.0","33.578","96.538"
"110","39.0","33.579","96.533"
"110","40.0","33.579","96.505"
"110","41.0","33.579","96.449"
"110","42.0","33.579","96.371"
"110","43.0","33.578","96.269"
"110","44.0","33.576","96.148"
"110","45.0","33.575","96.004"
"110","46.0","33.573","95.842"
"110","47.0","33.57","95.658"
"110","48.0","33.567","95.463"
"110","49.0","33.564","95.27"
"110","50.0","33.561","95.077"
"110","51.0","33.558","94.884"
"110","52.0","33.554","94.688"
"110","53.0","33.55","94.488"
"110","54.0","33.547","94.285"
"110","55.0","33.543","94.08"
"110","56.0","33.538","93.87"
"110","57.0","33.534","93.658"
"110","58.0","33.53","93.443"
"110","59.0","33.526","93.212"
"110","60.0","33.521","92.976"
"110","61.0","33.516","92.737"
"110","62.0","33.512","92.496"
"110","63.0","33.507","92.257"
"110","64.0","33.502","92.015"
"110","65.0","33.497","91.771"
"110","66.0","33.492","91.524"
"110","67.0","33.487","91.275"
"110","68.0","33.482","91.022"
"110","69.0","33.477","90.766"
"110","70.0","33.472","90.503"
"110","71.0","33.467","90.239"
"111","0.0","32.604","0.0"
"111","1.0","32.614","48.508"
"111","2.0","32.629","56.43"
"111","3.0","32.672","61.235"
"111","4.0","32.72","62.833"
"111","5.0","32.786","63.536"
"111","6.0","32.857","65.387"
"111","7.0","32.926","67.783"
"111","8.0","32.989","70.459"
"111","9.0","33.046","73.165"
"111","10.0","33.095","75.742"
"111","11.0","33.14","78.054"
"111","12.0","33.181","80.034"
"111","13.0","33.219","81.739"
"111","14.0","33.254","83.218"
"111","15.0","33.286","84.459"
"111","16.0","33.315","85.57"
"111","17.0","33.341","86.509"
"111","18.0","33.365","87.458"
"111","19.0","33.386","88.567"
"111","20.0","33.404","89.55"
"111","21.0","33.42","90.426"
"111","22.0","33.434","91.217"
"111","23.0","33.447","91.926"
"111","24.0","33.459","92.562"
"111","25.0","33.47","93.147"
"111","26.0","33.48","93.683"
"111","27.0","33.489","94.166"
"111","28.0","33.497","94.589"
"111","29.0","33.505","94.952"
"111","30.0","33.511","95.273"
"111","31.0","33.517","95.549"
"111","32.0","33.522","95.792"
"111","33.0","33.526","95.994"
"111","34.0","33.53","96.162"
"111","35.0","33.533","96.294"
"111","36.0","33.535","96.396"
"111","37.0","33.537","96.465"
"111","38.0","33.538","96.503"
"111","39.0","33.539","96.516"
"111","40.0","33.54","96.499"
"111","41.0","33.539","96.459"
"111","42.0","33.539","96.392"
"111","43.0","33.538","96.305"
"111","44.0","33.537","96.193"
"111","45.0","33.535","96.063"
"111","46.0","33.533","95.91"
"111","47.0","33.531","95.739"
"111","48.0","33.528","95.553"
"111","49.0","33.525","95.364"
"111","50.0","33.522","95.179"
"111","51.0","33.518","94.991"
"111","52.0","33.515","94.799"
"111","53.0","33.511","94.603"
"111","54.0","33.507","94.404"
"111","55.0","33.503","94.2"
"111","56.0","33.499","93.996"
"111","57.0","33.495","93.787"
"111","58.0","33.491","93.574"
"111","59.0","33.486","93.347"
"111","60.0","33.482","93.114"
"111","61.0","33.477","92.876"
"111","62.0","33.472","92.639"
"111","63.0","33.468","92.401"
"111","64.0","33.463","92.161"
"111","65.0","33.458","91.918"
"111","66.0","33.453","91.673"
"111","67.0","33.448","91.423"
"111","68.0","33.443","91.173"
"111","69.0","33.438","90.918"
"111","70.0","33.433","90.657"
"111","71.0","33.428","90.393"
"112","0.0","32.584","0.0"
"112","1.0","32.577","46.994"
"112","2.0","32.607","54.507"
"112","3.0","32.645","60.05"
"112","4.0","32.695","60.873"
"112","5.0","32.761","61.207"
"112","6.0","32.832","63.008"
"112","7.0","32.9","65.51"
"112","8.0","32.963","68.351"
"112","9.0","33.019","71.274"
"112","10.0","33.068","74.052"
"112","11.0","33.112","76.462"
"112","12.0","33.153","78.552"
"112","13.0","33.191","80.361"
"112","14.0","33.226","81.938"
"112","15.0","33.258","83.283"
"112","16.0","33.286","84.488"
"112","17.0","33.313","85.498"
"112","18.0","33.337","86.56"
"112","19.0","33.357","87.811"
"112","20.0","33.375","88.87"
"112","21.0","33.391","89.809"
"112","22.0","33.405","90.655"
"112","23.0","33.419","91.415"
"112","24.0","33.43","92.093"
"112","25.0","33.441","92.72"
"112","26.0","33.451","93.29"
"112","27.0","33.46","93.811"
"112","28.0","33.468","94.27"
"112","29.0","33.475","94.67"
"112","30.0","33.482","95.02"
"112","31.0","33.487","95.329"
"112","32.0","33.492","95.597"
"112","33.0","33.497","95.83"
"112","34.0","33.5","96.021"
"112","35.0","33.503","96.181"
"112","36.0","33.506","96.303"
"112","37.0","33.508","96.395"
"112","38.0","33.509","96.458"
"112","39.0","33.51","96.488"
"112","40.0","33.51","96.493"
"112","41.0","33.51","96.469"
"112","42.0","33.51","96.423"
"112","43.0","33.509","96.35"
"112","44.0","33.507","96.258"
"112","45.0","33.506","96.141"
"112","46.0","33.504","96.005"
"112","47.0","33.501","95.847"
"112","48.0","33.499","95.673"
"112","49.0","33.496","95.495"
"112","50.0","33.492","95.315"
"112","51.0","33.489","95.134"
"112","52.0","33.486","94.948"
"112","53.0","33.482","94.758"
"112","54.0","33.478","94.564"
"112","55.0","33.474","94.367"
"112","56.0","33.47","94.165"
"112","57.0","33.466","93.96"
"112","58.0","33.462","93.752"
"112","59.0","33.457","93.53"
"112","60.0","33.453","93.301"
"112","61.0","33.448","93.068"
"112","62.0","33.444","92.831"
"112","63.0","33.439","92.595"
"112","64.0","33.434","92.357"
"112","65.0","33.429","92.116"
"112","66.0","33.424","91.873"
"112","67.0","33.42","91.627"
"112","68.0","33.415","91.377"
"112","69.0","33.41","91.124"
"112","70.0","33.404","90.865"
"112","71.0","33.399","90.603"
"113","0.0","32.567","0.0"
"113","1.0","32.583","55.385"
"113","2.0","32.59","54.308"
"113","3.0","32.624","58.633"
"113","4.0","32.675","58.734"
"113","5.0","32.741","58.64"
"113","6.0","32.811","60.374"
"113","7.0","32.877","62.984"
"113","8.0","32.938","66.031"
"113","9.0","32.993","69.239"
"113","10.0","33.041","72.251"
"113","11.0","33.084","74.783"
"113","12.0","33.124","77.003"
"113","13.0","33.161","78.934"
"113","14.0","33.194","80.621"
"113","15.0","33.226","82.08"
"113","16.0","33.255","83.378"
"113","17.0","33.281","84.47"
"113","18.0","33.305","85.655"
"113","19.0","33.325","87.06"
"113","20.0","33.342","88.198"
"113","21.0","33.358","89.202"
"113","22.0","33.372","90.101"
"113","23.0","33.385","90.913"
"113","24.0","33.397","91.638"
"113","25.0","33.407","92.302"
"113","26.0","33.417","92.912"
"113","27.0","33.426","93.466"
"113","28.0","33.434","93.964"
"113","29.0","33.441","94.395"
"113","30.0","33.447","94.778"
"113","31.0","33.453","95.115"
"113","32.0","33.458","95.413"
"113","33.0","33.462","95.669"
"113","34.0","33.466","95.889"
"113","35.0","33.468","96.069"
"113","36.0","33.471","96.217"
"113","37.0","33.473","96.331"
"113","38.0","33.474","96.411"
"113","39.0","33.475","96.464"
"113","40.0","33.475","96.485"
"113","41.0","33.475","96.481"
"113","42.0","33.475","96.449"
"113","43.0","33.474","96.396"
"113","44.0","33.473","96.316"
"113","45.0","33.471","96.217"
"113","46.0","33.469","96.093"
"113","47.0","33.467","95.952"
"113","48.0","33.464","95.79"
"113","49.0","33.461","95.621"
"113","50.0","33.458","95.45"
"113","51.0","33.455","95.275"
"113","52.0","33.451","95.095"
"113","53.0","33.447","94.911"
"113","54.0","33.444","94.722"
"113","55.0","33.44","94.528"
"113","56.0","33.436","94.332"
"113","57.0","33.432","94.131"
"113","58.0","33.427","93.927"
"113","59.0","33.423","93.711"
"113","60.0","33.419","93.486"
"113","61.0","33.414","93.255"
"113","62.0","33.41","93.022"
"113","63.0","33.405","92.788"
"113","64.0","33.4","92.553"
"113","65.0","33.395","92.314"
"113","66.0","33.39","92.072"
"113","67.0","33.386","91.827"
"113","68.0","33.381","91.581"
"113","69.0","33.376","91.33"
"113","70.0","33.371","91.073"
"113","71.0","33.365","90.812"
"114","0.0","32.542","0.0"
"114","1.0","32.559","53.647"
"114","2.0","32.564","54.526"
"114","3.0","32.595","58.127"
"114","4.0","32.648","57.982"
"114","5.0","32.716","57.727"
"114","6.0","32.784","59.407"
"114","7.0","32.848","62.031"
"114","8.0","32.907","65.114"
"114","9.0","32.959","68.397"
"114","10.0","33.005","71.472"
"114","11.0","33.045","74.031"
"114","12.0","33.083","76.283"
"114","13.0","33.117","78.25"
"114","14.0","33.149","79.973"
"114","15.0","33.178","81.461"
"114","16.0","33.206","82.803"
"114","17.0","33.231","83.93"
"114","18.0","33.254","85.189"
"114","19.0","33.273","86.664"
"114","20.0","33.291","87.84"
"114","21.0","33.306","88.877"
"114","22.0","33.32","89.806"
"114","23.0","33.333","90.644"
"114","24.0","33.344","91.39"
"114","25.0","33.355","92.077"
"114","26.0","33.364","92.704"
"114","27.0","33.373","93.28"
"114","28.0","33.381","93.794"
"114","29.0","33.388","94.246"
"114","30.0","33.394","94.644"
"114","31.0","33.4","94.999"
"114","32.0","33.405","95.31"
"114","33.0","33.409","95.583"
"114","34.0","33.412","95.814"
"114","35.0","33.415","96.01"
"114","36.0","33.418","96.168"
"114","37.0","33.42","96.293"
"114","38.0","33.421","96.387"
"114","39.0","33.422","96.448"
"114","40.0","33.422","96.482"
"114","41.0","33.422","96.486"
"114","42.0","33.422","96.466"
"114","43.0","33.421","96.419"
"114","44.0","33.419","96.351"
"114","45.0","33.418","96.257"
"114","46.0","33.416","96.144"
"114","47.0","33.413","96.007"
"114","48.0","33.411","95.853"
"114","49.0","33.408","95.69"
"114","50.0","33.405","95.522"
"114","51.0","33.401","95.351"
"114","52.0","33.398","95.174"
"114","53.0","33.394","94.993"
"114","54.0","33.39","94.807"
"114","55.0","33.386","94.618"
"114","56.0","33.382","94.422"
"114","57.0","33.378","94.224"
"114","58.0","33.374","94.021"
"114","59.0","33.37","93.808"
"114","60.0","33.365","93.585"
"114","61.0","33.361","93.358"
"114","62.0","33.356","93.124"
"114","63.0","33.351","92.892"
"114","64.0","33.347","92.657"
"114","65.0","33.342","92.42"
"114","66.0","33.337","92.179"
"114","67.0","33.332","91.937"
"114","68.0","33.327","91.689"
"114","69.0","33.322","91.44"
"114","70.0","33.317","91.184"
"114","71.0","33.312","90.925"
"115","0.0","32.479","0.0"
"115","1.0","32.483","53.686"
"115","2.0","32.495","54.128"
"115","3.0","32.522","57.372"
"115","4.0","32.582","56.666"
"115","5.0","32.656","56.29"
"115","6.0","32.726","58.007"
"115","7.0","32.789","60.746"
"115","8.0","32.846","63.947"
"115","9.0","32.895","67.391"
"115","10.0","32.937","70.587"
"115","11.0","32.973","73.196"
"115","12.0","33.005","75.465"
"115","13.0","33.034","77.456"
"115","14.0","33.06","79.208"
"115","15.0","33.084","80.713"
"115","16.0","33.107","82.083"
"115","17.0","33.127","83.239"
"115","18.0","33.147","84.545"
"115","19.0","33.166","86.077"
"115","20.0","33.184","87.311"
"115","21.0","33.199","88.397"
"115","22.0","33.214","89.366"
"115","23.0","33.227","90.244"
"115","24.0","33.239","91.029"
"115","25.0","33.25","91.745"
"115","26.0","33.26","92.403"
"115","27.0","33.269","93.005"
"115","28.0","33.277","93.549"
"115","29.0","33.284","94.025"
"115","30.0","33.291","94.451"
"115","31.0","33.296","94.827"
"115","32.0","33.301","95.163"
"115","33.0","33.305","95.455"
"115","34.0","33.309","95.708"
"115","35.0","33.312","95.921"
"115","36.0","33.315","96.1"
"115","37.0","33.316","96.242"
"115","38.0","33.318","96.35"
"115","39.0","33.319","96.429"
"115","40.0","33.319","96.476"
"115","41.0","33.319","96.496"
"115","42.0","33.318","96.487"
"115","43.0","33.317","96.456"
"115","44.0","33.316","96.399"
"115","45.0","33.314","96.32"
"115","46.0","33.312","96.216"
"115","47.0","33.31","96.094"
"115","48.0","33.307","95.95"
"115","49.0","33.304","95.793"
"115","50.0","33.3","95.634"
"115","51.0","33.297","95.468"
"115","52.0","33.293","95.297"
"115","53.0","33.289","95.121"
"115","54.0","33.285","94.94"
"115","55.0","33.281","94.752"
"115","56.0","33.276","94.563"
"115","57.0","33.272","94.368"
"115","58.0","33.267","94.169"
"115","59.0","33.263","93.959"
"115","60.0","33.258","93.74"
"115","61.0","33.253","93.513"
"115","62.0","33.248","93.284"
"115","63.0","33.243","93.054"
"115","64.0","33.237","92.821"
"115","65.0","33.232","92.585"
"115","66.0","33.227","92.346"
"115","67.0","33.222","92.103"
"115","68.0","33.216","91.859"
"115","69.0","33.211","91.611"
"115","70.0","33.205","91.357"
"115","71.0","33.2","91.098"
"116","0.0","32.442","0.0"
"116","1.0","32.45","54.841"
"116","2.0","32.454","53.155"
"116","3.0","32.48","56.417"
"116","4.0","32.546","54.749"
"116","5.0","32.623","54.386"
"116","6.0","32.694","56.194"
"116","7.0","32.756","59.096"
"116","8.0","32.812","62.453"
"116","9.0","32.859","66.128"
"116","10.0","32.898","69.38"
"116","11.0","32.93","72.039"
"116","12.0","32.96","74.315"
"116","13.0","32.986","76.338"
"116","14.0","33.01","78.128"
"116","15.0","33.032","79.661"
"116","16.0","33.053","81.062"
"116","17.0","33.072","82.253"
"116","18.0","33.091","83.563"
"116","19.0","33.109","85.113"
"116","20.0","33.127","86.428"
"116","21.0","33.142","87.587"
"116","22.0","33.156","88.625"
"116","23.0","33.169","89.561"
"116","24.0","33.181","90.402"
"116","25.0","33.192","91.172"
"116","26.0","33.201","91.877"
"116","27.0","33.21","92.529"
"116","28.0","33.218","93.117"
"116","29.0","33.226","93.64"
"116","30.0","33.232","94.107"
"116","31.0","33.237","94.528"
"116","32.0","33.242","94.9"
"116","33.0","33.247","95.231"
"116","34.0","33.25","95.518"
"116","35.0","33.253","95.768"
"116","36.0","33.255","95.977"
"116","37.0","33.257","96.15"
"116","38.0","33.259","96.29"
"116","39.0","33.259","96.395"
"116","40.0","33.26","96.47"
"116","41.0","33.26","96.514"
"116","42.0","33.259","96.532"
"116","43.0","33.258","96.523"
"116","44.0","33.257","96.491"
"116","45.0","33.255","96.432"
"116","46.0","33.253","96.351"
"116","47.0","33.25","96.246"
"116","48.0","33.247","96.121"
"116","49.0","33.244","95.983"
"116","50.0","33.241","95.833"
"116","51.0","33.237","95.679"
"116","52.0","33.233","95.518"
"116","53.0","33.229","95.35"
"116","54.0","33.225","95.177"
"116","55.0","33.22","94.999"
"116","56.0","33.216","94.814"
"116","57.0","33.211","94.625"
"116","58.0","33.207","94.432"
"116","59.0","33.202","94.228"
"116","60.0","33.197","94.013"
"116","61.0","33.192","93.794"
"116","62.0","33.187","93.566"
"116","63.0","33.182","93.339"
"116","64.0","33.176","93.108"
"116","65.0","33.171","92.875"
"116","66.0","33.166","92.639"
"116","67.0","33.16","92.4"
"116","68.0","33.155","92.157"
"116","69.0","33.149","91.91"
"116","70.0","33.143","91.658"
"116","71.0","33.138","91.402"
"117","0.0","32.422","0.0"
"117","1.0","32.428","50.49"
"117","2.0","32.435","53.052"
"117","3.0","32.459","55.118"
"117","4.0","32.529","52.232"
"117","5.0","32.608","52.047"
"117","6.0","32.678","54.039"
"117","7.0","32.741","57.187"
"117","8.0","32.796","60.757"
"117","9.0","32.842","64.724"
"117","10.0","32.879","68.202"
"117","11.0","32.911","71.006"
"117","12.0","32.94","73.364"
"117","13.0","32.966","75.471"
"117","14.0","32.99","77.331"
"117","15.0","33.012","78.922"
"117","16.0","33.032","80.364"
"117","17.0","33.051","81.604"
"117","18.0","33.069","82.912"
"117","19.0","33.088","84.479"
"117","20.0","33.104","85.852"
"117","21.0","33.12","87.061"
"117","22.0","33.134","88.143"
"117","23.0","33.147","89.121"
"117","24.0","33.158","90.003"
"117","25.0","33.169","90.805"
"117","26.0","33.178","91.546"
"117","27.0","33.187","92.227"
"117","28.0","33.195","92.846"
"117","29.0","33.202","93.397"
"117","30.0","33.209","93.894"
"117","31.0","33.214","94.339"
"117","32.0","33.219","94.738"
"117","33.0","33.223","95.091"
"117","34.0","33.227","95.403"
"117","35.0","33.229","95.672"
"117","36.0","33.232","95.903"
"117","37.0","33.234","96.096"
"117","38.0","33.235","96.252"
"117","39.0","33.236","96.376"
"117","40.0","33.236","96.467"
"117","41.0","33.236","96.529"
"117","42.0","33.235","96.561"
"117","43.0","33.234","96.569"
"117","44.0","33.233","96.549"
"117","45.0","33.231","96.505"
"117","46.0","33.229","96.436"
"117","47.0","33.226","96.346"
"117","48.0","33.223","96.234"
"117","49.0","33.22","96.103"
"117","50.0","33.216","95.964"
"117","51.0","33.213","95.817"
"117","52.0","33.209","95.663"
"117","53.0","33.205","95.501"
"117","54.0","33.201","95.333"
"117","55.0","33.196","95.158"
"117","56.0","33.192","94.98"
"117","57.0","33.187","94.795"
"117","58.0","33.182","94.606"
"117","59.0","33.177","94.405"
"117","60.0","33.173","94.195"
"117","61.0","33.167","93.976"
"117","62.0","33.162","93.754"
"117","63.0","33.157","93.529"
"117","64.0","33.152","93.301"
"117","65.0","33.146","93.069"
"117","66.0","33.141","92.835"
"117","67.0","33.136","92.596"
"117","68.0","33.13","92.357"
"117","69.0","33.124","92.112"
"117","70.0","33.119","91.861"
"117","71.0","33.113","91.606"
"118","0.0","32.374","0.0"
"118","1.0","32.383","51.193"
"118","2.0","32.389","52.816"
"118","3.0","32.412","52.411"
"118","4.0","32.493","47.582"
"118","5.0","32.574","47.875"
"118","6.0","32.645","50.325"
"118","7.0","32.706","53.943"
"118","8.0","32.759","57.932"
"118","9.0","32.802","62.434"
"118","10.0","32.837","66.284"
"118","11.0","32.867","69.32"
"118","12.0","32.895","71.81"
"118","13.0","32.92","74.053"
"118","14.0","32.943","76.034"
"118","15.0","32.964","77.706"
"118","16.0","32.984","79.214"
"118","17.0","33.003","80.522"
"118","18.0","33.021","81.839"
"118","19.0","33.039","83.437"
"118","20.0","33.055","84.898"
"118","21.0","33.07","86.188"
"118","22.0","33.084","87.344"
"118","23.0","33.097","88.388"
"118","24.0","33.108","89.332"
"118","25.0","33.118","90.193"
"118","26.0","33.128","90.987"
"118","27.0","33.136","91.723"
"118","28.0","33.144","92.389"
"118","29.0","33.151","92.99"
"118","30.0","33.157","93.533"
"118","31.0","33.163","94.025"
"118","32.0","33.167","94.464"
"118","33.0","33.171","94.86"
"118","34.0","33.175","95.208"
"118","35.0","33.178","95.515"
"118","36.0","33.18","95.779"
"118","37.0","33.181","96.004"
"118","38.0","33.183","96.194"
"118","39.0","33.183","96.346"
"118","40.0","33.183","96.467"
"118","41.0","33.183","96.554"
"118","42.0","33.182","96.615"
"118","43.0","33.181","96.647"
"118","44.0","33.18","96.654"
"118","45.0","33.178","96.633"
"118","46.0","33.176","96.588"
"118","47.0","33.173","96.517"
"118","48.0","33.17","96.425"
"118","49.0","33.167","96.314"
"118","50.0","33.163","96.188"
"118","51.0","33.159","96.053"
"118","52.0","33.155","95.91"
"118","53.0","33.151","95.759"
"118","54.0","33.147","95.6"
"118","55.0","33.142","95.436"
"118","56.0","33.137","95.263"
"118","57.0","33.133","95.086"
"118","58.0","33.128","94.903"
"118","59.0","33.123","94.708"
"118","60.0","33.118","94.503"
"118","61.0","33.112","94.293"
"118","62.0","33.107","94.073"
"118","63.0","33.102","93.852"
"118","64.0","33.096","93.627"
"118","65.0","33.091","93.399"
"118","66.0","33.085","93.168"
"118","67.0","33.08","92.935"
"118","68.0","33.074","92.696"
"118","69.0","33.068","92.453"
"118","70.0","33.062","92.204"
"118","71.0","33.057","91.953"
"119","0.0","32.337","0.0"
"119","1.0","32.354","52.956"
"119","2.0","32.349","51.968"
"119","3.0","32.379","50.613"
"119","4.0","32.468","44.762"
"119","5.0","32.551","45.403"
"119","6.0","32.621","48.13"
"119","7.0","32.68","51.993"
"119","8.0","32.73","56.229"
"119","9.0","32.77","61.059"
"119","10.0","32.802","65.096"
"119","11.0","32.83","68.243"
"119","12.0","32.856","70.804"
"119","13.0","32.88","73.117"
"119","14.0","32.902","75.171"
"119","15.0","32.923","76.893"
"119","16.0","32.943","78.445"
"119","17.0","32.961","79.799"
"119","18.0","32.979","81.135"
"119","19.0","32.996","82.76"
"119","20.0","33.012","84.278"
"119","21.0","33.026","85.621"
"119","22.0","33.039","86.823"
"119","23.0","33.052","87.911"
"119","24.0","33.063","88.899"
"119","25.0","33.073","89.796"
"119","26.0","33.082","90.629"
"119","27.0","33.09","91.397"
"119","28.0","33.098","92.097"
"119","29.0","33.105","92.728"
"119","30.0","33.111","93.304"
"119","31.0","33.116","93.824"
"119","32.0","33.12","94.292"
"119","33.0","33.124","94.712"
"119","34.0","33.127","95.087"
"119","35.0","33.13","95.416"
"119","36.0","33.132","95.704"
"119","37.0","33.134","95.951"
"119","38.0","33.135","96.159"
"119","39.0","33.135","96.333"
"119","40.0","33.135","96.471"
"119","41.0","33.135","96.577"
"119","42.0","33.134","96.654"
"119","43.0","33.133","96.705"
"119","44.0","33.131","96.726"
"119","45.0","33.129","96.722"
"119","46.0","33.127","96.69"
"119","47.0","33.124","96.636"
"119","48.0","33.121","96.558"
"119","49.0","33.117","96.456"
"119","50.0","33.114","96.342"
"119","51.0","33.11","96.216"
"119","52.0","33.106","96.08"
"119","53.0","33.101","95.936"
"119","54.0","33.097","95.784"
"119","55.0","33.092","95.623"
"119","56.0","33.087","95.458"
"119","57.0","33.083","95.286"
"119","58.0","33.077","95.108"
"119","59.0","33.072","94.916"
"119","60.0","33.067","94.716"
"119","61.0","33.062","94.507"
"119","62.0","33.056","94.293"
"119","63.0","33.051","94.074"
"119","64.0","33.045","93.852"
"119","65.0","33.04","93.627"
"119","66.0","33.034","93.399"
"119","67.0","33.028","93.165"
"119","68.0","33.022","92.93"
"119","69.0","33.017","92.688"
"119","70.0","33.011","92.442"
"119","71.0","33.005","92.192"
"120","0.0","32.31","0.0"
"120","1.0","32.324","48.162"
"120","2.0","32.323","51.597"
"120","3.0","32.359","48.066"
"120","4.0","32.453","41.646"
"120","5.0","32.536","42.884"
"120","6.0","32.605","45.998"
"120","7.0","32.662","50.154"
"120","8.0","32.71","54.703"
"120","9.0","32.747","59.864"
"120","10.0","32.777","64.062"
"120","11.0","32.804","67.301"
"120","12.0","32.829","69.926"
"120","13.0","32.852","72.293"
"120","14.0","32.873","74.401"
"120","15.0","32.893","76.158"
"120","16.0","32.912","77.745"
"120","17.0","32.93","79.131"
"120","18.0","32.947","80.495"
"120","19.0","32.963","82.145"
"120","20.0","32.978","83.708"
"120","21.0","32.992","85.094"
"120","22.0","33.005","86.34"
"120","23.0","33.017","87.464"
"120","24.0","33.027","88.488"
"120","25.0","33.037","89.422"
"120","26.0","33.046","90.287"
"120","27.0","33.054","91.09"
"120","28.0","33.061","91.816"
"120","29.0","33.067","92.479"
"120","30.0","33.073","93.084"
"120","31.0","33.078","93.633"
"120","32.0","33.082","94.128"
"120","33.0","33.086","94.574"
"120","34.0","33.089","94.972"
"120","35.0","33.091","95.325"
"120","36.0","33.093","95.634"
"120","37.0","33.095","95.902"
"120","38.0","33.096","96.132"
"120","39.0","33.096","96.323"
"120","40.0","33.096","96.48"
"120","41.0","33.095","96.603"
"120","42.0","33.095","96.699"
"120","43.0","33.093","96.765"
"120","44.0","33.091","96.804"
"120","45.0","33.089","96.813"
"120","46.0","33.087","96.798"
"120","47.0","33.084","96.755"
"120","48.0","33.081","96.689"
"120","49.0","33.077","96.602"
"120","50.0","33.074","96.495"
"120","51.0","33.07","96.377"
"120","52.0","33.065","96.249"
"120","53.0","33.061","96.111"
"120","54.0","33.057","95.965"
"120","55.0","33.052","95.813"
"120","56.0","33.047","95.651"
"120","57.0","33.042","95.483"
"120","58.0","33.037","95.308"
"120","59.0","33.032","95.12"
"120","60.0","33.027","94.923"
"120","61.0","33.021","94.719"
"120","62.0","33.016","94.507"
"120","63.0","33.01","94.29"
"120","64.0","33.005","94.07"
"120","65.0","32.999","93.847"
"120","66.0","32.993","93.62"
"120","67.0","32.987","93.391"
"120","68.0","32.982","93.155"
"120","69.0","32.976","92.914"
"120","70.0","32.97","92.669"
"120","71.0","32.964","92.421"
"12","0.0","32.301","0.0"
"12","1.0","32.314","42.937"
"12","2.0","32.317","51.931"
"12","3.0","32.354","45.835"
"12","4.0","32.449","39.199"
"12","5.0","32.531","40.891"
"12","6.0","32.6","44.311"
"12","7.0","32.656","48.697"
"12","8.0","32.703","53.524"
"12","9.0","32.739","58.955"
"12","10.0","32.768","63.271"
"12","11.0","32.794","66.576"
"12","12.0","32.818","69.252"
"12","13.0","32.84","71.661"
"12","14.0","32.861","73.806"
"12","15.0","32.88","75.593"
"12","16.0","32.899","77.204"
"12","17.0","32.917","78.617"
"12","18.0","32.933","80.005"
"12","19.0","32.949","81.679"
"12","20.0","32.964","83.279"
"12","21.0","32.977","84.699"
"12","22.0","32.99","85.975"
"12","23.0","33.001","87.13"
"12","24.0","33.012","88.185"
"12","25.0","33.021","89.143"
"12","26.0","33.03","90.036"
"12","27.0","33.038","90.863"
"12","28.0","33.045","91.612"
"12","29.0","33.051","92.296"
"12","30.0","33.057","92.925"
"12","31.0","33.062","93.494"
"12","32.0","33.066","94.01"
"12","33.0","33.069","94.474"
"12","34.0","33.072","94.891"
"12","35.0","33.075","95.26"
"12","36.0","33.076","95.587"
"12","37.0","33.078","95.87"
"12","38.0","33.078","96.113"
"12","39.0","33.079","96.32"
"12","40.0","33.079","96.489"
"12","41.0","33.078","96.626"
"12","42.0","33.077","96.734"
"12","43.0","33.076","96.814"
"12","44.0","33.074","96.863"
"12","45.0","33.072","96.885"
"12","46.0","33.069","96.879"
"12","47.0","33.066","96.849"
"12","48.0","33.063","96.793"
"12","49.0","33.06","96.712"
"12","50.0","33.056","96.614"
"12","51.0","33.052","96.503"
"12","52.0","33.048","96.38"
"12","53.0","33.043","96.248"
"12","54.0","33.039","96.108"
"12","55.0","33.034","95.957"
"12","56.0","33.029","95.801"
"12","57.0","33.024","95.637"
"12","58.0","33.019","95.465"
"12","59.0","33.014","95.279"
"12","60.0","33.009","95.085"
"12","61.0","33.003","94.882"
"12","62.0","32.998","94.674"
"12","63.0","32.992","94.459"
"12","64.0","32.987","94.241"
"12","65.0","32.981","94.02"
"12","66.0","32.975","93.795"
"12","67.0","32.97","93.565"
"12","68.0","32.964","93.333"
"12","69.0","32.958","93.093"
"12","70.0","32.952","92.849"
"12","71.0","32.946","92.601"
"12_sec11_0","0.0","32.301","0.0"
"12_sec11_0","1.0","32.314","42.937"
"12_sec11_0","2.0","32.317","51.931"
"12_sec11_0","3.0","32.354","45.835"
"12_sec11_0","4.0","32.449","39.199"
"12_sec11_0","5.0","32.531","40.891"
"12_sec11_0","6.0","32.6","44.311"
"12_sec11_0","7.0","32.656","48.697"
"12_sec11_0","8.0","32.703","53.524"
"12_sec11_0","9.0","32.739","58.955"
"12_sec11_0","10.0","32.768","63.271"
"12_sec11_0","11.0","32.794","66.576"
"12_sec11_0","12.0","32.818","69.252"
"12_sec11_0","13.0","32.84","71.661"
"12_sec11_0","14.0","32.861","73.806"
"12_sec11_0","15.0","32.88","75.593"
"12_sec11_0","16.0","32.899","77.204"
"12_sec11_0","17.0","32.917","78.617"
"12_sec11_0","18.0","32.933","80.005"
"12_sec11_0","19.0","32.949","81.679"
"12_sec11_0","20.0","32.964","83.279"
"12_sec11_0","21.0","32.977","84.699"
"12_sec11_0","22.0","32.99","85.975"
"12_sec11_0","23.0","33.001","87.13"
"12_sec11_0","24.0","33.012","88.185"
"12_sec11_0","25.0","33.021","89.143"
"12_sec11_0","26.0","33.03","90.036"
"12_sec11_0","27.0","33.038","90.863"
"12_sec11_0","28.0","33.045","91.612"
"12_sec11_0","29.0","33.051","92.296"
"12_sec11_0","30.0","33.057","92.925"
"12_sec11_0","31.0","33.062","93.494"
"12_sec11_0","32.0","33.066","94.01"
"12_sec11_0","33.0","33.069","94.474"
"12_sec11_0","34.0","33.072","94.891"
"12_sec11_0","35.0","33.075","95.26"
"12_sec11_0","36.0","33.076","95.587"
"12_sec11_0","37.0","33.078","95.87"
"12_sec11_0","38.0","33.078","96.113"
"12_sec11_0","39.0","33.079","96.32"
"12_sec11_0","40.0","33.079","96.489"
"12_sec11_0","41.0","33.078","96.626"
"12_sec11_0","42.0","33.077","96.734"
"12_sec11_0","43.0","33.076","96.814"
"12_sec11_0","44.0","33.074","96.863"
"12_sec11_0","45.0","33.072","96.885"
"12_sec11_0","46.0","33.069","96.879"
"12_sec11_0","47.0","33.066","96.849"
"12_sec11_0","48.0","33.063","96.793"
"12_sec11_0","49.0","33.06","96.712"
"12_sec11_0","50.0","33.056","96.614"
"12_sec11_0","51.0","33.052","96.503"
"12_sec11_0","52.0","33.048","96.38"
"12_sec11_0","53.0","33.043","96.248"
"12_sec11_0","54.0","33.039","96.108"
"12_sec11_0","55.0","33.034","95.957"
"12_sec11_0","56.0","33.029","95.801"
"12_sec11_0","57.0","33.024","95.637"
"12_sec11_0","58.0","33.019","95.465"
"12_sec11_0","59.0","33.014","95.279"
"12_sec11_0","60.0","33.009","95.085"
"12_sec11_0","61.0","33.003","94.882"
"12_sec11_0","62.0","32.998","94.674"
"12_sec11_0","63.0","32.992","94.459"
"12_sec11_0","64.0","32.987","94.241"
"12_sec11_0","65.0","32.981","94.02"
"12_sec11_0","66.0","32.975","93.795"
"12_sec11_0","67.0","32.97","93.565"
"12_sec11_0","68.0","32.964","93.333"
"12_sec11_0","69.0","32.958","93.093"
"12_sec11_0","70.0","32.952","92.849"
"12_sec11_0","71.0","32.946","92.601"
"10_sec11_1","0.0","32.298","0.0"
"10_sec11_1","1.0","32.312","44.46"
"10_sec11_1","2.0","32.314","51.822"
"10_sec11_1","3.0","32.353","44.553"
"10_sec11_1","4.0","32.447","37.798"
"10_sec11_1","5.0","32.53","39.736"
"10_sec11_1","6.0","32.598","43.357"
"10_sec11_1","7.0","32.654","47.878"
"10_sec11_1","8.0","32.7","52.866"
"10_sec11_1","9.0","32.735","58.44"
"10_sec11_1","10.0","32.764","62.818"
"10_sec11_1","11.0","32.79","66.156"
"10_sec11_1","12.0","32.813","68.856"
"10_sec11_1","13.0","32.835","71.287"
"10_sec11_1","14.0","32.856","73.452"
"10_sec11_1","15.0","32.875","75.252"
"10_sec11_1","16.0","32.893","76.876"
"10_sec11_1","17.0","32.911","78.301"
"10_sec11_1","18.0","32.927","79.706"
"10_sec11_1","19.0","32.943","81.393"
"10_sec11_1","20.0","32.958","83.013"
"10_sec11_1","21.0","32.971","84.454"
"10_sec11_1","22.0","32.983","85.751"
"10_sec11_1","23.0","32.995","86.923"
"10_sec11_1","24.0","33.005","87.994"
"10_sec11_1","25.0","33.014","88.97"
"10_sec11_1","26.0","33.023","89.878"
"10_sec11_1","27.0","33.031","90.722"
"10_sec11_1","28.0","33.038","91.482"
"10_sec11_1","29.0","33.044","92.182"
"10_sec11_1","30.0","33.049","92.824"
"10_sec11_1","31.0","33.054","93.408"
"10_sec11_1","32.0","33.058","93.935"
"10_sec11_1","33.0","33.062","94.413"
"10_sec11_1","34.0","33.065","94.839"
"10_sec11_1","35.0","33.067","95.221"
"10_sec11_1","36.0","33.069","95.556"
"10_sec11_1","37.0","33.07","95.849"
"10_sec11_1","38.0","33.071","96.103"
"10_sec11_1","39.0","33.071","96.317"
"10_sec11_1","40.0","33.071","96.497"
"10_sec11_1","41.0","33.07","96.64"
"10_sec11_1","42.0","33.069","96.758"
"10_sec11_1","43.0","33.068","96.844"
"10_sec11_1","44.0","33.066","96.902"
"10_sec11_1","45.0","33.064","96.93"
"10_sec11_1","46.0","33.061","96.932"
"10_sec11_1","47.0","33.059","96.906"
"10_sec11_1","48.0","33.055","96.857"
"10_sec11_1","49.0","33.052","96.783"
"10_sec11_1","50.0","33.048","96.688"
"10_sec11_1","51.0","33.044","96.58"
"10_sec11_1","52.0","33.04","96.461"
"10_sec11_1","53.0","33.035","96.333"
"10_sec11_1","54.0","33.031","96.195"
"10_sec11_1","55.0","33.026","96.049"
"10_sec11_1","56.0","33.021","95.894"
"10_sec11_1","57.0","33.016","95.732"
"10_sec11_1","58.0","33.011","95.561"
"10_sec11_1","59.0","33.006","95.377"
"10_sec11_1","60.0","33.001","95.185"
"10_sec11_1","61.0","32.995","94.986"
"10_sec11_1","62.0","32.99","94.777"
"10_sec11_1","63.0","32.984","94.563"
"10_sec11_1","64.0","32.979","94.347"
"10_sec11_1","65.0","32.973","94.126"
"10_sec11_1","66.0","32.967","93.902"
"10_sec11_1","67.0","32.962","93.675"
"10_sec11_1","68.0","32.956","93.442"
"10_sec11_1","69.0","32.95","93.202"
"10_sec11_1","70.0","32.944","92.959"
"10_sec11_1","71.0","32.938","92.713"
"10_sec12_0","0.0","32.298","0.0"
"10_sec12_0","1.0","32.312","201.417"
"10_sec12_0","2.0","32.314","258.665"
"10_sec12_0","3.0","32.353","242.779"
"10_sec12_0","4.0","32.447","227.023"
"10_sec12_0","5.0","32.53","237.473"
"10_sec12_0","6.0","32.598","251.817"
"10_sec12_0","7.0","32.654","267.452"
"10_sec12_0","8.0","32.7","284.309"
"10_sec12_0","9.0","32.735","301.334"
"10_sec12_0","10.0","32.764","314.566"
"10_sec12_0","11.0","32.79","324.949"
"10_sec12_0","12.0","32.813","333.721"
"10_sec12_0","13.0","32.835","341.454"
"10_sec12_0","14.0","32.856","348.328"
"10_sec12_0","15.0","32.875","354.635"
"10_sec12_0","16.0","32.893","360.161"
"10_sec12_0","17.0","32.911","365.188"
"10_sec12_0","18.0","32.927","370.002"
"10_sec12_0","19.0","32.943","375.009"
"10_sec12_0","20.0","32.958","379.731"
"10_sec12_0","21.0","32.971","383.939"
"10_sec12_0","22.0","32.983","387.729"
"10_sec12_0","23.0","32.995","391.205"
"10_sec12_0","24.0","33.005","394.357"
"10_sec12_0","25.0","33.014","397.256"
"10_sec12_0","26.0","33.023","399.962"
"10_sec12_0","27.0","33.031","402.466"
"10_sec12_0","28.0","33.038","404.861"
"10_sec12_0","29.0","33.044","407.059"
"10_sec12_0","30.0","33.049","409.071"
"10_sec12_0","31.0","33.054","410.89"
"10_sec12_0","32.0","33.058","412.523"
"10_sec12_0","33.0","33.062","413.987"
"10_sec12_0","34.0","33.065","415.288"
"10_sec12_0","35.0","33.067","416.439"
"10_sec12_0","36.0","33.069","417.445"
"10_sec12_0","37.0","33.07","418.314"
"10_sec12_0","38.0","33.071","419.055"
"10_sec12_0","39.0","33.071","419.672"
"10_sec12_0","40.0","33.071","420.173"
"10_sec12_0","41.0","33.07","420.562"
"10_sec12_0","42.0","33.069","420.87"
"10_sec12_0","43.0","33.068","421.077"
"10_sec12_0","44.0","33.066","421.19"
"10_sec12_0","45.0","33.064","421.211"
"10_sec12_0","46.0","33.061","421.146"
"10_sec12_0","47.0","33.059","420.996"
"10_sec12_0","48.0","33.055","420.768"
"10_sec12_0","49.0","33.052","420.48"
"10_sec12_0","50.0","33.048","420.147"
"10_sec12_0","51.0","33.044","419.779"
"10_sec12_0","52.0","33.04","419.384"
"10_sec12_0","53.0","33.035","418.961"
"10_sec12_0","54.0","33.031","418.514"
"10_sec12_0","55.0","33.026","418.042"
"10_sec12_0","56.0","33.021","417.548"
"10_sec12_0","57.0","33.016","417.034"
"10_sec12_0","58.0","33.011","416.517"
"10_sec12_0","59.0","33.006","416.015"
"10_sec12_0","60.0","33.001","415.491"
"10_sec12_0","61.0","32.995","414.945"
"10_sec12_0","62.0","32.99","414.379"
"10_sec12_0","63.0","32.984","413.805"
"10_sec12_0","64.0","32.979","413.221"
"10_sec12_0","65.0","32.973","412.627"
"10_sec12_0","66.0","32.967","412.021"
"10_sec12_0","67.0","32.962","411.402"
"10_sec12_0","68.0","32.956","410.771"
"10_sec12_0","69.0","32.95","410.146"
"10_sec12_0","70.0","32.944","409.511"
"10_sec12_0","71.0","32.938","408.867"
"121","0.0","32.265","0.0"
"121","1.0","32.262","309.409"
"121","2.0","32.287","260.085"
"121","3.0","32.331","226.18"
"121","4.0","32.427","210.085"
"121","5.0","32.509","222.624"
"121","6.0","32.576","239.784"
"121","7.0","32.63","257.237"
"121","8.0","32.674","276.318"
"121","9.0","32.707","295.189"
"121","10.0","32.734","309.172"
"121","11.0","32.759","319.985"
"121","12.0","32.781","329.104"
"121","13.0","32.802","337.124"
"121","14.0","32.822","344.239"
"121","15.0","32.84","350.725"
"121","16.0","32.858","356.409"
"121","17.0","32.875","361.607"
"121","18.0","32.891","366.629"
"121","19.0","32.906","371.789"
"121","20.0","32.921","376.746"
"121","21.0","32.934","381.185"
"121","22.0","32.946","385.196"
"121","23.0","32.957","388.872"
"121","24.0","32.967","392.229"
"121","25.0","32.976","395.315"
"121","26.0","32.984","398.208"
"121","27.0","32.992","400.891"
"121","28.0","32.998","403.434"
"121","29.0","33.004","405.793"
"121","30.0","33.01","407.966"
"121","31.0","33.014","409.934"
"121","32.0","33.018","411.71"
"121","33.0","33.021","413.307"
"121","34.0","33.024","414.737"
"121","35.0","33.026","416.008"
"121","36.0","33.028","417.13"
"121","37.0","33.029","418.11"
"121","38.0","33.03","418.954"
"121","39.0","33.03","419.672"
"121","40.0","33.029","420.268"
"121","41.0","33.029","420.752"
"121","42.0","33.028","421.152"
"121","43.0","33.026","421.449"
"121","44.0","33.024","421.645"
"121","45.0","33.022","421.747"
"121","46.0","33.019","421.758"
"121","47.0","33.016","421.683"
"121","48.0","33.013","421.525"
"121","49.0","33.01","421.297"
"121","50.0","33.006","421.017"
"121","51.0","33.002","420.695"
"121","52.0","32.997","420.341"
"121","53.0","32.993","419.956"
"121","54.0","32.988","419.544"
"121","55.0","32.983","419.103"
"121","56.0","32.978","418.638"
"121","57.0","32.973","418.151"
"121","58.0","32.968","417.651"
"121","59.0","32.963","417.168"
"121","60.0","32.958","416.664"
"121","61.0","32.952","416.136"
"121","62.0","32.947","415.588"
"121","63.0","32.941","415.028"
"121","64.0","32.935","414.458"
"121","65.0","32.929","413.876"
"121","66.0","32.924","413.281"
"121","67.0","32.918","412.673"
"121","68.0","32.912","412.052"
"121","69.0","32.906","411.431"
"121","70.0","32.9","410.804"
"121","71.0","32.894","410.165"
"122","0.0","32.24","0.0"
"122","1.0","32.267","280.555"
"122","2.0","32.261","265.272"
"122","3.0","32.319","212.122"
"122","4.0","32.415","198.04"
"122","5.0","32.496","212.325"
"122","6.0","32.56","231.645"
"122","7.0","32.613","250.467"
"122","8.0","32.654","271.172"
"122","9.0","32.685","291.226"
"122","10.0","32.711","305.654"
"122","11.0","32.734","316.739"
"122","12.0","32.756","326.081"
"122","13.0","32.776","334.29"
"122","14.0","32.795","341.573"
"122","15.0","32.813","348.166"
"122","16.0","32.83","353.946"
"122","17.0","32.847","359.267"
"122","18.0","32.862","364.442"
"122","19.0","32.877","369.715"
"122","20.0","32.89","374.826"
"122","21.0","32.903","379.415"
"122","22.0","32.915","383.571"
"122","23.0","32.925","387.376"
"122","24.0","32.935","390.862"
"122","25.0","32.944","394.075"
"122","26.0","32.952","397.089"
"122","27.0","32.959","399.89"
"122","28.0","32.966","402.53"
"122","29.0","32.972","404.997"
"122","30.0","32.977","407.271"
"122","31.0","32.981","409.336"
"122","32.0","32.985","411.203"
"122","33.0","32.988","412.887"
"122","34.0","32.99","414.397"
"122","35.0","32.992","415.747"
"122","36.0","32.994","416.941"
"122","37.0","32.995","417.992"
"122","38.0","32.995","418.904"
"122","39.0","32.995","419.685"
"122","40.0","32.995","420.343"
"122","41.0","32.994","420.886"
"122","42.0","32.993","421.348"
"122","43.0","32.991","421.7"
"122","44.0","32.989","421.951"
"122","45.0","32.987","422.103"
"122","46.0","32.984","422.165"
"122","47.0","32.981","422.137"
"122","48.0","32.978","422.025"
"122","49.0","32.974","421.838"
"122","50.0","32.97","421.592"
"122","51.0","32.966","421.301"
"122","52.0","32.962","420.975"
"122","53.0","32.957","420.615"
"122","54.0","32.953","420.226"
"122","55.0","32.948","419.806"
"122","56.0","32.943","419.361"
"122","57.0","32.938","418.893"
"122","58.0","32.932","418.407"
"122","59.0","32.927","417.937"
"122","60.0","32.922","417.446"
"122","61.0","32.916","416.931"
"122","62.0","32.91","416.395"
"122","63.0","32.905","415.845"
"122","64.0","32.899","415.285"
"122","65.0","32.893","414.712"
"122","66.0","32.887","414.126"
"122","67.0","32.881","413.526"
"122","68.0","32.875","412.912"
"122","69.0","32.869","412.296"
"122","70.0","32.863","411.676"
"122","71.0","32.857","411.035"
"123","0.0","32.207","0.0"
"123","1.0","32.24","221.526"
"123","2.0","32.218","269.524"
"123","3.0","32.304","201.655"
"123","4.0","32.399","188.288"
"123","5.0","32.477","204.58"
"123","6.0","32.538","225.409"
"123","7.0","32.588","245.237"
"123","8.0","32.626","267.343"
"123","9.0","32.653","288.213"
"123","10.0","32.676","302.929"
"123","11.0","32.697","314.193"
"123","12.0","32.717","323.695"
"123","13.0","32.736","332.042"
"123","14.0","32.754","339.446"
"123","15.0","32.771","346.107"
"123","16.0","32.787","351.945"
"123","17.0","32.803","357.375"
"123","18.0","32.817","362.683"
"123","19.0","32.831","368.051"
"123","20.0","32.844","373.278"
"123","21.0","32.855","377.985"
"123","22.0","32.866","382.255"
"123","23.0","32.876","386.173"
"123","24.0","32.885","389.761"
"123","25.0","32.893","393.077"
"123","26.0","32.901","396.193"
"123","27.0","32.907","399.087"
"123","28.0","32.913","401.812"
"123","29.0","32.918","404.365"
"123","30.0","32.923","406.724"
"123","31.0","32.927","408.867"
"123","32.0","32.93","410.81"
"123","33.0","32.933","412.563"
"123","34.0","32.935","414.142"
"123","35.0","32.936","415.555"
"123","36.0","32.938","416.811"
"123","37.0","32.938","417.919"
"123","38.0","32.939","418.886"
"123","39.0","32.938","419.721"
"123","40.0","32.938","420.429"
"123","41.0","32.937","421.025"
"123","42.0","32.936","421.535"
"123","43.0","32.934","421.935"
"123","44.0","32.932","422.23"
"123","45.0","32.929","422.426"
"123","46.0","32.926","422.528"
"123","47.0","32.923","422.539"
"123","48.0","32.92","422.465"
"123","49.0","32.916","422.311"
"123","50.0","32.912","422.093"
"123","51.0","32.908","421.828"
"123","52.0","32.904","421.525"
"123","53.0","32.899","421.186"
"123","54.0","32.895","420.816"
"123","55.0","32.89","420.414"
"123","56.0","32.885","419.985"
"123","57.0","32.88","419.532"
"123","58.0","32.874","419.058"
"123","59.0","32.869","418.598"
"123","60.0","32.864","418.118"
"123","61.0","32.858","417.614"
"123","62.0","32.853","417.088"
"123","63.0","32.847","416.546"
"123","64.0","32.841","415.994"
"123","65.0","32.835","415.428"
"123","66.0","32.83","414.848"
"123","67.0","32.824","414.254"
"123","68.0","32.818","413.645"
"123","69.0","32.812","413.033"
"123","70.0","32.806","412.418"
"123","71.0","32.799","411.776"
"124","0.0","32.166","0.0"
"124","1.0","32.157","267.086"
"124","2.0","32.169","271.991"
"124","3.0","32.284","190.577"
"124","4.0","32.381","177.376"
"124","5.0","32.457","196.058"
"124","6.0","32.515","218.694"
"124","7.0","32.561","239.646"
"124","8.0","32.595","263.53"
"124","9.0","32.618","285.127"
"124","10.0","32.638","300.05"
"124","11.0","32.657","311.456"
"124","12.0","32.676","321.099"
"124","13.0","32.693","329.57"
"124","14.0","32.709","337.085"
"124","15.0","32.725","343.792"
"124","16.0","32.741","349.672"
"124","17.0","32.755","355.243"
"124","18.0","32.769","360.696"
"124","19.0","32.781","366.165"
"124","20.0","32.793","371.5"
"124","21.0","32.803","376.324"
"124","22.0","32.813","380.713"
"124","23.0","32.822","384.738"
"124","24.0","32.831","388.441"
"124","25.0","32.838","391.882"
"124","26.0","32.845","395.117"
"124","27.0","32.851","398.125"
"124","28.0","32.856","400.953"
"124","29.0","32.861","403.615"
"124","30.0","32.864","406.076"
"124","31.0","32.868","408.316"
"124","32.0","32.871","410.351"
"124","33.0","32.873","412.193"
"124","34.0","32.875","413.855"
"124","35.0","32.876","415.349"
"124","36.0","32.877","416.682"
"124","37.0","32.877","417.863"
"124","38.0","32.877","418.901"
"124","39.0","32.877","419.802"
"124","40.0","32.876","420.574"
"124","41.0","32.875","421.237"
"124","42.0","32.873","421.81"
"124","43.0","32.871","422.269"
"124","44.0","32.869","422.621"
"124","45.0","32.866","422.87"
"124","46.0","32.863","423.023"
"124","47.0","32.86","423.083"
"124","48.0","32.856","423.055"
"124","49.0","32.853","422.941"
"124","50.0","32.849","422.758"
"124","51.0","32.844","422.524"
"124","52.0","32.84","422.247"
"124","53.0","32.835","421.933"
"124","54.0","32.831","421.584"
"124","55.0","32.826","421.202"
"124","56.0","32.821","420.79"
"124","57.0","32.816","420.353"
"124","58.0","32.81","419.892"
"124","59.0","32.805","419.441"
"124","60.0","32.8","418.97"
"124","61.0","32.794","418.475"
"124","62.0","32.788","417.956"
"124","63.0","32.783","417.421"
"124","64.0","32.777","416.873"
"124","65.0","32.771","416.312"
"124","66.0","32.765","415.735"
"124","67.0","32.759","415.143"
"124","68.0","32.753","414.537"
"124","69.0","32.747","413.924"
"124","70.0","32.741","413.31"
"124","71.0","32.735","412.669"
"125","0.0","32.145","0.0"
"125","1.0","32.145","309.564"
"125","2.0","32.154","263.035"
"125","3.0","32.277","170.354"
"125","4.0","32.375","161.227"
"125","5.0","32.45","182.933"
"125","6.0","32.506","208.713"
"125","7.0","32.551","231.666"
"125","8.0","32.583","258.478"
"125","9.0","32.605","281.012"
"125","10.0","32.624","296.15"
"125","11.0","32.643","307.751"
"125","12.0","32.661","317.594"
"125","13.0","32.678","326.243"
"125","14.0","32.694","333.901"
"125","15.0","32.709","340.681"
"125","16.0","32.725","346.622"
"125","17.0","32.739","352.433"
"125","18.0","32.753","358.139"
"125","19.0","32.765","363.784"
"125","20.0","32.776","369.279"
"125","21.0","32.787","374.27"
"125","22.0","32.796","378.825"
"125","23.0","32.805","383.009"
"125","24.0","32.813","386.867"
"125","25.0","32.821","390.475"
"125","26.0","32.827","393.866"
"125","27.0","32.833","397.021"
"125","28.0","32.838","399.98"
"125","29.0","32.843","402.775"
"125","30.0","32.847","405.359"
"125","31.0","32.85","407.716"
"125","32.0","32.852","409.86"
"125","33.0","32.855","411.806"
"125","34.0","32.856","413.568"
"125","35.0","32.857","415.155"
"125","36.0","32.858","416.577"
"125","37.0","32.858","417.843"
"125","38.0","32.858","418.962"
"125","39.0","32.858","419.941"
"125","40.0","32.857","420.787"
"125","41.0","32.855","421.53"
"125","42.0","32.854","422.177"
"125","43.0","32.852","422.706"
"125","44.0","32.849","423.124"
"125","45.0","32.847","423.437"
"125","46.0","32.844","423.652"
"125","47.0","32.84","423.772"
"125","48.0","32.837","423.799"
"125","49.0","32.833","423.735"
"125","50.0","32.829","423.597"
"125","51.0","32.824","423.403"
"125","52.0","32.82","423.163"
"125","53.0","32.815","422.883"
"125","54.0","32.81","422.565"
"125","55.0","32.805","422.212"
"125","56.0","32.8","421.827"
"125","57.0","32.795","421.415"
"125","58.0","32.79","420.976"
"125","59.0","32.784","420.543"
"125","60.0","32.778","420.089"
"125","61.0","32.773","419.611"
"125","62.0","32.767","419.109"
"125","63.0","32.761","418.588"
"125","64.0","32.755","418.054"
"125","65.0","32.749","417.504"
"125","66.0","32.743","416.938"
"125","67.0","32.737","416.357"
"125","68.0","32.731","415.761"
"125","69.0","32.725","415.156"
"125","70.0","32.719","414.553"
"125","71.0","32.712","413.929"
"126","0.0","32.126","0.0"
"126","1.0","32.16","186.004"
"126","2.0","32.148","233.329"
"126","3.0","32.273","126.088"
"126","4.0","32.37","126.939"
"126","5.0","32.444","154.569"
"126","6.0","32.5","186.622"
"126","7.0","32.544","214.401"
"126","8.0","32.574","247.76"
"126","9.0","32.594","272.154"
"126","10.0","32.613","287.669"
"126","11.0","32.631","299.641"
"126","12.0","32.648","309.891"
"126","13.0","32.665","318.912"
"126","14.0","32.681","326.852"
"126","15.0","32.696","333.775"
"126","16.0","32.711","339.848"
"126","17.0","32.726","346.198"
"126","18.0","32.739","352.498"
"126","19.0","32.75","358.545"
"126","20.0","32.762","364.379"
"126","21.0","32.772","369.74"
"126","22.0","32.781","374.662"
"126","23.0","32.79","379.2"
"126","24.0","32.798","383.389"
"126","25.0","32.805","387.369"
"126","26.0","32.812","391.11"
"126","27.0","32.817","394.588"
"126","28.0","32.822","397.845"
"126","29.0","32.827","400.938"
"126","30.0","32.83","403.8"
"126","31.0","32.834","406.412"
"126","32.0","32.836","408.803"
"126","33.0","32.838","410.98"
"126","34.0","32.84","412.963"
"126","35.0","32.841","414.757"
"126","36.0","32.841","416.38"
"126","37.0","32.841","417.836"
"126","38.0","32.841","419.136"
"126","39.0","32.841","420.29"
"126","40.0","32.84","421.299"
"126","41.0","32.838","422.227"
"126","42.0","32.836","423.037"
"126","43.0","32.834","423.724"
"126","44.0","32.832","424.29"
"126","45.0","32.829","424.749"
"126","46.0","32.826","425.099"
"126","47.0","32.822","425.351"
"126","48.0","32.819","425.509"
"126","49.0","32.815","425.557"
"126","50.0","32.811","425.519"
"126","51.0","32.806","425.417"
"126","52.0","32.802","425.261"
"126","53.0","32.797","425.057"
"126","54.0","32.792","424.81"
"126","55.0","32.787","424.523"
"126","56.0","32.782","424.199"
"126","57.0","32.776","423.845"
"126","58.0","32.771","423.459"
"126","59.0","32.765","423.064"
"126","60.0","32.759","422.65"
"126","61.0","32.754","422.211"
"126","62.0","32.748","421.745"
"126","63.0","32.742","421.26"
"126","64.0","32.736","420.757"
"126","65.0","32.73","420.235"
"126","66.0","32.724","419.696"
"126","67.0","32.717","419.138"
"126","68.0","32.711","418.564"
"126","69.0","32.705","417.98"
"126","70.0","32.698","417.4"
"126","71.0","32.692","416.801"
"127","0.0","32.097","0.0"
"127","1.0","32.101","261.955"
"127","2.0","32.142","214.012"
"127","3.0","32.27","95.324"
"127","4.0","32.366","102.516"
"127","5.0","32.438","135.383"
"127","6.0","32.491","171.361"
"127","7.0","32.533","203.057"
"127","8.0","32.56","240.891"
"127","9.0","32.579","266.292"
"127","10.0","32.596","281.95"
"127","11.0","32.613","294.131"
"127","12.0","32.63","304.621"
"127","13.0","32.646","313.865"
"127","14.0","32.661","321.965"
"127","15.0","32.676","328.948"
"127","16.0","32.69","335.108"
"127","17.0","32.704","341.847"
"127","18.0","32.717","348.568"
"127","19.0","32.728","354.9"
"127","20.0","32.739","360.962"
"127","21.0","32.749","366.575"
"127","22.0","32.758","371.749"
"127","23.0","32.767","376.532"
"127","24.0","32.774","380.964"
"127","25.0","32.781","385.211"
"127","26.0","32.787","389.196"
"127","27.0","32.793","392.907"
"127","28.0","32.797","396.374"
"127","29.0","32.802","399.684"
"127","30.0","32.805","402.739"
"127","31.0","32.808","405.537"
"127","32.0","32.81","408.101"
"127","33.0","32.812","410.443"
"127","34.0","32.813","412.582"
"127","35.0","32.814","414.527"
"127","36.0","32.814","416.291"
"127","37.0","32.814","417.882"
"127","38.0","32.814","419.313"
"127","39.0","32.813","420.59"
"127","40.0","32.812","421.719"
"127","41.0","32.81","422.778"
"127","42.0","32.808","423.709"
"127","43.0","32.806","424.507"
"127","44.0","32.803","425.181"
"127","45.0","32.801","425.741"
"127","46.0","32.797","426.192"
"127","47.0","32.794","426.538"
"127","48.0","32.79","426.785"
"127","49.0","32.786","426.914"
"127","50.0","32.781","426.948"
"127","51.0","32.777","426.912"
"127","52.0","32.772","426.816"
"127","53.0","32.767","426.666"
"127","54.0","32.762","426.469"
"127","55.0","32.757","426.229"
"127","56.0","32.751","425.949"
"127","57.0","32.746","425.635"
"127","58.0","32.74","425.287"
"127","59.0","32.734","424.92"
"127","60.0","32.728","424.534"
"127","61.0","32.722","424.121"
"127","62.0","32.716","423.682"
"127","63.0","32.71","423.22"
"127","64.0","32.704","422.738"
"127","65.0","32.698","422.236"
"127","66.0","32.692","421.714"
"127","67.0","32.685","421.173"
"127","68.0","32.679","420.615"
"127","69.0","32.672","420.043"
"127","70.0","32.666","419.476"
"127","71.0","32.659","418.892"
"128","0.0","32.078","0.0"
"128","1.0","32.069","333.886"
"128","2.0","32.142","178.922"
"128","3.0","32.271","65.35"
"128","4.0","32.363","83.146"
"128","5.0","32.433","120.844"
"128","6.0","32.486","159.834"
"128","7.0","32.525","194.892"
"128","8.0","32.549","236.107"
"128","9.0","32.567","262.049"
"128","10.0","32.583","277.728"
"128","11.0","32.599","290.028"
"128","12.0","32.615","300.664"
"128","13.0","32.63","310.048"
"128","14.0","32.645","318.24"
"128","15.0","32.66","325.227"
"128","16.0","32.674","331.472"
"128","17.0","32.687","338.529"
"128","18.0","32.699","345.574"
"128","19.0","32.711","352.135"
"128","20.0","32.721","358.363"
"128","21.0","32.73","364.167"
"128","22.0","32.739","369.533"
"128","23.0","32.747","374.49"
"128","24.0","32.755","379.121"
"128","25.0","32.761","383.573"
"128","26.0","32.767","387.752"
"128","27.0","32.772","391.642"
"128","28.0","32.777","395.274"
"128","29.0","32.78","398.753"
"128","30.0","32.784","401.961"
"128","31.0","32.786","404.899"
"128","32.0","32.788","407.599"
"128","33.0","32.79","410.069"
"128","34.0","32.791","412.331"
"128","35.0","32.792","414.391"
"128","36.0","32.792","416.267"
"128","37.0","32.792","417.963"
"128","38.0","32.791","419.495"
"128","39.0","32.79","420.87"
"128","40.0","32.789","422.09"
"128","41.0","32.787","423.257"
"128","42.0","32.785","424.279"
"128","43.0","32.782","425.166"
"128","44.0","32.78","425.923"
"128","45.0","32.776","426.565"
"128","46.0","32.773","427.092"
"128","47.0","32.769","427.515"
"128","48.0","32.765","427.831"
"128","49.0","32.761","428.022"
"128","50.0","32.757","428.112"
"128","51.0","32.752","428.128"
"128","52.0","32.747","428.078"
"128","53.0","32.742","427.972"
"128","54.0","32.737","427.815"
"128","55.0","32.731","427.612"
"128","56.0","32.726","427.366"
"128","57.0","32.72","427.084"
"128","58.0","32.714","426.765"
"128","59.0","32.709","426.42"
"128","60.0","32.703","426.056"
"128","61.0","32.697","425.665"
"128","62.0","32.69","425.245"
"128","63.0","32.684","424.802"
"128","64.0","32.678","424.338"
"128","65.0","32.671","423.85"
"128","66.0","32.665","423.342"
"128","67.0","32.659","422.814"
"128","68.0","32.652","422.267"
"128","69.0","32.645","421.706"
"128","70.0","32.639","421.145"
"128","71.0","32.632","420.567"
"129","0.0","32.058","0.0"
"129","1.0","32.105","186.712"
"129","2.0","32.146","140.69"
"129","3.0","32.272","40.291"
"129","4.0","32.361","68.248"
"129","5.0","32.429","110.154"
"129","6.0","32.48","151.769"
"129","7.0","32.517","189.494"
"129","8.0","32.538","233.025"
"129","9.0","32.553","259.254"
"129","10.0","32.569","274.924"
"129","11.0","32.584","287.294"
"129","12.0","32.599","298.024"
"129","13.0","32.613","307.496"
"129","14.0","32.627","315.739"
"129","15.0","32.641","322.716"
"129","16.0","32.655","329.043"
"129","17.0","32.668","336.333"
"129","18.0","32.679","343.595"
"129","19.0","32.69","350.314"
"129","20.0","32.699","356.651"
"129","21.0","32.708","362.582"
"129","22.0","32.717","368.077"
"129","23.0","32.724","373.172"
"129","24.0","32.731","377.925"
"129","25.0","32.738","382.518"
"129","26.0","32.743","386.824"
"129","27.0","32.748","390.837"
"129","28.0","32.752","394.579"
"129","29.0","32.755","398.175"
"129","30.0","32.758","401.482"
"129","31.0","32.76","404.516"
"129","32.0","32.762","407.305"
"129","33.0","32.763","409.861"
"129","34.0","32.764","412.204"
"129","35.0","32.764","414.342"
"129","36.0","32.764","416.29"
"129","37.0","32.764","418.057"
"129","38.0","32.763","419.657"
"129","39.0","32.762","421.096"
"129","40.0","32.76","422.379"
"129","41.0","32.758","423.619"
"129","42.0","32.756","424.705"
"129","43.0","32.754","425.649"
"129","44.0","32.751","426.464"
"129","45.0","32.747","427.159"
"129","46.0","32.744","427.739"
"129","47.0","32.74","428.211"
"129","48.0","32.736","428.574"
"129","49.0","32.731","428.806"
"129","50.0","32.727","428.935"
"129","51.0","32.722","428.987"
"129","52.0","32.717","428.969"
"129","53.0","32.712","428.892"
"129","54.0","32.706","428.763"
"129","55.0","32.701","428.585"
"129","56.0","32.695","428.363"
"129","57.0","32.69","428.104"
"129","58.0","32.684","427.805"
"129","59.0","32.678","427.478"
"129","60.0","32.672","427.129"
"129","61.0","32.665","426.752"
"129","62.0","32.659","426.347"
"129","63.0","32.653","425.918"
"129","64.0","32.646","425.465"
"129","65.0","32.64","424.989"
"129","66.0","32.633","424.491"
"129","67.0","32.627","423.972"
"129","68.0","32.62","423.434"
"129","69.0","32.614","422.881"
"129","70.0","32.607","422.323"
"129","71.0","32.6","421.755"
"130","0.0","32.022","0.0"
"130","1.0","32.044","205.818"
"130","2.0","32.154","115.552"
"130","3.0","32.271","23.001"
"130","4.0","32.357","55.612"
"130","5.0","32.422","101.291"
"130","6.0","32.469","145.278"
"130","7.0","32.501","185.655"
"130","8.0","32.515","230.906"
"130","9.0","32.526","257.19"
"130","10.0","32.539","272.798"
"130","11.0","32.552","285.197"
"130","12.0","32.565","295.986"
"130","13.0","32.577","305.507"
"130","14.0","32.589","313.761"
"130","15.0","32.602","320.705"
"130","16.0","32.614","327.134"
"130","17.0","32.625","334.633"
"130","18.0","32.635","342.072"
"130","19.0","32.644","348.916"
"130","20.0","32.652","355.339"
"130","21.0","32.66","361.37"
"130","22.0","32.667","366.967"
"130","23.0","32.673","372.159"
"130","24.0","32.679","377.022"
"130","25.0","32.684","381.727"
"130","26.0","32.688","386.139"
"130","27.0","32.692","390.248"
"130","28.0","32.695","394.082"
"130","29.0","32.697","397.765"
"130","30.0","32.699","401.156"
"130","31.0","32.701","404.264"
"130","32.0","32.702","407.128"
"130","33.0","32.702","409.752"
"130","34.0","32.703","412.163"
"130","35.0","32.702","414.362"
"130","36.0","32.702","416.373"
"130","37.0","32.701","418.197"
"130","38.0","32.699","419.851"
"130","39.0","32.697","421.344"
"130","40.0","32.695","422.676"
"130","41.0","32.693","423.973"
"130","42.0","32.69","425.107"
"130","43.0","32.687","426.1"
"130","44.0","32.684","426.959"
"130","45.0","32.68","427.699"
"130","46.0","32.677","428.319"
"130","47.0","32.673","428.831"
"130","48.0","32.668","429.233"
"130","49.0","32.664","429.498"
"130","50.0","32.659","429.657"
"130","51.0","32.654","429.737"
"130","52.0","32.649","429.746"
"130","53.0","32.644","429.693"
"130","54.0","32.638","429.585"
"130","55.0","32.633","429.429"
"130","56.0","32.627","429.227"
"130","57.0","32.621","428.985"
"130","58.0","32.615","428.703"
"130","59.0","32.609","428.39"
"130","60.0","32.603","428.053"
"130","61.0","32.597","427.689"
"130","62.0","32.591","427.295"
"130","63.0","32.585","426.877"
"130","64.0","32.578","426.434"
"130","65.0","32.572","425.966"
"130","66.0","32.565","425.476"
"130","67.0","32.559","424.965"
"130","68.0","32.552","424.434"
"130","69.0","32.545","423.887"
"130","70.0","32.539","423.333"
"130","71.0","32.532","422.766"
"13","0.0","31.995","0.0"
"13","1.0","31.995","318.736"
"13","2.0","32.164","99.647"
"13","3.0","32.27","12.798"
"13","4.0","32.355","47.675"
"13","5.0","32.417","95.554"
"13","6.0","32.462","140.815"
"13","7.0","32.489","183.461"
"13","8.0","32.498","229.759"
"13","9.0","32.507","255.871"
"13","10.0","32.518","271.365"
"13","11.0","32.529","283.736"
"13","12.0","32.54","294.535"
"13","13.0","32.551","304.054"
"13","14.0","32.561","312.268"
"13","15.0","32.573","319.142"
"13","16.0","32.584","325.676"
"13","17.0","32.594","333.357"
"13","18.0","32.602","340.922"
"13","19.0","32.61","347.857"
"13","20.0","32.617","354.345"
"13","21.0","32.623","360.448"
"13","22.0","32.629","366.119"
"13","23.0","32.635","371.385"
"13","24.0","32.639","376.351"
"13","25.0","32.643","381.153"
"13","26.0","32.647","385.65"
"13","27.0","32.649","389.843"
"13","28.0","32.652","393.751"
"13","29.0","32.653","397.501"
"13","30.0","32.655","400.958"
"13","31.0","32.655","404.135"
"13","32.0","32.656","407.059"
"13","33.0","32.656","409.746"
"13","34.0","32.655","412.212"
"13","35.0","32.655","414.468"
"13","36.0","32.653","416.529"
"13","37.0","32.652","418.404"
"13","38.0","32.65","420.108"
"13","39.0","32.648","421.645"
"13","40.0","32.645","423.023"
"13","41.0","32.643","424.354"
"13","42.0","32.64","425.529"
"13","43.0","32.636","426.559"
"13","44.0","32.633","427.455"
"13","45.0","32.629","428.229"
"13","46.0","32.625","428.883"
"13","47.0","32.621","429.427"
"13","48.0","32.616","429.855"
"13","49.0","32.612","430.142"
"13","50.0","32.607","430.323"
"13","51.0","32.602","430.423"
"13","52.0","32.597","430.45"
"13","53.0","32.591","430.413"
"13","54.0","32.586","430.32"
"13","55.0","32.58","430.177"
"13","56.0","32.575","429.986"
"13","57.0","32.569","429.755"
"13","58.0","32.563","429.483"
"13","59.0","32.557","429.175"
"13","60.0","32.551","428.844"
"13","61.0","32.545","428.484"
"13","62.0","32.538","428.095"
"13","63.0","32.532","427.68"
"13","64.0","32.526","427.239"
"13","65.0","32.519","426.773"
"13","66.0","32.513","426.283"
"13","67.0","32.506","425.772"
"13","68.0","32.5","425.241"
"13","69.0","32.493","424.693"
"13","70.0","32.487","424.137"
"13","71.0","32.48","423.57"
"13_sec13_0","0.0","31.995","0.0"
"13_sec13_0","1.0","31.995","318.736"
"13_sec13_0","2.0","32.164","99.647"
"13_sec13_0","3.0","32.27","12.798"
"13_sec13_0","4.0","32.355","47.675"
"13_sec13_0","5.0","32.417","95.554"
"13_sec13_0","6.0","32.462","140.815"
"13_sec13_0","7.0","32.489","183.461"
"13_sec13_0","8.0","32.498","229.759"
"13_sec13_0","9.0","32.507","255.871"
"13_sec13_0","10.0","32.518","271.365"
"13_sec13_0","11.0","32.529","283.736"
"13_sec13_0","12.0","32.54","294.535"
"13_sec13_0","13.0","32.551","304.054"
"13_sec13_0","14.0","32.561","312.268"
"13_sec13_0","15.0","32.573","319.142"
"13_sec13_0","16.0","32.584","325.676"
"13_sec13_0","17.0","32.594","333.357"
"13_sec13_0","18.0","32.602","340.922"
"13_sec13_0","19.0","32.61","347.857"
"13_sec13_0","20.0","32.617","354.345"
"13_sec13_0","21.0","32.623","360.448"
"13_sec13_0","22.0","32.629","366.119"
"13_sec13_0","23.0","32.635","371.385"
"13_sec13_0","24.0","32.639","376.351"
"13_sec13_0","25.0","32.643","381.153"
"13_sec13_0","26.0","32.647","385.65"
"13_sec13_0","27.0","32.649","389.843"
"13_sec13_0","28.0","32.652","393.751"
"13_sec13_0","29.0","32.653","397.501"
"13_sec13_0","30.0","32.655","400.958"
"13_sec13_0","31.0","32.655","404.135"
"13_sec13_0","32.0","32.656","407.059"
"13_sec13_0","33.0","32.656","409.746"
"13_sec13_0","34.0","32.655","412.212"
"13_sec13_0","35.0","32.655","414.468"
"13_sec13_0","36.0","32.653","416.529"
"13_sec13_0","37.0","32.652","418.404"
"13_sec13_0","38.0","32.65","420.108"
"13_sec13_0","39.0","32.648","421.645"
"13_sec13_0","40.0","32.645","423.023"
"13_sec13_0","41.0","32.643","424.354"
"13_sec13_0","42.0","32.64","425.529"
"13_sec13_0","43.0","32.636","426.559"
"13_sec13_0","44.0","32.633","427.455"
"13_sec13_0","45.0","32.629","428.229"
"13_sec13_0","46.0","32.625","428.883"
"13_sec13_0","47.0","32.621","429.427"
"13_sec13_0","48.0","32.616","429.855"
"13_sec13_0","49.0","32.612","430.142"
"13_sec13_0","50.0","32.607","430.323"
"13_sec13_0","51.0","32.602","430.423"
"13_sec13_0","52.0","32.597","430.45"
"13_sec13_0","53.0","32.591","430.413"
"13_sec13_0","54.0","32.586","430.32"
"13_sec13_0","55.0","32.58","430.177"
"13_sec13_0","56.0","32.575","429.986"
"13_sec13_0","57.0","32.569","429.755"
"13_sec13_0","58.0","32.563","429.483"
"13_sec13_0","59.0","32.557","429.175"
"13_sec13_0","60.0","32.551","428.844"
"13_sec13_0","61.0","32.545","428.484"
"13_sec13_0","62.0","32.538","428.095"
"13_sec13_0","63.0","32.532","427.68"
"13_sec13_0","64.0","32.526","427.239"
"13_sec13_0","65.0","32.519","426.773"
"13_sec13_0","66.0","32.513","426.283"
"13_sec13_0","67.0","32.506","425.772"
"13_sec13_0","68.0","32.5","425.241"
"13_sec13_0","69.0","32.493","424.693"
"13_sec13_0","70.0","32.487","424.137"
"13_sec13_0","71.0","32.48","423.57"
"131","0.0","31.978","0.0"
"131","1.0","31.981","305.212"
"131","2.0","32.17","49.747"
"131","3.0","32.269","-15.686"
"131","4.0","32.353","27.691"
"131","5.0","32.414","82.377"
"131","6.0","32.458","131.2"
"131","7.0","32.482","179.812"
"131","8.0","32.489","227.983"
"131","9.0","32.496","253.494"
"131","10.0","32.505","268.731"
"131","11.0","32.515","281.052"
"131","12.0","32.526","291.88"
"131","13.0","32.536","301.398"
"131","14.0","32.546","309.53"
"131","15.0","32.557","316.265"
"131","16.0","32.568","323.115"
"131","17.0","32.577","331.185"
"131","18.0","32.584","338.998"
"131","19.0","32.591","346.102"
"131","20.0","32.598","352.722"
"131","21.0","32.604","358.96"
"131","22.0","32.609","364.771"
"131","23.0","32.614","370.164"
"131","24.0","32.618","375.321"
"131","25.0","32.622","380.29"
"131","26.0","32.625","384.938"
"131","27.0","32.627","389.271"
"131","28.0","32.629","393.308"
"131","29.0","32.63","397.158"
"131","30.0","32.631","400.732"
"131","31.0","32.631","404.02"
"131","32.0","32.631","407.052"
"131","33.0","32.631","409.84"
"131","34.0","32.63","412.404"
"131","35.0","32.629","414.753"
"131","36.0","32.628","416.904"
"131","37.0","32.626","418.865"
"131","38.0","32.624","420.651"
"131","39.0","32.621","422.267"
"131","40.0","32.619","423.72"
"131","41.0","32.616","425.103"
"131","42.0","32.613","426.345"
"131","43.0","32.609","427.442"
"131","44.0","32.605","428.401"
"131","45.0","32.601","429.236"
"131","46.0","32.597","429.949"
"131","47.0","32.593","430.552"
"131","48.0","32.588","431.024"
"131","49.0","32.583","431.353"
"131","50.0","32.578","431.578"
"131","51.0","32.573","431.718"
"131","52.0","32.568","431.782"
"131","53.0","32.563","431.781"
"131","54.0","32.557","431.721"
"131","55.0","32.551","431.608"
"131","56.0","32.546","431.447"
"131","57.0","32.54","431.243"
"131","58.0","32.534","430.996"
"131","59.0","32.528","430.71"
"131","60.0","32.521","430.398"
"131","61.0","32.515","430.056"
"131","62.0","32.509","429.685"
"131","63.0","32.502","429.287"
"131","64.0","32.496","428.859"
"131","65.0","32.489","428.406"
"131","66.0","32.483","427.928"
"131","67.0","32.476","427.428"
"131","68.0","32.47","426.909"
"131","69.0","32.463","426.371"
"131","70.0","32.456","425.82"
"131","71.0","32.449","425.26"
"132","0.0","31.965","0.0"
"132","1.0","32.002","196.368"
"132","2.0","32.173","24.923"
"132","3.0","32.268","-29.587"
"132","4.0","32.351","16.713"
"132","5.0","32.412","75.445"
"132","6.0","32.454","126.376"
"132","7.0","32.477","178.314"
"132","8.0","32.481","227.259"
"132","9.0","32.488","252.372"
"132","10.0","32.496","267.456"
"132","11.0","32.506","279.743"
"132","12.0","32.516","290.574"
"132","13.0","32.525","300.079"
"132","14.0","32.535","308.151"
"132","15.0","32.546","314.799"
"132","16.0","32.556","321.847"
"132","17.0","32.564","330.121"
"132","18.0","32.572","338.056"
"132","19.0","32.578","345.245"
"132","20.0","32.584","351.932"
"132","21.0","32.59","358.237"
"132","22.0","32.595","364.117"
"132","23.0","32.599","369.594"
"132","24.0","32.603","374.838"
"132","25.0","32.606","379.894"
"132","26.0","32.608","384.618"
"132","27.0","32.61","389.024"
"132","28.0","32.612","393.126"
"132","29.0","32.613","397.028"
"132","30.0","32.614","400.659"
"132","31.0","32.614","404.005"
"132","32.0","32.614","407.089"
"132","33.0","32.613","409.93"
"132","34.0","32.612","412.542"
"132","35.0","32.611","414.939"
"132","36.0","32.609","417.135"
"132","37.0","32.607","419.139"
"132","38.0","32.605","420.968"
"132","39.0","32.602","422.622"
"132","40.0","32.599","424.115"
"132","41.0","32.596","425.524"
"132","42.0","32.593","426.801"
"132","43.0","32.589","427.93"
"132","44.0","32.585","428.922"
"132","45.0","32.581","429.788"
"132","46.0","32.577","430.532"
"132","47.0","32.572","431.162"
"132","48.0","32.567","431.658"
"132","49.0","32.563","432.009"
"132","50.0","32.558","432.255"
"132","51.0","32.552","432.416"
"132","52.0","32.547","432.499"
"132","53.0","32.541","432.515"
"132","54.0","32.536","432.472"
"132","55.0","32.53","432.375"
"132","56.0","32.524","432.229"
"132","57.0","32.518","432.039"
"132","58.0","32.512","431.804"
"132","59.0","32.506","431.529"
"132","60.0","32.5","431.227"
"132","61.0","32.493","430.894"
"132","62.0","32.487","430.532"
"132","63.0","32.481","430.142"
"132","64.0","32.474","429.722"
"132","65.0","32.467","429.275"
"132","66.0","32.461","428.803"
"132","67.0","32.454","428.309"
"132","68.0","32.447","427.795"
"132","69.0","32.441","427.263"
"132","70.0","32.434","426.714"
"132","71.0","32.427","426.16"
"133","0.0","31.95","0.0"
"133","1.0","32.021","162.971"
"133","2.0","32.178","-0.294"
"133","3.0","32.267","-42.875"
"133","4.0","32.349","5.1"
"133","5.0","32.409","68.266"
"133","6.0","32.451","121.554"
"133","7.0","32.47","177.192"
"133","8.0","32.473","226.718"
"133","9.0","32.478","251.3"
"133","10.0","32.486","266.2"
"133","11.0","32.495","278.438"
"133","12.0","32.504","289.262"
"133","13.0","32.513","298.739"
"133","14.0","32.522","306.729"
"133","15.0","32.532","313.272"
"133","16.0","32.542","320.567"
"133","17.0","32.55","329.062"
"133","18.0","32.556","337.122"
"133","19.0","32.562","344.398"
"133","20.0","32.568","351.154"
"133","21.0","32.572","357.529"
"133","22.0","32.577","363.481"
"133","23.0","32.581","369.034"
"133","24.0","32.584","374.377"
"133","25.0","32.587","379.521"
"133","26.0","32.589","384.325"
"133","27.0","32.591","388.805"
"133","28.0","32.592","392.977"
"133","29.0","32.592","396.932"
"133","30.0","32.593","400.624"
"133","31.0","32.593","404.028"
"133","32.0","32.592","407.169"
"133","33.0","32.591","410.062"
"133","34.0","32.59","412.727"
"133","35.0","32.588","415.172"
"133","36.0","32.586","417.416"
"133","37.0","32.584","419.465"
"133","38.0","32.581","421.337"
"133","39.0","32.579","423.035"
"133","40.0","32.575","424.566"
"133","41.0","32.572","426.005"
"133","42.0","32.569","427.316"
"133","43.0","32.565","428.48"
"133","44.0","32.561","429.505"
"133","45.0","32.556","430.404"
"133","46.0","32.552","431.178"
"133","47.0","32.547","431.836"
"133","48.0","32.542","432.356"
"133","49.0","32.537","432.727"
"133","50.0","32.532","432.996"
"133","51.0","32.527","433.178"
"133","52.0","32.521","433.281"
"133","53.0","32.516","433.316"
"133","54.0","32.51","433.29"
"133","55.0","32.504","433.208"
"133","56.0","32.498","433.079"
"133","57.0","32.492","432.903"
"133","58.0","32.486","432.681"
"133","59.0","32.48","432.418"
"133","60.0","32.473","432.126"
"133","61.0","32.467","431.803"
"133","62.0","32.46","431.45"
"133","63.0","32.454","431.069"
"133","64.0","32.447","430.655"
"133","65.0","32.441","430.215"
"133","66.0","32.434","429.75"
"133","67.0","32.427","429.261"
"133","68.0","32.42","428.753"
"133","69.0","32.414","428.226"
"133","70.0","32.407","427.68"
"133","71.0","32.4","427.126"
"134","0.0","31.935","0.0"
"134","1.0","31.964","220.838"
"134","2.0","32.179","-15.776"
"134","3.0","32.267","-52.44"
"134","4.0","32.348","-3.827"
"134","5.0","32.407","62.721"
"134","6.0","32.448","117.889"
"134","7.0","32.465","176.673"
"134","8.0","32.466","226.462"
"134","9.0","32.47","250.515"
"134","10.0","32.477","265.239"
"134","11.0","32.485","277.428"
"134","12.0","32.493","288.238"
"134","13.0","32.501","297.68"
"134","14.0","32.51","305.586"
"134","15.0","32.52","312.036"
"134","16.0","32.529","319.564"
"134","17.0","32.536","328.245"
"134","18.0","32.543","336.4"
"134","19.0","32.548","343.747"
"134","20.0","32.553","350.559"
"134","21.0","32.557","356.988"
"134","22.0","32.561","362.996"
"134","23.0","32.565","368.611"
"134","24.0","32.568","374.043"
"134","25.0","32.57","379.262"
"134","26.0","32.572","384.13"
"134","27.0","32.573","388.671"
"134","28.0","32.574","392.898"
"134","29.0","32.574","396.898"
"134","30.0","32.574","400.637"
"134","31.0","32.574","404.089"
"134","32.0","32.573","407.273"
"134","33.0","32.572","410.211"
"134","34.0","32.57","412.916"
"134","35.0","32.568","415.402"
"134","36.0","32.566","417.682"
"134","37.0","32.563","419.769"
"134","38.0","32.561","421.676"
"134","39.0","32.558","423.406"
"134","40.0","32.554","424.97"
"134","41.0","32.551","426.432"
"134","42.0","32.547","427.772"
"134","43.0","32.543","428.963"
"134","44.0","32.539","430.016"
"134","45.0","32.534","430.94"
"134","46.0","32.53","431.74"
"134","47.0","32.525","432.423"
"134","48.0","32.52","432.961"
"134","49.0","32.514","433.351"
"134","50.0","32.509","433.636"
"134","51.0","32.504","433.835"
"134","52.0","32.498","433.954"
"134","53.0","32.492","434.004"
"134","54.0","32.487","433.992"
"134","55.0","32.481","433.924"
"134","56.0","32.475","433.807"
"134","57.0","32.468","433.643"
"134","58.0","32.462","433.432"
"134","59.0","32.456","433.178"
"134","60.0","32.449","432.894"
"134","61.0","32.443","432.579"
"134","62.0","32.436","432.234"
"134","63.0","32.43","431.859"
"134","64.0","32.423","431.451"
"134","65.0","32.416","431.016"
"134","66.0","32.409","430.556"
"134","67.0","32.403","430.072"
"134","68.0","32.396","429.568"
"134","69.0","32.389","429.045"
"134","70.0","32.382","428.501"
"134","71.0","32.375","427.949"
"135","0.0","31.922","0.0"
"135","1.0","31.903","300.278"
"135","2.0","32.175","-28.691"
"135","3.0","32.268","-60.686"
"135","4.0","32.347","-12.422"
"135","5.0","32.406","57.265"
"135","6.0","32.445","114.395"
"135","7.0","32.46","176.491"
"135","8.0","32.459","226.371"
"135","9.0","32.463","249.807"
"135","10.0","32.469","264.33"
"135","11.0","32.476","276.463"
"135","12.0","32.484","287.25"
"135","13.0","32.492","296.642"
"135","14.0","32.5","304.449"
"135","15.0","32.51","310.802"
"135","16.0","32.519","318.594"
"135","17.0","32.525","327.469"
"135","18.0","32.531","335.719"
"135","19.0","32.536","343.134"
"135","20.0","32.54","350.002"
"135","21.0","32.544","356.484"
"135","22.0","32.548","362.548"
"135","23.0","32.551","368.209"
"135","24.0","32.554","373.746"
"135","25.0","32.556","379.039"
"135","26.0","32.557","383.972"
"135","27.0","32.558","388.575"
"135","28.0","32.558","392.857"
"135","29.0","32.558","396.902"
"135","30.0","32.558","400.689"
"135","31.0","32.557","404.188"
"135","32.0","32.556","407.417"
"135","33.0","32.555","410.399"
"135","34.0","32.553","413.144"
"135","35.0","32.551","415.67"
"135","36.0","32.548","417.988"
"135","37.0","32.546","420.112"
"135","38.0","32.543","422.054"
"135","39.0","32.539","423.817"
"135","40.0","32.536","425.414"
"135","41.0","32.532","426.901"
"135","42.0","32.528","428.269"
"135","43.0","32.524","429.488"
"135","44.0","32.519","430.568"
"135","45.0","32.515","431.518"
"135","46.0","32.51","432.343"
"135","47.0","32.505","433.048"
"135","48.0","32.5","433.601"
"135","49.0","32.494","434.006"
"135","50.0","32.489","434.311"
"135","51.0","32.483","434.527"
"135","52.0","32.478","434.662"
"135","53.0","32.472","434.726"
"135","54.0","32.466","434.729"
"135","55.0","32.46","434.675"
"135","56.0","32.454","434.571"
"135","57.0","32.447","434.419"
"135","58.0","32.441","434.219"
"135","59.0","32.435","433.975"
"135","60.0","32.428","433.7"
"135","61.0","32.421","433.392"
"135","62.0","32.415","433.055"
"135","63.0","32.408","432.687"
"135","64.0","32.401","432.285"
"135","65.0","32.394","431.855"
"135","66.0","32.387","431.4"
"135","67.0","32.381","430.921"
"135","68.0","32.374","430.422"
"135","69.0","32.367","429.903"
"135","70.0","32.359","429.362"
"135","71.0","32.352","428.811"
"136","0.0","31.904","0.0"
"136","1.0","31.892","373.484"
"136","2.0","32.169","-74.832"
"136","3.0","32.268","-77.351"
"136","4.0","32.346","-29.347"
"136","5.0","32.403","45.991"
"136","6.0","32.442","107.587"
"136","7.0","32.454","176.726"
"136","8.0","32.451","226.459"
"136","9.0","32.454","248.525"
"136","10.0","32.459","262.605"
"136","11.0","32.466","274.601"
"136","12.0","32.473","285.319"
"136","13.0","32.48","294.581"
"136","14.0","32.488","302.142"
"136","15.0","32.497","308.314"
"136","16.0","32.505","316.705"
"136","17.0","32.511","325.984"
"136","18.0","32.516","334.414"
"136","19.0","32.52","341.966"
"136","20.0","32.524","348.95"
"136","21.0","32.528","355.538"
"136","22.0","32.531","361.712"
"136","23.0","32.534","367.469"
"136","24.0","32.536","373.234"
"136","25.0","32.537","378.682"
"136","26.0","32.538","383.743"
"136","27.0","32.539","388.473"
"136","28.0","32.539","392.865"
"136","29.0","32.538","397.006"
"136","30.0","32.537","400.885"
"136","31.0","32.536","404.482"
"136","32.0","32.535","407.798"
"136","33.0","32.533","410.871"
"136","34.0","32.531","413.696"
"136","35.0","32.528","416.306"
"136","36.0","32.526","418.697"
"136","37.0","32.523","420.897"
"136","38.0","32.519","422.913"
"136","39.0","32.516","424.741"
"136","40.0","32.512","426.407"
"136","41.0","32.508","427.942"
"136","42.0","32.504","429.37"
"136","43.0","32.499","430.642"
"136","44.0","32.495","431.781"
"136","45.0","32.49","432.781"
"136","46.0","32.485","433.661"
"136","47.0","32.48","434.422"
"136","48.0","32.474","435.0"
"136","49.0","32.469","435.439"
"136","50.0","32.463","435.782"
"136","51.0","32.457","436.032"
"136","52.0","32.452","436.2"
"136","53.0","32.445","436.296"
"136","54.0","32.439","436.329"
"136","55.0","32.433","436.302"
"136","56.0","32.427","436.228"
"136","57.0","32.42","436.1"
"136","58.0","32.414","435.922"
"136","59.0","32.407","435.699"
"136","60.0","32.4","435.441"
"136","61.0","32.394","435.15"
"136","62.0","32.387","434.831"
"136","63.0","32.38","434.477"
"136","64.0","32.373","434.087"
"136","65.0","32.366","433.67"
"136","66.0","32.359","433.225"
"136","67.0","32.352","432.755"
"136","68.0","32.345","432.268"
"136","69.0","32.338","431.757"
"136","70.0","32.33","431.223"
"136","71.0","32.323","430.681"
"137","0.0","31.897","0.0"
"137","1.0","31.908","301.048"
"137","2.0","32.167","-119.012"
"137","3.0","32.268","-90.549"
"137","4.0","32.345","-41.004"
"137","5.0","32.403","37.744"
"137","6.0","32.44","102.813"
"137","7.0","32.451","177.183"
"137","8.0","32.448","226.657"
"137","9.0","32.45","247.71"
"137","10.0","32.456","261.454"
"137","11.0","32.462","273.341"
"137","12.0","32.468","283.998"
"137","13.0","32.475","293.15"
"137","14.0","32.483","300.515"
"137","15.0","32.492","306.573"
"137","16.0","32.5","315.421"
"137","17.0","32.506","324.988"
"137","18.0","32.511","333.545"
"137","19.0","32.515","341.191"
"137","20.0","32.519","348.256"
"137","21.0","32.522","354.918"
"137","22.0","32.525","361.172"
"137","23.0","32.527","366.998"
"137","24.0","32.529","372.925"
"137","25.0","32.531","378.482"
"137","26.0","32.531","383.637"
"137","27.0","32.531","388.456"
"137","28.0","32.531","392.926"
"137","29.0","32.531","397.135"
"137","30.0","32.53","401.08"
"137","31.0","32.529","404.746"
"137","32.0","32.527","408.124"
"137","33.0","32.525","411.26"
"137","34.0","32.523","414.143"
"137","35.0","32.52","416.811"
"137","36.0","32.517","419.256"
"137","37.0","32.514","421.51"
"137","38.0","32.511","423.577"
"137","39.0","32.507","425.451"
"137","40.0","32.503","427.166"
"137","41.0","32.499","428.737"
"137","42.0","32.495","430.207"
"137","43.0","32.49","431.518"
"137","44.0","32.486","432.696"
"137","45.0","32.481","433.734"
"137","46.0","32.476","434.652"
"137","47.0","32.47","435.444"
"137","48.0","32.465","436.039"
"137","49.0","32.459","436.501"
"137","50.0","32.453","436.872"
"137","51.0","32.448","437.146"
"137","52.0","32.442","437.337"
"137","53.0","32.436","437.456"
"137","54.0","32.429","437.51"
"137","55.0","32.423","437.504"
"137","56.0","32.417","437.45"
"137","57.0","32.41","437.339"
"137","58.0","32.404","437.178"
"137","59.0","32.397","436.97"
"137","60.0","32.39","436.725"
"137","61.0","32.383","436.446"
"137","62.0","32.376","436.14"
"137","63.0","32.369","435.795"
"137","64.0","32.362","435.414"
"137","65.0","32.355","435.005"
"137","66.0","32.348","434.568"
"137","67.0","32.341","434.106"
"137","68.0","32.334","433.627"
"137","69.0","32.327","433.121"
"137","70.0","32.32","432.592"
"137","71.0","32.312","432.056"
"138","0.0","31.887","0.0"
"138","1.0","31.933","80.089"
"138","2.0","32.165","-153.93"
"138","3.0","32.269","-107.524"
"138","4.0","32.344","-56.575"
"138","5.0","32.401","26.189"
"138","6.0","32.438","96.221"
"138","7.0","32.447","178.038"
"138","8.0","32.443","227.046"
"138","9.0","32.445","246.688"
"138","10.0","32.45","259.96"
"138","11.0","32.455","271.691"
"138","12.0","32.462","282.247"
"138","13.0","32.468","291.232"
"138","14.0","32.476","298.31"
"138","15.0","32.485","304.248"
"138","16.0","32.492","313.737"
"138","17.0","32.497","323.692"
"138","18.0","32.502","332.415"
"138","19.0","32.505","340.186"
"138","20.0","32.509","347.361"
"138","21.0","32.512","354.125"
"138","22.0","32.515","360.481"
"138","23.0","32.517","366.428"
"138","24.0","32.518","372.563"
"138","25.0","32.519","378.269"
"138","26.0","32.52","383.549"
"138","27.0","32.52","388.49"
"138","28.0","32.519","393.065"
"138","29.0","32.518","397.367"
"138","30.0","32.517","401.401"
"138","31.0","32.516","405.159"
"138","32.0","32.514","408.622"
"138","33.0","32.512","411.844"
"138","34.0","32.509","414.803"
"138","35.0","32.506","417.551"
"138","36.0","32.503","420.067"
"138","37.0","32.5","422.394"
"138","38.0","32.496","424.531"
"138","39.0","32.493","426.468"
"138","40.0","32.489","428.248"
"138","41.0","32.484","429.868"
"138","42.0","32.48","431.395"
"138","43.0","32.475","432.758"
"138","44.0","32.47","433.992"
"138","45.0","32.465","435.079"
"138","46.0","32.46","436.049"
"138","47.0","32.454","436.894"
"138","48.0","32.449","437.511"
"138","49.0","32.443","438.003"
"138","50.0","32.437","438.412"
"138","51.0","32.431","438.718"
"138","52.0","32.425","438.941"
"138","53.0","32.419","439.091"
"138","54.0","32.413","439.174"
"138","55.0","32.407","439.194"
"138","56.0","32.4","439.17"
"138","57.0","32.393","439.083"
"138","58.0","32.387","438.943"
"138","59.0","32.38","438.756"
"138","60.0","32.373","438.528"
"138","61.0","32.366","438.264"
"138","62.0","32.359","437.977"
"138","63.0","32.352","437.645"
"138","64.0","32.345","437.276"
"138","65.0","32.338","436.878"
"138","66.0","32.331","436.451"
"138","67.0","32.324","435.998"
"138","68.0","32.316","435.531"
"138","69.0","32.309","435.033"
"138","70.0","32.302","434.511"
"138","71.0","32.294","433.982"
"139","0.0","31.871","0.0"
"139","1.0","31.995","-3.985"
"139","2.0","32.167","-164.391"
"139","3.0","32.274","-116.772"
"139","4.0","32.342","-71.078"
"139","5.0","32.398","15.262"
"139","6.0","32.434","90.411"
"139","7.0","32.44","179.169"
"139","8.0","32.435","227.612"
"139","9.0","32.435","245.922"
"139","10.0","32.439","258.746"
"139","11.0","32.444","270.327"
"139","12.0","32.45","280.768"
"139","13.0","32.456","289.571"
"139","14.0","32.463","296.356"
"139","15.0","32.471","302.263"
"139","16.0","32.477","312.357"
"139","17.0","32.482","322.65"
"139","18.0","32.485","331.516"
"139","19.0","32.489","339.393"
"139","20.0","32.491","346.663"
"139","21.0","32.494","353.515"
"139","22.0","32.496","359.966"
"139","23.0","32.497","366.034"
"139","24.0","32.498","372.344"
"139","25.0","32.499","378.182"
"139","26.0","32.498","383.576"
"139","27.0","32.498","388.622"
"139","28.0","32.497","393.292"
"139","29.0","32.495","397.675"
"139","30.0","32.494","401.789"
"139","31.0","32.492","405.627"
"139","32.0","32.49","409.164"
"139","33.0","32.487","412.461"
"139","34.0","32.484","415.489"
"139","35.0","32.481","418.306"
"139","36.0","32.478","420.885"
"139","37.0","32.474","423.277"
"139","38.0","32.47","425.475"
"139","39.0","32.466","427.468"
"139","40.0","32.461","429.306"
"139","41.0","32.457","430.971"
"139","42.0","32.452","432.547"
"139","43.0","32.447","433.956"
"139","44.0","32.442","435.239"
"139","45.0","32.437","436.37"
"139","46.0","32.431","437.386"
"139","47.0","32.425","438.262"
"139","48.0","32.42","438.899"
"139","49.0","32.414","439.42"
"139","50.0","32.408","439.858"
"139","51.0","32.402","440.194"
"139","52.0","32.395","440.445"
"139","53.0","32.389","440.622"
"139","54.0","32.383","440.731"
"139","55.0","32.376","440.778"
"139","56.0","32.369","440.777"
"139","57.0","32.363","440.711"
"139","58.0","32.356","440.591"
"139","59.0","32.349","440.422"
"139","60.0","32.342","440.211"
"139","61.0","32.335","439.963"
"139","62.0","32.328","439.689"
"139","63.0","32.321","439.368"
"139","64.0","32.314","439.011"
"139","65.0","32.306","438.622"
"139","66.0","32.299","438.205"
"139","67.0","32.292","437.762"
"139","68.0","32.284","437.304"
"139","69.0","32.277","436.812"
"139","70.0","32.27","436.296"
"139","71.0","32.262","435.771"
"140","0.0","31.863","0.0"
"140","1.0","32.045","-7.673"
"140","2.0","32.168","-179.436"
"140","3.0","32.276","-118.606"
"140","4.0","32.341","-77.908"
"140","5.0","32.397","10.201"
"140","6.0","32.432","88.039"
"140","7.0","32.436","179.777"
"140","8.0","32.43","227.924"
"140","9.0","32.43","245.648"
"140","10.0","32.434","258.273"
"140","11.0","32.438","269.784"
"140","12.0","32.443","280.167"
"140","13.0","32.449","288.875"
"140","14.0","32.456","295.518"
"140","15.0","32.464","301.454"
"140","16.0","32.47","311.818"
"140","17.0","32.474","322.25"
"140","18.0","32.477","331.172"
"140","19.0","32.479","339.093"
"140","20.0","32.482","346.404"
"140","21.0","32.484","353.294"
"140","22.0","32.486","359.782"
"140","23.0","32.487","365.917"
"140","24.0","32.487","372.298"
"140","25.0","32.487","378.19"
"140","26.0","32.487","383.633"
"140","27.0","32.486","388.723"
"140","28.0","32.485","393.434"
"140","29.0","32.483","397.851"
"140","30.0","32.481","401.999"
"140","31.0","32.479","405.869"
"140","32.0","32.476","409.439"
"140","33.0","32.474","412.766"
"140","34.0","32.47","415.825"
"140","35.0","32.467","418.669"
"140","36.0","32.464","421.276"
"140","37.0","32.46","423.695"
"140","38.0","32.456","425.917"
"140","39.0","32.451","427.936"
"140","40.0","32.447","429.796"
"140","41.0","32.442","431.482"
"140","42.0","32.437","433.078"
"140","43.0","32.432","434.507"
"140","44.0","32.427","435.81"
"140","45.0","32.421","436.96"
"140","46.0","32.416","437.994"
"140","47.0","32.41","438.892"
"140","48.0","32.404","439.537"
"140","49.0","32.398","440.067"
"140","50.0","32.392","440.521"
"140","51.0","32.386","440.869"
"140","52.0","32.379","441.132"
"140","53.0","32.373","441.321"
"140","54.0","32.366","441.441"
"140","55.0","32.36","441.495"
"140","56.0","32.353","441.507"
"140","57.0","32.346","441.45"
"140","58.0","32.339","441.339"
"140","59.0","32.332","441.178"
"140","60.0","32.325","440.973"
"140","61.0","32.318","440.729"
"140","62.0","32.311","440.464"
"140","63.0","32.304","440.148"
"140","64.0","32.297","439.795"
"140","65.0","32.289","439.411"
"140","66.0","32.282","438.997"
"140","67.0","32.275","438.556"
"140","68.0","32.267","438.104"
"140","69.0","32.26","437.615"
"140","70.0","32.252","437.101"
"140","71.0","32.245","436.574"
"141","0.0","31.849","0.0"
"141","1.0","32.048","-77.774"
"141","2.0","32.172","-199.036"
"141","3.0","32.28","-122.885"
"141","4.0","32.338","-86.697"
"141","5.0","32.394","3.544"
"141","6.0","32.428","85.387"
"141","7.0","32.429","180.608"
"141","8.0","32.423","228.335"
"141","9.0","32.422","245.392"
"141","10.0","32.425","257.786"
"141","11.0","32.429","269.206"
"141","12.0","32.433","279.508"
"141","13.0","32.439","288.087"
"141","14.0","32.445","294.55"
"141","15.0","32.453","300.572"
"141","16.0","32.458","311.26"
"141","17.0","32.461","321.845"
"141","18.0","32.463","330.83"
"141","19.0","32.466","338.8"
"141","20.0","32.467","346.157"
"141","21.0","32.469","353.091"
"141","22.0","32.47","359.625"
"141","23.0","32.471","365.844"
"141","24.0","32.471","372.301"
"141","25.0","32.47","378.258"
"141","26.0","32.469","383.757"
"141","27.0","32.468","388.898"
"141","28.0","32.466","393.656"
"141","29.0","32.464","398.113"
"141","30.0","32.462","402.299"
"141","31.0","32.459","406.207"
"141","32.0","32.456","409.813"
"141","33.0","32.453","413.176"
"141","34.0","32.45","416.268"
"141","35.0","32.446","419.146"
"141","36.0","32.442","421.784"
"141","37.0","32.438","424.234"
"141","38.0","32.433","426.486"
"141","39.0","32.429","428.531"
"141","40.0","32.424","430.42"
"141","41.0","32.419","432.128"
"141","42.0","32.414","433.748"
"141","43.0","32.409","435.2"
"141","44.0","32.403","436.525"
"141","45.0","32.397","437.697"
"141","46.0","32.392","438.754"
"141","47.0","32.385","439.656"
"141","48.0","32.379","440.31"
"141","49.0","32.373","440.858"
"141","50.0","32.367","441.323"
"141","51.0","32.361","441.685"
"141","52.0","32.354","441.962"
"141","53.0","32.348","442.164"
"141","54.0","32.341","442.296"
"141","55.0","32.334","442.367"
"141","56.0","32.327","442.387"
"141","57.0","32.32","442.341"
"141","58.0","32.313","442.239"
"141","59.0","32.306","442.087"
"141","60.0","32.299","441.89"
"141","61.0","32.292","441.657"
"141","62.0","32.285","441.395"
"141","63.0","32.277","441.085"
"141","64.0","32.27","440.737"
"141","65.0","32.263","440.358"
"141","66.0","32.255","439.949"
"141","67.0","32.248","439.516"
"141","68.0","32.24","439.065"
"141","69.0","32.233","438.579"
"141","70.0","32.225","438.067"
"141","71.0","32.217","437.538"
"4_sec13_12","0.0","31.839","0.0"
"4_sec13_12","1.0","32.015","-159.598"
"4_sec13_12","2.0","32.181","-200.019"
"4_sec13_12","3.0","32.281","-132.99"
"4_sec13_12","4.0","32.337","-96.956"
"4_sec13_12","5.0","32.392","-4.904"
"4_sec13_12","6.0","32.425","82.487"
"4_sec13_12","7.0","32.425","181.737"
"4_sec13_12","8.0","32.418","228.855"
"4_sec13_12","9.0","32.417","245.168"
"4_sec13_12","10.0","32.419","257.292"
"4_sec13_12","11.0","32.422","268.604"
"4_sec13_12","12.0","32.426","278.799"
"4_sec13_12","13.0","32.431","287.206"
"4_sec13_12","14.0","32.438","293.441"
"4_sec13_12","15.0","32.445","299.633"
"4_sec13_12","16.0","32.449","310.699"
"4_sec13_12","17.0","32.452","321.45"
"4_sec13_12","18.0","32.454","330.499"
"4_sec13_12","19.0","32.456","338.521"
"4_sec13_12","20.0","32.457","345.933"
"4_sec13_12","21.0","32.458","352.916"
"4_sec13_12","22.0","32.459","359.499"
"4_sec13_12","23.0","32.46","365.827"
"4_sec13_12","24.0","32.459","372.375"
"4_sec13_12","25.0","32.458","378.399"
"4_sec13_12","26.0","32.457","383.964"
"4_sec13_12","27.0","32.455","389.159"
"4_sec13_12","28.0","32.453","393.972"
"4_sec13_12","29.0","32.451","398.473"
"4_sec13_12","30.0","32.448","402.703"
"4_sec13_12","31.0","32.445","406.651"
"4_sec13_12","32.0","32.442","410.3"
"4_sec13_12","33.0","32.438","413.701"
"4_sec13_12","34.0","32.435","416.832"
"4_sec13_12","35.0","32.431","419.745"
"4_sec13_12","36.0","32.427","422.42"
"4_sec13_12","37.0","32.422","424.905"
"4_sec13_12","38.0","32.418","427.187"
"4_sec13_12","39.0","32.413","429.266"
"4_sec13_12","40.0","32.408","431.183"
"4_sec13_12","41.0","32.403","432.921"
"4_sec13_12","42.0","32.397","434.564"
"4_sec13_12","43.0","32.392","436.044"
"4_sec13_12","44.0","32.386","437.393"
"4_sec13_12","45.0","32.38","438.592"
"4_sec13_12","46.0","32.374","439.671"
"4_sec13_12","47.0","32.368","440.595"
"4_sec13_12","48.0","32.362","441.259"
"4_sec13_12","49.0","32.356","441.818"
"4_sec13_12","50.0","32.349","442.303"
"4_sec13_12","51.0","32.343","442.681"
"4_sec13_12","52.0","32.336","442.973"
"4_sec13_12","53.0","32.33","443.191"
"4_sec13_12","54.0","32.323","443.338"
"4_sec13_12","55.0","32.316","443.42"
"4_sec13_12","56.0","32.309","443.457"
"4_sec13_12","57.0","32.302","443.423"
"4_sec13_12","58.0","32.295","443.332"
"4_sec13_12","59.0","32.288","443.19"
"4_sec13_12","60.0","32.28","443.002"
"4_sec13_12","61.0","32.273","442.774"
"4_sec13_12","62.0","32.266","442.524"
"4_sec13_12","63.0","32.258","442.22"
"4_sec13_12","64.0","32.251","441.878"
"4_sec13_12","65.0","32.243","441.504"
"4_sec13_12","66.0","32.236","441.101"
"4_sec13_12","67.0","32.228","440.669"
"4_sec13_12","68.0","32.221","440.227"
"4_sec13_12","69.0","32.213","439.745"
"4_sec13_12","70.0","32.206","439.236"
"4_sec13_12","71.0","32.198","438.697"
"7_sec14_0","0.0","33.528","0.0"
"7_sec14_0","1.0","33.842","771.097"
"7_sec14_0","2.0","33.936","703.266"
"7_sec14_0","3.0","34.009","721.115"
"7_sec14_0","4.0","34.075","696.236"
"7_sec14_0","5.0","34.141","681.745"
"7_sec14_0","6.0","34.206","669.349"
"7_sec14_0","7.0","34.27","660.427"
"7_sec14_0","8.0","34.327","655.752"
"7_sec14_0","9.0","34.377","653.619"
"7_sec14_0","10.0","34.423","649.084"
"7_sec14_0","11.0","34.464","644.056"
"7_sec14_0","12.0","34.502","638.384"
"7_sec14_0","13.0","34.536","632.273"
"7_sec14_0","14.0","34.567","626.049"
"7_sec14_0","15.0","34.596","620.63"
"7_sec14_0","16.0","34.623","615.662"
"7_sec14_0","17.0","34.647","609.543"
"7_sec14_0","18.0","34.669","603.536"
"7_sec14_0","19.0","34.688","597.543"
"7_sec14_0","20.0","34.706","591.464"
"7_sec14_0","21.0","34.722","585.51"
"7_sec14_0","22.0","34.736","579.636"
"7_sec14_0","23.0","34.748","574.55"
"7_sec14_0","24.0","34.76","570.282"
"7_sec14_0","25.0","34.77","566.114"
"7_sec14_0","26.0","34.78","562.076"
"7_sec14_0","27.0","34.788","558.061"
"7_sec14_0","28.0","34.795","554.079"
"7_sec14_0","29.0","34.801","550.109"
"7_sec14_0","30.0","34.806","546.155"
"7_sec14_0","31.0","34.81","542.225"
"7_sec14_0","32.0","34.814","538.31"
"7_sec14_0","33.0","34.816","534.413"
"7_sec14_0","34.0","34.818","530.529"
"7_sec14_0","35.0","34.819","526.661"
"7_sec14_0","36.0","34.819","522.802"
"7_sec14_0","37.0","34.818","518.956"
"7_sec14_0","38.0","34.817","515.122"
"7_sec14_0","39.0","34.816","511.295"
"7_sec14_0","40.0","34.813","507.48"
"7_sec14_0","41.0","34.81","503.671"
"7_sec14_0","42.0","34.807","499.871"
"7_sec14_0","43.0","34.803","496.078"
"7_sec14_0","44.0","34.798","492.293"
"7_sec14_0","45.0","34.793","488.513"
"7_sec14_0","46.0","34.788","484.74"
"7_sec14_0","47.0","34.783","481.916"
"7_sec14_0","48.0","34.777","480.074"
"7_sec14_0","49.0","34.772","478.306"
"7_sec14_0","50.0","34.767","476.638"
"7_sec14_0","51.0","34.761","474.933"
"7_sec14_0","52.0","34.756","473.225"
"7_sec14_0","53.0","34.75","471.512"
"7_sec14_0","54.0","34.744","469.79"
"7_sec14_0","55.0","34.739","468.06"
"7_sec14_0","56.0","34.733","466.33"
"7_sec14_0","57.0","34.727","464.595"
"7_sec14_0","58.0","34.721","462.862"
"7_sec14_0","59.0","34.715","461.13"
"7_sec14_0","60.0","34.709","459.379"
"7_sec14_0","61.0","34.703","457.621"
"7_sec14_0","62.0","34.696","455.848"
"7_sec14_0","63.0","34.69","454.054"
"7_sec14_0","64.0","34.684","452.256"
"7_sec14_0","65.0","34.677","450.462"
"7_sec14_0","66.0","34.671","448.67"
"7_sec14_0","67.0","34.664","446.879"
"7_sec14_0","68.0","34.658","445.09"
"7_sec14_0","69.0","34.651","443.295"
"7_sec14_0","70.0","34.644","441.489"
"7_sec14_0","71.0","34.638","439.942"
"142","0.0","33.525","0.0"
"142","1.0","33.826","755.772"
"142","2.0","33.911","701.519"
"142","3.0","33.985","716.475"
"142","4.0","34.054","689.418"
"142","5.0","34.118","674.096"
"142","6.0","34.182","660.872"
"142","7.0","34.242","651.786"
"142","8.0","34.297","647.421"
"142","9.0","34.348","645.754"
"142","10.0","34.394","641.606"
"142","11.0","34.436","637.069"
"142","12.0","34.475","631.844"
"142","13.0","34.509","626.141"
"142","14.0","34.541","620.303"
"142","15.0","34.571","615.086"
"142","16.0","34.598","610.596"
"142","17.0","34.623","604.886"
"142","18.0","34.645","599.269"
"142","19.0","34.665","593.637"
"142","20.0","34.684","587.89"
"142","21.0","34.7","582.274"
"142","22.0","34.715","576.737"
"142","23.0","34.728","571.843"
"142","24.0","34.74","567.814"
"142","25.0","34.751","563.894"
"142","26.0","34.76","560.101"
"142","27.0","34.769","556.32"
"142","28.0","34.776","552.567"
"142","29.0","34.783","548.814"
"142","30.0","34.788","545.073"
"142","31.0","34.792","541.343"
"142","32.0","34.796","537.625"
"142","33.0","34.799","533.911"
"142","34.0","34.801","530.207"
"142","35.0","34.802","526.506"
"142","36.0","34.802","522.811"
"142","37.0","34.802","519.119"
"142","38.0","34.801","515.429"
"142","39.0","34.8","511.743"
"142","40.0","34.797","508.058"
"142","41.0","34.795","504.376"
"142","42.0","34.791","500.693"
"142","43.0","34.788","497.014"
"142","44.0","34.783","493.333"
"142","45.0","34.779","489.655"
"142","46.0","34.773","485.975"
"142","47.0","34.768","483.078"
"142","48.0","34.763","481.234"
"142","49.0","34.758","479.474"
"142","50.0","34.752","477.822"
"142","51.0","34.747","476.131"
"142","52.0","34.742","474.436"
"142","53.0","34.736","472.735"
"142","54.0","34.73","471.025"
"142","55.0","34.725","469.302"
"142","56.0","34.719","467.584"
"142","57.0","34.713","465.859"
"142","58.0","34.707","464.135"
"142","59.0","34.701","462.412"
"142","60.0","34.695","460.67"
"142","61.0","34.689","458.916"
"142","62.0","34.683","457.153"
"142","63.0","34.677","455.367"
"142","64.0","34.67","453.574"
"142","65.0","34.664","451.786"
"142","66.0","34.658","449.999"
"142","67.0","34.651","448.211"
"142","68.0","34.645","446.427"
"142","69.0","34.638","444.634"
"142","70.0","34.632","442.831"
"142","71.0","34.625","441.241"
"143","0.0","33.522","0.0"
"143","1.0","33.81","722.589"
"143","2.0","33.896","701.739"
"143","3.0","33.961","709.37"
"143","4.0","34.033","680.699"
"143","5.0","34.097","663.135"
"143","6.0","34.16","648.824"
"143","7.0","34.22","639.549"
"143","8.0","34.275","635.32"
"143","9.0","34.327","634.625"
"143","10.0","34.374","631.299"
"143","11.0","34.417","627.631"
"143","12.0","34.456","623.175"
"143","13.0","34.491","618.141"
"143","14.0","34.524","612.916"
"143","15.0","34.554","608.103"
"143","16.0","34.582","604.242"
"143","17.0","34.607","599.107"
"143","18.0","34.63","594.009"
"143","19.0","34.65","588.853"
"143","20.0","34.669","583.558"
"143","21.0","34.686","578.377"
"143","22.0","34.701","573.262"
"143","23.0","34.714","568.639"
"143","24.0","34.727","564.899"
"143","25.0","34.738","561.287"
"143","26.0","34.747","557.783"
"143","27.0","34.756","554.281"
"143","28.0","34.764","550.792"
"143","29.0","34.77","547.294"
"143","30.0","34.776","543.794"
"143","31.0","34.781","540.298"
"143","32.0","34.784","536.798"
"143","33.0","34.787","533.297"
"143","34.0","34.789","529.791"
"143","35.0","34.791","526.283"
"143","36.0","34.791","522.768"
"143","37.0","34.791","519.249"
"143","38.0","34.79","515.726"
"143","39.0","34.789","512.196"
"143","40.0","34.787","508.662"
"143","41.0","34.784","505.12"
"143","42.0","34.781","501.576"
"143","43.0","34.778","498.023"
"143","44.0","34.773","494.468"
"143","45.0","34.769","490.904"
"143","46.0","34.764","487.337"
"143","47.0","34.758","484.381"
"143","48.0","34.753","482.532"
"143","49.0","34.748","480.794"
"143","50.0","34.743","479.157"
"143","51.0","34.738","477.487"
"143","52.0","34.732","475.81"
"143","53.0","34.727","474.126"
"143","54.0","34.721","472.434"
"143","55.0","34.715","470.729"
"143","56.0","34.71","469.025"
"143","57.0","34.704","467.314"
"143","58.0","34.698","465.607"
"143","59.0","34.692","463.898"
"143","60.0","34.686","462.17"
"143","61.0","34.68","460.432"
"143","62.0","34.674","458.682"
"143","63.0","34.668","456.909"
"143","64.0","34.662","455.129"
"143","65.0","34.655","453.352"
"143","66.0","34.649","451.577"
"143","67.0","34.642","449.802"
"143","68.0","34.636","448.025"
"143","69.0","34.629","446.238"
"143","70.0","34.623","444.443"
"143","71.0","34.616","442.817"
"144","0.0","33.518","0.0"
"144","1.0","33.797","672.565"
"144","2.0","33.877","674.875"
"144","3.0","33.933","698.484"
"144","4.0","34.01","667.724"
"144","5.0","34.076","647.902"
"144","6.0","34.141","633.868"
"144","7.0","34.202","625.563"
"144","8.0","34.257","621.972"
"144","9.0","34.309","622.358"
"144","10.0","34.357","620.009"
"144","11.0","34.401","617.31"
"144","12.0","34.44","613.715"
"144","13.0","34.476","609.434"
"144","14.0","34.509","604.91"
"144","15.0","34.54","600.561"
"144","16.0","34.568","597.375"
"144","17.0","34.594","592.876"
"144","18.0","34.617","588.345"
"144","19.0","34.638","583.703"
"144","20.0","34.657","578.898"
"144","21.0","34.674","574.183"
"144","22.0","34.689","569.52"
"144","23.0","34.703","565.205"
"144","24.0","34.715","561.775"
"144","25.0","34.727","558.49"
"144","26.0","34.737","555.297"
"144","27.0","34.746","552.089"
"144","28.0","34.753","548.883"
"144","29.0","34.76","545.651"
"144","30.0","34.766","542.411"
"144","31.0","34.771","539.157"
"144","32.0","34.775","535.893"
"144","33.0","34.778","532.612"
"144","34.0","34.78","529.32"
"144","35.0","34.781","526.011"
"144","36.0","34.782","522.69"
"144","37.0","34.782","519.354"
"144","38.0","34.781","516.003"
"144","39.0","34.78","512.64"
"144","40.0","34.778","509.262"
"144","41.0","34.776","505.874"
"144","42.0","34.773","502.47"
"144","43.0","34.769","499.056"
"144","44.0","34.765","495.628"
"144","45.0","34.76","492.191"
"144","46.0","34.755","488.74"
"144","47.0","34.75","485.75"
"144","48.0","34.745","483.892"
"144","49.0","34.74","482.176"
"144","50.0","34.735","480.559"
"144","51.0","34.73","478.911"
"144","52.0","34.724","477.253"
"144","53.0","34.719","475.589"
"144","54.0","34.713","473.915"
"144","55.0","34.708","472.225"
"144","56.0","34.702","470.54"
"144","57.0","34.696","468.846"
"144","58.0","34.69","467.156"
"144","59.0","34.684","465.463"
"144","60.0","34.678","463.751"
"144","61.0","34.672","462.025"
"144","62.0","34.666","460.292"
"144","63.0","34.66","458.535"
"144","64.0","34.654","456.768"
"144","65.0","34.648","455.004"
"144","66.0","34.641","453.243"
"144","67.0","34.635","451.477"
"144","68.0","34.628","449.715"
"144","69.0","34.622","447.932"
"144","70.0","34.615","446.147"
"144","71.0","34.609","444.487"
"145","0.0","33.513","0.0"
"145","1.0","33.782","603.117"
"145","2.0","33.847","638.737"
"145","3.0","33.906","681.684"
"145","4.0","33.985","652.267"
"145","5.0","34.054","631.462"
"145","6.0","34.12","618.28"
"145","7.0","34.182","611.259"
"145","8.0","34.238","608.439"
"145","9.0","34.291","609.877"
"145","10.0","34.339","608.538"
"145","11.0","34.384","606.81"
"145","12.0","34.424","604.088"
"145","13.0","34.46","600.581"
"145","14.0","34.494","596.768"
"145","15.0","34.525","592.977"
"145","16.0","34.554","590.398"
"145","17.0","34.58","586.558"
"145","18.0","34.603","582.611"
"145","19.0","34.624","578.505"
"145","20.0","34.644","574.207"
"145","21.0","34.661","569.968"
"145","22.0","34.677","565.76"
"145","23.0","34.69","561.772"
"145","24.0","34.703","558.652"
"145","25.0","34.715","555.701"
"145","26.0","34.725","552.812"
"145","27.0","34.734","549.901"
"145","28.0","34.742","546.971"
"145","29.0","34.749","544.007"
"145","30.0","34.755","541.018"
"145","31.0","34.76","538.008"
"145","32.0","34.764","534.97"
"145","33.0","34.767","531.91"
"145","34.0","34.769","528.823"
"145","35.0","34.771","525.714"
"145","36.0","34.772","522.578"
"145","37.0","34.772","519.421"
"145","38.0","34.771","516.243"
"145","39.0","34.77","513.04"
"145","40.0","34.768","509.819"
"145","41.0","34.766","506.576"
"145","42.0","34.763","503.315"
"145","43.0","34.76","500.033"
"145","44.0","34.756","496.736"
"145","45.0","34.751","493.418"
"145","46.0","34.746","490.086"
"145","47.0","34.741","487.07"
"145","48.0","34.736","485.205"
"145","49.0","34.731","483.519"
"145","50.0","34.726","481.917"
"145","51.0","34.72","480.291"
"145","52.0","34.715","478.654"
"145","53.0","34.71","477.009"
"145","54.0","34.704","475.354"
"145","55.0","34.699","473.686"
"145","56.0","34.693","472.015"
"145","57.0","34.687","470.34"
"145","58.0","34.682","468.667"
"145","59.0","34.676","466.991"
"145","60.0","34.67","465.296"
"145","61.0","34.664","463.588"
"145","62.0","34.658","461.869"
"145","63.0","34.652","460.128"
"145","64.0","34.645","458.375"
"145","65.0","34.639","456.627"
"145","66.0","34.633","454.88"
"145","67.0","34.627","453.13"
"145","68.0","34.62","451.378"
"145","69.0","34.614","449.604"
"145","70.0","34.607","447.83"
"145","71.0","34.601","446.142"
"14","0.0","33.508","0.0"
"14","1.0","33.701","656.371"
"14","2.0","33.81","628.259"
"14","3.0","33.878","657.89"
"14","4.0","33.958","632.642"
"14","5.0","34.029","612.291"
"14","6.0","34.097","600.398"
"14","7.0","34.16","594.85"
"14","8.0","34.217","592.91"
"14","9.0","34.27","595.255"
"14","10.0","34.319","595.067"
"14","11.0","34.364","594.417"
"14","12.0","34.405","592.674"
"14","13.0","34.442","590.071"
"14","14.0","34.476","587.076"
"14","15.0","34.507","584.04"
"14","16.0","34.537","582.052"
"14","17.0","34.563","578.973"
"14","18.0","34.587","575.707"
"14","19.0","34.609","572.229"
"14","20.0","34.628","568.471"
"14","21.0","34.646","564.754"
"14","22.0","34.662","561.063"
"14","23.0","34.676","557.463"
"14","24.0","34.689","554.702"
"14","25.0","34.701","552.142"
"14","26.0","34.711","549.626"
"14","27.0","34.72","547.07"
"14","28.0","34.728","544.486"
"14","29.0","34.735","541.85"
"14","30.0","34.741","539.184"
"14","31.0","34.747","536.477"
"14","32.0","34.751","533.735"
"14","33.0","34.754","530.953"
"14","34.0","34.757","528.137"
"14","35.0","34.758","525.281"
"14","36.0","34.759","522.392"
"14","37.0","34.76","519.467"
"14","38.0","34.759","516.508"
"14","39.0","34.758","513.519"
"14","40.0","34.757","510.495"
"14","41.0","34.754","507.445"
"14","42.0","34.752","504.362"
"14","43.0","34.748","501.254"
"14","44.0","34.744","498.116"
"14","45.0","34.74","494.954"
"14","46.0","34.735","491.765"
"14","47.0","34.73","488.745"
"14","48.0","34.725","486.864"
"14","49.0","34.72","485.205"
"14","50.0","34.715","483.624"
"14","51.0","34.71","482.021"
"14","52.0","34.705","480.404"
"14","53.0","34.699","478.778"
"14","54.0","34.694","477.141"
"14","55.0","34.688","475.488"
"14","56.0","34.683","473.836"
"14","57.0","34.677","472.176"
"14","58.0","34.671","470.52"
"14","59.0","34.665","468.857"
"14","60.0","34.66","467.177"
"14","61.0","34.654","465.478"
"14","62.0","34.648","463.775"
"14","63.0","34.642","462.047"
"14","64.0","34.635","460.305"
"14","65.0","34.629","458.567"
"14","66.0","34.623","456.831"
"14","67.0","34.617","455.086"
"14","68.0","34.61","453.343"
"14","69.0","34.604","451.582"
"14","70.0","34.597","449.819"
"14","71.0","34.591","448.102"
"14_sec15_0","0.0","33.508","0.0"
"14_sec15_0","1.0","33.701","479.911"
"14_sec15_0","2.0","33.81","407.396"
"14_sec15_0","3.0","33.878","439.429"
"14_sec15_0","4.0","33.958","424.438"
"14_sec15_0","5.0","34.029","411.14"
"14_sec15_0","6.0","34.097","404.501"
"14_sec15_0","7.0","34.16","401.317"
"14_sec15_0","8.0","34.217","398.354"
"14_sec15_0","9.0","34.27","399.365"
"14_sec15_0","10.0","34.319","398.292"
"14_sec15_0","11.0","34.364","396.868"
"14_sec15_0","12.0","34.405","394.914"
"14_sec15_0","13.0","34.442","392.634"
"14_sec15_0","14.0","34.476","390.167"
"14_sec15_0","15.0","34.507","387.778"
"14_sec15_0","16.0","34.537","386.165"
"14_sec15_0","17.0","34.563","383.888"
"14_sec15_0","18.0","34.587","381.567"
"14_sec15_0","19.0","34.609","379.119"
"14_sec15_0","20.0","34.628","376.522"
"14_sec15_0","21.0","34.646","373.985"
"14_sec15_0","22.0","34.662","371.479"
"14_sec15_0","23.0","34.676","369.054"
"14_sec15_0","24.0","34.689","367.187"
"14_sec15_0","25.0","34.701","365.414"
"14_sec15_0","26.0","34.711","363.699"
"14_sec15_0","27.0","34.72","361.98"
"14_sec15_0","28.0","34.728","360.261"
"14_sec15_0","29.0","34.735","358.541"
"14_sec15_0","30.0","34.741","356.82"
"14_sec15_0","31.0","34.747","355.086"
"14_sec15_0","32.0","34.751","353.341"
"14_sec15_0","33.0","34.754","351.582"
"14_sec15_0","34.0","34.757","349.812"
"14_sec15_0","35.0","34.758","348.025"
"14_sec15_0","36.0","34.759","346.224"
"14_sec15_0","37.0","34.76","344.407"
"14_sec15_0","38.0","34.759","342.576"
"14_sec15_0","39.0","34.758","340.73"
"14_sec15_0","40.0","34.757","338.869"
"14_sec15_0","41.0","34.754","336.994"
"14_sec15_0","42.0","34.752","335.105"
"14_sec15_0","43.0","34.748","333.202"
"14_sec15_0","44.0","34.744","331.284"
"14_sec15_0","45.0","34.74","329.354"
"14_sec15_0","46.0","34.735","327.41"
"14_sec15_0","47.0","34.73","325.574"
"14_sec15_0","48.0","34.725","324.449"
"14_sec15_0","49.0","34.72","323.451"
"14_sec15_0","50.0","34.715","322.51"
"14_sec15_0","51.0","34.71","321.553"
"14_sec15_0","52.0","34.705","320.59"
"14_sec15_0","53.0","34.699","319.621"
"14_sec15_0","54.0","34.694","318.65"
"14_sec15_0","55.0","34.688","317.673"
"14_sec15_0","56.0","34.683","316.7"
"14_sec15_0","57.0","34.677","315.721"
"14_sec15_0","58.0","34.671","314.728"
"14_sec15_0","59.0","34.665","313.734"
"14_sec15_0","60.0","34.66","312.729"
"14_sec15_0","61.0","34.654","311.711"
"14_sec15_0","62.0","34.648","310.691"
"14_sec15_0","63.0","34.642","309.655"
"14_sec15_0","64.0","34.635","308.608"
"14_sec15_0","65.0","34.629","307.566"
"14_sec15_0","66.0","34.623","306.523"
"14_sec15_0","67.0","34.617","305.475"
"14_sec15_0","68.0","34.61","304.428"
"14_sec15_0","69.0","34.604","303.369"
"14_sec15_0","70.0","34.597","302.31"
"14_sec15_0","71.0","34.591","301.269"
"146","0.0","33.503","0.0"
"146","1.0","33.663","442.388"
"146","2.0","33.785","411.768"
"146","3.0","33.849","430.774"
"146","4.0","33.932","416.788"
"146","5.0","34.006","404.14"
"146","6.0","34.075","398.141"
"146","7.0","34.139","395.563"
"146","8.0","34.196","393.051"
"146","9.0","34.25","394.346"
"146","10.0","34.299","393.71"
"146","11.0","34.344","392.673"
"146","12.0","34.386","391.068"
"146","13.0","34.424","389.107"
"146","14.0","34.458","386.923"
"146","15.0","34.49","384.804"
"146","16.0","34.52","383.389"
"146","17.0","34.547","381.376"
"146","18.0","34.571","379.282"
"146","19.0","34.593","377.055"
"146","20.0","34.613","374.658"
"146","21.0","34.631","372.308"
"146","22.0","34.647","369.979"
"146","23.0","34.661","367.693"
"146","24.0","34.674","365.946"
"146","25.0","34.686","364.305"
"146","26.0","34.697","362.709"
"146","27.0","34.706","361.104"
"146","28.0","34.714","359.492"
"146","29.0","34.722","357.877"
"146","30.0","34.728","356.253"
"146","31.0","34.733","354.613"
"146","32.0","34.737","352.956"
"146","33.0","34.741","351.283"
"146","34.0","34.743","349.592"
"146","35.0","34.745","347.882"
"146","36.0","34.746","346.153"
"146","37.0","34.747","344.406"
"146","38.0","34.747","342.641"
"146","39.0","34.746","340.857"
"146","40.0","34.744","339.057"
"146","41.0","34.742","337.238"
"146","42.0","34.739","335.404"
"146","43.0","34.736","333.552"
"146","44.0","34.733","331.685"
"146","45.0","34.728","329.801"
"146","46.0","34.724","327.903"
"146","47.0","34.719","326.072"
"146","48.0","34.714","324.942"
"146","49.0","34.709","323.958"
"146","50.0","34.704","323.021"
"146","51.0","34.699","322.074"
"146","52.0","34.693","321.118"
"146","53.0","34.688","320.157"
"146","54.0","34.683","319.193"
"146","55.0","34.677","318.226"
"146","56.0","34.672","317.257"
"146","57.0","34.666","316.285"
"146","58.0","34.66","315.299"
"146","59.0","34.655","314.312"
"146","60.0","34.649","313.313"
"146","61.0","34.643","312.303"
"146","62.0","34.637","311.287"
"146","63.0","34.631","310.257"
"146","64.0","34.625","309.216"
"146","65.0","34.619","308.18"
"146","66.0","34.612","307.142"
"146","67.0","34.606","306.102"
"146","68.0","34.6","305.058"
"146","69.0","34.594","304.004"
"146","70.0","34.587","302.949"
"146","71.0","34.581","301.902"
"147","0.0","33.497","0.0"
"147","1.0","33.652","346.339"
"147","2.0","33.754","417.405"
"147","3.0","33.816","420.277"
"147","4.0","33.904","407.126"
"147","5.0","33.98","395.657"
"147","6.0","34.051","390.232"
"147","7.0","34.115","388.226"
"147","8.0","34.173","386.265"
"147","9.0","34.227","387.762"
"147","10.0","34.277","387.596"
"147","11.0","34.323","387.013"
"147","12.0","34.365","385.829"
"147","13.0","34.403","384.256"
"147","14.0","34.438","382.429"
"147","15.0","34.47","380.649"
"147","16.0","34.5","379.489"
"147","17.0","34.527","377.83"
"147","18.0","34.552","376.038"
"147","19.0","34.575","374.107"
"147","20.0","34.595","371.958"
"147","21.0","34.613","369.849"
"147","22.0","34.629","367.757"
"147","23.0","34.644","365.666"
"147","24.0","34.657","364.086"
"147","25.0","34.669","362.626"
"147","26.0","34.68","361.201"
"147","27.0","34.69","359.76"
"147","28.0","34.698","358.307"
"147","29.0","34.705","356.843"
"147","30.0","34.712","355.367"
"147","31.0","34.717","353.867"
"147","32.0","34.722","352.346"
"147","33.0","34.725","350.801"
"147","34.0","34.728","349.234"
"147","35.0","34.73","347.641"
"147","36.0","34.731","346.025"
"147","37.0","34.732","344.385"
"147","38.0","34.732","342.721"
"147","39.0","34.731","341.036"
"147","40.0","34.73","339.326"
"147","41.0","34.728","337.597"
"147","42.0","34.725","335.844"
"147","43.0","34.722","334.072"
"147","44.0","34.719","332.279"
"147","45.0","34.715","330.468"
"147","46.0","34.71","328.636"
"147","47.0","34.705","326.824"
"147","48.0","34.7","325.687"
"147","49.0","34.695","324.716"
"147","50.0","34.69","323.789"
"147","51.0","34.685","322.852"
"147","52.0","34.68","321.906"
"147","53.0","34.675","320.954"
"147","54.0","34.669","319.998"
"147","55.0","34.664","319.037"
"147","56.0","34.659","318.077"
"147","57.0","34.653","317.112"
"147","58.0","34.647","316.135"
"147","59.0","34.642","315.154"
"147","60.0","34.636","314.161"
"147","61.0","34.63","313.155"
"147","62.0","34.624","312.146"
"147","63.0","34.618","311.123"
"147","64.0","34.612","310.087"
"147","65.0","34.606","309.056"
"147","66.0","34.6","308.023"
"147","67.0","34.594","306.984"
"147","68.0","34.588","305.946"
"147","69.0","34.581","304.897"
"147","70.0","34.575","303.844"
"147","71.0","34.569","302.79"
"148","0.0","33.494","0.0"
"148","1.0","33.605","336.239"
"148","2.0","33.734","416.502"
"148","3.0","33.796","414.57"
"148","4.0","33.887","401.183"
"148","5.0","33.965","390.613"
"148","6.0","34.036","385.559"
"148","7.0","34.101","383.964"
"148","8.0","34.159","382.426"
"148","9.0","34.213","384.085"
"148","10.0","34.263","384.221"
"148","11.0","34.309","383.92"
"148","12.0","34.352","382.993"
"148","13.0","34.39","381.646"
"148","14.0","34.426","380.028"
"148","15.0","34.458","378.441"
"148","16.0","34.488","377.428"
"148","17.0","34.516","375.971"
"148","18.0","34.541","374.343"
"148","19.0","34.563","372.575"
"148","20.0","34.584","370.572"
"148","21.0","34.602","368.6"
"148","22.0","34.619","366.637"
"148","23.0","34.633","364.657"
"148","24.0","34.647","363.163"
"148","25.0","34.659","361.8"
"148","26.0","34.67","360.46"
"148","27.0","34.68","359.104"
"148","28.0","34.688","357.729"
"148","29.0","34.696","356.341"
"148","30.0","34.702","354.935"
"148","31.0","34.708","353.505"
"148","32.0","34.712","352.047"
"148","33.0","34.716","350.565"
"148","34.0","34.719","349.055"
"148","35.0","34.721","347.519"
"148","36.0","34.722","345.955"
"148","37.0","34.723","344.365"
"148","38.0","34.723","342.75"
"148","39.0","34.722","341.109"
"148","40.0","34.721","339.444"
"148","41.0","34.719","337.755"
"148","42.0","34.717","336.043"
"148","43.0","34.714","334.308"
"148","44.0","34.71","332.552"
"148","45.0","34.706","330.773"
"148","46.0","34.702","328.975"
"148","47.0","34.697","327.178"
"148","48.0","34.692","326.036"
"148","49.0","34.687","325.076"
"148","50.0","34.682","324.152"
"148","51.0","34.677","323.221"
"148","52.0","34.672","322.28"
"148","53.0","34.667","321.334"
"148","54.0","34.662","320.383"
"148","55.0","34.656","319.429"
"148","56.0","34.651","318.473"
"148","57.0","34.645","317.513"
"148","58.0","34.64","316.54"
"148","59.0","34.634","315.563"
"148","60.0","34.628","314.575"
"148","61.0","34.622","313.575"
"148","62.0","34.617","312.569"
"148","63.0","34.611","311.55"
"148","64.0","34.605","310.519"
"148","65.0","34.599","309.491"
"148","66.0","34.593","308.463"
"148","67.0","34.586","307.43"
"148","68.0","34.58","306.393"
"148","69.0","34.574","305.347"
"148","70.0","34.568","304.298"
"148","71.0","34.561","303.244"
"149","0.0","33.489","0.0"
"149","1.0","33.557","308.528"
"149","2.0","33.712","409.254"
"149","3.0","33.772","408.77"
"149","4.0","33.866","392.982"
"149","5.0","33.945","383.583"
"149","6.0","34.017","378.927"
"149","7.0","34.082","377.855"
"149","8.0","34.141","376.942"
"149","9.0","34.195","378.787"
"149","10.0","34.246","379.346"
"149","11.0","34.292","379.43"
"149","12.0","34.335","378.858"
"149","13.0","34.374","377.826"
"149","14.0","34.409","376.507"
"149","15.0","34.442","375.186"
"149","16.0","34.473","374.392"
"149","17.0","34.501","373.226"
"149","18.0","34.526","371.838"
"149","19.0","34.549","370.306"
"149","20.0","34.57","368.518"
"149","21.0","34.588","366.747"
"149","22.0","34.605","364.974"
"149","23.0","34.62","363.162"
"149","24.0","34.634","361.797"
"149","25.0","34.646","360.574"
"149","26.0","34.657","359.364"
"149","27.0","34.667","358.128"
"149","28.0","34.676","356.87"
"149","29.0","34.683","355.592"
"149","30.0","34.69","354.293"
"149","31.0","34.695","352.962"
"149","32.0","34.7","351.601"
"149","33.0","34.704","350.207"
"149","34.0","34.707","348.785"
"149","35.0","34.709","347.329"
"149","36.0","34.711","345.844"
"149","37.0","34.711","344.329"
"149","38.0","34.712","342.783"
"149","39.0","34.711","341.211"
"149","40.0","34.71","339.609"
"149","41.0","34.708","337.982"
"149","42.0","34.706","336.327"
"149","43.0","34.703","334.649"
"149","44.0","34.699","332.944"
"149","45.0","34.695","331.217"
"149","46.0","34.691","329.466"
"149","47.0","34.686","327.699"
"149","48.0","34.682","326.55"
"149","49.0","34.677","325.602"
"149","50.0","34.672","324.686"
"149","51.0","34.667","323.764"
"149","52.0","34.662","322.831"
"149","53.0","34.656","321.893"
"149","54.0","34.651","320.949"
"149","55.0","34.646","320.002"
"149","56.0","34.64","319.054"
"149","57.0","34.635","318.101"
"149","58.0","34.629","317.136"
"149","59.0","34.624","316.166"
"149","60.0","34.618","315.183"
"149","61.0","34.612","314.189"
"149","62.0","34.606","313.19"
"149","63.0","34.601","312.178"
"149","64.0","34.595","311.152"
"149","65.0","34.589","310.131"
"149","66.0","34.583","309.108"
"149","67.0","34.576","308.079"
"149","68.0","34.57","307.049"
"149","69.0","34.564","306.009"
"149","70.0","34.558","304.964"
"149","71.0","34.551","303.909"
"150","0.0","33.483","0.0"
"150","1.0","33.52","240.673"
"150","2.0","33.678","401.961"
"150","3.0","33.742","401.465"
"150","4.0","33.838","383.041"
"150","5.0","33.918","374.616"
"150","6.0","33.991","370.351"
"150","7.0","34.057","369.84"
"150","8.0","34.116","369.679"
"150","9.0","34.17","371.678"
"150","10.0","34.221","372.72"
"150","11.0","34.268","373.275"
"150","12.0","34.311","373.142"
"150","13.0","34.35","372.505"
"150","14.0","34.387","371.566"
"150","15.0","34.42","370.608"
"150","16.0","34.451","370.102"
"150","17.0","34.479","369.339"
"150","18.0","34.504","368.284"
"150","19.0","34.528","367.076"
"150","20.0","34.549","365.595"
"150","21.0","34.568","364.108"
"150","22.0","34.585","362.6"
"150","23.0","34.6","361.028"
"150","24.0","34.614","359.847"
"150","25.0","34.627","358.823"
"150","26.0","34.638","357.793"
"150","27.0","34.648","356.731"
"150","28.0","34.657","355.637"
"150","29.0","34.665","354.515"
"150","30.0","34.672","353.364"
"150","31.0","34.678","352.175"
"150","32.0","34.682","350.947"
"150","33.0","34.686","349.683"
"150","34.0","34.69","348.381"
"150","35.0","34.692","347.042"
"150","36.0","34.694","345.666"
"150","37.0","34.694","344.255"
"150","38.0","34.695","342.81"
"150","39.0","34.694","341.331"
"150","40.0","34.693","339.821"
"150","41.0","34.692","338.279"
"150","42.0","34.689","336.708"
"150","43.0","34.687","335.106"
"150","44.0","34.683","333.478"
"150","45.0","34.68","331.821"
"150","46.0","34.675","330.138"
"150","47.0","34.671","328.419"
"150","48.0","34.666","327.261"
"150","49.0","34.661","326.331"
"150","50.0","34.656","325.424"
"150","51.0","34.651","324.515"
"150","52.0","34.646","323.593"
"150","53.0","34.641","322.666"
"150","54.0","34.636","321.734"
"150","55.0","34.631","320.798"
"150","56.0","34.625","319.859"
"150","57.0","34.62","318.915"
"150","58.0","34.614","317.96"
"150","59.0","34.609","316.999"
"150","60.0","34.603","316.026"
"150","61.0","34.597","315.04"
"150","62.0","34.592","314.049"
"150","63.0","34.586","313.046"
"150","64.0","34.58","312.029"
"150","65.0","34.574","311.016"
"150","66.0","34.568","310.001"
"150","67.0","34.562","308.98"
"150","68.0","34.556","307.956"
"150","69.0","34.55","306.924"
"150","70.0","34.543","305.885"
"150","71.0","34.537","304.833"
"151","0.0","33.479","0.0"
"151","1.0","33.449","202.686"
"151","2.0","33.647","400.94"
"151","3.0","33.72","393.791"
"151","4.0","33.817","376.745"
"151","5.0","33.899","368.707"
"151","6.0","33.972","364.899"
"151","7.0","34.039","364.808"
"151","8.0","34.098","365.16"
"151","9.0","34.153","367.301"
"151","10.0","34.204","368.647"
"151","11.0","34.251","369.51"
"151","12.0","34.295","369.652"
"151","13.0","34.334","369.263"
"151","14.0","34.371","368.568"
"151","15.0","34.405","367.833"
"151","16.0","34.436","367.493"
"151","17.0","34.464","366.961"
"151","18.0","34.49","366.114"
"151","19.0","34.514","365.1"
"151","20.0","34.535","363.809"
"151","21.0","34.555","362.496"
"151","22.0","34.572","361.152"
"151","23.0","34.588","359.731"
"151","24.0","34.602","358.664"
"151","25.0","34.614","357.761"
"151","26.0","34.626","356.84"
"151","27.0","34.636","355.883"
"151","28.0","34.645","354.887"
"151","29.0","34.653","353.86"
"151","30.0","34.66","352.798"
"151","31.0","34.666","351.694"
"151","32.0","34.671","350.547"
"151","33.0","34.675","349.359"
"151","34.0","34.678","348.131"
"151","35.0","34.681","346.86"
"151","36.0","34.682","345.551"
"151","37.0","34.683","344.203"
"151","38.0","34.684","342.817"
"151","39.0","34.683","341.396"
"151","40.0","34.682","339.939"
"151","41.0","34.681","338.449"
"151","42.0","34.679","336.926"
"151","43.0","34.676","335.372"
"151","44.0","34.673","333.788"
"151","45.0","34.669","332.174"
"151","46.0","34.665","330.532"
"151","47.0","34.66","328.849"
"151","48.0","34.656","327.684"
"151","49.0","34.651","326.767"
"151","50.0","34.646","325.866"
"151","51.0","34.641","324.963"
"151","52.0","34.636","324.049"
"151","53.0","34.631","323.129"
"151","54.0","34.626","322.202"
"151","55.0","34.621","321.273"
"151","56.0","34.615","320.34"
"151","57.0","34.61","319.403"
"151","58.0","34.604","318.454"
"151","59.0","34.599","317.498"
"151","60.0","34.593","316.53"
"151","61.0","34.587","315.55"
"151","62.0","34.582","314.563"
"151","63.0","34.576","313.566"
"151","64.0","34.57","312.555"
"151","65.0","34.564","311.547"
"151","66.0","34.558","310.537"
"151","67.0","34.552","309.52"
"151","68.0","34.546","308.5"
"151","69.0","34.54","307.473"
"151","70.0","34.534","306.438"
"151","71.0","34.527","305.39"
"152","0.0","33.475","0.0"
"152","1.0","33.378","80.085"
"152","2.0","33.627","395.056"
"152","3.0","33.705","373.515"
"152","4.0","33.802","363.187"
"152","5.0","33.884","355.349"
"152","6.0","33.958","352.628"
"152","7.0","34.025","353.335"
"152","8.0","34.085","354.895"
"152","9.0","34.14","357.47"
"152","10.0","34.191","359.564"
"152","11.0","34.239","361.169"
"152","12.0","34.282","361.972"
"152","13.0","34.322","362.169"
"152","14.0","34.359","362.042"
"152","15.0","34.393","361.813"
"152","16.0","34.424","361.873"
"152","17.0","34.453","361.852"
"152","18.0","34.479","361.45"
"152","19.0","34.503","360.85"
"152","20.0","34.524","359.972"
"152","21.0","34.544","359.033"
"152","22.0","34.562","358.035"
"152","23.0","34.577","356.949"
"152","24.0","34.591","356.12"
"152","25.0","34.604","355.474"
"152","26.0","34.616","354.788"
"152","27.0","34.626","354.054"
"152","28.0","34.635","353.27"
"152","29.0","34.643","352.445"
"152","30.0","34.65","351.574"
"152","31.0","34.656","350.651"
"152","32.0","34.661","349.676"
"152","33.0","34.666","348.652"
"152","34.0","34.669","347.578"
"152","35.0","34.671","346.456"
"152","36.0","34.673","345.286"
"152","37.0","34.674","344.072"
"152","38.0","34.675","342.813"
"152","39.0","34.674","341.512"
"152","40.0","34.674","340.172"
"152","41.0","34.672","338.791"
"152","42.0","34.67","337.373"
"152","43.0","34.667","335.918"
"152","44.0","34.664","334.429"
"152","45.0","34.661","332.906"
"152","46.0","34.657","331.351"
"152","47.0","34.652","329.756"
"152","48.0","34.647","328.574"
"152","49.0","34.643","327.68"
"152","50.0","34.638","326.792"
"152","51.0","34.633","325.906"
"152","52.0","34.628","325.006"
"152","53.0","34.623","324.1"
"152","54.0","34.618","323.188"
"152","55.0","34.612","322.273"
"152","56.0","34.607","321.353"
"152","57.0","34.602","320.428"
"152","58.0","34.596","319.493"
"152","59.0","34.591","318.548"
"152","60.0","34.585","317.592"
"152","61.0","34.579","316.622"
"152","62.0","34.574","315.647"
"152","63.0","34.568","314.661"
"152","64.0","34.562","313.662"
"152","65.0","34.556","312.665"
"152","66.0","34.55","311.666"
"152","67.0","34.544","310.659"
"152","68.0","34.538","309.648"
"152","69.0","34.532","308.63"
"152","70.0","34.526","307.604"
"152","71.0","34.52","306.567"
"153","0.0","33.471","0.0"
"153","1.0","33.319","-16.196"
"153","2.0","33.609","384.033"
"153","3.0","33.69","359.285"
"153","4.0","33.786","353.515"
"153","5.0","33.87","346.739"
"153","6.0","33.944","345.071"
"153","7.0","34.011","346.451"
"153","8.0","34.071","348.759"
"153","9.0","34.126","351.603"
"153","10.0","34.178","354.164"
"153","11.0","34.225","356.195"
"153","12.0","34.269","357.388"
"153","13.0","34.309","357.937"
"153","14.0","34.346","358.154"
"153","15.0","34.38","358.228"
"153","16.0","34.412","358.537"
"153","17.0","34.44","358.811"
"153","18.0","34.467","358.677"
"153","19.0","34.491","358.321"
"153","20.0","34.513","357.688"
"153","21.0","34.532","356.971"
"153","22.0","34.55","356.181"
"153","23.0","34.566","355.297"
"153","24.0","34.58","354.612"
"153","25.0","34.593","354.118"
"153","26.0","34.605","353.571"
"153","27.0","34.615","352.969"
"153","28.0","34.624","352.311"
"153","29.0","34.632","351.604"
"153","30.0","34.639","350.846"
"153","31.0","34.646","350.03"
"153","32.0","34.651","349.157"
"153","33.0","34.655","348.229"
"153","34.0","34.658","347.247"
"153","35.0","34.661","346.211"
"153","36.0","34.663","345.125"
"153","37.0","34.664","343.989"
"153","38.0","34.665","342.805"
"153","39.0","34.664","341.576"
"153","40.0","34.664","340.302"
"153","41.0","34.662","338.987"
"153","42.0","34.66","337.63"
"153","43.0","34.658","336.234"
"153","44.0","34.655","334.801"
"153","45.0","34.651","333.331"
"153","46.0","34.647","331.827"
"153","47.0","34.643","330.288"
"153","48.0","34.638","329.096"
"153","49.0","34.633","328.217"
"153","50.0","34.628","327.337"
"153","51.0","34.623","326.46"
"153","52.0","34.618","325.569"
"153","53.0","34.613","324.672"
"153","54.0","34.608","323.768"
"153","55.0","34.603","322.862"
"153","56.0","34.598","321.949"
"153","57.0","34.592","321.032"
"153","58.0","34.587","320.104"
"153","59.0","34.581","319.166"
"153","60.0","34.576","318.216"
"153","61.0","34.57","317.255"
"153","62.0","34.565","316.285"
"153","63.0","34.559","315.305"
"153","64.0","34.553","314.314"
"153","65.0","34.547","313.323"
"153","66.0","34.541","312.33"
"153","67.0","34.535","311.33"
"153","68.0","34.529","310.324"
"153","69.0","34.523","309.312"
"153","70.0","34.517","308.291"
"153","71.0","34.511","307.262"
"154","0.0","33.467","0.0"
"154","1.0","33.356","12.427"
"154","2.0","33.588","374.526"
"154","3.0","33.676","346.058"
"154","4.0","33.773","344.13"
"154","5.0","33.856","338.823"
"154","6.0","33.931","338.118"
"154","7.0","33.998","340.159"
"154","8.0","34.058","343.147"
"154","9.0","34.113","346.234"
"154","10.0","34.165","349.235"
"154","11.0","34.212","351.634"
"154","12.0","34.256","353.179"
"154","13.0","34.297","354.049"
"154","14.0","34.334","354.579"
"154","15.0","34.368","354.943"
"154","16.0","34.399","355.477"
"154","17.0","34.428","356.016"
"154","18.0","34.455","356.119"
"154","19.0","34.479","355.988"
"154","20.0","34.501","355.581"
"154","21.0","34.521","355.068"
"154","22.0","34.538","354.467"
"154","23.0","34.554","353.764"
"154","24.0","34.569","353.217"
"154","25.0","34.582","352.863"
"154","26.0","34.594","352.443"
"154","27.0","34.604","351.963"
"154","28.0","34.613","351.419"
"154","29.0","34.622","350.822"
"154","30.0","34.629","350.168"
"154","31.0","34.635","349.45"
"154","32.0","34.64","348.67"
"154","33.0","34.644","347.831"
"154","34.0","34.648","346.933"
"154","35.0","34.651","345.977"
"154","36.0","34.653","344.966"
"154","37.0","34.654","343.902"
"154","38.0","34.654","342.788"
"154","39.0","34.654","341.624"
"154","40.0","34.653","340.413"
"154","41.0","34.652","339.156"
"154","42.0","34.65","337.856"
"154","43.0","34.648","336.515"
"154","44.0","34.645","335.133"
"154","45.0","34.641","333.712"
"154","46.0","34.637","332.254"
"154","47.0","34.633","330.765"
"154","48.0","34.628","329.571"
"154","49.0","34.624","328.703"
"154","50.0","34.619","327.831"
"154","51.0","34.614","326.963"
"154","52.0","34.609","326.081"
"154","53.0","34.604","325.191"
"154","54.0","34.599","324.294"
"154","55.0","34.594","323.395"
"154","56.0","34.588","322.49"
"154","57.0","34.583","321.58"
"154","58.0","34.578","320.659"
"154","59.0","34.572","319.727"
"154","60.0","34.567","318.783"
"154","61.0","34.561","317.827"
"154","62.0","34.556","316.864"
"154","63.0","34.55","315.891"
"154","64.0","34.544","314.906"
"154","65.0","34.538","313.921"
"154","66.0","34.532","312.934"
"154","67.0","34.526","311.939"
"154","68.0","34.52","310.939"
"154","69.0","34.514","309.931"
"154","70.0","34.508","308.916"
"154","71.0","34.502","307.892"
"155","0.0","33.465","0.0"
"155","1.0","33.415","109.377"
"155","2.0","33.574","370.435"
"155","3.0","33.668","337.661"
"155","4.0","33.763","337.944"
"155","5.0","33.847","333.491"
"155","6.0","33.922","333.341"
"155","7.0","33.989","335.803"
"155","8.0","34.049","339.202"
"155","9.0","34.104","342.404"
"155","10.0","34.156","345.676"
"155","11.0","34.203","348.292"
"155","12.0","34.247","350.055"
"155","13.0","34.288","351.135"
"155","14.0","34.325","351.878"
"155","15.0","34.359","352.438"
"155","16.0","34.39","353.132"
"155","17.0","34.419","353.854"
"155","18.0","34.446","354.13"
"155","19.0","34.47","354.169"
"155","20.0","34.492","353.934"
"155","21.0","34.512","353.578"
"155","22.0","34.53","353.124"
"155","23.0","34.546","352.563"
"155","24.0","34.561","352.126"
"155","25.0","34.574","351.879"
"155","26.0","34.585","351.558"
"155","27.0","34.596","351.173"
"155","28.0","34.605","350.719"
"155","29.0","34.613","350.207"
"155","30.0","34.621","349.634"
"155","31.0","34.627","348.993"
"155","32.0","34.632","348.286"
"155","33.0","34.637","347.516"
"155","34.0","34.64","346.684"
"155","35.0","34.643","345.791"
"155","36.0","34.645","344.839"
"155","37.0","34.646","343.832"
"155","38.0","34.647","342.772"
"155","39.0","34.647","341.659"
"155","40.0","34.646","340.497"
"155","41.0","34.645","339.287"
"155","42.0","34.643","338.031"
"155","43.0","34.64","336.732"
"155","44.0","34.637","335.39"
"155","45.0","34.634","334.008"
"155","46.0","34.63","332.587"
"155","47.0","34.626","331.134"
"155","48.0","34.621","329.942"
"155","49.0","34.617","329.085"
"155","50.0","34.612","328.218"
"155","51.0","34.607","327.356"
"155","52.0","34.602","326.48"
"155","53.0","34.597","325.596"
"155","54.0","34.592","324.705"
"155","55.0","34.587","323.813"
"155","56.0","34.582","322.912"
"155","57.0","34.576","322.007"
"155","58.0","34.571","321.092"
"155","59.0","34.565","320.164"
"155","60.0","34.56","319.225"
"155","61.0","34.554","318.275"
"155","62.0","34.549","317.315"
"155","63.0","34.543","316.346"
"155","64.0","34.537","315.366"
"155","65.0","34.531","314.386"
"155","66.0","34.526","313.403"
"155","67.0","34.52","312.413"
"155","68.0","34.514","311.415"
"155","69.0","34.508","310.412"
"155","70.0","34.502","309.4"
"155","71.0","34.495","308.383"
"156","0.0","33.463","0.0"
"156","1.0","33.43","180.944"
"156","2.0","33.564","368.12"
"156","3.0","33.662","332.411"
"156","4.0","33.756","333.586"
"156","5.0","33.841","329.715"
"156","6.0","33.916","330.005"
"156","7.0","33.983","332.812"
"156","8.0","34.043","336.512"
"156","9.0","34.098","339.833"
"156","10.0","34.15","343.319"
"156","11.0","34.197","346.102"
"156","12.0","34.241","348.029"
"156","13.0","34.282","349.264"
"156","14.0","34.319","350.156"
"156","15.0","34.353","350.853"
"156","16.0","34.385","351.66"
"156","17.0","34.414","352.508"
"156","18.0","34.44","352.894"
"156","19.0","34.465","353.042"
"156","20.0","34.487","352.915"
"156","21.0","34.507","352.657"
"156","22.0","34.525","352.293"
"156","23.0","34.541","351.817"
"156","24.0","34.555","351.449"
"156","25.0","34.568","351.27"
"156","26.0","34.58","351.01"
"156","27.0","34.591","350.683"
"156","28.0","34.6","350.285"
"156","29.0","34.608","349.826"
"156","30.0","34.616","349.302"
"156","31.0","34.622","348.708"
"156","32.0","34.627","348.046"
"156","33.0","34.631","347.319"
"156","34.0","34.635","346.527"
"156","35.0","34.638","345.672"
"156","36.0","34.64","344.758"
"156","37.0","34.641","343.786"
"156","38.0","34.642","342.757"
"156","39.0","34.642","341.676"
"156","40.0","34.641","340.544"
"156","41.0","34.64","339.363"
"156","42.0","34.638","338.134"
"156","43.0","34.636","336.861"
"156","44.0","34.633","335.544"
"156","45.0","34.629","334.185"
"156","46.0","34.625","332.786"
"156","47.0","34.621","331.356"
"156","48.0","34.617","330.168"
"156","49.0","34.612","329.316"
"156","50.0","34.607","328.453"
"156","51.0","34.602","327.596"
"156","52.0","34.597","326.723"
"156","53.0","34.592","325.843"
"156","54.0","34.587","324.956"
"156","55.0","34.582","324.066"
"156","56.0","34.577","323.17"
"156","57.0","34.572","322.268"
"156","58.0","34.566","321.356"
"156","59.0","34.561","320.431"
"156","60.0","34.555","319.495"
"156","61.0","34.55","318.547"
"156","62.0","34.544","317.591"
"156","63.0","34.539","316.624"
"156","64.0","34.533","315.648"
"156","65.0","34.527","314.671"
"156","66.0","34.521","313.69"
"156","67.0","34.515","312.702"
"156","68.0","34.509","311.708"
"156","69.0","34.503","310.707"
"156","70.0","34.497","309.697"
"156","71.0","34.491","308.68"
"157","0.0","33.459","0.0"
"157","1.0","33.431","215.323"
"157","2.0","33.541","373.426"
"157","3.0","33.648","323.51"
"157","4.0","33.743","324.78"
"157","5.0","33.828","321.945"
"157","6.0","33.903","323.13"
"157","7.0","33.969","326.644"
"157","8.0","34.029","330.945"
"157","9.0","34.084","334.527"
"157","10.0","34.135","338.436"
"157","11.0","34.183","341.562"
"157","12.0","34.227","343.822"
"157","13.0","34.268","345.376"
"157","14.0","34.305","346.582"
"157","15.0","34.34","347.568"
"157","16.0","34.371","348.609"
"157","17.0","34.401","349.712"
"157","18.0","34.427","350.33"
"157","19.0","34.452","350.699"
"157","20.0","34.474","350.795"
"157","21.0","34.494","350.742"
"157","22.0","34.512","350.567"
"157","23.0","34.528","350.272"
"157","24.0","34.543","350.052"
"157","25.0","34.556","350.01"
"157","26.0","34.568","349.878"
"157","27.0","34.579","349.672"
"157","28.0","34.588","349.387"
"157","29.0","34.597","349.038"
"157","30.0","34.604","348.616"
"157","31.0","34.61","348.12"
"157","32.0","34.616","347.55"
"157","33.0","34.62","346.912"
"157","34.0","34.624","346.203"
"157","35.0","34.627","345.427"
"157","36.0","34.629","344.588"
"157","37.0","34.63","343.687"
"157","38.0","34.631","342.727"
"157","39.0","34.631","341.711"
"157","40.0","34.63","340.641"
"157","41.0","34.629","339.518"
"157","42.0","34.627","338.346"
"157","43.0","34.625","337.125"
"157","44.0","34.622","335.86"
"157","45.0","34.619","334.549"
"157","46.0","34.615","333.197"
"157","47.0","34.611","331.809"
"157","48.0","34.606","330.634"
"157","49.0","34.602","329.794"
"157","50.0","34.597","328.938"
"157","51.0","34.592","328.089"
"157","52.0","34.587","327.224"
"157","53.0","34.582","326.352"
"157","54.0","34.577","325.472"
"157","55.0","34.572","324.591"
"157","56.0","34.567","323.701"
"157","57.0","34.562","322.805"
"157","58.0","34.556","321.901"
"157","59.0","34.551","320.982"
"157","60.0","34.545","320.052"
"157","61.0","34.54","319.11"
"157","62.0","34.534","318.159"
"157","63.0","34.529","317.198"
"157","64.0","34.523","316.229"
"157","65.0","34.517","315.257"
"157","66.0","34.511","314.283"
"157","67.0","34.505","313.3"
"157","68.0","34.5","312.31"
"157","69.0","34.494","311.314"
"157","70.0","34.488","310.309"
"157","71.0","34.481","309.3"
"158","0.0","33.454","0.0"
"158","1.0","33.466","164.206"
"158","2.0","33.503","393.918"
"158","3.0","33.628","312.598"
"158","4.0","33.725","313.569"
"158","5.0","33.811","311.424"
"158","6.0","33.885","312.998"
"158","7.0","33.951","316.913"
"158","8.0","34.01","321.671"
"158","9.0","34.064","325.276"
"158","10.0","34.115","329.506"
"158","11.0","34.163","333.245"
"158","12.0","34.207","336.101"
"158","13.0","34.248","338.233"
"158","14.0","34.286","340.008"
"158","15.0","34.321","341.524"
"158","16.0","34.352","342.995"
"158","17.0","34.382","344.557"
"158","18.0","34.409","345.602"
"158","19.0","34.433","346.371"
"158","20.0","34.456","346.876"
"158","21.0","34.476","347.198"
"158","22.0","34.494","347.369"
"158","23.0","34.511","347.396"
"158","24.0","34.525","347.459"
"158","25.0","34.539","347.67"
"158","26.0","34.551","347.771"
"158","27.0","34.562","347.787"
"158","28.0","34.571","347.714"
"158","29.0","34.58","347.565"
"158","30.0","34.587","347.333"
"158","31.0","34.593","347.017"
"158","32.0","34.599","346.618"
"158","33.0","34.603","346.141"
"158","34.0","34.607","345.586"
"158","35.0","34.61","344.957"
"158","36.0","34.612","344.257"
"158","37.0","34.614","343.488"
"158","38.0","34.615","342.654"
"158","39.0","34.615","341.758"
"158","40.0","34.614","340.801"
"158","41.0","34.613","339.787"
"158","42.0","34.611","338.718"
"158","43.0","34.609","337.596"
"158","44.0","34.606","336.424"
"158","45.0","34.603","335.204"
"158","46.0","34.599","333.937"
"158","47.0","34.595","332.626"
"158","48.0","34.591","331.488"
"158","49.0","34.586","330.665"
"158","50.0","34.582","329.825"
"158","51.0","34.577","328.99"
"158","52.0","34.572","328.14"
"158","53.0","34.567","327.282"
"158","54.0","34.562","326.416"
"158","55.0","34.557","325.547"
"158","56.0","34.552","324.671"
"158","57.0","34.547","323.788"
"158","58.0","34.541","322.895"
"158","59.0","34.536","321.987"
"158","60.0","34.531","321.067"
"158","61.0","34.525","320.136"
"158","62.0","34.52","319.196"
"158","63.0","34.514","318.246"
"158","64.0","34.508","317.288"
"158","65.0","34.503","316.328"
"158","66.0","34.497","315.363"
"158","67.0","34.491","314.39"
"158","68.0","34.485","313.41"
"158","69.0","34.479","312.423"
"158","70.0","34.473","311.426"
"158","71.0","34.467","310.422"
"159","0.0","33.451","0.0"
"159","1.0","33.423","131.233"
"159","2.0","33.49","393.874"
"159","3.0","33.619","302.436"
"159","4.0","33.716","302.772"
"159","5.0","33.804","301.65"
"159","6.0","33.878","304.155"
"159","7.0","33.944","308.882"
"159","8.0","34.003","314.414"
"159","9.0","34.057","318.359"
"159","10.0","34.108","322.975"
"159","11.0","34.156","327.139"
"159","12.0","34.2","330.414"
"159","13.0","34.241","332.96"
"159","14.0","34.279","335.144"
"159","15.0","34.314","337.037"
"159","16.0","34.346","338.833"
"159","17.0","34.375","340.722"
"159","18.0","34.402","342.081"
"159","19.0","34.427","343.145"
"159","20.0","34.449","343.948"
"159","21.0","34.47","344.548"
"159","22.0","34.488","344.974"
"159","23.0","34.505","345.244"
"159","24.0","34.519","345.523"
"159","25.0","34.533","345.92"
"159","26.0","34.545","346.195"
"159","27.0","34.555","346.376"
"159","28.0","34.565","346.46"
"159","29.0","34.574","346.461"
"159","30.0","34.581","346.37"
"159","31.0","34.587","346.188"
"159","32.0","34.593","345.915"
"159","33.0","34.598","345.56"
"159","34.0","34.601","345.12"
"159","35.0","34.604","344.599"
"159","36.0","34.607","344.003"
"159","37.0","34.608","343.333"
"159","38.0","34.609","342.593"
"159","39.0","34.609","341.785"
"159","40.0","34.608","340.914"
"159","41.0","34.607","339.981"
"159","42.0","34.606","338.989"
"159","43.0","34.604","337.941"
"159","44.0","34.601","336.839"
"159","45.0","34.598","335.685"
"159","46.0","34.594","334.482"
"159","47.0","34.59","333.229"
"159","48.0","34.585","332.124"
"159","49.0","34.581","331.313"
"159","50.0","34.576","330.483"
"159","51.0","34.571","329.658"
"159","52.0","34.567","328.819"
"159","53.0","34.562","327.971"
"159","54.0","34.557","327.116"
"159","55.0","34.552","326.258"
"159","56.0","34.546","325.39"
"159","57.0","34.541","324.516"
"159","58.0","34.536","323.633"
"159","59.0","34.531","322.732"
"159","60.0","34.525","321.82"
"159","61.0","34.52","320.898"
"159","62.0","34.514","319.964"
"159","63.0","34.509","319.021"
"159","64.0","34.503","318.073"
"159","65.0","34.497","317.121"
"159","66.0","34.491","316.163"
"159","67.0","34.486","315.198"
"159","68.0","34.48","314.223"
"159","69.0","34.474","313.242"
"159","70.0","34.468","312.252"
"159","71.0","34.462","311.255"
"160","0.0","33.448","0.0"
"160","1.0","33.36","92.679"
"160","2.0","33.485","340.74"
"160","3.0","33.609","284.904"
"160","4.0","33.709","283.5"
"160","5.0","33.797","284.898"
"160","6.0","33.871","289.059"
"160","7.0","33.937","295.242"
"160","8.0","33.996","302.076"
"160","9.0","34.05","306.614"
"160","10.0","34.101","311.876"
"160","11.0","34.149","316.81"
"160","12.0","34.193","320.845"
"160","13.0","34.234","324.118"
"160","14.0","34.272","327.015"
"160","15.0","34.307","329.57"
"160","16.0","34.339","331.928"
"160","17.0","34.368","334.369"
"160","18.0","34.396","336.264"
"160","19.0","34.42","337.829"
"160","20.0","34.443","339.13"
"160","21.0","34.463","340.195"
"160","22.0","34.482","341.047"
"160","23.0","34.498","341.718"
"160","24.0","34.513","342.355"
"160","25.0","34.526","343.058"
"160","26.0","34.538","343.618"
"160","27.0","34.549","344.072"
"160","28.0","34.559","344.412"
"160","29.0","34.567","344.659"
"160","30.0","34.575","344.798"
"160","31.0","34.581","344.834"
"160","32.0","34.587","344.769"
"160","33.0","34.591","344.609"
"160","34.0","34.595","344.354"
"160","35.0","34.598","344.012"
"160","36.0","34.6","343.583"
"160","37.0","34.602","343.073"
"160","38.0","34.603","342.485"
"160","39.0","34.603","341.823"
"160","40.0","34.603","341.089"
"160","41.0","34.601","340.286"
"160","42.0","34.6","339.42"
"160","43.0","34.598","338.49"
"160","44.0","34.595","337.502"
"160","45.0","34.592","336.457"
"160","46.0","34.588","335.357"
"160","47.0","34.584","334.205"
"160","48.0","34.58","333.152"
"160","49.0","34.575","332.357"
"160","50.0","34.57","331.547"
"160","51.0","34.566","330.74"
"160","52.0","34.561","329.919"
"160","53.0","34.556","329.089"
"160","54.0","34.551","328.251"
"160","55.0","34.546","327.408"
"160","56.0","34.541","326.557"
"160","57.0","34.536","325.698"
"160","58.0","34.53","324.83"
"160","59.0","34.525","323.943"
"160","60.0","34.52","323.044"
"160","61.0","34.514","322.134"
"160","62.0","34.509","321.215"
"160","63.0","34.503","320.285"
"160","64.0","34.497","319.351"
"160","65.0","34.492","318.413"
"160","66.0","34.486","317.468"
"160","67.0","34.48","316.513"
"160","68.0","34.474","315.551"
"160","69.0","34.468","314.582"
"160","70.0","34.462","313.603"
"160","71.0","34.456","312.616"
"161","0.0","33.445","0.0"
"161","1.0","33.383","147.613"
"161","2.0","33.484","306.802"
"161","3.0","33.602","270.038"
"161","4.0","33.703","268.683"
"161","5.0","33.791","272.573"
"161","6.0","33.865","278.02"
"161","7.0","33.931","285.346"
"161","8.0","33.989","293.176"
"161","9.0","34.044","298.19"
"161","10.0","34.095","303.931"
"161","11.0","34.143","309.401"
"161","12.0","34.187","313.978"
"161","13.0","34.228","317.766"
"161","14.0","34.266","321.172"
"161","15.0","34.301","324.199"
"161","16.0","34.333","326.965"
"161","17.0","34.362","329.793"
"161","18.0","34.389","332.074"
"161","19.0","34.414","334.004"
"161","20.0","34.436","335.658"
"161","21.0","34.457","337.057"
"161","22.0","34.475","338.217"
"161","23.0","34.492","339.184"
"161","24.0","34.507","340.075"
"161","25.0","34.52","340.998"
"161","26.0","34.532","341.765"
"161","27.0","34.543","342.413"
"161","28.0","34.553","342.939"
"161","29.0","34.561","343.361"
"161","30.0","34.569","343.666"
"161","31.0","34.575","343.859"
"161","32.0","34.581","343.942"
"161","33.0","34.585","343.923"
"161","34.0","34.589","343.803"
"161","35.0","34.592","343.586"
"161","36.0","34.594","343.279"
"161","37.0","34.596","342.884"
"161","38.0","34.597","342.404"
"161","39.0","34.597","341.845"
"161","40.0","34.596","341.211"
"161","41.0","34.595","340.504"
"161","42.0","34.594","339.726"
"161","43.0","34.592","338.883"
"161","44.0","34.589","337.976"
"161","45.0","34.586","337.009"
"161","46.0","34.582","335.982"
"161","47.0","34.578","334.906"
"161","48.0","34.574","333.891"
"161","49.0","34.569","333.11"
"161","50.0","34.565","332.311"
"161","51.0","34.56","331.517"
"161","52.0","34.555","330.708"
"161","53.0","34.55","329.89"
"161","54.0","34.545","329.065"
"161","55.0","34.54","328.236"
"161","56.0","34.535","327.395"
"161","57.0","34.53","326.547"
"161","58.0","34.525","325.689"
"161","59.0","34.519","324.811"
"161","60.0","34.514","323.922"
"161","61.0","34.509","323.024"
"161","62.0","34.503","322.112"
"161","63.0","34.497","321.191"
"161","64.0","34.492","320.269"
"161","65.0","34.486","319.34"
"161","66.0","34.48","318.404"
"161","67.0","34.475","317.46"
"161","68.0","34.469","316.504"
"161","69.0","34.463","315.543"
"161","70.0","34.457","314.571"
"161","71.0","34.451","313.595"
"15","0.0","33.443","0.0"
"15","1.0","33.423","200.608"
"15","2.0","33.483","292.824"
"15","3.0","33.597","256.936"
"15","4.0","33.699","256.37"
"15","5.0","33.786","262.519"
"15","6.0","33.86","269.037"
"15","7.0","33.926","277.253"
"15","8.0","33.984","285.861"
"15","9.0","34.038","291.239"
"15","10.0","34.089","297.366"
"15","11.0","34.137","303.236"
"15","12.0","34.182","308.249"
"15","13.0","34.223","312.449"
"15","14.0","34.26","316.263"
"15","15.0","34.295","319.665"
"15","16.0","34.327","322.774"
"15","17.0","34.356","325.909"
"15","18.0","34.384","328.507"
"15","19.0","34.408","330.737"
"15","20.0","34.431","332.685"
"15","21.0","34.451","334.364"
"15","22.0","34.47","335.782"
"15","23.0","34.486","336.996"
"15","24.0","34.501","338.105"
"15","25.0","34.514","339.214"
"15","26.0","34.526","340.156"
"15","27.0","34.537","340.972"
"15","28.0","34.547","341.656"
"15","29.0","34.555","342.231"
"15","30.0","34.563","342.678"
"15","31.0","34.569","343.007"
"15","32.0","34.575","343.22"
"15","33.0","34.58","343.322"
"15","34.0","34.583","343.318"
"15","35.0","34.586","343.213"
"15","36.0","34.589","343.01"
"15","37.0","34.59","342.714"
"15","38.0","34.591","342.331"
"15","39.0","34.591","341.863"
"15","40.0","34.591","341.314"
"15","41.0","34.59","340.688"
"15","42.0","34.588","339.99"
"15","43.0","34.586","339.22"
"15","44.0","34.584","338.385"
"15","45.0","34.58","337.485"
"15","46.0","34.577","336.524"
"15","47.0","34.573","335.509"
"15","48.0","34.568","334.531"
"15","49.0","34.564","333.757"
"15","50.0","34.559","332.973"
"15","51.0","34.555","332.188"
"15","52.0","34.55","331.39"
"15","53.0","34.545","330.583"
"15","54.0","34.54","329.768"
"15","55.0","34.535","328.947"
"15","56.0","34.53","328.117"
"15","57.0","34.525","327.278"
"15","58.0","34.519","326.43"
"15","59.0","34.514","325.559"
"15","60.0","34.509","324.678"
"15","61.0","34.503","323.785"
"15","62.0","34.498","322.883"
"15","63.0","34.492","321.969"
"15","64.0","34.487","321.056"
"15","65.0","34.481","320.136"
"15","66.0","34.475","319.207"
"15","67.0","34.47","318.267"
"15","68.0","34.464","317.32"
"15","69.0","34.458","316.365"
"15","70.0","34.452","315.4"
"15","71.0","34.446","314.429"
"14_sec16_0","0.0","33.508","0.0"
"14_sec16_0","1.0","33.701","176.46"
"14_sec16_0","2.0","33.81","220.863"
"14_sec16_0","3.0","33.878","218.461"
"14_sec16_0","4.0","33.958","208.204"
"14_sec16_0","5.0","34.029","201.151"
"14_sec16_0","6.0","34.097","195.897"
"14_sec16_0","7.0","34.16","193.533"
"14_sec16_0","8.0","34.217","194.556"
"14_sec16_0","9.0","34.27","195.89"
"14_sec16_0","10.0","34.319","196.775"
"14_sec16_0","11.0","34.364","197.549"
"14_sec16_0","12.0","34.405","197.76"
"14_sec16_0","13.0","34.442","197.437"
"14_sec16_0","14.0","34.476","196.91"
"14_sec16_0","15.0","34.507","196.263"
"14_sec16_0","16.0","34.537","195.887"
"14_sec16_0","17.0","34.563","195.085"
"14_sec16_0","18.0","34.587","194.14"
"14_sec16_0","19.0","34.609","193.11"
"14_sec16_0","20.0","34.628","191.949"
"14_sec16_0","21.0","34.646","190.769"
"14_sec16_0","22.0","34.662","189.584"
"14_sec16_0","23.0","34.676","188.408"
"14_sec16_0","24.0","34.689","187.515"
"14_sec16_0","25.0","34.701","186.728"
"14_sec16_0","26.0","34.711","185.927"
"14_sec16_0","27.0","34.72","185.09"
"14_sec16_0","28.0","34.728","184.226"
"14_sec16_0","29.0","34.735","183.309"
"14_sec16_0","30.0","34.741","182.364"
"14_sec16_0","31.0","34.747","181.391"
"14_sec16_0","32.0","34.751","180.394"
"14_sec16_0","33.0","34.754","179.37"
"14_sec16_0","34.0","34.757","178.325"
"14_sec16_0","35.0","34.758","177.256"
"14_sec16_0","36.0","34.759","176.168"
"14_sec16_0","37.0","34.76","175.06"
"14_sec16_0","38.0","34.759","173.932"
"14_sec16_0","39.0","34.758","172.788"
"14_sec16_0","40.0","34.757","171.626"
"14_sec16_0","41.0","34.754","170.45"
"14_sec16_0","42.0","34.752","169.257"
"14_sec16_0","43.0","34.748","168.052"
"14_sec16_0","44.0","34.744","166.831"
"14_sec16_0","45.0","34.74","165.6"
"14_sec16_0","46.0","34.735","164.354"
"14_sec16_0","47.0","34.73","163.171"
"14_sec16_0","48.0","34.725","162.415"
"14_sec16_0","49.0","34.72","161.754"
"14_sec16_0","50.0","34.715","161.114"
"14_sec16_0","51.0","34.71","160.468"
"14_sec16_0","52.0","34.705","159.814"
"14_sec16_0","53.0","34.699","159.157"
"14_sec16_0","54.0","34.694","158.491"
"14_sec16_0","55.0","34.688","157.814"
"14_sec16_0","56.0","34.683","157.136"
"14_sec16_0","57.0","34.677","156.455"
"14_sec16_0","58.0","34.671","155.792"
"14_sec16_0","59.0","34.665","155.123"
"14_sec16_0","60.0","34.66","154.448"
"14_sec16_0","61.0","34.654","153.767"
"14_sec16_0","62.0","34.648","153.084"
"14_sec16_0","63.0","34.642","152.392"
"14_sec16_0","64.0","34.635","151.697"
"14_sec16_0","65.0","34.629","151.001"
"14_sec16_0","66.0","34.623","150.308"
"14_sec16_0","67.0","34.617","149.612"
"14_sec16_0","68.0","34.61","148.916"
"14_sec16_0","69.0","34.604","148.213"
"14_sec16_0","70.0","34.597","147.51"
"14_sec16_0","71.0","34.591","146.833"
"16","0.0","33.504","0.0"
"16","1.0","33.67","183.87"
"16","2.0","33.78","219.312"
"16","3.0","33.856","216.481"
"16","4.0","33.934","206.234"
"16","5.0","34.004","198.926"
"16","6.0","34.068","193.544"
"16","7.0","34.129","191.166"
"16","8.0","34.187","192.323"
"16","9.0","34.242","193.749"
"16","10.0","34.293","194.801"
"16","11.0","34.338","195.72"
"16","12.0","34.381","196.075"
"16","13.0","34.419","195.888"
"16","14.0","34.454","195.479"
"16","15.0","34.487","194.95"
"16","16.0","34.517","194.658"
"16","17.0","34.544","193.97"
"16","18.0","34.569","193.123"
"16","19.0","34.591","192.188"
"16","20.0","34.612","191.115"
"16","21.0","34.63","190.018"
"16","22.0","34.646","188.91"
"16","23.0","34.661","187.799"
"16","24.0","34.674","186.957"
"16","25.0","34.686","186.23"
"16","26.0","34.697","185.48"
"16","27.0","34.706","184.697"
"16","28.0","34.715","183.879"
"16","29.0","34.722","183.01"
"16","30.0","34.728","182.107"
"16","31.0","34.733","181.179"
"16","32.0","34.738","180.219"
"16","33.0","34.741","179.236"
"16","34.0","34.744","178.225"
"16","35.0","34.746","177.193"
"16","36.0","34.747","176.136"
"16","37.0","34.748","175.059"
"16","38.0","34.747","173.962"
"16","39.0","34.746","172.845"
"16","40.0","34.745","171.712"
"16","41.0","34.743","170.56"
"16","42.0","34.74","169.393"
"16","43.0","34.737","168.21"
"16","44.0","34.733","167.013"
"16","45.0","34.729","165.801"
"16","46.0","34.724","164.578"
"16","47.0","34.719","163.395"
"16","48.0","34.714","162.636"
"16","49.0","34.709","161.982"
"16","50.0","34.704","161.344"
"16","51.0","34.699","160.701"
"16","52.0","34.694","160.05"
"16","53.0","34.688","159.396"
"16","54.0","34.683","158.734"
"16","55.0","34.678","158.061"
"16","56.0","34.672","157.385"
"16","57.0","34.666","156.707"
"16","58.0","34.661","156.047"
"16","59.0","34.655","155.381"
"16","60.0","34.649","154.708"
"16","61.0","34.643","154.031"
"16","62.0","34.637","153.349"
"16","63.0","34.631","152.66"
"16","64.0","34.625","151.967"
"16","65.0","34.619","151.274"
"16","66.0","34.612","150.583"
"16","67.0","34.606","149.89"
"16","68.0","34.6","149.195"
"16","69.0","34.593","148.494"
"16","70.0","34.587","147.793"
"16","71.0","34.58","147.113"
"16_sec17_0","0.0","33.504","0.0"
"16_sec17_0","1.0","33.67","183.87"
"16_sec17_0","2.0","33.78","219.312"
"16_sec17_0","3.0","33.856","216.481"
"16_sec17_0","4.0","33.934","206.234"
"16_sec17_0","5.0","34.004","198.926"
"16_sec17_0","6.0","34.068","193.544"
"16_sec17_0","7.0","34.129","191.166"
"16_sec17_0","8.0","34.187","192.323"
"16_sec17_0","9.0","34.242","193.749"
"16_sec17_0","10.0","34.293","194.801"
"16_sec17_0","11.0","34.338","195.72"
"16_sec17_0","12.0","34.381","196.075"
"16_sec17_0","13.0","34.419","195.888"
"16_sec17_0","14.0","34.454","195.479"
"16_sec17_0","15.0","34.487","194.95"
"16_sec17_0","16.0","34.517","194.658"
"16_sec17_0","17.0","34.544","193.97"
"16_sec17_0","18.0","34.569","193.123"
"16_sec17_0","19.0","34.591","192.188"
"16_sec17_0","20.0","34.612","191.115"
"16_sec17_0","21.0","34.63","190.018"
"16_sec17_0","22.0","34.646","188.91"
"16_sec17_0","23.0","34.661","187.799"
"16_sec17_0","24.0","34.674","186.957"
"16_sec17_0","25.0","34.686","186.23"
"16_sec17_0","26.0","34.697","185.48"
"16_sec17_0","27.0","34.706","184.697"
"16_sec17_0","28.0","34.715","183.879"
"16_sec17_0","29.0","34.722","183.01"
"16_sec17_0","30.0","34.728","182.107"
"16_sec17_0","31.0","34.733","181.179"
"16_sec17_0","32.0","34.738","180.219"
"16_sec17_0","33.0","34.741","179.236"
"16_sec17_0","34.0","34.744","178.225"
"16_sec17_0","35.0","34.746","177.193"
"16_sec17_0","36.0","34.747","176.136"
"16_sec17_0","37.0","34.748","175.059"
"16_sec17_0","38.0","34.747","173.962"
"16_sec17_0","39.0","34.746","172.845"
"16_sec17_0","40.0","34.745","171.712"
"16_sec17_0","41.0","34.743","170.56"
"16_sec17_0","42.0","34.74","169.393"
"16_sec17_0","43.0","34.737","168.21"
"16_sec17_0","44.0","34.733","167.013"
"16_sec17_0","45.0","34.729","165.801"
"16_sec17_0","46.0","34.724","164.578"
"16_sec17_0","47.0","34.719","163.395"
"16_sec17_0","48.0","34.714","162.636"
"16_sec17_0","49.0","34.709","161.982"
"16_sec17_0","50.0","34.704","161.344"
"16_sec17_0","51.0","34.699","160.701"
"16_sec17_0","52.0","34.694","160.05"
"16_sec17_0","53.0","34.688","159.396"
"16_sec17_0","54.0","34.683","158.734"
"16_sec17_0","55.0","34.678","158.061"
"16_sec17_0","56.0","34.672","157.385"
"16_sec17_0","57.0","34.666","156.707"
"16_sec17_0","58.0","34.661","156.047"
"16_sec17_0","59.0","34.655","155.381"
"16_sec17_0","60.0","34.649","154.708"
"16_sec17_0","61.0","34.643","154.031"
"16_sec17_0","62.0","34.637","153.349"
"16_sec17_0","63.0","34.631","152.66"
"16_sec17_0","64.0","34.625","151.967"
"16_sec17_0","65.0","34.619","151.274"
"16_sec17_0","66.0","34.612","150.583"
"16_sec17_0","67.0","34.606","149.89"
"16_sec17_0","68.0","34.6","149.195"
"16_sec17_0","69.0","34.593","148.494"
"16_sec17_0","70.0","34.587","147.793"
"16_sec17_0","71.0","34.58","147.113"
"162","0.0","33.497","0.0"
"162","1.0","33.679","151.311"
"162","2.0","33.73","210.097"
"162","3.0","33.815","211.173"
"162","4.0","33.893","201.805"
"162","5.0","33.964","194.153"
"162","6.0","34.028","188.557"
"162","7.0","34.086","185.563"
"162","8.0","34.145","187.057"
"162","9.0","34.201","188.662"
"162","10.0","34.252","190.112"
"162","11.0","34.298","191.337"
"162","12.0","34.341","192.007"
"162","13.0","34.381","192.143"
"162","14.0","34.418","192.025"
"162","15.0","34.451","191.766"
"162","16.0","34.482","191.689"
"162","17.0","34.51","191.268"
"162","18.0","34.536","190.665"
"162","19.0","34.559","189.955"
"162","20.0","34.58","189.09"
"162","21.0","34.599","188.192"
"162","22.0","34.616","187.274"
"162","23.0","34.631","186.316"
"162","24.0","34.645","185.608"
"162","25.0","34.657","185.016"
"162","26.0","34.669","184.396"
"162","27.0","34.679","183.732"
"162","28.0","34.687","183.031"
"162","29.0","34.695","182.271"
"162","30.0","34.702","181.476"
"162","31.0","34.707","180.645"
"162","32.0","34.712","179.784"
"162","33.0","34.716","178.889"
"162","34.0","34.719","177.967"
"162","35.0","34.721","177.014"
"162","36.0","34.723","176.037"
"162","37.0","34.724","175.035"
"162","38.0","34.724","174.007"
"162","39.0","34.723","172.96"
"162","40.0","34.722","171.889"
"162","41.0","34.72","170.8"
"162","42.0","34.717","169.689"
"162","43.0","34.714","168.563"
"162","44.0","34.711","167.418"
"162","45.0","34.707","166.258"
"162","46.0","34.703","165.08"
"162","47.0","34.698","163.915"
"162","48.0","34.693","163.156"
"162","49.0","34.688","162.512"
"162","50.0","34.683","161.882"
"162","51.0","34.678","161.248"
"162","52.0","34.673","160.605"
"162","53.0","34.667","159.959"
"162","54.0","34.662","159.304"
"162","55.0","34.657","158.637"
"162","56.0","34.651","157.969"
"162","57.0","34.645","157.298"
"162","58.0","34.64","156.644"
"162","59.0","34.634","155.984"
"162","60.0","34.628","155.318"
"162","61.0","34.623","154.645"
"162","62.0","34.617","153.971"
"162","63.0","34.611","153.288"
"162","64.0","34.605","152.6"
"162","65.0","34.599","151.913"
"162","66.0","34.592","151.227"
"162","67.0","34.586","150.538"
"162","68.0","34.58","149.849"
"162","69.0","34.574","149.154"
"162","70.0","34.567","148.456"
"162","71.0","34.561","147.771"
"163","0.0","33.492","0.0"
"163","1.0","33.634","128.227"
"163","2.0","33.694","202.033"
"163","3.0","33.779","205.075"
"163","4.0","33.862","197.171"
"163","5.0","33.936","190.185"
"163","6.0","34.003","184.993"
"163","7.0","34.063","181.912"
"163","8.0","34.122","183.521"
"163","9.0","34.178","185.169"
"163","10.0","34.228","186.807"
"163","11.0","34.276","188.194"
"163","12.0","34.319","189.022"
"163","13.0","34.359","189.341"
"163","14.0","34.396","189.395"
"163","15.0","34.43","189.297"
"163","16.0","34.461","189.346"
"163","17.0","34.49","189.1"
"163","18.0","34.516","188.663"
"163","19.0","34.54","188.109"
"163","20.0","34.561","187.397"
"163","21.0","34.58","186.651"
"163","22.0","34.597","185.876"
"163","23.0","34.613","185.045"
"163","24.0","34.627","184.441"
"163","25.0","34.64","183.96"
"163","26.0","34.651","183.443"
"163","27.0","34.661","182.884"
"163","28.0","34.67","182.276"
"163","29.0","34.678","181.613"
"163","30.0","34.685","180.906"
"163","31.0","34.691","180.163"
"163","32.0","34.696","179.382"
"163","33.0","34.7","178.568"
"163","34.0","34.703","177.718"
"163","35.0","34.706","176.839"
"163","36.0","34.707","175.929"
"163","37.0","34.708","174.991"
"163","38.0","34.708","174.028"
"163","39.0","34.708","173.037"
"163","40.0","34.707","172.024"
"163","41.0","34.705","170.986"
"163","42.0","34.703","169.928"
"163","43.0","34.7","168.848"
"163","44.0","34.697","167.75"
"163","45.0","34.693","166.631"
"163","46.0","34.689","165.497"
"163","47.0","34.684","164.349"
"163","48.0","34.679","163.592"
"163","49.0","34.674","162.958"
"163","50.0","34.669","162.333"
"163","51.0","34.664","161.706"
"163","52.0","34.659","161.069"
"163","53.0","34.654","160.429"
"163","54.0","34.649","159.778"
"163","55.0","34.643","159.118"
"163","56.0","34.638","158.453"
"163","57.0","34.632","157.787"
"163","58.0","34.627","157.135"
"163","59.0","34.621","156.479"
"163","60.0","34.616","155.817"
"163","61.0","34.61","155.149"
"163","62.0","34.604","154.477"
"163","63.0","34.598","153.797"
"163","64.0","34.592","153.113"
"163","65.0","34.586","152.429"
"163","66.0","34.58","151.746"
"163","67.0","34.574","151.061"
"163","68.0","34.568","150.372"
"163","69.0","34.562","149.68"
"163","70.0","34.555","148.984"
"163","71.0","34.549","148.294"
"164","0.0","33.486","0.0"
"164","1.0","33.549","145.733"
"164","2.0","33.655","195.349"
"164","3.0","33.74","197.951"
"164","4.0","33.83","191.696"
"164","5.0","33.908","185.435"
"164","6.0","33.977","180.797"
"164","7.0","34.038","177.916"
"164","8.0","34.099","179.667"
"164","9.0","34.155","181.483"
"164","10.0","34.207","183.393"
"164","11.0","34.255","185.004"
"164","12.0","34.3","186.042"
"164","13.0","34.341","186.591"
"164","14.0","34.379","186.856"
"164","15.0","34.413","186.95"
"164","16.0","34.445","187.163"
"164","17.0","34.474","187.109"
"164","18.0","34.501","186.853"
"164","19.0","34.525","186.458"
"164","20.0","34.547","185.89"
"164","21.0","34.566","185.286"
"164","22.0","34.584","184.644"
"164","23.0","34.6","183.931"
"164","24.0","34.614","183.424"
"164","25.0","34.627","183.036"
"164","26.0","34.638","182.614"
"164","27.0","34.649","182.142"
"164","28.0","34.658","181.619"
"164","29.0","34.666","181.035"
"164","30.0","34.673","180.408"
"164","31.0","34.679","179.738"
"164","32.0","34.684","179.029"
"164","33.0","34.689","178.28"
"164","34.0","34.692","177.497"
"164","35.0","34.694","176.677"
"164","36.0","34.696","175.827"
"164","37.0","34.697","174.945"
"164","38.0","34.698","174.032"
"164","39.0","34.697","173.093"
"164","40.0","34.696","172.126"
"164","41.0","34.695","171.136"
"164","42.0","34.693","170.12"
"164","43.0","34.69","169.082"
"164","44.0","34.687","168.022"
"164","45.0","34.683","166.942"
"164","46.0","34.679","165.841"
"164","47.0","34.674","164.721"
"164","48.0","34.669","163.963"
"164","49.0","34.665","163.337"
"164","50.0","34.66","162.719"
"164","51.0","34.655","162.096"
"164","52.0","34.649","161.465"
"164","53.0","34.644","160.83"
"164","54.0","34.639","160.184"
"164","55.0","34.634","159.527"
"164","56.0","34.628","158.869"
"164","57.0","34.623","158.207"
"164","58.0","34.617","157.557"
"164","59.0","34.612","156.905"
"164","60.0","34.606","156.247"
"164","61.0","34.6","155.582"
"164","62.0","34.595","154.914"
"164","63.0","34.589","154.238"
"164","64.0","34.583","153.558"
"164","65.0","34.577","152.878"
"164","66.0","34.571","152.198"
"164","67.0","34.565","151.515"
"164","68.0","34.559","150.83"
"164","69.0","34.552","150.14"
"164","70.0","34.546","149.447"
"164","71.0","34.54","148.757"
"165","0.0","33.482","0.0"
"165","1.0","33.524","81.233"
"165","2.0","33.626","191.296"
"165","3.0","33.716","188.078"
"165","4.0","33.81","184.935"
"165","5.0","33.889","179.02"
"165","6.0","33.96","174.792"
"165","7.0","34.022","172.1"
"165","8.0","34.082","173.939"
"165","9.0","34.139","176.093"
"165","10.0","34.191","178.445"
"165","11.0","34.24","180.386"
"165","12.0","34.285","181.748"
"165","13.0","34.327","182.648"
"165","14.0","34.366","183.231"
"165","15.0","34.401","183.628"
"165","16.0","34.433","184.074"
"165","17.0","34.463","184.304"
"165","18.0","34.49","184.309"
"165","19.0","34.514","184.151"
"165","20.0","34.536","183.803"
"165","21.0","34.556","183.41"
"165","22.0","34.574","182.959"
"165","23.0","34.59","182.423"
"165","24.0","34.604","182.049"
"165","25.0","34.618","181.797"
"165","26.0","34.629","181.501"
"165","27.0","34.64","181.153"
"165","28.0","34.649","180.741"
"165","29.0","34.658","180.268"
"165","30.0","34.665","179.743"
"165","31.0","34.671","179.173"
"165","32.0","34.676","178.555"
"165","33.0","34.68","177.897"
"165","34.0","34.684","177.196"
"165","35.0","34.686","176.458"
"165","36.0","34.688","175.682"
"165","37.0","34.689","174.872"
"165","38.0","34.69","174.029"
"165","39.0","34.69","173.154"
"165","40.0","34.689","172.251"
"165","41.0","34.687","171.318"
"165","42.0","34.685","170.36"
"165","43.0","34.682","169.375"
"165","44.0","34.679","168.367"
"165","45.0","34.676","167.335"
"165","46.0","34.672","166.283"
"165","47.0","34.667","165.2"
"165","48.0","34.662","164.442"
"165","49.0","34.657","163.83"
"165","50.0","34.652","163.217"
"165","51.0","34.647","162.604"
"165","52.0","34.642","161.98"
"165","53.0","34.637","161.353"
"165","54.0","34.632","160.713"
"165","55.0","34.627","160.065"
"165","56.0","34.621","159.413"
"165","57.0","34.616","158.758"
"165","58.0","34.61","158.113"
"165","59.0","34.605","157.467"
"165","60.0","34.599","156.816"
"165","61.0","34.593","156.157"
"165","62.0","34.587","155.495"
"165","63.0","34.582","154.825"
"165","64.0","34.576","154.151"
"165","65.0","34.57","153.478"
"165","66.0","34.564","152.804"
"165","67.0","34.558","152.127"
"165","68.0","34.552","151.447"
"165","69.0","34.545","150.762"
"165","70.0","34.539","150.073"
"165","71.0","34.533","149.386"
"166","0.0","33.479","0.0"
"166","1.0","33.469","15.095"
"166","2.0","33.599","194.479"
"166","3.0","33.698","175.778"
"166","4.0","33.794","177.729"
"166","5.0","33.875","172.626"
"166","6.0","33.946","169.077"
"166","7.0","34.008","166.595"
"166","8.0","34.068","168.16"
"166","9.0","34.125","170.373"
"166","10.0","34.177","172.945"
"166","11.0","34.226","175.181"
"166","12.0","34.272","176.902"
"166","13.0","34.314","178.194"
"166","14.0","34.353","179.136"
"166","15.0","34.389","179.866"
"166","16.0","34.421","180.581"
"166","17.0","34.451","181.124"
"166","18.0","34.479","181.427"
"166","19.0","34.503","181.536"
"166","20.0","34.526","181.433"
"166","21.0","34.546","181.276"
"166","22.0","34.564","181.044"
"166","23.0","34.58","180.71"
"166","24.0","34.595","180.491"
"166","25.0","34.608","180.389"
"166","26.0","34.62","180.238"
"166","27.0","34.631","180.026"
"166","28.0","34.64","179.742"
"166","29.0","34.649","179.392"
"166","30.0","34.656","178.985"
"166","31.0","34.662","178.524"
"166","32.0","34.668","178.014"
"166","33.0","34.672","177.455"
"166","34.0","34.676","176.85"
"166","35.0","34.678","176.201"
"166","36.0","34.68","175.512"
"166","37.0","34.681","174.783"
"166","38.0","34.682","174.017"
"166","39.0","34.682","173.217"
"166","40.0","34.681","172.383"
"166","41.0","34.68","171.519"
"166","42.0","34.678","170.623"
"166","43.0","34.675","169.7"
"166","44.0","34.672","168.749"
"166","45.0","34.668","167.773"
"166","46.0","34.664","166.772"
"166","47.0","34.66","165.741"
"166","48.0","34.655","164.982"
"166","49.0","34.65","164.383"
"166","50.0","34.645","163.779"
"166","51.0","34.64","163.175"
"166","52.0","34.635","162.56"
"166","53.0","34.63","161.942"
"166","54.0","34.625","161.309"
"166","55.0","34.619","160.669"
"166","56.0","34.614","160.025"
"166","57.0","34.609","159.378"
"166","58.0","34.603","158.738"
"166","59.0","34.597","158.099"
"166","60.0","34.592","157.455"
"166","61.0","34.586","156.803"
"166","62.0","34.58","156.147"
"166","63.0","34.575","155.485"
"166","64.0","34.569","154.818"
"166","65.0","34.563","154.151"
"166","66.0","34.557","153.484"
"166","67.0","34.551","152.813"
"166","68.0","34.544","152.138"
"166","69.0","34.538","151.46"
"166","70.0","34.532","150.776"
"166","71.0","34.526","150.093"
"167","0.0","33.476","0.0"
"167","1.0","33.398","30.381"
"167","2.0","33.588","190.846"
"167","3.0","33.686","166.412"
"167","4.0","33.782","171.666"
"167","5.0","33.864","167.268"
"167","6.0","33.936","163.948"
"167","7.0","33.998","161.581"
"167","8.0","34.058","162.906"
"167","9.0","34.115","165.17"
"167","10.0","34.167","168.09"
"167","11.0","34.216","170.543"
"167","12.0","34.261","172.538"
"167","13.0","34.304","174.143"
"167","14.0","34.342","175.378"
"167","15.0","34.378","176.396"
"167","16.0","34.41","177.361"
"167","17.0","34.44","178.185"
"167","18.0","34.468","178.748"
"167","19.0","34.493","179.101"
"167","20.0","34.515","179.225"
"167","21.0","34.535","179.288"
"167","22.0","34.554","179.255"
"167","23.0","34.57","179.109"
"167","24.0","34.585","179.033"
"167","25.0","34.598","179.073"
"167","26.0","34.61","179.053"
"167","27.0","34.621","178.97"
"167","28.0","34.631","178.802"
"167","29.0","34.639","178.567"
"167","30.0","34.646","178.269"
"167","31.0","34.653","177.912"
"167","32.0","34.658","177.499"
"167","33.0","34.663","177.034"
"167","34.0","34.666","176.516"
"167","35.0","34.669","175.953"
"167","36.0","34.671","175.343"
"167","37.0","34.672","174.69"
"167","38.0","34.673","173.998"
"167","39.0","34.673","173.266"
"167","40.0","34.672","172.498"
"167","41.0","34.671","171.695"
"167","42.0","34.669","170.86"
"167","43.0","34.666","169.992"
"167","44.0","34.663","169.096"
"167","45.0","34.66","168.171"
"167","46.0","34.656","167.22"
"167","47.0","34.651","166.24"
"167","48.0","34.647","165.478"
"167","49.0","34.642","164.892"
"167","50.0","34.637","164.296"
"167","51.0","34.632","163.7"
"167","52.0","34.627","163.094"
"167","53.0","34.622","162.483"
"167","54.0","34.617","161.856"
"167","55.0","34.611","161.224"
"167","56.0","34.606","160.587"
"167","57.0","34.6","159.947"
"167","58.0","34.595","159.312"
"167","59.0","34.589","158.679"
"167","60.0","34.584","158.041"
"167","61.0","34.578","157.396"
"167","62.0","34.572","156.745"
"167","63.0","34.567","156.09"
"167","64.0","34.561","155.429"
"167","65.0","34.555","154.769"
"167","66.0","34.549","154.107"
"167","67.0","34.543","153.441"
"167","68.0","34.537","152.772"
"167","69.0","34.531","152.099"
"167","70.0","34.524","151.42"
"167","71.0","34.518","150.743"
"168","0.0","33.473","0.0"
"168","1.0","33.39","4.664"
"168","2.0","33.586","173.786"
"168","3.0","33.673","158.573"
"168","4.0","33.769","165.694"
"168","5.0","33.852","161.996"
"168","6.0","33.925","159.41"
"168","7.0","33.988","157.453"
"168","8.0","34.048","158.896"
"168","9.0","34.104","161.401"
"168","10.0","34.157","164.609"
"168","11.0","34.205","167.09"
"168","12.0","34.251","169.121"
"168","13.0","34.292","170.824"
"168","14.0","34.331","172.181"
"168","15.0","34.366","173.331"
"168","16.0","34.398","174.422"
"168","17.0","34.428","175.404"
"168","18.0","34.455","176.16"
"168","19.0","34.48","176.72"
"168","20.0","34.502","177.043"
"168","21.0","34.523","177.301"
"168","22.0","34.541","177.454"
"168","23.0","34.558","177.487"
"168","24.0","34.572","177.55"
"168","25.0","34.586","177.725"
"168","26.0","34.598","177.836"
"168","27.0","34.609","177.878"
"168","28.0","34.618","177.828"
"168","29.0","34.627","177.708"
"168","30.0","34.634","177.52"
"168","31.0","34.641","177.268"
"168","32.0","34.646","176.957"
"168","33.0","34.651","176.587"
"168","34.0","34.655","176.162"
"168","35.0","34.657","175.685"
"168","36.0","34.659","175.16"
"168","37.0","34.661","174.587"
"168","38.0","34.661","173.969"
"168","39.0","34.661","173.31"
"168","40.0","34.661","172.61"
"168","41.0","34.66","171.873"
"168","42.0","34.658","171.099"
"168","43.0","34.655","170.292"
"168","44.0","34.652","169.45"
"168","45.0","34.649","168.579"
"168","46.0","34.645","167.677"
"168","47.0","34.641","166.749"
"168","48.0","34.636","165.99"
"168","49.0","34.631","165.416"
"168","50.0","34.626","164.827"
"168","51.0","34.622","164.239"
"168","52.0","34.617","163.64"
"168","53.0","34.611","163.037"
"168","54.0","34.606","162.415"
"168","55.0","34.601","161.79"
"168","56.0","34.596","161.159"
"168","57.0","34.59","160.524"
"168","58.0","34.585","159.893"
"168","59.0","34.58","159.265"
"168","60.0","34.574","158.633"
"168","61.0","34.568","157.992"
"168","62.0","34.563","157.346"
"168","63.0","34.557","156.695"
"168","64.0","34.551","156.04"
"168","65.0","34.545","155.385"
"168","66.0","34.539","154.727"
"168","67.0","34.533","154.066"
"168","68.0","34.527","153.4"
"168","69.0","34.521","152.73"
"168","70.0","34.515","152.054"
"168","71.0","34.509","151.38"
"169","0.0","33.47","0.0"
"169","1.0","33.405","-21.641"
"169","2.0","33.576","163.632"
"169","3.0","33.662","153.869"
"169","4.0","33.757","161.872"
"169","5.0","33.842","158.421"
"169","6.0","33.915","156.359"
"169","7.0","33.979","154.679"
"169","8.0","34.039","156.176"
"169","9.0","34.095","158.837"
"169","10.0","34.147","162.211"
"169","11.0","34.196","164.832"
"169","12.0","34.241","167.013"
"169","13.0","34.283","168.828"
"169","14.0","34.321","170.297"
"169","15.0","34.356","171.563"
"169","16.0","34.388","172.755"
"169","17.0","34.418","173.843"
"169","18.0","34.445","174.7"
"169","19.0","34.47","175.372"
"169","20.0","34.493","175.805"
"169","21.0","34.513","176.174"
"169","22.0","34.532","176.432"
"169","23.0","34.548","176.566"
"169","24.0","34.563","176.711"
"169","25.0","34.577","176.964"
"169","26.0","34.589","177.149"
"169","27.0","34.6","177.262"
"169","28.0","34.609","177.278"
"169","29.0","34.618","177.223"
"169","30.0","34.625","177.097"
"169","31.0","34.632","176.905"
"169","32.0","34.637","176.649"
"169","33.0","34.642","176.333"
"169","34.0","34.646","175.959"
"169","35.0","34.649","175.531"
"169","36.0","34.651","175.051"
"169","37.0","34.652","174.523"
"169","38.0","34.653","173.947"
"169","39.0","34.653","173.328"
"169","40.0","34.652","172.667"
"169","41.0","34.651","171.965"
"169","42.0","34.649","171.226"
"169","43.0","34.647","170.45"
"169","44.0","34.644","169.641"
"169","45.0","34.641","168.799"
"169","46.0","34.637","167.926"
"169","47.0","34.633","167.024"
"169","48.0","34.628","166.271"
"169","49.0","34.623","165.704"
"169","50.0","34.619","165.12"
"169","51.0","34.614","164.536"
"169","52.0","34.609","163.942"
"169","53.0","34.604","163.343"
"169","54.0","34.599","162.724"
"169","55.0","34.594","162.102"
"169","56.0","34.588","161.475"
"169","57.0","34.583","160.844"
"169","58.0","34.578","160.216"
"169","59.0","34.572","159.591"
"169","60.0","34.567","158.962"
"169","61.0","34.561","158.324"
"169","62.0","34.555","157.681"
"169","63.0","34.55","157.033"
"169","64.0","34.544","156.381"
"169","65.0","34.538","155.729"
"169","66.0","34.532","155.074"
"169","67.0","34.526","154.414"
"169","68.0","34.52","153.751"
"169","69.0","34.514","153.083"
"169","70.0","34.508","152.41"
"169","71.0","34.502","151.737"
"170","0.0","33.466","0.0"
"170","1.0","33.408","73.372"
"170","2.0","33.553","160.64"
"170","3.0","33.648","146.853"
"170","4.0","33.742","155.433"
"170","5.0","33.828","152.104"
"170","6.0","33.902","150.876"
"170","7.0","33.966","149.586"
"170","8.0","34.025","151.096"
"170","9.0","34.081","153.99"
"170","10.0","34.133","157.6"
"170","11.0","34.182","160.456"
"170","12.0","34.227","162.916"
"170","13.0","34.269","165.02"
"170","14.0","34.308","166.765"
"170","15.0","34.343","168.289"
"170","16.0","34.375","169.707"
"170","17.0","34.405","171.01"
"170","18.0","34.432","172.075"
"170","19.0","34.457","172.961"
"170","20.0","34.48","173.602"
"170","21.0","34.501","174.166"
"170","22.0","34.519","174.614"
"170","23.0","34.536","174.929"
"170","24.0","34.551","175.225"
"170","25.0","34.564","175.616"
"170","26.0","34.577","175.934"
"170","27.0","34.587","176.172"
"170","28.0","34.597","176.305"
"170","29.0","34.606","176.357"
"170","30.0","34.613","176.338"
"170","31.0","34.62","176.247"
"170","32.0","34.625","176.09"
"170","33.0","34.63","175.869"
"170","34.0","34.634","175.587"
"170","35.0","34.637","175.246"
"170","36.0","34.639","174.85"
"170","37.0","34.641","174.402"
"170","38.0","34.641","173.903"
"170","39.0","34.641","173.356"
"170","40.0","34.641","172.764"
"170","41.0","34.64","172.129"
"170","42.0","34.638","171.452"
"170","43.0","34.636","170.736"
"170","44.0","34.633","169.982"
"170","45.0","34.63","169.193"
"170","46.0","34.626","168.369"
"170","47.0","34.622","167.516"
"170","48.0","34.617","166.775"
"170","49.0","34.613","166.219"
"170","50.0","34.608","165.641"
"170","51.0","34.603","165.062"
"170","52.0","34.598","164.474"
"170","53.0","34.593","163.88"
"170","54.0","34.588","163.268"
"170","55.0","34.583","162.654"
"170","56.0","34.578","162.033"
"170","57.0","34.573","161.409"
"170","58.0","34.567","160.785"
"170","59.0","34.562","160.165"
"170","60.0","34.556","159.542"
"170","61.0","34.551","158.909"
"170","62.0","34.545","158.272"
"170","63.0","34.54","157.629"
"170","64.0","34.534","156.982"
"170","65.0","34.528","156.336"
"170","66.0","34.522","155.686"
"170","67.0","34.516","155.031"
"170","68.0","34.51","154.371"
"170","69.0","34.504","153.708"
"170","70.0","34.498","153.038"
"170","71.0","34.492","152.37"
"171","0.0","33.465","0.0"
"171","1.0","33.444","161.155"
"171","2.0","33.535","167.004"
"171","3.0","33.642","143.037"
"171","4.0","33.737","150.419"
"171","5.0","33.824","147.309"
"171","6.0","33.898","146.743"
"171","7.0","33.962","145.785"
"171","8.0","34.022","147.355"
"171","9.0","34.078","150.464"
"171","10.0","34.13","154.216"
"171","11.0","34.179","157.229"
"171","12.0","34.224","159.916"
"171","13.0","34.266","162.255"
"171","14.0","34.304","164.216"
"171","15.0","34.34","165.943"
"171","16.0","34.372","167.539"
"171","17.0","34.402","169.012"
"171","18.0","34.429","170.236"
"171","19.0","34.455","171.281"
"171","20.0","34.477","172.076"
"171","21.0","34.498","172.782"
"171","22.0","34.517","173.364"
"171","23.0","34.533","173.805"
"171","24.0","34.548","174.21"
"171","25.0","34.562","174.698"
"171","26.0","34.574","175.107"
"171","27.0","34.585","175.432"
"171","28.0","34.595","175.648"
"171","29.0","34.603","175.778"
"171","30.0","34.611","175.832"
"171","31.0","34.617","175.812"
"171","32.0","34.623","175.721"
"171","33.0","34.628","175.563"
"171","34.0","34.631","175.341"
"171","35.0","34.634","175.057"
"171","36.0","34.637","174.716"
"171","37.0","34.638","174.319"
"171","38.0","34.639","173.869"
"171","39.0","34.639","173.369"
"171","40.0","34.639","172.821"
"171","41.0","34.637","172.228"
"171","42.0","34.636","171.592"
"171","43.0","34.634","170.914"
"171","44.0","34.631","170.197"
"171","45.0","34.628","169.442"
"171","46.0","34.624","168.652"
"171","47.0","34.62","167.831"
"171","48.0","34.615","167.104"
"171","49.0","34.611","166.554"
"171","50.0","34.606","165.983"
"171","51.0","34.601","165.41"
"171","52.0","34.596","164.827"
"171","53.0","34.591","164.238"
"171","54.0","34.586","163.632"
"171","55.0","34.581","163.023"
"171","56.0","34.576","162.408"
"171","57.0","34.57","161.787"
"171","58.0","34.565","161.167"
"171","59.0","34.56","160.552"
"171","60.0","34.554","159.933"
"171","61.0","34.549","159.304"
"171","62.0","34.543","158.671"
"171","63.0","34.537","158.033"
"171","64.0","34.532","157.39"
"171","65.0","34.526","156.748"
"171","66.0","34.52","156.102"
"171","67.0","34.514","155.45"
"171","68.0","34.508","154.794"
"171","69.0","34.502","154.134"
"171","70.0","34.496","153.468"
"171","71.0","34.49","152.801"
"172","0.0","33.464","0.0"
"172","1.0","33.468","110.699"
"172","2.0","33.515","189.617"
"172","3.0","33.637","136.78"
"172","4.0","33.734","138.855"
"172","5.0","33.821","136.765"
"172","6.0","33.895","137.53"
"172","7.0","33.96","137.536"
"172","8.0","34.019","139.432"
"172","9.0","34.075","143.175"
"172","10.0","34.127","147.342"
"172","11.0","34.176","150.771"
"172","12.0","34.221","153.924"
"172","13.0","34.263","156.749"
"172","14.0","34.302","159.152"
"172","15.0","34.337","161.293"
"172","16.0","34.369","163.248"
"172","17.0","34.399","165.058"
"172","18.0","34.427","166.605"
"172","19.0","34.452","167.972"
"172","20.0","34.475","169.072"
"172","21.0","34.495","170.061"
"172","22.0","34.514","170.912"
"172","23.0","34.531","171.604"
"172","24.0","34.546","172.23"
"172","25.0","34.559","172.907"
"172","26.0","34.571","173.496"
"172","27.0","34.582","173.992"
"172","28.0","34.592","174.372"
"172","29.0","34.601","174.653"
"172","30.0","34.608","174.851"
"172","31.0","34.615","174.968"
"172","32.0","34.62","175.006"
"172","33.0","34.625","174.972"
"172","34.0","34.629","174.865"
"172","35.0","34.632","174.693"
"172","36.0","34.634","174.456"
"172","37.0","34.636","174.159"
"172","38.0","34.636","173.805"
"172","39.0","34.637","173.396"
"172","40.0","34.636","172.935"
"172","41.0","34.635","172.423"
"172","42.0","34.633","171.865"
"172","43.0","34.631","171.262"
"172","44.0","34.628","170.616"
"172","45.0","34.625","169.929"
"172","46.0","34.621","169.204"
"172","47.0","34.617","168.44"
"172","48.0","34.613","167.747"
"172","49.0","34.608","167.209"
"172","50.0","34.603","166.649"
"172","51.0","34.599","166.087"
"172","52.0","34.594","165.515"
"172","53.0","34.589","164.937"
"172","54.0","34.584","164.343"
"172","55.0","34.579","163.744"
"172","56.0","34.573","163.138"
"172","57.0","34.568","162.528"
"172","58.0","34.563","161.915"
"172","59.0","34.557","161.309"
"172","60.0","34.552","160.698"
"172","61.0","34.546","160.078"
"172","62.0","34.541","159.452"
"172","63.0","34.535","158.823"
"172","64.0","34.53","158.189"
"172","65.0","34.524","157.555"
"172","66.0","34.518","156.918"
"172","67.0","34.512","156.274"
"172","68.0","34.506","155.624"
"172","69.0","34.5","154.971"
"172","70.0","34.494","154.312"
"172","71.0","34.488","153.652"
"173","0.0","33.461","0.0"
"173","1.0","33.422","33.457"
"173","2.0","33.472","202.548"
"173","3.0","33.624","128.202"
"173","4.0","33.724","125.842"
"173","5.0","33.812","125.263"
"173","6.0","33.887","127.345"
"173","7.0","33.952","128.369"
"173","8.0","34.011","130.632"
"173","9.0","34.067","135.093"
"173","10.0","34.119","139.724"
"173","11.0","34.168","143.614"
"173","12.0","34.213","147.3"
"173","13.0","34.255","150.664"
"173","14.0","34.293","153.558"
"173","15.0","34.329","156.156"
"173","16.0","34.361","158.516"
"173","17.0","34.391","160.698"
"173","18.0","34.418","162.603"
"173","19.0","34.443","164.325"
"173","20.0","34.466","165.765"
"173","21.0","34.487","167.068"
"173","22.0","34.506","168.216"
"173","23.0","34.522","169.181"
"173","24.0","34.537","170.055"
"173","25.0","34.551","170.937"
"173","26.0","34.563","171.726"
"173","27.0","34.574","172.407"
"173","28.0","34.584","172.968"
"173","29.0","34.593","173.415"
"173","30.0","34.6","173.772"
"173","31.0","34.607","174.037"
"173","32.0","34.612","174.218"
"173","33.0","34.617","174.318"
"173","34.0","34.621","174.34"
"173","35.0","34.624","174.288"
"173","36.0","34.626","174.167"
"173","37.0","34.628","173.98"
"173","38.0","34.629","173.729"
"173","39.0","34.629","173.419"
"173","40.0","34.628","173.051"
"173","41.0","34.627","172.631"
"173","42.0","34.626","172.157"
"173","43.0","34.623","171.636"
"173","44.0","34.621","171.068"
"173","45.0","34.618","170.456"
"173","46.0","34.614","169.801"
"173","47.0","34.61","169.104"
"173","48.0","34.605","168.451"
"173","49.0","34.601","167.923"
"173","50.0","34.596","167.376"
"173","51.0","34.591","166.825"
"173","52.0","34.586","166.266"
"173","53.0","34.581","165.7"
"173","54.0","34.576","165.119"
"173","55.0","34.571","164.531"
"173","56.0","34.566","163.936"
"173","57.0","34.561","163.336"
"173","58.0","34.555","162.732"
"173","59.0","34.55","162.136"
"173","60.0","34.545","161.533"
"173","61.0","34.539","160.922"
"173","62.0","34.534","160.306"
"173","63.0","34.528","159.687"
"173","64.0","34.522","159.063"
"173","65.0","34.517","158.439"
"173","66.0","34.511","157.81"
"173","67.0","34.505","157.174"
"173","68.0","34.499","156.533"
"173","69.0","34.493","155.888"
"173","70.0","34.487","155.236"
"173","71.0","34.481","154.58"
"174","0.0","33.457","0.0"
"174","1.0","33.376","71.835"
"174","2.0","33.454","183.184"
"174","3.0","33.614","119.737"
"174","4.0","33.715","117.672"
"174","5.0","33.804","118.221"
"174","6.0","33.879","121.059"
"174","7.0","33.944","122.732"
"174","8.0","34.004","125.184"
"174","9.0","34.059","130.049"
"174","10.0","34.111","134.922"
"174","11.0","34.159","139.066"
"174","12.0","34.205","143.041"
"174","13.0","34.247","146.702"
"174","14.0","34.285","149.873"
"174","15.0","34.32","152.739"
"174","16.0","34.353","155.342"
"174","17.0","34.382","157.744"
"174","18.0","34.41","159.874"
"174","19.0","34.435","161.823"
"174","20.0","34.458","163.486"
"174","21.0","34.479","164.997"
"174","22.0","34.497","166.343"
"174","23.0","34.514","167.499"
"174","24.0","34.529","168.54"
"174","25.0","34.543","169.562"
"174","26.0","34.555","170.485"
"174","27.0","34.566","171.296"
"174","28.0","34.576","171.979"
"174","29.0","34.584","172.543"
"174","30.0","34.592","173.009"
"174","31.0","34.598","173.38"
"174","32.0","34.604","173.66"
"174","33.0","34.609","173.855"
"174","34.0","34.613","173.966"
"174","35.0","34.616","174.001"
"174","36.0","34.618","173.96"
"174","37.0","34.62","173.85"
"174","38.0","34.621","173.674"
"174","39.0","34.621","173.434"
"174","40.0","34.62","173.134"
"174","41.0","34.619","172.776"
"174","42.0","34.618","172.364"
"174","43.0","34.616","171.9"
"174","44.0","34.613","171.387"
"174","45.0","34.61","170.826"
"174","46.0","34.606","170.222"
"174","47.0","34.602","169.574"
"174","48.0","34.598","168.95"
"174","49.0","34.593","168.427"
"174","50.0","34.588","167.888"
"174","51.0","34.583","167.345"
"174","52.0","34.579","166.794"
"174","53.0","34.574","166.236"
"174","54.0","34.569","165.663"
"174","55.0","34.564","165.082"
"174","56.0","34.558","164.495"
"174","57.0","34.553","163.901"
"174","58.0","34.548","163.302"
"174","59.0","34.543","162.712"
"174","60.0","34.537","162.116"
"174","61.0","34.532","161.511"
"174","62.0","34.526","160.9"
"174","63.0","34.521","160.287"
"174","64.0","34.515","159.67"
"174","65.0","34.509","159.052"
"174","66.0","34.503","158.428"
"174","67.0","34.497","157.798"
"174","68.0","34.492","157.161"
"174","69.0","34.486","156.52"
"174","70.0","34.48","155.873"
"174","71.0","34.474","155.223"
"175","0.0","33.453","0.0"
"175","1.0","33.41","98.182"
"175","2.0","33.455","125.877"
"175","3.0","33.606","104.83"
"175","4.0","33.707","105.581"
"175","5.0","33.797","107.72"
"175","6.0","33.871","111.55"
"175","7.0","33.937","114.024"
"175","8.0","33.996","116.806"
"175","9.0","34.051","122.276"
"175","10.0","34.103","127.465"
"175","11.0","34.152","131.986"
"175","12.0","34.197","136.415"
"175","13.0","34.239","140.581"
"175","14.0","34.277","144.227"
"175","15.0","34.312","147.543"
"175","16.0","34.345","150.551"
"175","17.0","34.375","153.304"
"175","18.0","34.402","155.793"
"175","19.0","34.427","158.094"
"175","20.0","34.45","160.1"
"175","21.0","34.471","161.928"
"175","22.0","34.489","163.572"
"175","23.0","34.506","165.007"
"175","24.0","34.521","166.305"
"175","25.0","34.535","167.532"
"175","26.0","34.547","168.658"
"175","27.0","34.558","169.657"
"175","28.0","34.568","170.526"
"175","29.0","34.577","171.258"
"175","30.0","34.584","171.887"
"175","31.0","34.591","172.411"
"175","32.0","34.596","172.838"
"175","33.0","34.601","173.17"
"175","34.0","34.605","173.414"
"175","35.0","34.608","173.573"
"175","36.0","34.611","173.653"
"175","37.0","34.612","173.656"
"175","38.0","34.613","173.587"
"175","39.0","34.613","173.45"
"175","40.0","34.613","173.246"
"175","41.0","34.612","172.982"
"175","42.0","34.61","172.658"
"175","43.0","34.608","172.279"
"175","44.0","34.605","171.845"
"175","45.0","34.602","171.362"
"175","46.0","34.599","170.83"
"175","47.0","34.595","170.256"
"175","48.0","34.59","169.677"
"175","49.0","34.586","169.16"
"175","50.0","34.581","168.634"
"175","51.0","34.576","168.103"
"175","52.0","34.571","167.564"
"175","53.0","34.566","167.018"
"175","54.0","34.561","166.458"
"175","55.0","34.556","165.888"
"175","56.0","34.551","165.312"
"175","57.0","34.546","164.728"
"175","58.0","34.541","164.139"
"175","59.0","34.535","163.558"
"175","60.0","34.53","162.97"
"175","61.0","34.524","162.374"
"175","62.0","34.519","161.773"
"175","63.0","34.513","161.168"
"175","64.0","34.508","160.561"
"175","65.0","34.502","159.953"
"175","66.0","34.496","159.338"
"175","67.0","34.49","158.714"
"175","68.0","34.484","158.086"
"175","69.0","34.478","157.452"
"175","70.0","34.473","156.812"
"175","71.0","34.466","156.168"
"176","0.0","33.451","0.0"
"176","1.0","33.444","99.523"
"176","2.0","33.474","63.141"
"176","3.0","33.604","87.202"
"176","4.0","33.705","89.515"
"176","5.0","33.794","94.518"
"176","6.0","33.868","100.289"
"176","7.0","33.934","104.021"
"176","8.0","33.993","107.425"
"176","9.0","34.048","113.688"
"176","10.0","34.1","119.308"
"176","11.0","34.148","124.315"
"176","12.0","34.193","129.309"
"176","13.0","34.235","134.017"
"176","14.0","34.274","138.182"
"176","15.0","34.309","141.986"
"176","16.0","34.341","145.445"
"176","17.0","34.371","148.574"
"176","18.0","34.398","151.452"
"176","19.0","34.424","154.132"
"176","20.0","34.446","156.51"
"176","21.0","34.467","158.678"
"176","22.0","34.486","160.643"
"176","23.0","34.503","162.379"
"176","24.0","34.518","163.951"
"176","25.0","34.531","165.401"
"176","26.0","34.543","166.74"
"176","27.0","34.554","167.942"
"176","28.0","34.564","169.002"
"176","29.0","34.573","169.915"
"176","30.0","34.581","170.714"
"176","31.0","34.587","171.4"
"176","32.0","34.593","171.979"
"176","33.0","34.598","172.457"
"176","34.0","34.601","172.838"
"176","35.0","34.605","173.129"
"176","36.0","34.607","173.332"
"176","37.0","34.608","173.453"
"176","38.0","34.609","173.497"
"176","39.0","34.61","173.466"
"176","40.0","34.609","173.366"
"176","41.0","34.608","173.197"
"176","42.0","34.607","172.967"
"176","43.0","34.604","172.675"
"176","44.0","34.602","172.326"
"176","45.0","34.599","171.922"
"176","46.0","34.595","171.468"
"176","47.0","34.591","170.961"
"176","48.0","34.587","170.437"
"176","49.0","34.582","169.928"
"176","50.0","34.577","169.415"
"176","51.0","34.573","168.897"
"176","52.0","34.568","168.371"
"176","53.0","34.563","167.838"
"176","54.0","34.558","167.291"
"176","55.0","34.553","166.734"
"176","56.0","34.548","166.169"
"176","57.0","34.542","165.597"
"176","58.0","34.537","165.017"
"176","59.0","34.532","164.447"
"176","60.0","34.526","163.869"
"176","61.0","34.521","163.283"
"176","62.0","34.515","162.691"
"176","63.0","34.51","162.097"
"176","64.0","34.504","161.501"
"176","65.0","34.498","160.903"
"176","66.0","34.493","160.297"
"176","67.0","34.487","159.683"
"176","68.0","34.481","159.062"
"176","69.0","34.475","158.437"
"176","70.0","34.469","157.805"
"176","71.0","34.463","157.17"
"177","0.0","33.448","0.0"
"177","1.0","33.399","82.009"
"177","2.0","33.495","19.963"
"177","3.0","33.603","69.629"
"177","4.0","33.703","73.77"
"177","5.0","33.791","81.522"
"177","6.0","33.865","89.294"
"177","7.0","33.93","94.202"
"177","8.0","33.99","98.179"
"177","9.0","34.044","105.172"
"177","10.0","34.096","111.168"
"177","11.0","34.144","116.622"
"177","12.0","34.189","122.194"
"177","13.0","34.231","127.449"
"177","14.0","34.269","132.144"
"177","15.0","34.304","136.438"
"177","16.0","34.336","140.348"
"177","17.0","34.366","143.853"
"177","18.0","34.393","147.121"
"177","19.0","34.418","150.178"
"177","20.0","34.441","152.928"
"177","21.0","34.462","155.437"
"177","22.0","34.48","157.72"
"177","23.0","34.497","159.75"
"177","24.0","34.512","161.598"
"177","25.0","34.526","163.269"
"177","26.0","34.538","164.823"
"177","27.0","34.549","166.224"
"177","28.0","34.559","167.478"
"177","29.0","34.567","168.569"
"177","30.0","34.575","169.54"
"177","31.0","34.582","170.386"
"177","32.0","34.587","171.119"
"177","33.0","34.592","171.741"
"177","34.0","34.596","172.261"
"177","35.0","34.599","172.681"
"177","36.0","34.601","173.009"
"177","37.0","34.603","173.249"
"177","38.0","34.604","173.404"
"177","39.0","34.604","173.481"
"177","40.0","34.603","173.481"
"177","41.0","34.602","173.411"
"177","42.0","34.601","173.271"
"177","43.0","34.599","173.068"
"177","44.0","34.596","172.802"
"177","45.0","34.593","172.479"
"177","46.0","34.589","172.1"
"177","47.0","34.585","171.666"
"177","48.0","34.581","171.192"
"177","49.0","34.576","170.693"
"177","50.0","34.572","170.195"
"177","51.0","34.567","169.689"
"177","52.0","34.562","169.177"
"177","53.0","34.557","168.657"
"177","54.0","34.552","168.123"
"177","55.0","34.547","167.577"
"177","56.0","34.542","167.025"
"177","57.0","34.537","166.463"
"177","58.0","34.532","165.895"
"177","59.0","34.526","165.334"
"177","60.0","34.521","164.765"
"177","61.0","34.515","164.189"
"177","62.0","34.51","163.607"
"177","63.0","34.504","163.024"
"177","64.0","34.499","162.439"
"177","65.0","34.493","161.851"
"177","66.0","34.487","161.255"
"177","67.0","34.481","160.649"
"177","68.0","34.475","160.037"
"177","69.0","34.47","159.419"
"177","70.0","34.464","158.796"
"177","71.0","34.458","158.166"
"178","0.0","33.447","0.0"
"178","1.0","33.356","67.972"
"178","2.0","33.496","11.433"
"178","3.0","33.602","59.467"
"178","4.0","33.702","65.623"
"178","5.0","33.789","74.611"
"178","6.0","33.863","83.331"
"178","7.0","33.929","88.844"
"178","8.0","33.988","93.099"
"178","9.0","34.043","100.446"
"178","10.0","34.094","106.562"
"178","11.0","34.142","112.177"
"178","12.0","34.187","117.981"
"178","13.0","34.228","123.47"
"178","14.0","34.266","128.411"
"178","15.0","34.301","132.961"
"178","16.0","34.333","137.127"
"178","17.0","34.363","140.847"
"178","18.0","34.39","144.342"
"178","19.0","34.415","147.626"
"178","20.0","34.438","150.602"
"178","21.0","34.458","153.321"
"178","22.0","34.477","155.803"
"178","23.0","34.494","158.026"
"178","24.0","34.509","160.044"
"178","25.0","34.522","161.86"
"178","26.0","34.534","163.55"
"178","27.0","34.545","165.082"
"178","28.0","34.555","166.46"
"178","29.0","34.564","167.671"
"178","30.0","34.571","168.753"
"178","31.0","34.578","169.708"
"178","32.0","34.583","170.541"
"178","33.0","34.588","171.261"
"178","34.0","34.592","171.872"
"178","35.0","34.595","172.382"
"178","36.0","34.597","172.792"
"178","37.0","34.599","173.111"
"178","38.0","34.6","173.344"
"178","39.0","34.6","173.491"
"178","40.0","34.599","173.562"
"178","41.0","34.598","173.556"
"178","42.0","34.597","173.48"
"178","43.0","34.595","173.334"
"178","44.0","34.592","173.126"
"178","45.0","34.589","172.856"
"178","46.0","34.585","172.529"
"178","47.0","34.581","172.144"
"178","48.0","34.577","171.699"
"178","49.0","34.572","171.209"
"178","50.0","34.568","170.719"
"178","51.0","34.563","170.221"
"178","52.0","34.558","169.717"
"178","53.0","34.553","169.204"
"178","54.0","34.548","168.679"
"178","55.0","34.543","168.141"
"178","56.0","34.538","167.595"
"178","57.0","34.533","167.04"
"178","58.0","34.528","166.478"
"178","59.0","34.522","165.922"
"178","60.0","34.517","165.36"
"178","61.0","34.512","164.79"
"178","62.0","34.506","164.213"
"178","63.0","34.501","163.635"
"178","64.0","34.495","163.057"
"178","65.0","34.489","162.475"
"178","66.0","34.483","161.884"
"178","67.0","34.478","161.284"
"178","68.0","34.472","160.675"
"178","69.0","34.466","160.062"
"178","70.0","34.46","159.443"
"178","71.0","34.454","158.819"
"179","0.0","33.446","0.0"
"179","1.0","33.384","93.101"
"179","2.0","33.491","11.795"
"179","3.0","33.599","48.942"
"179","4.0","33.701","58.044"
"179","5.0","33.788","68.133"
"179","6.0","33.862","77.707"
"179","7.0","33.927","83.768"
"179","8.0","33.986","88.306"
"179","9.0","34.041","95.945"
"179","10.0","34.092","102.222"
"179","11.0","34.14","108.018"
"179","12.0","34.184","114.067"
"179","13.0","34.226","119.795"
"179","14.0","34.264","124.984"
"179","15.0","34.298","129.746"
"179","16.0","34.33","134.116"
"179","17.0","34.36","138.005"
"179","18.0","34.387","141.691"
"179","19.0","34.412","145.171"
"179","20.0","34.435","148.344"
"179","21.0","34.455","151.253"
"179","22.0","34.474","153.919"
"179","23.0","34.49","156.315"
"179","24.0","34.505","158.497"
"179","25.0","34.518","160.452"
"179","26.0","34.531","162.279"
"179","27.0","34.541","163.939"
"179","28.0","34.551","165.442"
"179","29.0","34.56","166.769"
"179","30.0","34.567","167.964"
"179","31.0","34.574","169.025"
"179","32.0","34.579","169.961"
"179","33.0","34.584","170.777"
"179","34.0","34.588","171.482"
"179","35.0","34.591","172.078"
"179","36.0","34.593","172.574"
"179","37.0","34.595","172.974"
"179","38.0","34.596","173.281"
"179","39.0","34.596","173.502"
"179","40.0","34.595","173.64"
"179","41.0","34.594","173.701"
"179","42.0","34.593","173.686"
"179","43.0","34.591","173.602"
"179","44.0","34.588","173.449"
"179","45.0","34.585","173.234"
"179","46.0","34.581","172.957"
"179","47.0","34.577","172.624"
"179","48.0","34.573","172.207"
"179","49.0","34.568","171.723"
"179","50.0","34.564","171.243"
"179","51.0","34.559","170.753"
"179","52.0","34.554","170.257"
"179","53.0","34.549","169.752"
"179","54.0","34.544","169.235"
"179","55.0","34.539","168.702"
"179","56.0","34.534","168.164"
"179","57.0","34.529","167.616"
"179","58.0","34.524","167.06"
"179","59.0","34.519","166.509"
"179","60.0","34.513","165.952"
"179","61.0","34.508","165.386"
"179","62.0","34.502","164.815"
"179","63.0","34.497","164.242"
"179","64.0","34.491","163.669"
"179","65.0","34.486","163.092"
"179","66.0","34.48","162.505"
"179","67.0","34.474","161.907"
"179","68.0","34.468","161.304"
"179","69.0","34.462","160.693"
"179","70.0","34.456","160.077"
"179","71.0","34.45","159.455"
"17","0.0","33.444","0.0"
"17","1.0","33.432","81.265"
"17","2.0","33.487","6.578"
"17","3.0","33.597","36.926"
"17","4.0","33.7","49.079"
"17","5.0","33.787","60.62"
"17","6.0","33.861","71.274"
"17","7.0","33.926","78.058"
"17","8.0","33.985","83.068"
"17","9.0","34.039","91.062"
"17","10.0","34.09","97.616"
"17","11.0","34.138","103.679"
"17","12.0","34.183","110.052"
"17","13.0","34.224","116.081"
"17","14.0","34.262","121.567"
"17","15.0","34.296","126.603"
"17","16.0","34.328","131.225"
"17","17.0","34.358","135.326"
"17","18.0","34.385","139.233"
"17","19.0","34.41","142.927"
"17","20.0","34.432","146.307"
"17","21.0","34.453","149.408"
"17","22.0","34.471","152.253"
"17","23.0","34.488","154.822"
"17","24.0","34.503","157.155"
"17","25.0","34.516","159.24"
"17","26.0","34.528","161.186"
"17","27.0","34.539","162.962"
"17","28.0","34.549","164.572"
"17","29.0","34.557","166.004"
"17","30.0","34.565","167.295"
"17","31.0","34.571","168.449"
"17","32.0","34.577","169.471"
"17","33.0","34.582","170.371"
"17","34.0","34.585","171.153"
"17","35.0","34.588","171.826"
"17","36.0","34.591","172.392"
"17","37.0","34.592","172.858"
"17","38.0","34.593","173.231"
"17","39.0","34.593","173.512"
"17","40.0","34.593","173.71"
"17","41.0","34.592","173.825"
"17","42.0","34.59","173.864"
"17","43.0","34.588","173.829"
"17","44.0","34.586","173.726"
"17","45.0","34.582","173.554"
"17","46.0","34.579","173.323"
"17","47.0","34.575","173.029"
"17","48.0","34.57","172.64"
"17","49.0","34.566","172.165"
"17","50.0","34.561","171.691"
"17","51.0","34.556","171.207"
"17","52.0","34.552","170.719"
"17","53.0","34.547","170.222"
"17","54.0","34.542","169.711"
"17","55.0","34.537","169.188"
"17","56.0","34.532","168.654"
"17","57.0","34.527","168.112"
"17","58.0","34.521","167.562"
"17","59.0","34.516","167.017"
"17","60.0","34.511","166.465"
"17","61.0","34.505","165.907"
"17","62.0","34.5","165.34"
"17","63.0","34.494","164.772"
"17","64.0","34.489","164.206"
"17","65.0","34.483","163.634"
"17","66.0","34.477","163.052"
"17","67.0","34.471","162.461"
"17","68.0","34.466","161.86"
"17","69.0","34.46","161.254"
"17","70.0","34.454","160.643"
"17","71.0","34.448","160.026"
"17_sec18_0","0.0","33.444","0.0"
"17_sec18_0","1.0","33.432","81.265"
"17_sec18_0","2.0","33.487","6.578"
"17_sec18_0","3.0","33.597","36.926"
"17_sec18_0","4.0","33.7","49.079"
"17_sec18_0","5.0","33.787","60.62"
"17_sec18_0","6.0","33.861","71.274"
"17_sec18_0","7.0","33.926","78.058"
"17_sec18_0","8.0","33.985","83.068"
"17_sec18_0","9.0","34.039","91.062"
"17_sec18_0","10.0","34.09","97.616"
"17_sec18_0","11.0","34.138","103.679"
"17_sec18_0","12.0","34.183","110.052"
"17_sec18_0","13.0","34.224","116.081"
"17_sec18_0","14.0","34.262","121.567"
"17_sec18_0","15.0","34.296","126.603"
"17_sec18_0","16.0","34.328","131.225"
"17_sec18_0","17.0","34.358","135.326"
"17_sec18_0","18.0","34.385","139.233"
"17_sec18_0","19.0","34.41","142.927"
"17_sec18_0","20.0","34.432","146.307"
"17_sec18_0","21.0","34.453","149.408"
"17_sec18_0","22.0","34.471","152.253"
"17_sec18_0","23.0","34.488","154.822"
"17_sec18_0","24.0","34.503","157.155"
"17_sec18_0","25.0","34.516","159.24"
"17_sec18_0","26.0","34.528","161.186"
"17_sec18_0","27.0","34.539","162.962"
"17_sec18_0","28.0","34.549","164.572"
"17_sec18_0","29.0","34.557","166.004"
"17_sec18_0","30.0","34.565","167.295"
"17_sec18_0","31.0","34.571","168.449"
"17_sec18_0","32.0","34.577","169.471"
"17_sec18_0","33.0","34.582","170.371"
"17_sec18_0","34.0","34.585","171.153"
"17_sec18_0","35.0","34.588","171.826"
"17_sec18_0","36.0","34.591","172.392"
"17_sec18_0","37.0","34.592","172.858"
"17_sec18_0","38.0","34.593","173.231"
"17_sec18_0","39.0","34.593","173.512"
"17_sec18_0","40.0","34.593","173.71"
"17_sec18_0","41.0","34.592","173.825"
"17_sec18_0","42.0","34.59","173.864"
"17_sec18_0","43.0","34.588","173.829"
"17_sec18_0","44.0","34.586","173.726"
"17_sec18_0","45.0","34.582","173.554"
"17_sec18_0","46.0","34.579","173.323"
"17_sec18_0","47.0","34.575","173.029"
"17_sec18_0","48.0","34.57","172.64"
"17_sec18_0","49.0","34.566","172.165"
"17_sec18_0","50.0","34.561","171.691"
"17_sec18_0","51.0","34.556","171.207"
"17_sec18_0","52.0","34.552","170.719"
"17_sec18_0","53.0","34.547","170.222"
"17_sec18_0","54.0","34.542","169.711"
"17_sec18_0","55.0","34.537","169.188"
"17_sec18_0","56.0","34.532","168.654"
"17_sec18_0","57.0","34.527","168.112"
"17_sec18_0","58.0","34.521","167.562"
"17_sec18_0","59.0","34.516","167.017"
"17_sec18_0","60.0","34.511","166.465"
"17_sec18_0","61.0","34.505","165.907"
"17_sec18_0","62.0","34.5","165.34"
"17_sec18_0","63.0","34.494","164.772"
"17_sec18_0","64.0","34.489","164.206"
"17_sec18_0","65.0","34.483","163.634"
"17_sec18_0","66.0","34.477","163.052"
"17_sec18_0","67.0","34.471","162.461"
"17_sec18_0","68.0","34.466","161.86"
"17_sec18_0","69.0","34.46","161.254"
"17_sec18_0","70.0","34.454","160.643"
"17_sec18_0","71.0","34.448","160.026"
"15_sec18_1","0.0","33.443","0.0"
"15_sec18_1","1.0","33.423","34.4"
"15_sec18_1","2.0","33.483","-8.303"
"15_sec18_1","3.0","33.597","24.89"
"15_sec18_1","4.0","33.699","38.417"
"15_sec18_1","5.0","33.786","51.807"
"15_sec18_1","6.0","33.86","63.548"
"15_sec18_1","7.0","33.926","71.12"
"15_sec18_1","8.0","33.984","76.755"
"15_sec18_1","9.0","34.038","85.111"
"15_sec18_1","10.0","34.089","92.015"
"15_sec18_1","11.0","34.137","98.412"
"15_sec18_1","12.0","34.182","105.167"
"15_sec18_1","13.0","34.223","111.559"
"15_sec18_1","14.0","34.26","117.405"
"15_sec18_1","15.0","34.295","122.77"
"15_sec18_1","16.0","34.327","127.687"
"15_sec18_1","17.0","34.356","132.044"
"15_sec18_1","18.0","34.384","136.218"
"15_sec18_1","19.0","34.408","140.168"
"15_sec18_1","20.0","34.431","143.798"
"15_sec18_1","21.0","34.451","147.135"
"15_sec18_1","22.0","34.47","150.2"
"15_sec18_1","23.0","34.486","152.972"
"15_sec18_1","24.0","34.501","155.494"
"15_sec18_1","25.0","34.514","157.735"
"15_sec18_1","26.0","34.526","159.832"
"15_sec18_1","27.0","34.537","161.746"
"15_sec18_1","28.0","34.547","163.493"
"15_sec18_1","29.0","34.555","165.05"
"15_sec18_1","30.0","34.563","166.463"
"15_sec18_1","31.0","34.569","167.73"
"15_sec18_1","32.0","34.575","168.862"
"15_sec18_1","33.0","34.58","169.863"
"15_sec18_1","34.0","34.583","170.745"
"15_sec18_1","35.0","34.586","171.509"
"15_sec18_1","36.0","34.589","172.165"
"15_sec18_1","37.0","34.59","172.716"
"15_sec18_1","38.0","34.591","173.167"
"15_sec18_1","39.0","34.591","173.526"
"15_sec18_1","40.0","34.591","173.794"
"15_sec18_1","41.0","34.59","173.98"
"15_sec18_1","42.0","34.588","174.083"
"15_sec18_1","43.0","34.586","174.112"
"15_sec18_1","44.0","34.584","174.066"
"15_sec18_1","45.0","34.58","173.954"
"15_sec18_1","46.0","34.577","173.775"
"15_sec18_1","47.0","34.573","173.53"
"15_sec18_1","48.0","34.568","173.177"
"15_sec18_1","49.0","34.564","172.709"
"15_sec18_1","50.0","34.559","172.246"
"15_sec18_1","51.0","34.555","171.772"
"15_sec18_1","52.0","34.55","171.293"
"15_sec18_1","53.0","34.545","170.804"
"15_sec18_1","54.0","34.54","170.303"
"15_sec18_1","55.0","34.535","169.786"
"15_sec18_1","56.0","34.53","169.262"
"15_sec18_1","57.0","34.525","168.728"
"15_sec18_1","58.0","34.519","168.185"
"15_sec18_1","59.0","34.514","167.647"
"15_sec18_1","60.0","34.509","167.101"
"15_sec18_1","61.0","34.503","166.547"
"15_sec18_1","62.0","34.498","165.989"
"15_sec18_1","63.0","34.492","165.426"
"15_sec18_1","64.0","34.487","164.869"
"15_sec18_1","65.0","34.481","164.303"
"15_sec18_1","66.0","34.475","163.728"
"15_sec18_1","67.0","34.47","163.14"
"15_sec18_1","68.0","34.464","162.547"
"15_sec18_1","69.0","34.458","161.946"
"15_sec18_1","70.0","34.452","161.341"
"15_sec18_1","71.0","34.446","160.727"
"15_sec19_0","0.0","33.443","0.0"
"15_sec19_0","1.0","33.423","235.008"
"15_sec19_0","2.0","33.483","284.52"
"15_sec19_0","3.0","33.597","281.826"
"15_sec19_0","4.0","33.699","294.787"
"15_sec19_0","5.0","33.786","314.325"
"15_sec19_0","6.0","33.86","332.585"
"15_sec19_0","7.0","33.926","348.373"
"15_sec19_0","8.0","33.984","362.616"
"15_sec19_0","9.0","34.038","376.351"
"15_sec19_0","10.0","34.089","389.381"
"15_sec19_0","11.0","34.137","401.647"
"15_sec19_0","12.0","34.182","413.416"
"15_sec19_0","13.0","34.223","424.008"
"15_sec19_0","14.0","34.26","433.667"
"15_sec19_0","15.0","34.295","442.435"
"15_sec19_0","16.0","34.327","450.461"
"15_sec19_0","17.0","34.356","457.953"
"15_sec19_0","18.0","34.384","464.725"
"15_sec19_0","19.0","34.408","470.906"
"15_sec19_0","20.0","34.431","476.483"
"15_sec19_0","21.0","34.451","481.498"
"15_sec19_0","22.0","34.47","485.982"
"15_sec19_0","23.0","34.486","489.969"
"15_sec19_0","24.0","34.501","493.599"
"15_sec19_0","25.0","34.514","496.95"
"15_sec19_0","26.0","34.526","499.988"
"15_sec19_0","27.0","34.537","502.718"
"15_sec19_0","28.0","34.547","505.148"
"15_sec19_0","29.0","34.555","507.281"
"15_sec19_0","30.0","34.563","509.142"
"15_sec19_0","31.0","34.569","510.737"
"15_sec19_0","32.0","34.575","512.082"
"15_sec19_0","33.0","34.58","513.186"
"15_sec19_0","34.0","34.583","514.063"
"15_sec19_0","35.0","34.586","514.722"
"15_sec19_0","36.0","34.589","515.174"
"15_sec19_0","37.0","34.59","515.43"
"15_sec19_0","38.0","34.591","515.498"
"15_sec19_0","39.0","34.591","515.389"
"15_sec19_0","40.0","34.591","515.108"
"15_sec19_0","41.0","34.59","514.668"
"15_sec19_0","42.0","34.588","514.073"
"15_sec19_0","43.0","34.586","513.332"
"15_sec19_0","44.0","34.584","512.451"
"15_sec19_0","45.0","34.58","511.438"
"15_sec19_0","46.0","34.577","510.298"
"15_sec19_0","47.0","34.573","509.039"
"15_sec19_0","48.0","34.568","507.708"
"15_sec19_0","49.0","34.564","506.466"
"15_sec19_0","50.0","34.559","505.219"
"15_sec19_0","51.0","34.555","503.96"
"15_sec19_0","52.0","34.55","502.683"
"15_sec19_0","53.0","34.545","501.387"
"15_sec19_0","54.0","34.54","500.071"
"15_sec19_0","55.0","34.535","498.732"
"15_sec19_0","56.0","34.53","497.379"
"15_sec19_0","57.0","34.525","496.006"
"15_sec19_0","58.0","34.519","494.615"
"15_sec19_0","59.0","34.514","493.206"
"15_sec19_0","60.0","34.509","491.78"
"15_sec19_0","61.0","34.503","490.332"
"15_sec19_0","62.0","34.498","488.872"
"15_sec19_0","63.0","34.492","487.395"
"15_sec19_0","64.0","34.487","485.925"
"15_sec19_0","65.0","34.481","484.439"
"15_sec19_0","66.0","34.475","482.935"
"15_sec19_0","67.0","34.47","481.407"
"15_sec19_0","68.0","34.464","479.867"
"15_sec19_0","69.0","34.458","478.312"
"15_sec19_0","70.0","34.452","476.741"
"15_sec19_0","71.0","34.446","475.156"
"180","0.0","33.347","0.0"
"180","1.0","33.305","231.431"
"180","2.0","33.365","261.804"
"180","3.0","33.497","267.001"
"180","4.0","33.604","280.617"
"180","5.0","33.69","302.837"
"180","6.0","33.763","322.159"
"180","7.0","33.828","338.638"
"180","8.0","33.885","353.433"
"180","9.0","33.939","367.324"
"180","10.0","33.989","380.584"
"180","11.0","34.036","393.108"
"180","12.0","34.08","405.259"
"180","13.0","34.122","416.368"
"180","14.0","34.16","426.553"
"180","15.0","34.195","435.819"
"180","16.0","34.228","444.307"
"180","17.0","34.258","452.21"
"180","18.0","34.285","459.421"
"180","19.0","34.31","466.002"
"180","20.0","34.333","472.011"
"180","21.0","34.354","477.436"
"180","22.0","34.373","482.305"
"180","23.0","34.39","486.665"
"180","24.0","34.406","490.628"
"180","25.0","34.419","494.263"
"180","26.0","34.432","497.565"
"180","27.0","34.443","500.547"
"180","28.0","34.453","503.214"
"180","29.0","34.461","505.576"
"180","30.0","34.469","507.651"
"180","31.0","34.476","509.451"
"180","32.0","34.481","510.988"
"180","33.0","34.486","512.278"
"180","34.0","34.49","513.329"
"180","35.0","34.493","514.155"
"180","36.0","34.495","514.765"
"180","37.0","34.497","515.172"
"180","38.0","34.498","515.383"
"180","39.0","34.498","515.409"
"180","40.0","34.498","515.261"
"180","41.0","34.497","514.943"
"180","42.0","34.495","514.467"
"180","43.0","34.493","513.837"
"180","44.0","34.49","513.064"
"180","45.0","34.487","512.152"
"180","46.0","34.484","511.109"
"180","47.0","34.48","509.941"
"180","48.0","34.475","508.674"
"180","49.0","34.47","507.453"
"180","50.0","34.466","506.218"
"180","51.0","34.461","504.975"
"180","52.0","34.456","503.714"
"180","53.0","34.451","502.434"
"180","54.0","34.446","501.133"
"180","55.0","34.441","499.814"
"180","56.0","34.436","498.47"
"180","57.0","34.43","497.11"
"180","58.0","34.425","495.732"
"180","59.0","34.419","494.334"
"180","60.0","34.414","492.919"
"180","61.0","34.408","491.488"
"180","62.0","34.403","490.034"
"180","63.0","34.397","488.568"
"180","64.0","34.391","487.112"
"180","65.0","34.386","485.638"
"180","66.0","34.38","484.144"
"180","67.0","34.374","482.631"
"180","68.0","34.368","481.095"
"180","69.0","34.362","479.549"
"180","70.0","34.356","477.987"
"180","71.0","34.35","476.413"
"181","0.0","33.176","0.0"
"181","1.0","33.126","222.228"
"181","2.0","33.163","246.42"
"181","3.0","33.325","256.645"
"181","4.0","33.436","271.712"
"181","5.0","33.528","295.76"
"181","6.0","33.606","315.922"
"181","7.0","33.675","333.048"
"181","8.0","33.738","348.395"
"181","9.0","33.795","362.595"
"181","10.0","33.848","376.141"
"181","11.0","33.898","388.93"
"181","12.0","33.946","401.289"
"181","13.0","33.99","412.699"
"181","14.0","34.03","423.172"
"181","15.0","34.067","432.701"
"181","16.0","34.102","441.436"
"181","17.0","34.133","449.551"
"181","18.0","34.162","456.986"
"181","19.0","34.189","463.752"
"181","20.0","34.213","469.961"
"181","21.0","34.235","475.576"
"181","22.0","34.255","480.628"
"181","23.0","34.273","485.159"
"181","24.0","34.289","489.282"
"181","25.0","34.304","493.046"
"181","26.0","34.317","496.472"
"181","27.0","34.328","499.569"
"181","28.0","34.339","502.346"
"181","29.0","34.348","504.811"
"181","30.0","34.356","506.984"
"181","31.0","34.363","508.875"
"181","32.0","34.369","510.5"
"181","33.0","34.374","511.871"
"181","34.0","34.378","513.001"
"181","35.0","34.381","513.9"
"181","36.0","34.384","514.582"
"181","37.0","34.385","515.055"
"181","38.0","34.386","515.33"
"181","39.0","34.387","515.418"
"181","40.0","34.386","515.325"
"181","41.0","34.385","515.064"
"181","42.0","34.383","514.639"
"181","43.0","34.381","514.06"
"181","44.0","34.378","513.333"
"181","45.0","34.375","512.468"
"181","46.0","34.371","511.468"
"181","47.0","34.367","510.341"
"181","48.0","34.362","509.105"
"181","49.0","34.358","507.887"
"181","50.0","34.353","506.666"
"181","51.0","34.347","505.431"
"181","52.0","34.342","504.178"
"181","53.0","34.337","502.905"
"181","54.0","34.332","501.612"
"181","55.0","34.326","500.295"
"181","56.0","34.321","498.963"
"181","57.0","34.315","497.609"
"181","58.0","34.309","496.236"
"181","59.0","34.303","494.844"
"181","60.0","34.298","493.435"
"181","61.0","34.292","492.004"
"181","62.0","34.286","490.561"
"181","63.0","34.28","489.101"
"181","64.0","34.274","487.653"
"181","65.0","34.268","486.185"
"181","66.0","34.261","484.695"
"181","67.0","34.255","483.182"
"181","68.0","34.249","481.657"
"181","69.0","34.242","480.114"
"181","70.0","34.236","478.558"
"181","71.0","34.229","476.985"
"182","0.0","33.023","0.0"
"182","1.0","33.014","215.184"
"182","2.0","33.005","229.93"
"182","3.0","33.183","243.679"
"182","4.0","33.292","259.877"
"182","5.0","33.38","285.605"
"182","6.0","33.455","306.858"
"182","7.0","33.525","324.844"
"182","8.0","33.588","340.949"
"182","9.0","33.646","355.669"
"182","10.0","33.7","369.628"
"182","11.0","33.751","382.822"
"182","12.0","33.799","395.51"
"182","13.0","33.844","407.368"
"182","14.0","33.885","418.267"
"182","15.0","33.923","428.171"
"182","16.0","33.958","437.276"
"182","17.0","33.99","445.709"
"182","18.0","34.02","453.471"
"182","19.0","34.047","460.516"
"182","20.0","34.071","467.011"
"182","21.0","34.094","472.897"
"182","22.0","34.114","478.209"
"182","23.0","34.133","483.011"
"182","24.0","34.149","487.357"
"182","25.0","34.163","491.315"
"182","26.0","34.177","494.918"
"182","27.0","34.188","498.181"
"182","28.0","34.199","501.113"
"182","29.0","34.208","503.727"
"182","30.0","34.216","506.037"
"182","31.0","34.223","508.061"
"182","32.0","34.229","509.808"
"182","33.0","34.234","511.297"
"182","34.0","34.238","512.538"
"182","35.0","34.241","513.544"
"182","36.0","34.244","514.324"
"182","37.0","34.245","514.892"
"182","38.0","34.246","515.259"
"182","39.0","34.246","515.432"
"182","40.0","34.246","515.423"
"182","41.0","34.245","515.238"
"182","42.0","34.243","514.888"
"182","43.0","34.241","514.38"
"182","44.0","34.238","513.722"
"182","45.0","34.235","512.92"
"182","46.0","34.231","511.983"
"182","47.0","34.226","510.916"
"182","48.0","34.222","509.728"
"182","49.0","34.217","508.529"
"182","50.0","34.211","507.317"
"182","51.0","34.206","506.093"
"182","52.0","34.201","504.851"
"182","53.0","34.195","503.589"
"182","54.0","34.19","502.307"
"182","55.0","34.184","501.005"
"182","56.0","34.178","499.678"
"182","57.0","34.173","498.333"
"182","58.0","34.167","496.97"
"182","59.0","34.161","495.585"
"182","60.0","34.155","494.183"
"182","61.0","34.149","492.766"
"182","62.0","34.143","491.326"
"182","63.0","34.137","489.878"
"182","64.0","34.13","488.441"
"182","65.0","34.124","486.981"
"182","66.0","34.117","485.498"
"182","67.0","34.111","483.997"
"182","68.0","34.104","482.474"
"182","69.0","34.098","480.938"
"182","70.0","34.091","479.389"
"182","71.0","34.084","477.826"
"183","0.0","32.79","0.0"
"183","1.0","32.813","224.354"
"183","2.0","32.814","211.714"
"183","3.0","32.999","233.641"
"183","4.0","33.104","253.187"
"183","5.0","33.17","279.522"
"183","6.0","33.232","301.028"
"183","7.0","33.291","319.368"
"183","8.0","33.348","335.829"
"183","9.0","33.4","350.88"
"183","10.0","33.449","365.089"
"183","11.0","33.496","378.534"
"183","12.0","33.54","391.441"
"183","13.0","33.581","403.582"
"183","14.0","33.619","414.761"
"183","15.0","33.654","424.921"
"183","16.0","33.687","434.278"
"183","17.0","33.717","442.932"
"183","18.0","33.744","450.922"
"183","19.0","33.77","458.177"
"183","20.0","33.793","464.864"
"183","21.0","33.813","470.936"
"183","22.0","33.832","476.433"
"183","23.0","33.85","481.414"
"183","24.0","33.865","485.927"
"183","25.0","33.879","490.026"
"183","26.0","33.891","493.764"
"183","27.0","33.902","497.149"
"183","28.0","33.912","500.199"
"183","29.0","33.92","502.922"
"183","30.0","33.928","505.337"
"183","31.0","33.934","507.456"
"183","32.0","33.939","509.299"
"183","33.0","33.944","510.874"
"183","34.0","33.948","512.2"
"183","35.0","33.951","513.284"
"183","36.0","33.953","514.142"
"183","37.0","33.954","514.782"
"183","38.0","33.955","515.215"
"183","39.0","33.955","515.455"
"183","40.0","33.954","515.506"
"183","41.0","33.953","515.383"
"183","42.0","33.951","515.088"
"183","43.0","33.949","514.635"
"183","44.0","33.946","514.026"
"183","45.0","33.942","513.275"
"183","46.0","33.938","512.382"
"183","47.0","33.934","511.36"
"183","48.0","33.929","510.211"
"183","49.0","33.924","509.02"
"183","50.0","33.919","507.824"
"183","51.0","33.914","506.609"
"183","52.0","33.908","505.376"
"183","53.0","33.903","504.122"
"183","54.0","33.897","502.848"
"183","55.0","33.891","501.548"
"183","56.0","33.886","500.233"
"183","57.0","33.88","498.895"
"183","58.0","33.874","497.538"
"183","59.0","33.868","496.158"
"183","60.0","33.862","494.762"
"183","61.0","33.856","493.345"
"183","62.0","33.85","491.915"
"183","63.0","33.843","490.474"
"183","64.0","33.837","489.043"
"183","65.0","33.831","487.589"
"183","66.0","33.824","486.108"
"183","67.0","33.818","484.608"
"183","68.0","33.812","483.093"
"183","69.0","33.805","481.562"
"183","70.0","33.798","480.017"
"183","71.0","33.792","478.455"
"184","0.0","32.642","0.0"
"184","1.0","32.647","237.272"
"184","2.0","32.703","206.035"
"184","3.0","32.899","226.213"
"184","4.0","32.999","249.598"
"184","5.0","33.051","276.267"
"184","6.0","33.104","297.66"
"184","7.0","33.158","316.117"
"184","8.0","33.209","332.716"
"184","9.0","33.258","347.95"
"184","10.0","33.304","362.303"
"184","11.0","33.348","375.886"
"184","12.0","33.389","388.938"
"184","13.0","33.428","401.236"
"184","14.0","33.465","412.578"
"184","15.0","33.498","422.901"
"184","16.0","33.529","432.404"
"184","17.0","33.557","441.194"
"184","18.0","33.584","449.318"
"184","19.0","33.608","456.712"
"184","20.0","33.63","463.518"
"184","21.0","33.65","469.704"
"184","22.0","33.668","475.312"
"184","23.0","33.685","480.403"
"184","24.0","33.699","485.023"
"184","25.0","33.713","489.22"
"184","26.0","33.725","493.043"
"184","27.0","33.735","496.511"
"184","28.0","33.744","499.634"
"184","29.0","33.753","502.428"
"184","30.0","33.76","504.907"
"184","31.0","33.766","507.091"
"184","32.0","33.771","508.99"
"184","33.0","33.775","510.623"
"184","34.0","33.779","512.0"
"184","35.0","33.781","513.136"
"184","36.0","33.783","514.039"
"184","37.0","33.784","514.725"
"184","38.0","33.785","515.204"
"184","39.0","33.785","515.483"
"184","40.0","33.784","515.575"
"184","41.0","33.782","515.486"
"184","42.0","33.78","515.229"
"184","43.0","33.778","514.808"
"184","44.0","33.775","514.234"
"184","45.0","33.771","513.512"
"184","46.0","33.767","512.651"
"184","47.0","33.763","511.656"
"184","48.0","33.758","510.534"
"184","49.0","33.752","509.358"
"184","50.0","33.747","508.166"
"184","51.0","33.741","506.958"
"184","52.0","33.736","505.731"
"184","53.0","33.73","504.482"
"184","54.0","33.724","503.213"
"184","55.0","33.718","501.923"
"184","56.0","33.713","500.607"
"184","57.0","33.706","499.274"
"184","58.0","33.7","497.921"
"184","59.0","33.694","496.544"
"184","60.0","33.688","495.151"
"184","61.0","33.682","493.743"
"184","62.0","33.675","492.312"
"184","63.0","33.669","490.872"
"184","64.0","33.663","489.445"
"184","65.0","33.656","487.993"
"184","66.0","33.65","486.513"
"184","67.0","33.643","485.019"
"184","68.0","33.637","483.504"
"184","69.0","33.63","481.976"
"184","70.0","33.624","480.433"
"184","71.0","33.617","478.877"
"185","0.0","32.445","0.0"
"185","1.0","32.445","239.959"
"185","2.0","32.596","185.586"
"185","3.0","32.794","213.546"
"185","4.0","32.883","244.751"
"185","5.0","32.919","271.84"
"185","6.0","32.961","292.714"
"185","7.0","33.007","311.135"
"185","8.0","33.052","327.882"
"185","9.0","33.096","343.359"
"185","10.0","33.138","357.925"
"185","11.0","33.178","371.716"
"185","12.0","33.217","384.982"
"185","13.0","33.253","397.51"
"185","14.0","33.288","409.102"
"185","15.0","33.32","419.697"
"185","16.0","33.349","429.443"
"185","17.0","33.376","438.452"
"185","18.0","33.402","446.792"
"185","19.0","33.425","454.406"
"185","20.0","33.446","461.403"
"185","21.0","33.465","467.771"
"185","22.0","33.483","473.559"
"185","23.0","33.499","478.802"
"185","24.0","33.513","483.598"
"185","25.0","33.526","487.952"
"185","26.0","33.538","491.919"
"185","27.0","33.548","495.514"
"185","28.0","33.556","498.758"
"185","29.0","33.564","501.663"
"185","30.0","33.571","504.25"
"185","31.0","33.576","506.53"
"185","32.0","33.581","508.525"
"185","33.0","33.585","510.245"
"185","34.0","33.588","511.708"
"185","35.0","33.59","512.922"
"185","36.0","33.592","513.904"
"185","37.0","33.593","514.662"
"185","38.0","33.593","515.207"
"185","39.0","33.592","515.554"
"185","40.0","33.591","515.707"
"185","41.0","33.589","515.681"
"185","42.0","33.587","515.479"
"185","43.0","33.584","515.114"
"185","44.0","33.581","514.59"
"185","45.0","33.577","513.92"
"185","46.0","33.573","513.104"
"185","47.0","33.568","512.156"
"185","48.0","33.563","511.076"
"185","49.0","33.557","509.917"
"185","50.0","33.552","508.743"
"185","51.0","33.546","507.548"
"185","52.0","33.54","506.331"
"185","53.0","33.534","505.092"
"185","54.0","33.528","503.831"
"185","55.0","33.521","502.546"
"185","56.0","33.515","501.242"
"185","57.0","33.509","499.916"
"185","58.0","33.502","498.569"
"185","59.0","33.496","497.197"
"185","60.0","33.489","495.81"
"185","61.0","33.482","494.403"
"185","62.0","33.476","492.982"
"185","63.0","33.469","491.544"
"185","64.0","33.462","490.12"
"185","65.0","33.456","488.674"
"185","66.0","33.449","487.195"
"185","67.0","33.442","485.703"
"185","68.0","33.435","484.195"
"185","69.0","33.428","482.672"
"185","70.0","33.421","481.134"
"185","71.0","33.414","479.58"
"186","0.0","32.263","0.0"
"186","1.0","32.344","206.471"
"186","2.0","32.547","140.741"
"186","3.0","32.716","197.871"
"186","4.0","32.781","241.372"
"186","5.0","32.798","268.363"
"186","6.0","32.827","288.394"
"186","7.0","32.863","306.471"
"186","8.0","32.9","323.184"
"186","9.0","32.936","338.767"
"186","10.0","32.971","353.448"
"186","11.0","33.005","367.364"
"186","12.0","33.038","380.752"
"186","13.0","33.07","393.451"
"186","14.0","33.1","405.254"
"186","15.0","33.129","416.104"
"186","16.0","33.155","426.092"
"186","17.0","33.18","435.327"
"186","18.0","33.202","443.887"
"186","19.0","33.223","451.729"
"186","20.0","33.243","458.939"
"186","21.0","33.26","465.515"
"186","22.0","33.276","471.497"
"186","23.0","33.29","476.934"
"186","24.0","33.303","481.924"
"186","25.0","33.315","486.472"
"186","26.0","33.325","490.607"
"186","27.0","33.333","494.358"
"186","28.0","33.341","497.744"
"186","29.0","33.348","500.786"
"186","30.0","33.353","503.498"
"186","31.0","33.358","505.901"
"186","32.0","33.362","508.009"
"186","33.0","33.365","509.839"
"186","34.0","33.367","511.403"
"186","35.0","33.369","512.718"
"186","36.0","33.369","513.792"
"186","37.0","33.37","514.64"
"186","38.0","33.369","515.274"
"186","39.0","33.368","515.701"
"186","40.0","33.366","515.934"
"186","41.0","33.364","515.979"
"186","42.0","33.362","515.85"
"186","43.0","33.358","515.551"
"186","44.0","33.355","515.094"
"186","45.0","33.351","514.483"
"186","46.0","33.346","513.728"
"186","47.0","33.341","512.836"
"186","48.0","33.335","511.806"
"186","49.0","33.33","510.68"
"186","50.0","33.324","509.524"
"186","51.0","33.318","508.343"
"186","52.0","33.311","507.14"
"186","53.0","33.305","505.911"
"186","54.0","33.299","504.66"
"186","55.0","33.292","503.386"
"186","56.0","33.286","502.087"
"186","57.0","33.279","500.768"
"186","58.0","33.272","499.428"
"186","59.0","33.266","498.061"
"186","60.0","33.259","496.679"
"186","61.0","33.252","495.281"
"186","62.0","33.245","493.862"
"186","63.0","33.238","492.427"
"186","64.0","33.231","491.003"
"186","65.0","33.224","489.561"
"186","66.0","33.217","488.086"
"186","67.0","33.21","486.601"
"186","68.0","33.202","485.095"
"186","69.0","33.195","483.576"
"186","70.0","33.188","482.043"
"186","71.0","33.18","480.498"
"187","0.0","32.241","0.0"
"187","1.0","32.339","189.64"
"187","2.0","32.541","120.663"
"187","3.0","32.709","187.605"
"187","4.0","32.767","240.265"
"187","5.0","32.783","266.916"
"187","6.0","32.81","286.487"
"187","7.0","32.844","304.362"
"187","8.0","32.88","321.062"
"187","9.0","32.916","336.699"
"187","10.0","32.95","351.447"
"187","11.0","32.983","365.431"
"187","12.0","33.015","378.869"
"187","13.0","33.047","391.645"
"187","14.0","33.076","403.547"
"187","15.0","33.104","414.51"
"187","16.0","33.13","424.613"
"187","17.0","33.154","433.952"
"187","18.0","33.177","442.614"
"187","19.0","33.197","450.562"
"187","20.0","33.216","457.867"
"187","21.0","33.233","464.54"
"187","22.0","33.249","470.614"
"187","23.0","33.263","476.134"
"187","24.0","33.276","481.213"
"187","25.0","33.287","485.846"
"187","26.0","33.297","490.06"
"187","27.0","33.305","493.878"
"187","28.0","33.313","497.33"
"187","29.0","33.319","500.428"
"187","30.0","33.325","503.197"
"187","31.0","33.329","505.65"
"187","32.0","33.333","507.808"
"187","33.0","33.336","509.683"
"187","34.0","33.338","511.294"
"187","35.0","33.34","512.649"
"187","36.0","33.34","513.765"
"187","37.0","33.341","514.651"
"187","38.0","33.34","515.32"
"187","39.0","33.339","515.783"
"187","40.0","33.337","516.048"
"187","41.0","33.335","516.128"
"187","42.0","33.332","516.027"
"187","43.0","33.329","515.759"
"187","44.0","33.325","515.327"
"187","45.0","33.321","514.745"
"187","46.0","33.316","514.014"
"187","47.0","33.311","513.145"
"187","48.0","33.306","512.138"
"187","49.0","33.3","511.024"
"187","50.0","33.294","509.88"
"187","51.0","33.288","508.707"
"187","52.0","33.281","507.51"
"187","53.0","33.275","506.287"
"187","54.0","33.269","505.04"
"187","55.0","33.262","503.769"
"187","56.0","33.256","502.477"
"187","57.0","33.249","501.162"
"187","58.0","33.242","499.825"
"187","59.0","33.235","498.462"
"187","60.0","33.228","497.084"
"187","61.0","33.221","495.686"
"187","62.0","33.214","494.273"
"187","63.0","33.207","492.841"
"187","64.0","33.2","491.418"
"187","65.0","33.193","489.978"
"187","66.0","33.186","488.507"
"187","67.0","33.179","487.023"
"187","68.0","33.172","485.521"
"187","69.0","33.164","484.005"
"187","70.0","33.157","482.473"
"187","71.0","33.15","480.929"
"188","0.0","32.211","0.0"
"188","1.0","32.281","206.779"
"188","2.0","32.534","102.976"
"188","3.0","32.698","171.219"
"188","4.0","32.746","238.641"
"188","5.0","32.758","264.573"
"188","6.0","32.783","283.194"
"188","7.0","32.815","300.676"
"188","8.0","32.848","317.318"
"188","9.0","32.881","333.038"
"188","10.0","32.914","347.879"
"188","11.0","32.945","361.975"
"188","12.0","32.975","375.494"
"188","13.0","33.005","388.394"
"188","14.0","33.033","400.459"
"188","15.0","33.059","411.622"
"188","16.0","33.084","421.921"
"188","17.0","33.107","431.446"
"188","18.0","33.128","440.287"
"188","19.0","33.148","448.42"
"188","20.0","33.166","455.898"
"188","21.0","33.182","462.745"
"188","22.0","33.197","468.986"
"188","23.0","33.21","474.671"
"188","24.0","33.222","479.914"
"188","25.0","33.233","484.709"
"188","26.0","33.242","489.062"
"188","27.0","33.25","493.008"
"188","28.0","33.257","496.575"
"188","29.0","33.263","499.783"
"188","30.0","33.268","502.653"
"188","31.0","33.272","505.203"
"188","32.0","33.276","507.452"
"188","33.0","33.278","509.414"
"188","34.0","33.28","511.106"
"188","35.0","33.281","512.54"
"188","36.0","33.282","513.73"
"188","37.0","33.282","514.687"
"188","38.0","33.281","515.426"
"188","39.0","33.28","515.953"
"188","40.0","33.278","516.28"
"188","41.0","33.276","516.418"
"188","42.0","33.273","516.375"
"188","43.0","33.269","516.16"
"188","44.0","33.265","515.782"
"188","45.0","33.261","515.248"
"188","46.0","33.257","514.565"
"188","47.0","33.251","513.742"
"188","48.0","33.246","512.777"
"188","49.0","33.24","511.691"
"188","50.0","33.234","510.566"
"188","51.0","33.228","509.407"
"188","52.0","33.222","508.222"
"188","53.0","33.215","507.008"
"188","54.0","33.209","505.771"
"188","55.0","33.202","504.508"
"188","56.0","33.196","503.222"
"188","57.0","33.189","501.915"
"188","58.0","33.182","500.585"
"188","59.0","33.176","499.228"
"188","60.0","33.169","497.855"
"188","61.0","33.162","496.464"
"188","62.0","33.155","495.055"
"188","63.0","33.148","493.629"
"188","64.0","33.141","492.206"
"188","65.0","33.134","490.769"
"188","66.0","33.127","489.304"
"188","67.0","33.119","487.825"
"188","68.0","33.112","486.327"
"188","69.0","33.105","484.816"
"188","70.0","33.098","483.289"
"188","71.0","33.09","481.749"
"189","0.0","32.089","0.0"
"189","1.0","32.083","269.266"
"189","2.0","32.509","88.169"
"189","3.0","32.658","163.993"
"189","4.0","32.676","238.097"
"189","5.0","32.676","263.113"
"189","6.0","32.691","280.531"
"189","7.0","32.714","297.558"
"189","8.0","32.74","314.11"
"189","9.0","32.765","329.882"
"189","10.0","32.79","344.792"
"189","11.0","32.815","358.973"
"189","12.0","32.839","372.555"
"189","13.0","32.863","385.547"
"189","14.0","32.885","397.745"
"189","15.0","32.907","409.074"
"189","16.0","32.927","419.541"
"189","17.0","32.946","429.23"
"189","18.0","32.963","438.226"
"189","19.0","32.98","446.526"
"189","20.0","32.994","454.158"
"189","21.0","33.008","461.161"
"189","22.0","33.02","467.551"
"189","23.0","33.031","473.372"
"189","24.0","33.041","478.78"
"189","25.0","33.05","483.726"
"189","26.0","33.057","488.211"
"189","27.0","33.063","492.274"
"189","28.0","33.068","495.947"
"189","29.0","33.072","499.255"
"189","30.0","33.076","502.218"
"189","31.0","33.079","504.856"
"189","32.0","33.081","507.187"
"189","33.0","33.082","509.229"
"189","34.0","33.083","510.996"
"189","35.0","33.083","512.501"
"189","36.0","33.083","513.76"
"189","37.0","33.082","514.782"
"189","38.0","33.08","515.583"
"189","39.0","33.078","516.17"
"189","40.0","33.076","516.554"
"189","41.0","33.073","516.747"
"189","42.0","33.069","516.756"
"189","43.0","33.065","516.592"
"189","44.0","33.061","516.26"
"189","45.0","33.056","515.773"
"189","46.0","33.051","515.133"
"189","47.0","33.046","514.35"
"189","48.0","33.04","513.421"
"189","49.0","33.034","512.362"
"189","50.0","33.028","511.255"
"189","51.0","33.021","510.11"
"189","52.0","33.015","508.936"
"189","53.0","33.008","507.732"
"189","54.0","33.001","506.504"
"189","55.0","32.995","505.249"
"189","56.0","32.988","503.971"
"189","57.0","32.981","502.67"
"189","58.0","32.974","501.346"
"189","59.0","32.967","499.996"
"189","60.0","32.96","498.628"
"189","61.0","32.953","497.242"
"189","62.0","32.946","495.838"
"189","63.0","32.939","494.417"
"189","64.0","32.931","492.994"
"189","65.0","32.924","491.561"
"189","66.0","32.917","490.101"
"189","67.0","32.909","488.626"
"189","68.0","32.902","487.133"
"189","69.0","32.895","485.626"
"189","70.0","32.887","484.103"
"189","71.0","32.88","482.57"
"190","0.0","32.058","0.0"
"190","1.0","32.067","292.341"
"190","2.0","32.501","77.282"
"190","3.0","32.645","163.608"
"190","4.0","32.66","238.487"
"190","5.0","32.657","262.722"
"190","6.0","32.671","279.306"
"190","7.0","32.692","296.028"
"190","8.0","32.715","312.507"
"190","9.0","32.739","328.293"
"190","10.0","32.763","343.227"
"190","11.0","32.786","357.445"
"190","12.0","32.809","371.057"
"190","13.0","32.831","384.086"
"190","14.0","32.852","396.343"
"190","15.0","32.873","407.754"
"190","16.0","32.892","418.302"
"190","17.0","32.91","428.077"
"190","18.0","32.927","437.151"
"190","19.0","32.942","445.535"
"190","20.0","32.956","453.25"
"190","21.0","32.969","460.333"
"190","22.0","32.981","466.8"
"190","23.0","32.991","472.697"
"190","24.0","33.001","478.203"
"190","25.0","33.009","483.233"
"190","26.0","33.015","487.788"
"190","27.0","33.021","491.916"
"190","28.0","33.026","495.646"
"190","29.0","33.03","499.008"
"190","30.0","33.033","502.02"
"190","31.0","33.036","504.707"
"190","32.0","33.037","507.083"
"190","33.0","33.039","509.168"
"190","34.0","33.039","510.974"
"190","35.0","33.039","512.519"
"190","36.0","33.038","513.814"
"190","37.0","33.037","514.873"
"190","38.0","33.035","515.708"
"190","39.0","33.033","516.327"
"190","40.0","33.03","516.743"
"190","41.0","33.027","516.965"
"190","42.0","33.023","517.003"
"190","43.0","33.019","516.865"
"190","44.0","33.015","516.561"
"190","45.0","33.01","516.097"
"190","46.0","33.005","515.483"
"190","47.0","32.999","514.728"
"190","48.0","32.993","513.815"
"190","49.0","32.987","512.771"
"190","50.0","32.981","511.677"
"190","51.0","32.974","510.539"
"190","52.0","32.968","509.372"
"190","53.0","32.961","508.173"
"190","54.0","32.954","506.95"
"190","55.0","32.947","505.699"
"190","56.0","32.94","504.425"
"190","57.0","32.933","503.128"
"190","58.0","32.926","501.807"
"190","59.0","32.919","500.46"
"190","60.0","32.912","499.096"
"190","61.0","32.905","497.712"
"190","62.0","32.897","496.311"
"190","63.0","32.89","494.893"
"190","64.0","32.883","493.47"
"190","65.0","32.875","492.038"
"190","66.0","32.868","490.582"
"190","67.0","32.861","489.108"
"190","68.0","32.853","487.618"
"190","69.0","32.846","486.113"
"190","70.0","32.838","484.592"
"190","71.0","32.83","483.062"
"191","0.0","31.985","0.0"
"191","1.0","32.08","194.742"
"191","2.0","32.494","31.645"
"191","3.0","32.619","160.106"
"191","4.0","32.619","241.296"
"191","5.0","32.61","262.183"
"191","6.0","32.619","276.268"
"191","7.0","32.635","292.095"
"191","8.0","32.654","308.328"
"191","9.0","32.673","324.112"
"191","10.0","32.692","339.1"
"191","11.0","32.711","353.4"
"191","12.0","32.729","367.075"
"191","13.0","32.747","380.184"
"191","14.0","32.765","392.588"
"191","15.0","32.782","404.205"
"191","16.0","32.798","414.972"
"191","17.0","32.813","424.97"
"191","18.0","32.827","434.256"
"191","19.0","32.84","442.87"
"191","20.0","32.851","450.804"
"191","21.0","32.862","458.106"
"191","22.0","32.872","464.786"
"191","23.0","32.881","470.885"
"191","24.0","32.888","476.677"
"191","25.0","32.894","481.948"
"191","26.0","32.9","486.703"
"191","27.0","32.904","491.014"
"191","28.0","32.907","494.905"
"191","29.0","32.91","498.421"
"191","30.0","32.912","501.573"
"191","31.0","32.913","504.396"
"191","32.0","32.914","506.896"
"191","33.0","32.914","509.106"
"191","34.0","32.914","511.024"
"191","35.0","32.913","512.682"
"191","36.0","32.912","514.079"
"191","37.0","32.91","515.241"
"191","38.0","32.907","516.174"
"191","39.0","32.904","516.883"
"191","40.0","32.901","517.39"
"191","41.0","32.897","517.695"
"191","42.0","32.893","517.817"
"191","43.0","32.888","517.755"
"191","44.0","32.883","517.529"
"191","45.0","32.878","517.135"
"191","46.0","32.873","516.593"
"191","47.0","32.867","515.901"
"191","48.0","32.86","515.034"
"191","49.0","32.854","514.034"
"191","50.0","32.847","512.972"
"191","51.0","32.841","511.858"
"191","52.0","32.834","510.708"
"191","53.0","32.827","509.525"
"191","54.0","32.82","508.316"
"191","55.0","32.813","507.077"
"191","56.0","32.806","505.816"
"191","57.0","32.798","504.529"
"191","58.0","32.791","503.217"
"191","59.0","32.784","501.881"
"191","60.0","32.776","500.524"
"191","61.0","32.769","499.148"
"191","62.0","32.762","497.758"
"191","63.0","32.754","496.346"
"191","64.0","32.747","494.924"
"191","65.0","32.739","493.496"
"191","66.0","32.732","492.046"
"191","67.0","32.724","490.579"
"191","68.0","32.716","489.097"
"191","69.0","32.709","487.598"
"191","70.0","32.701","486.081"
"191","71.0","32.693","484.57"
"192","0.0","31.895","0.0"
"192","1.0","32.153","95.837"
"192","2.0","32.485","-9.646"
"192","3.0","32.59","154.447"
"192","4.0","32.567","244.182"
"192","5.0","32.553","262.213"
"192","6.0","32.556","275.011"
"192","7.0","32.566","290.407"
"192","8.0","32.578","306.49"
"192","9.0","32.591","322.247"
"192","10.0","32.603","337.243"
"192","11.0","32.616","351.567"
"192","12.0","32.628","365.259"
"192","13.0","32.641","378.389"
"192","14.0","32.653","390.846"
"192","15.0","32.665","402.549"
"192","16.0","32.676","413.411"
"192","17.0","32.687","423.515"
"192","18.0","32.696","432.898"
"192","19.0","32.705","441.62"
"192","20.0","32.714","449.661"
"192","21.0","32.721","457.067"
"192","22.0","32.728","463.852"
"192","23.0","32.734","470.071"
"192","24.0","32.738","476.024"
"192","25.0","32.742","481.42"
"192","26.0","32.745","486.28"
"192","27.0","32.747","490.686"
"192","28.0","32.748","494.661"
"192","29.0","32.748","498.257"
"192","30.0","32.749","501.482"
"192","31.0","32.748","504.376"
"192","32.0","32.747","506.942"
"192","33.0","32.746","509.215"
"192","34.0","32.744","511.193"
"192","35.0","32.741","512.909"
"192","36.0","32.739","514.361"
"192","37.0","32.735","515.577"
"192","38.0","32.732","516.561"
"192","39.0","32.728","517.319"
"192","40.0","32.724","517.873"
"192","41.0","32.719","518.222"
"192","42.0","32.714","518.388"
"192","43.0","32.708","518.367"
"192","44.0","32.703","518.181"
"192","45.0","32.697","517.825"
"192","46.0","32.69","517.321"
"192","47.0","32.684","516.667"
"192","48.0","32.677","515.82"
"192","49.0","32.67","514.842"
"192","50.0","32.663","513.799"
"192","51.0","32.656","512.698"
"192","52.0","32.649","511.558"
"192","53.0","32.641","510.383"
"192","54.0","32.634","509.181"
"192","55.0","32.627","507.948"
"192","56.0","32.619","506.694"
"192","57.0","32.611","505.412"
"192","58.0","32.604","504.104"
"192","59.0","32.596","502.774"
"192","60.0","32.588","501.42"
"192","61.0","32.581","500.047"
"192","62.0","32.573","498.662"
"192","63.0","32.565","497.253"
"192","64.0","32.557","495.832"
"192","65.0","32.549","494.405"
"192","66.0","32.541","492.958"
"192","67.0","32.534","491.492"
"192","68.0","32.526","490.016"
"192","69.0","32.518","488.518"
"192","70.0","32.51","487.004"
"192","71.0","32.502","485.494"
"193","0.0","31.88","0.0"
"193","1.0","32.182","20.118"
"193","2.0","32.477","-39.665"
"193","3.0","32.582","146.58"
"193","4.0","32.558","246.977"
"193","5.0","32.544","262.328"
"193","6.0","32.546","274.247"
"193","7.0","32.555","289.332"
"193","8.0","32.566","305.299"
"193","9.0","32.577","321.026"
"193","10.0","32.589","336.02"
"193","11.0","32.601","350.352"
"193","12.0","32.612","364.051"
"193","13.0","32.624","377.187"
"193","14.0","32.635","389.676"
"193","15.0","32.646","401.433"
"193","16.0","32.657","412.359"
"193","17.0","32.666","422.535"
"193","18.0","32.676","431.988"
"193","19.0","32.684","440.785"
"193","20.0","32.692","448.901"
"193","21.0","32.698","456.382"
"193","22.0","32.705","463.244"
"193","23.0","32.71","469.559"
"193","24.0","32.714","475.636"
"193","25.0","32.717","481.129"
"193","26.0","32.72","486.068"
"193","27.0","32.721","490.547"
"193","28.0","32.722","494.583"
"193","29.0","32.722","498.24"
"193","30.0","32.722","501.518"
"193","31.0","32.721","504.466"
"193","32.0","32.72","507.079"
"193","33.0","32.718","509.402"
"193","34.0","32.716","511.423"
"193","35.0","32.714","513.184"
"193","36.0","32.711","514.676"
"193","37.0","32.707","515.933"
"193","38.0","32.703","516.958"
"193","39.0","32.699","517.749"
"193","40.0","32.695","518.342"
"193","41.0","32.69","518.723"
"193","42.0","32.684","518.924"
"193","43.0","32.679","518.933"
"193","44.0","32.673","518.779"
"193","45.0","32.667","518.451"
"193","46.0","32.661","517.977"
"193","47.0","32.654","517.342"
"193","48.0","32.647","516.507"
"193","49.0","32.64","515.548"
"193","50.0","32.633","514.52"
"193","51.0","32.626","513.429"
"193","52.0","32.618","512.296"
"193","53.0","32.611","511.128"
"193","54.0","32.603","509.932"
"193","55.0","32.596","508.704"
"193","56.0","32.588","507.456"
"193","57.0","32.58","506.177"
"193","58.0","32.573","504.874"
"193","59.0","32.565","503.546"
"193","60.0","32.557","502.197"
"193","61.0","32.549","500.827"
"193","62.0","32.541","499.446"
"193","63.0","32.534","498.039"
"193","64.0","32.526","496.618"
"193","65.0","32.518","495.193"
"193","66.0","32.51","493.748"
"193","67.0","32.502","492.285"
"193","68.0","32.494","490.811"
"193","69.0","32.486","489.315"
"193","70.0","32.478","487.803"
"193","71.0","32.47","486.295"
"194","0.0","31.859","0.0"
"194","1.0","32.158","-238.249"
"194","2.0","32.47","-64.218"
"194","3.0","32.573","130.106"
"194","4.0","32.542","253.492"
"194","5.0","32.528","262.902"
"194","6.0","32.529","272.642"
"194","7.0","32.536","286.848"
"194","8.0","32.545","302.523"
"194","9.0","32.554","318.155"
"194","10.0","32.564","333.142"
"194","11.0","32.574","347.488"
"194","12.0","32.584","361.19"
"194","13.0","32.594","374.334"
"194","14.0","32.603","386.895"
"194","15.0","32.613","398.771"
"194","16.0","32.621","409.856"
"194","17.0","32.63","420.202"
"194","18.0","32.637","429.825"
"194","19.0","32.644","438.805"
"194","20.0","32.651","447.104"
"194","21.0","32.657","454.766"
"194","22.0","32.662","461.821"
"194","23.0","32.666","468.407"
"194","24.0","32.669","474.804"
"194","25.0","32.671","480.532"
"194","26.0","32.673","485.673"
"194","27.0","32.673","490.327"
"194","28.0","32.674","494.524"
"194","29.0","32.673","498.327"
"194","30.0","32.672","501.744"
"194","31.0","32.671","504.821"
"194","32.0","32.669","507.56"
"194","33.0","32.667","509.999"
"194","34.0","32.664","512.134"
"194","35.0","32.661","514.002"
"194","36.0","32.657","515.599"
"194","37.0","32.654","516.96"
"194","38.0","32.649","518.078"
"194","39.0","32.645","518.964"
"194","40.0","32.64","519.645"
"194","41.0","32.635","520.113"
"194","42.0","32.629","520.396"
"194","43.0","32.624","520.486"
"194","44.0","32.618","520.409"
"194","45.0","32.611","520.155"
"194","46.0","32.605","519.753"
"194","47.0","32.598","519.18"
"194","48.0","32.591","518.375"
"194","49.0","32.584","517.462"
"194","50.0","32.577","516.473"
"194","51.0","32.569","515.408"
"194","52.0","32.562","514.296"
"194","53.0","32.554","513.145"
"194","54.0","32.547","511.961"
"194","55.0","32.539","510.748"
"194","56.0","32.531","509.514"
"194","57.0","32.524","508.244"
"194","58.0","32.516","506.95"
"194","59.0","32.508","505.632"
"194","60.0","32.5","504.29"
"194","61.0","32.492","502.929"
"194","62.0","32.484","501.559"
"194","63.0","32.476","500.156"
"194","64.0","32.469","498.738"
"194","65.0","32.461","497.314"
"194","66.0","32.453","495.874"
"194","67.0","32.445","494.416"
"194","68.0","32.437","492.952"
"194","69.0","32.429","491.459"
"194","70.0","32.42","489.951"
"194","71.0","32.412","488.43"
"195","0.0","31.83","0.0"
"195","1.0","32.184","-308.072"
"195","2.0","32.458","-69.617"
"195","3.0","32.56","131.847"
"195","4.0","32.524","256.852"
"195","5.0","32.509","263.618"
"195","6.0","32.508","272.24"
"195","7.0","32.513","286.017"
"195","8.0","32.519","301.56"
"195","9.0","32.526","317.149"
"195","10.0","32.534","332.128"
"195","11.0","32.541","346.477"
"195","12.0","32.549","360.178"
"195","13.0","32.556","373.32"
"195","14.0","32.564","385.903"
"195","15.0","32.571","397.822"
"195","16.0","32.578","408.965"
"195","17.0","32.584","419.377"
"195","18.0","32.59","429.065"
"195","19.0","32.595","438.112"
"195","20.0","32.6","446.484"
"195","21.0","32.605","454.214"
"195","22.0","32.608","461.344"
"195","23.0","32.611","468.058"
"195","24.0","32.613","474.577"
"195","25.0","32.614","480.402"
"195","26.0","32.614","485.621"
"195","27.0","32.614","490.347"
"195","28.0","32.613","494.604"
"195","29.0","32.611","498.467"
"195","30.0","32.609","501.936"
"195","31.0","32.607","505.067"
"195","32.0","32.604","507.852"
"195","33.0","32.601","510.341"
"195","34.0","32.598","512.517"
"195","35.0","32.594","514.432"
"195","36.0","32.59","516.067"
"195","37.0","32.586","517.469"
"195","38.0","32.581","518.628"
"195","39.0","32.576","519.548"
"195","40.0","32.571","520.268"
"195","41.0","32.565","520.767"
"195","42.0","32.559","521.086"
"195","43.0","32.553","521.205"
"195","44.0","32.546","521.161"
"195","45.0","32.54","520.935"
"195","46.0","32.533","520.565"
"195","47.0","32.526","520.0"
"195","48.0","32.519","519.209"
"195","49.0","32.511","518.314"
"195","50.0","32.504","517.339"
"195","51.0","32.496","516.285"
"195","52.0","32.489","515.182"
"195","53.0","32.481","514.038"
"195","54.0","32.473","512.86"
"195","55.0","32.465","511.652"
"195","56.0","32.458","510.423"
"195","57.0","32.45","509.156"
"195","58.0","32.442","507.866"
"195","59.0","32.434","506.552"
"195","60.0","32.426","505.214"
"195","61.0","32.418","503.857"
"195","62.0","32.41","502.49"
"195","63.0","32.402","501.089"
"195","64.0","32.394","499.672"
"195","65.0","32.386","498.248"
"195","66.0","32.378","496.811"
"195","67.0","32.37","495.355"
"195","68.0","32.362","493.894"
"195","69.0","32.353","492.403"
"195","70.0","32.345","490.896"
"195","71.0","32.337","489.369"
"196","0.0","31.818","0.0"
"196","1.0","32.227","-279.087"
"196","2.0","32.449","-78.99"
"196","3.0","32.548","143.086"
"196","4.0","32.514","261.997"
"196","5.0","32.5","264.943"
"196","6.0","32.498","272.034"
"196","7.0","32.502","285.268"
"196","8.0","32.508","300.661"
"196","9.0","32.514","316.19"
"196","10.0","32.52","331.163"
"196","11.0","32.526","345.509"
"196","12.0","32.533","359.2"
"196","13.0","32.539","372.337"
"196","14.0","32.546","384.944"
"196","15.0","32.552","396.9"
"196","16.0","32.558","408.106"
"196","17.0","32.563","418.58"
"196","18.0","32.568","428.338"
"196","19.0","32.573","437.458"
"196","20.0","32.577","445.9"
"196","21.0","32.58","453.702"
"196","22.0","32.583","460.914"
"196","23.0","32.586","467.783"
"196","24.0","32.587","474.444"
"196","25.0","32.587","480.367"
"196","26.0","32.587","485.676"
"196","27.0","32.586","490.473"
"196","28.0","32.584","494.802"
"196","29.0","32.582","498.723"
"196","30.0","32.58","502.254"
"196","31.0","32.577","505.436"
"196","32.0","32.574","508.278"
"196","33.0","32.571","510.813"
"196","34.0","32.567","513.041"
"196","35.0","32.563","514.998"
"196","36.0","32.559","516.682"
"196","37.0","32.554","518.129"
"196","38.0","32.549","519.325"
"196","39.0","32.544","520.288"
"196","40.0","32.538","521.042"
"196","41.0","32.532","521.583"
"196","42.0","32.526","521.934"
"196","43.0","32.52","522.092"
"196","44.0","32.513","522.078"
"196","45.0","32.507","521.888"
"196","46.0","32.5","521.546"
"196","47.0","32.492","521.004"
"196","48.0","32.485","520.224"
"196","49.0","32.478","519.35"
"196","50.0","32.47","518.391"
"196","51.0","32.463","517.35"
"196","52.0","32.455","516.256"
"196","53.0","32.447","515.12"
"196","54.0","32.44","513.947"
"196","55.0","32.432","512.747"
"196","56.0","32.424","511.522"
"196","57.0","32.416","510.258"
"196","58.0","32.408","508.973"
"196","59.0","32.4","507.662"
"196","60.0","32.392","506.327"
"196","61.0","32.384","504.974"
"196","62.0","32.376","503.61"
"196","63.0","32.368","502.211"
"196","64.0","32.36","500.796"
"196","65.0","32.352","499.372"
"196","66.0","32.344","497.935"
"196","67.0","32.336","496.484"
"196","68.0","32.328","495.025"
"196","69.0","32.32","493.535"
"196","70.0","32.311","492.03"
"196","71.0","32.303","490.48"
"197","0.0","31.802","0.0"
"197","1.0","32.243","-301.368"
"197","2.0","32.442","-96.611"
"197","3.0","32.526","156.501"
"197","4.0","32.499","267.031"
"197","5.0","32.486","266.426"
"197","6.0","32.483","271.936"
"197","7.0","32.485","284.681"
"197","8.0","32.489","299.923"
"197","9.0","32.494","315.388"
"197","10.0","32.498","330.349"
"197","11.0","32.503","344.691"
"197","12.0","32.507","358.373"
"197","13.0","32.512","371.504"
"197","14.0","32.517","384.127"
"197","15.0","32.521","396.117"
"197","16.0","32.526","407.38"
"197","17.0","32.53","417.915"
"197","18.0","32.533","427.739"
"197","19.0","32.536","436.925"
"197","20.0","32.539","445.436"
"197","21.0","32.541","453.308"
"197","22.0","32.543","460.597"
"197","23.0","32.544","467.649"
"197","24.0","32.544","474.435"
"197","25.0","32.543","480.457"
"197","26.0","32.542","485.849"
"197","27.0","32.54","490.72"
"197","28.0","32.538","495.112"
"197","29.0","32.535","499.094"
"197","30.0","32.532","502.68"
"197","31.0","32.529","505.917"
"197","32.0","32.525","508.808"
"197","33.0","32.521","511.392"
"197","34.0","32.517","513.665"
"197","35.0","32.512","515.668"
"197","36.0","32.507","517.393"
"197","37.0","32.502","518.883"
"197","38.0","32.497","520.12"
"197","39.0","32.491","521.12"
"197","40.0","32.485","521.913"
"197","41.0","32.479","522.488"
"197","42.0","32.473","522.876"
"197","43.0","32.466","523.065"
"197","44.0","32.46","523.085"
"197","45.0","32.453","522.925"
"197","46.0","32.445","522.615"
"197","47.0","32.438","522.07"
"197","48.0","32.431","521.302"
"197","49.0","32.423","520.45"
"197","50.0","32.416","519.506"
"197","51.0","32.408","518.476"
"197","52.0","32.401","517.391"
"197","53.0","32.393","516.262"
"197","54.0","32.385","515.095"
"197","55.0","32.377","513.902"
"197","56.0","32.369","512.681"
"197","57.0","32.362","511.419"
"197","58.0","32.354","510.137"
"197","59.0","32.346","508.83"
"197","60.0","32.338","507.497"
"197","61.0","32.33","506.15"
"197","62.0","32.322","504.788"
"197","63.0","32.314","503.391"
"197","64.0","32.306","501.976"
"197","65.0","32.298","500.552"
"197","66.0","32.29","499.116"
"197","67.0","32.282","497.669"
"197","68.0","32.274","496.212"
"197","69.0","32.266","494.722"
"197","70.0","32.258","493.218"
"197","71.0","32.25","491.646"
"198","0.0","31.785","0.0"
"198","1.0","32.302","-315.05"
"198","2.0","32.435","-120.734"
"198","3.0","32.506","160.443"
"198","4.0","32.484","268.559"
"198","5.0","32.473","267.124"
"198","6.0","32.469","271.933"
"198","7.0","32.47","284.465"
"198","8.0","32.472","299.64"
"198","9.0","32.474","315.065"
"198","10.0","32.477","330.024"
"198","11.0","32.48","344.361"
"198","12.0","32.483","358.032"
"198","13.0","32.486","371.159"
"198","14.0","32.489","383.792"
"198","15.0","32.492","395.793"
"198","16.0","32.495","407.087"
"198","17.0","32.497","417.649"
"198","18.0","32.499","427.508"
"198","19.0","32.501","436.728"
"198","20.0","32.502","445.271"
"198","21.0","32.503","453.177"
"198","22.0","32.504","460.507"
"198","23.0","32.504","467.674"
"198","24.0","32.503","474.526"
"198","25.0","32.501","480.593"
"198","26.0","32.498","486.034"
"198","27.0","32.495","490.935"
"198","28.0","32.492","495.368"
"198","29.0","32.489","499.373"
"198","30.0","32.485","502.994"
"198","31.0","32.481","506.252"
"198","32.0","32.477","509.174"
"198","33.0","32.472","511.777"
"198","34.0","32.467","514.08"
"198","35.0","32.462","516.099"
"198","36.0","32.457","517.852"
"198","37.0","32.451","519.363"
"198","38.0","32.445","520.615"
"198","39.0","32.439","521.64"
"198","40.0","32.433","522.446"
"198","41.0","32.426","523.045"
"198","42.0","32.42","523.444"
"198","43.0","32.413","523.656"
"198","44.0","32.406","523.687"
"198","45.0","32.399","523.548"
"198","46.0","32.391","523.249"
"198","47.0","32.384","522.709"
"198","48.0","32.377","521.948"
"198","49.0","32.369","521.106"
"198","50.0","32.361","520.169"
"198","51.0","32.354","519.145"
"198","52.0","32.346","518.064"
"198","53.0","32.338","516.938"
"198","54.0","32.33","515.774"
"198","55.0","32.323","514.584"
"198","56.0","32.315","513.363"
"198","57.0","32.307","512.102"
"198","58.0","32.299","510.82"
"198","59.0","32.291","509.514"
"198","60.0","32.283","508.182"
"198","61.0","32.275","506.838"
"198","62.0","32.267","505.476"
"198","63.0","32.259","504.078"
"198","64.0","32.251","502.663"
"198","65.0","32.243","501.239"
"198","66.0","32.235","499.802"
"198","67.0","32.227","498.356"
"198","68.0","32.219","496.899"
"198","69.0","32.211","495.408"
"198","70.0","32.203","493.904"
"198","71.0","32.195","492.308"
"199","0.0","31.77","0.0"
"199","1.0","32.332","-269.311"
"199","2.0","32.427","-160.797"
"199","3.0","32.492","156.376"
"199","4.0","32.473","268.445"
"199","5.0","32.462","267.74"
"199","6.0","32.457","272.022"
"199","7.0","32.457","284.342"
"199","8.0","32.457","299.436"
"199","9.0","32.458","314.815"
"199","10.0","32.46","329.765"
"199","11.0","32.461","344.096"
"199","12.0","32.463","357.758"
"199","13.0","32.465","370.876"
"199","14.0","32.466","383.515"
"199","15.0","32.468","395.531"
"199","16.0","32.469","406.858"
"199","17.0","32.47","417.453"
"199","18.0","32.471","427.351"
"199","19.0","32.472","436.608"
"199","20.0","32.472","445.191"
"199","21.0","32.472","453.138"
"199","22.0","32.472","460.515"
"199","23.0","32.471","467.853"
"199","24.0","32.468","474.779"
"199","25.0","32.465","480.907"
"199","26.0","32.462","486.398"
"199","27.0","32.459","491.344"
"199","28.0","32.455","495.816"
"199","29.0","32.451","499.858"
"199","30.0","32.446","503.512"
"199","31.0","32.441","506.802"
"199","32.0","32.436","509.755"
"199","33.0","32.431","512.387"
"199","34.0","32.426","514.717"
"199","35.0","32.42","516.764"
"199","36.0","32.414","518.542"
"199","37.0","32.408","520.079"
"199","38.0","32.402","521.356"
"199","39.0","32.396","522.404"
"199","40.0","32.389","523.234"
"199","41.0","32.382","523.853"
"199","42.0","32.375","524.276"
"199","43.0","32.368","524.507"
"199","44.0","32.361","524.559"
"199","45.0","32.354","524.439"
"199","46.0","32.346","524.16"
"199","47.0","32.339","523.601"
"199","48.0","32.331","522.848"
"199","49.0","32.323","522.021"
"199","50.0","32.316","521.091"
"199","51.0","32.308","520.074"
"199","52.0","32.3","518.999"
"199","53.0","32.292","517.877"
"199","54.0","32.284","516.716"
"199","55.0","32.276","515.533"
"199","56.0","32.268","514.312"
"199","57.0","32.26","513.052"
"199","58.0","32.253","511.771"
"199","59.0","32.245","510.466"
"199","60.0","32.237","509.136"
"199","61.0","32.229","507.798"
"199","62.0","32.221","506.434"
"199","63.0","32.212","505.037"
"199","64.0","32.204","503.622"
"199","65.0","32.196","502.197"
"199","66.0","32.188","500.76"
"199","67.0","32.18","499.319"
"199","68.0","32.172","497.858"
"199","69.0","32.164","496.368"
"199","70.0","32.156","494.864"
"199","71.0","32.148","493.237"
"200","0.0","31.754","0.0"
"200","1.0","32.288","-331.032"
"200","2.0","32.423","-197.605"
"200","3.0","32.479","147.333"
"200","4.0","32.462","267.197"
"200","5.0","32.451","268.299"
"200","6.0","32.446","272.287"
"200","7.0","32.444","284.381"
"200","8.0","32.443","299.392"
"200","9.0","32.443","314.72"
"200","10.0","32.443","329.666"
"200","11.0","32.443","343.987"
"200","12.0","32.443","357.632"
"200","13.0","32.443","370.739"
"200","14.0","32.443","383.389"
"200","15.0","32.443","395.408"
"200","16.0","32.443","406.774"
"200","17.0","32.443","417.393"
"200","18.0","32.443","427.335"
"200","19.0","32.442","436.63"
"200","20.0","32.441","445.244"
"200","21.0","32.44","453.23"
"200","22.0","32.439","460.659"
"200","23.0","32.437","468.198"
"200","24.0","32.433","475.209"
"200","25.0","32.43","481.388"
"200","26.0","32.425","486.94"
"200","27.0","32.421","491.92"
"200","28.0","32.416","496.44"
"200","29.0","32.411","500.508"
"200","30.0","32.406","504.205"
"200","31.0","32.401","507.517"
"200","32.0","32.395","510.509"
"200","33.0","32.389","513.16"
"200","34.0","32.383","515.527"
"200","35.0","32.377","517.592"
"200","36.0","32.371","519.405"
"200","37.0","32.364","520.968"
"200","38.0","32.357","522.259"
"200","39.0","32.351","523.339"
"200","40.0","32.344","524.183"
"200","41.0","32.337","524.834"
"200","42.0","32.329","525.268"
"200","43.0","32.322","525.529"
"200","44.0","32.314","525.592"
"200","45.0","32.307","525.501"
"200","46.0","32.299","525.233"
"200","47.0","32.291","524.661"
"200","48.0","32.283","523.915"
"200","49.0","32.275","523.101"
"200","50.0","32.268","522.179"
"200","51.0","32.26","521.169"
"200","52.0","32.252","520.1"
"200","53.0","32.244","518.982"
"200","54.0","32.236","517.824"
"200","55.0","32.228","516.646"
"200","56.0","32.219","515.424"
"200","57.0","32.211","514.165"
"200","58.0","32.203","512.884"
"200","59.0","32.195","511.58"
"200","60.0","32.187","510.251"
"200","61.0","32.179","508.917"
"200","62.0","32.171","507.552"
"200","63.0","32.163","506.155"
"200","64.0","32.155","504.74"
"200","65.0","32.147","503.314"
"200","66.0","32.138","501.877"
"200","67.0","32.13","500.437"
"200","68.0","32.122","498.974"
"200","69.0","32.114","497.484"
"200","70.0","32.106","495.979"
"200","71.0","32.098","494.303"
"201","0.0","31.729","0.0"
"201","1.0","32.314","-511.033"
"201","2.0","32.42","-224.227"
"201","3.0","32.463","142.325"
"201","4.0","32.448","267.81"
"201","5.0","32.437","269.616"
"201","6.0","32.43","273.045"
"201","7.0","32.427","284.785"
"201","8.0","32.424","299.672"
"201","9.0","32.422","314.934"
"201","10.0","32.42","329.87"
"201","11.0","32.418","344.177"
"201","12.0","32.416","357.802"
"201","13.0","32.415","370.89"
"201","14.0","32.413","383.547"
"201","15.0","32.411","395.57"
"201","16.0","32.41","406.979"
"201","17.0","32.408","417.625"
"201","18.0","32.405","427.619"
"201","19.0","32.403","436.956"
"201","20.0","32.401","445.607"
"201","21.0","32.398","453.641"
"201","22.0","32.395","461.131"
"201","23.0","32.391","469.004"
"201","24.0","32.386","476.108"
"201","25.0","32.381","482.354"
"201","26.0","32.376","487.974"
"201","27.0","32.37","493.001"
"201","28.0","32.364","497.573"
"201","29.0","32.358","501.679"
"201","30.0","32.352","505.421"
"201","31.0","32.345","508.766"
"201","32.0","32.338","511.8"
"201","33.0","32.332","514.479"
"201","34.0","32.325","516.883"
"201","35.0","32.318","518.976"
"201","36.0","32.31","520.825"
"201","37.0","32.303","522.419"
"201","38.0","32.296","523.736"
"201","39.0","32.288","524.849"
"201","40.0","32.28","525.716"
"201","41.0","32.273","526.396"
"201","42.0","32.265","526.854"
"201","43.0","32.257","527.143"
"201","44.0","32.249","527.227"
"201","45.0","32.24","527.164"
"201","46.0","32.232","526.917"
"201","47.0","32.224","526.29"
"201","48.0","32.216","525.55"
"201","49.0","32.207","524.759"
"201","50.0","32.199","523.842"
"201","51.0","32.191","522.841"
"201","52.0","32.183","521.778"
"201","53.0","32.174","520.665"
"201","54.0","32.166","519.51"
"201","55.0","32.158","518.345"
"201","56.0","32.149","517.117"
"201","57.0","32.141","515.858"
"201","58.0","32.132","514.577"
"201","59.0","32.124","513.274"
"201","60.0","32.116","511.946"
"201","61.0","32.107","510.623"
"201","62.0","32.099","509.251"
"201","63.0","32.091","507.854"
"201","64.0","32.082","506.438"
"201","65.0","32.074","505.01"
"201","66.0","32.065","503.571"
"201","67.0","32.057","502.139"
"201","68.0","32.049","500.67"
"201","69.0","32.04","499.178"
"201","70.0","32.032","497.672"
"201","71.0","32.024","495.913"
"202","0.0","31.701","0.0"
"202","1.0","32.377","-491.399"
"202","2.0","32.421","-210.495"
"202","3.0","32.444","147.728"
"202","4.0","32.432","273.973"
"202","5.0","32.421","272.004"
"202","6.0","32.414","274.347"
"202","7.0","32.408","285.677"
"202","8.0","32.404","300.441"
"202","9.0","32.399","315.636"
"202","10.0","32.395","330.569"
"202","11.0","32.391","344.862"
"202","12.0","32.387","358.458"
"202","13.0","32.383","371.528"
"202","14.0","32.379","384.196"
"202","15.0","32.375","396.212"
"202","16.0","32.371","407.658"
"202","17.0","32.367","418.317"
"202","18.0","32.363","428.356"
"202","19.0","32.359","437.726"
"202","20.0","32.355","446.399"
"202","21.0","32.35","454.469"
"202","22.0","32.346","462.013"
"202","23.0","32.339","470.283"
"202","24.0","32.333","477.481"
"202","25.0","32.326","483.768"
"202","26.0","32.319","489.456"
"202","27.0","32.311","494.507"
"202","28.0","32.304","499.135"
"202","29.0","32.296","503.256"
"202","30.0","32.289","507.047"
"202","31.0","32.281","510.405"
"202","32.0","32.273","513.485"
"202","33.0","32.265","516.173"
"202","34.0","32.257","518.621"
"202","35.0","32.249","520.723"
"202","36.0","32.24","522.613"
"202","37.0","32.232","524.233"
"202","38.0","32.223","525.556"
"202","39.0","32.215","526.708"
"202","40.0","32.206","527.581"
"202","41.0","32.198","528.299"
"202","42.0","32.189","528.761"
"202","43.0","32.18","529.087"
"202","44.0","32.171","529.175"
"202","45.0","32.162","529.147"
"202","46.0","32.153","528.903"
"202","47.0","32.144","528.203"
"202","48.0","32.136","527.469"
"202","49.0","32.127","526.697"
"202","50.0","32.118","525.782"
"202","51.0","32.11","524.787"
"202","52.0","32.101","523.729"
"202","53.0","32.092","522.619"
"202","54.0","32.083","521.467"
"202","55.0","32.075","520.312"
"202","56.0","32.066","519.077"
"202","57.0","32.057","517.817"
"202","58.0","32.048","516.534"
"202","59.0","32.039","515.231"
"202","60.0","32.031","513.903"
"202","61.0","32.022","512.591"
"202","62.0","32.013","511.211"
"202","63.0","32.004","509.812"
"202","64.0","31.995","508.395"
"202","65.0","31.987","506.964"
"202","66.0","31.978","505.523"
"202","67.0","31.969","504.098"
"202","68.0","31.96","502.619"
"202","69.0","31.951","501.125"
"202","70.0","31.943","499.617"
"202","71.0","31.934","497.728"
"203","0.0","31.65","0.0"
"203","1.0","32.406","-393.097"
"203","2.0","32.426","-197.007"
"203","3.0","32.418","156.471"
"203","4.0","32.406","281.165"
"203","5.0","32.396","274.578"
"203","6.0","32.388","275.909"
"203","7.0","32.38","286.992"
"203","8.0","32.372","301.702"
"203","9.0","32.364","316.856"
"203","10.0","32.357","331.793"
"203","11.0","32.349","346.08"
"203","12.0","32.341","359.655"
"203","13.0","32.333","372.715"
"203","14.0","32.326","385.395"
"203","15.0","32.318","397.4"
"203","16.0","32.31","408.869"
"203","17.0","32.303","419.526"
"203","18.0","32.295","429.591"
"203","19.0","32.287","438.975"
"203","20.0","32.279","447.649"
"203","21.0","32.271","455.735"
"203","22.0","32.264","463.311"
"203","23.0","32.254","472.006"
"203","24.0","32.243","479.254"
"203","25.0","32.233","485.554"
"203","26.0","32.222","491.274"
"203","27.0","32.212","496.333"
"203","28.0","32.201","500.988"
"203","29.0","32.191","505.114"
"203","30.0","32.18","508.929"
"203","31.0","32.17","512.29"
"203","32.0","32.159","515.395"
"203","33.0","32.149","518.081"
"203","34.0","32.138","520.551"
"203","35.0","32.127","522.653"
"203","36.0","32.117","524.566"
"203","37.0","32.106","526.196"
"203","38.0","32.095","527.519"
"203","39.0","32.084","528.693"
"203","40.0","32.074","529.564"
"203","41.0","32.063","530.302"
"203","42.0","32.052","530.763"
"203","43.0","32.041","531.108"
"203","44.0","32.03","531.195"
"203","45.0","32.019","531.186"
"203","46.0","32.009","530.94"
"203","47.0","31.998","530.116"
"203","48.0","31.988","529.384"
"203","49.0","31.978","528.635"
"203","50.0","31.968","527.706"
"203","51.0","31.958","526.715"
"203","52.0","31.948","525.659"
"203","53.0","31.937","524.55"
"203","54.0","31.927","523.399"
"203","55.0","31.917","522.262"
"203","56.0","31.907","521.009"
"203","57.0","31.896","519.748"
"203","58.0","31.886","518.465"
"203","59.0","31.876","517.161"
"203","60.0","31.866","515.834"
"203","61.0","31.856","514.542"
"203","62.0","31.845","513.144"
"203","63.0","31.835","511.744"
"203","64.0","31.825","510.327"
"203","65.0","31.815","508.894"
"203","66.0","31.804","507.452"
"203","67.0","31.794","506.044"
"203","68.0","31.784","504.546"
"203","69.0","31.774","503.051"
"203","70.0","31.763","501.543"
"203","71.0","31.754","499.476"
"18","0.0","31.64","0.0"
"18","1.0","32.424","-363.942"
"18","2.0","32.415","-197.532"
"18","3.0","32.406","161.254"
"18","4.0","32.397","284.675"
"18","5.0","32.389","276.437"
"18","6.0","32.38","277.431"
"18","7.0","32.371","288.441"
"18","8.0","32.362","303.163"
"18","9.0","32.354","318.289"
"18","10.0","32.345","333.246"
"18","11.0","32.336","347.53"
"18","12.0","32.327","361.086"
"18","13.0","32.319","374.143"
"18","14.0","32.31","386.844"
"18","15.0","32.301","398.828"
"18","16.0","32.292","410.319"
"18","17.0","32.284","420.958"
"18","18.0","32.275","431.044"
"18","19.0","32.266","440.432"
"18","20.0","32.257","449.088"
"18","21.0","32.249","457.176"
"18","22.0","32.24","464.773"
"18","23.0","32.229","473.876"
"18","24.0","32.217","481.151"
"18","25.0","32.206","487.434"
"18","26.0","32.195","493.179"
"18","27.0","32.184","498.22"
"18","28.0","32.173","502.898"
"18","29.0","32.161","507.005"
"18","30.0","32.15","510.845"
"18","31.0","32.139","514.186"
"18","32.0","32.127","517.314"
"18","33.0","32.116","519.98"
"18","34.0","32.105","522.473"
"18","35.0","32.094","524.556"
"18","36.0","32.083","526.491"
"18","37.0","32.071","528.124"
"18","38.0","32.06","529.427"
"18","39.0","32.049","530.624"
"18","40.0","32.037","531.475"
"18","41.0","32.026","532.236"
"18","42.0","32.015","532.677"
"18","43.0","32.004","533.045"
"18","44.0","31.993","533.112"
"18","45.0","31.981","533.125"
"18","46.0","31.97","532.859"
"18","47.0","31.96","531.907"
"18","48.0","31.949","531.178"
"18","49.0","31.939","530.442"
"18","50.0","31.928","529.499"
"18","51.0","31.918","528.509"
"18","52.0","31.908","527.453"
"18","53.0","31.897","526.344"
"18","54.0","31.887","525.195"
"18","55.0","31.876","524.071"
"18","56.0","31.866","522.804"
"18","57.0","31.855","521.543"
"18","58.0","31.845","520.259"
"18","59.0","31.835","518.956"
"18","60.0","31.824","517.63"
"18","61.0","31.814","516.353"
"18","62.0","31.803","514.94"
"18","63.0","31.793","513.54"
"18","64.0","31.783","512.123"
"18","65.0","31.772","510.69"
"18","66.0","31.762","509.249"
"18","67.0","31.751","507.854"
"18","68.0","31.741","506.341"
"18","69.0","31.73","504.846"
"18","70.0","31.72","503.338"
"18","71.0","31.711","501.069"
"19","0.0","33.605","0.0"
"19","1.0","34.216","1186.25"
"19","2.0","34.263","1178.33"
"19","3.0","34.329","1170.42"
"19","4.0","34.383","1162.5"
"19","5.0","34.447","1154.58"
"19","6.0","34.506","1146.67"
"19","7.0","34.56","1138.75"
"19","8.0","34.61","1130.83"
"19","9.0","34.655","1122.92"
"19","10.0","34.694","1115.0"
"19","11.0","34.73","1107.08"
"19","12.0","34.763","1099.17"
"19","13.0","34.792","1091.25"
"19","14.0","34.819","1083.33"
"19","15.0","34.844","1075.42"
"19","16.0","34.865","1067.5"
"19","17.0","34.884","1059.58"
"19","18.0","34.9","1051.67"
"19","19.0","34.915","1043.75"
"19","20.0","34.928","1035.83"
"19","21.0","34.939","1027.92"
"19","22.0","34.949","1020.0"
"19","23.0","34.959","1014.5"
"19","24.0","34.967","1009.0"
"19","25.0","34.975","1003.5"
"19","26.0","34.982","998.0"
"19","27.0","34.987","992.5"
"19","28.0","34.992","987.0"
"19","29.0","34.995","981.5"
"19","30.0","34.998","976.0"
"19","31.0","35.0","970.5"
"19","32.0","35.001","965.0"
"19","33.0","35.002","959.5"
"19","34.0","35.002","954.0"
"19","35.0","35.001","948.5"
"19","36.0","34.999","943.0"
"19","37.0","34.997","937.5"
"19","38.0","34.994","932.0"
"19","39.0","34.99","926.5"
"19","40.0","34.986","921.0"
"19","41.0","34.982","915.5"
"19","42.0","34.977","910.0"
"19","43.0","34.971","904.5"
"19","44.0","34.965","899.0"
"19","45.0","34.959","893.5"
"19","46.0","34.952","888.0"
"19","47.0","34.946","885.42"
"19","48.0","34.94","882.83"
"19","49.0","34.935","880.25"
"19","50.0","34.929","877.67"
"19","51.0","34.923","875.08"
"19","52.0","34.917","872.5"
"19","53.0","34.911","869.92"
"19","54.0","34.905","867.33"
"19","55.0","34.899","864.75"
"19","56.0","34.892","862.17"
"19","57.0","34.886","859.58"
"19","58.0","34.879","857.0"
"19","59.0","34.873","854.42"
"19","60.0","34.866","851.83"
"19","61.0","34.86","849.25"
"19","62.0","34.853","846.67"
"19","63.0","34.846","844.08"
"19","64.0","34.84","841.5"
"19","65.0","34.833","838.92"
"19","66.0","34.826","836.33"
"19","67.0","34.819","833.75"
"19","68.0","34.812","831.17"
"19","69.0","34.805","828.58"
"19","70.0","34.798","826.0"
"19","71.0","34.791","824.21"
"6_sec20_1","0.0","33.592","0.0"
"6_sec20_1","1.0","34.15","1162.154"
"6_sec20_1","2.0","34.205","1151.512"
"6_sec20_1","3.0","34.275","1159.05"
"6_sec20_1","4.0","34.332","1146.683"
"6_sec20_1","5.0","34.398","1137.563"
"6_sec20_1","6.0","34.459","1130.854"
"6_sec20_1","7.0","34.515","1123.642"
"6_sec20_1","8.0","34.567","1116.569"
"6_sec20_1","9.0","34.612","1110.613"
"6_sec20_1","10.0","34.653","1103.581"
"6_sec20_1","11.0","34.69","1096.594"
"6_sec20_1","12.0","34.724","1089.589"
"6_sec20_1","13.0","34.754","1082.424"
"6_sec20_1","14.0","34.782","1075.142"
"6_sec20_1","15.0","34.808","1067.775"
"6_sec20_1","16.0","34.83","1061.135"
"6_sec20_1","17.0","34.849","1053.832"
"6_sec20_1","18.0","34.866","1046.521"
"6_sec20_1","19.0","34.881","1039.16"
"6_sec20_1","20.0","34.895","1031.73"
"6_sec20_1","21.0","34.907","1024.311"
"6_sec20_1","22.0","34.918","1016.872"
"6_sec20_1","23.0","34.927","1011.376"
"6_sec20_1","24.0","34.937","1006.205"
"6_sec20_1","25.0","34.945","1001.049"
"6_sec20_1","26.0","34.952","995.897"
"6_sec20_1","27.0","34.958","990.725"
"6_sec20_1","28.0","34.963","985.539"
"6_sec20_1","29.0","34.967","980.342"
"6_sec20_1","30.0","34.97","975.131"
"6_sec20_1","31.0","34.972","969.909"
"6_sec20_1","32.0","34.974","964.674"
"6_sec20_1","33.0","34.974","959.427"
"6_sec20_1","34.0","34.974","954.168"
"6_sec20_1","35.0","34.974","948.898"
"6_sec20_1","36.0","34.972","943.617"
"6_sec20_1","37.0","34.97","938.326"
"6_sec20_1","38.0","34.968","933.024"
"6_sec20_1","39.0","34.965","927.713"
"6_sec20_1","40.0","34.961","922.392"
"6_sec20_1","41.0","34.956","917.062"
"6_sec20_1","42.0","34.952","911.724"
"6_sec20_1","43.0","34.946","906.377"
"6_sec20_1","44.0","34.941","901.022"
"6_sec20_1","45.0","34.935","895.66"
"6_sec20_1","46.0","34.928","890.29"
"6_sec20_1","47.0","34.922","887.31"
"6_sec20_1","48.0","34.916","884.712"
"6_sec20_1","49.0","34.911","882.138"
"6_sec20_1","50.0","34.905","879.586"
"6_sec20_1","51.0","34.899","877.017"
"6_sec20_1","52.0","34.893","874.456"
"6_sec20_1","53.0","34.887","871.894"
"6_sec20_1","54.0","34.881","869.324"
"6_sec20_1","55.0","34.875","866.759"
"6_sec20_1","56.0","34.869","864.195"
"6_sec20_1","57.0","34.863","861.622"
"6_sec20_1","58.0","34.856","859.055"
"6_sec20_1","59.0","34.85","856.49"
"6_sec20_1","60.0","34.843","853.916"
"6_sec20_1","61.0","34.837","851.348"
"6_sec20_1","62.0","34.83","848.781"
"6_sec20_1","63.0","34.824","846.206"
"6_sec20_1","64.0","34.817","843.637"
"6_sec20_1","65.0","34.81","841.067"
"6_sec20_1","66.0","34.803","838.489"
"6_sec20_1","67.0","34.797","835.917"
"6_sec20_1","68.0","34.79","833.345"
"6_sec20_1","69.0","34.783","830.764"
"6_sec20_1","70.0","34.776","828.188"
"6_sec20_1","71.0","34.769","826.266"
