"section_id","time_hours","water_level_m","discharge_m3s"
"1","0.0","36.194","1.0"
"1","1.0","36.196","64.03"
"1","2.0","36.193","63.74"
"1","3.0","36.191","63.44"
"1","4.0","36.19","63.15"
"1","5.0","36.189","62.85"
"1","6.0","36.189","62.55"
"1","7.0","36.189","62.26"
"1","8.0","36.189","61.96"
"1","9.0","36.188","61.67"
"1","10.0","36.187","61.37"
"1","11.0","36.185","61.08"
"1","12.0","36.182","60.78"
"1","13.0","36.178","60.48"
"1","14.0","36.174","60.19"
"1","15.0","36.169","59.89"
"1","16.0","36.164","59.6"
"1","17.0","36.158","59.3"
"1","18.0","36.151","59.04"
"1","19.0","36.144","58.78"
"1","20.0","36.137","58.52"
"1","21.0","36.129","58.27"
"1","22.0","36.121","58.01"
"1","23.0","36.113","57.75"
"1","24.0","36.104","57.49"
"1","25.0","36.094","57.23"
"1","26.0","36.085","56.98"
"1","27.0","36.075","56.72"
"1","28.0","36.065","56.46"
"1","29.0","36.055","56.2"
"1","30.0","36.045","55.94"
"1","31.0","36.035","55.68"
"1","32.0","36.024","55.42"
"1","33.0","36.013","55.17"
"1","34.0","36.002","54.91"
"1","35.0","35.991","54.65"
"1","36.0","35.979","54.39"
"1","37.0","35.967","54.13"
"1","38.0","35.955","53.88"
"1","39.0","35.944","53.62"
"1","40.0","35.932","53.36"
"1","41.0","35.92","53.1"
"1","42.0","35.908","52.94"
"1","43.0","35.897","52.78"
"1","44.0","35.886","52.63"
"1","45.0","35.875","52.47"
"1","46.0","35.864","52.31"
"1","47.0","35.853","52.15"
"1","48.0","35.842","51.99"
"1","49.0","35.831","51.83"
"1","50.0","35.821","51.67"
"1","51.0","35.81","51.52"
"1","52.0","35.8","51.36"
"1","53.0","35.79","51.2"
"1","54.0","35.78","51.04"
"1","55.0","35.77","50.88"
"1","56.0","35.76","50.73"
"1","57.0","35.75","50.57"
"1","58.0","35.741","50.41"
"1","59.0","35.731","50.25"
"1","60.0","35.722","50.09"
"1","61.0","35.712","49.93"
"1","62.0","35.703","49.77"
"1","63.0","35.694","49.62"
"1","64.0","35.685","49.46"
"1","65.0","35.676","49.3"
"1","66.0","35.667","49.21"
"1","67.0","35.659","49.12"
"1","68.0","35.651","49.02"
"1","69.0","35.643","48.93"
"1","70.0","35.635","48.84"
"1","71.0","35.627","48.75"
"1","72.0","35.62","48.66"
"1","73.0","35.612","48.57"
"1","74.0","35.605","48.48"
"1","75.0","35.597","48.38"
"1","76.0","35.59","48.29"
"1","77.0","35.583","48.2"
"1","78.0","35.576","48.11"
"1","79.0","35.569","48.02"
"1","80.0","35.562","47.92"
"1","81.0","35.555","47.83"
"1","82.0","35.549","47.74"
"1","83.0","35.542","47.65"
"1","84.0","35.533","47.56"
"1","85.0","35.523","47.47"
"1","86.0","35.513","47.38"
"1","87.0","35.503","47.28"
"1","88.0","35.494","47.19"
"1","89.0","35.484","47.1"
"1","90.0","35.474","47.05"
"1","91.0","35.463","47.01"
"1","92.0","35.453","46.96"
"1","93.0","35.443","46.92"
"1","94.0","35.434","46.87"
"1","95.0","35.425","46.83"
"2","0.0","36.127","1.0"
"2","1.0","36.17","63.862"
"2","2.0","36.166","63.629"
"2","3.0","36.164","63.516"
"2","4.0","36.163","63.235"
"2","5.0","36.163","62.868"
"2","6.0","36.163","62.542"
"2","7.0","36.163","62.256"
"2","8.0","36.163","61.982"
"2","9.0","36.162","61.727"
"2","10.0","36.161","61.471"
"2","11.0","36.159","61.224"
"2","12.0","36.156","60.968"
"2","13.0","36.153","60.71"
"2","14.0","36.148","60.458"
"2","15.0","36.143","60.195"
"2","16.0","36.138","59.936"
"2","17.0","36.131","59.67"
"2","18.0","36.125","59.432"
"2","19.0","36.118","59.195"
"2","20.0","36.11","58.968"
"2","21.0","36.102","58.737"
"2","22.0","36.094","58.497"
"2","23.0","36.085","58.256"
"2","24.0","36.076","58.01"
"2","25.0","36.067","57.759"
"2","26.0","36.057","57.516"
"2","27.0","36.047","57.264"
"2","28.0","36.037","57.009"
"2","29.0","36.027","56.753"
"2","30.0","36.016","56.496"
"2","31.0","36.006","56.238"
"2","32.0","35.995","55.982"
"2","33.0","35.984","55.739"
"2","34.0","35.973","55.488"
"2","35.0","35.961","55.23"
"2","36.0","35.949","54.969"
"2","37.0","35.937","54.706"
"2","38.0","35.925","54.449"
"2","39.0","35.913","54.185"
"2","40.0","35.9","53.916"
"2","41.0","35.888","53.647"
"2","42.0","35.876","53.461"
"2","43.0","35.864","53.286"
"2","44.0","35.852","53.125"
"2","45.0","35.841","52.958"
"2","46.0","35.829","52.794"
"2","47.0","35.818","52.627"
"2","48.0","35.806","52.46"
"2","49.0","35.795","52.293"
"2","50.0","35.784","52.126"
"2","51.0","35.773","51.969"
"2","52.0","35.762","51.8"
"2","53.0","35.751","51.63"
"2","54.0","35.74","51.461"
"2","55.0","35.729","51.293"
"2","56.0","35.719","51.133"
"2","57.0","35.709","50.968"
"2","58.0","35.698","50.801"
"2","59.0","35.688","50.637"
"2","60.0","35.678","50.47"
"2","61.0","35.668","50.304"
"2","62.0","35.658","50.138"
"2","63.0","35.648","49.98"
"2","64.0","35.639","49.816"
"2","65.0","35.629","49.651"
"2","66.0","35.62","49.543"
"2","67.0","35.61","49.443"
"2","68.0","35.602","49.337"
"2","69.0","35.593","49.239"
"2","70.0","35.584","49.143"
"2","71.0","35.576","49.048"
"2","72.0","35.567","48.953"
"2","73.0","35.559","48.858"
"2","74.0","35.55","48.764"
"2","75.0","35.542","48.661"
"2","76.0","35.534","48.565"
"2","77.0","35.526","48.47"
"2","78.0","35.518","48.374"
"2","79.0","35.51","48.279"
"2","80.0","35.503","48.176"
"2","81.0","35.495","48.08"
"2","82.0","35.488","47.985"
"2","83.0","35.48","47.933"
"2","84.0","35.472","47.881"
"2","85.0","35.463","47.79"
"2","86.0","35.454","47.696"
"2","87.0","35.446","47.593"
"2","88.0","35.437","47.495"
"2","89.0","35.428","47.399"
"2","90.0","35.42","47.362"
"2","91.0","35.412","47.3"
"2","92.0","35.404","47.236"
"2","93.0","35.397","47.178"
"2","94.0","35.389","47.114"
"2","95.0","35.381","47.059"
"2_sec2_0","0.0","36.127","0.0"
"2_sec2_0","1.0","36.17","63.862"
"2_sec2_0","2.0","36.166","63.629"
"2_sec2_0","3.0","36.164","63.516"
"2_sec2_0","4.0","36.163","63.235"
"2_sec2_0","5.0","36.163","62.868"
"2_sec2_0","6.0","36.163","62.542"
"2_sec2_0","7.0","36.163","62.256"
"2_sec2_0","8.0","36.163","61.982"
"2_sec2_0","9.0","36.162","61.727"
"2_sec2_0","10.0","36.161","61.471"
"2_sec2_0","11.0","36.159","61.224"
"2_sec2_0","12.0","36.156","60.968"
"2_sec2_0","13.0","36.153","60.71"
"2_sec2_0","14.0","36.148","60.458"
"2_sec2_0","15.0","36.143","60.195"
"2_sec2_0","16.0","36.138","59.936"
"2_sec2_0","17.0","36.131","59.67"
"2_sec2_0","18.0","36.125","59.432"
"2_sec2_0","19.0","36.118","59.195"
"2_sec2_0","20.0","36.11","58.968"
"2_sec2_0","21.0","36.102","58.737"
"2_sec2_0","22.0","36.094","58.497"
"2_sec2_0","23.0","36.085","58.256"
"2_sec2_0","24.0","36.076","58.01"
"2_sec2_0","25.0","36.067","57.759"
"2_sec2_0","26.0","36.057","57.516"
"2_sec2_0","27.0","36.047","57.264"
"2_sec2_0","28.0","36.037","57.009"
"2_sec2_0","29.0","36.027","56.753"
"2_sec2_0","30.0","36.016","56.496"
"2_sec2_0","31.0","36.006","56.238"
"2_sec2_0","32.0","35.995","55.982"
"2_sec2_0","33.0","35.984","55.739"
"2_sec2_0","34.0","35.973","55.488"
"2_sec2_0","35.0","35.961","55.23"
"2_sec2_0","36.0","35.949","54.969"
"2_sec2_0","37.0","35.937","54.706"
"2_sec2_0","38.0","35.925","54.449"
"2_sec2_0","39.0","35.913","54.185"
"2_sec2_0","40.0","35.9","53.916"
"2_sec2_0","41.0","35.888","53.647"
"2_sec2_0","42.0","35.876","53.461"
"2_sec2_0","43.0","35.864","53.286"
"2_sec2_0","44.0","35.852","53.125"
"2_sec2_0","45.0","35.841","52.958"
"2_sec2_0","46.0","35.829","52.794"
"2_sec2_0","47.0","35.818","52.627"
"2_sec2_0","48.0","35.806","52.46"
"2_sec2_0","49.0","35.795","52.293"
"2_sec2_0","50.0","35.784","52.126"
"2_sec2_0","51.0","35.773","51.969"
"2_sec2_0","52.0","35.762","51.8"
"2_sec2_0","53.0","35.751","51.63"
"2_sec2_0","54.0","35.74","51.461"
"2_sec2_0","55.0","35.729","51.293"
"2_sec2_0","56.0","35.719","51.133"
"2_sec2_0","57.0","35.709","50.968"
"2_sec2_0","58.0","35.698","50.801"
"2_sec2_0","59.0","35.688","50.637"
"2_sec2_0","60.0","35.678","50.47"
"2_sec2_0","61.0","35.668","50.304"
"2_sec2_0","62.0","35.658","50.138"
"2_sec2_0","63.0","35.648","49.98"
"2_sec2_0","64.0","35.639","49.816"
"2_sec2_0","65.0","35.629","49.651"
"2_sec2_0","66.0","35.62","49.543"
"2_sec2_0","67.0","35.61","49.443"
"2_sec2_0","68.0","35.602","49.337"
"2_sec2_0","69.0","35.593","49.239"
"2_sec2_0","70.0","35.584","49.143"
"2_sec2_0","71.0","35.576","49.048"
"2_sec2_0","72.0","35.567","48.953"
"2_sec2_0","73.0","35.559","48.858"
"2_sec2_0","74.0","35.55","48.764"
"2_sec2_0","75.0","35.542","48.661"
"2_sec2_0","76.0","35.534","48.565"
"2_sec2_0","77.0","35.526","48.47"
"2_sec2_0","78.0","35.518","48.374"
"2_sec2_0","79.0","35.51","48.279"
"2_sec2_0","80.0","35.503","48.176"
"2_sec2_0","81.0","35.495","48.08"
"2_sec2_0","82.0","35.488","47.985"
"2_sec2_0","83.0","35.48","47.933"
"2_sec2_0","84.0","35.472","47.881"
"2_sec2_0","85.0","35.463","47.79"
"2_sec2_0","86.0","35.454","47.696"
"2_sec2_0","87.0","35.446","47.593"
"2_sec2_0","88.0","35.437","47.495"
"2_sec2_0","89.0","35.428","47.399"
"2_sec2_0","90.0","35.42","47.362"
"2_sec2_0","91.0","35.412","47.3"
"2_sec2_0","92.0","35.404","47.236"
"2_sec2_0","93.0","35.397","47.178"
"2_sec2_0","94.0","35.389","47.114"
"2_sec2_0","95.0","35.381","47.059"
"20","0.0","36.108","0.0"
"20","1.0","36.126","66.043"
"20","2.0","36.123","64.484"
"20","3.0","36.122","63.687"
"20","4.0","36.122","63.282"
"20","5.0","36.122","62.874"
"20","6.0","36.122","62.448"
"20","7.0","36.123","62.198"
"20","8.0","36.123","62.006"
"20","9.0","36.123","61.861"
"20","10.0","36.122","61.736"
"20","11.0","36.12","61.62"
"20","12.0","36.117","61.498"
"20","13.0","36.113","61.365"
"20","14.0","36.109","61.226"
"20","15.0","36.104","61.073"
"20","16.0","36.098","60.909"
"20","17.0","36.091","60.743"
"20","18.0","36.085","60.579"
"20","19.0","36.077","60.412"
"20","20.0","36.069","60.249"
"20","21.0","36.061","60.066"
"20","22.0","36.053","59.87"
"20","23.0","36.044","59.663"
"20","24.0","36.034","59.454"
"20","25.0","36.025","59.23"
"20","26.0","36.015","59.006"
"20","27.0","36.005","58.775"
"20","28.0","35.995","58.536"
"20","29.0","35.984","58.291"
"20","30.0","35.973","58.043"
"20","31.0","35.963","57.788"
"20","32.0","35.951","57.55"
"20","33.0","35.94","57.326"
"20","34.0","35.928","57.092"
"20","35.0","35.916","56.837"
"20","36.0","35.904","56.572"
"20","37.0","35.892","56.3"
"20","38.0","35.879","56.027"
"20","39.0","35.867","55.748"
"20","40.0","35.854","55.463"
"20","41.0","35.842","55.184"
"20","42.0","35.829","54.954"
"20","43.0","35.817","54.749"
"20","44.0","35.805","54.557"
"20","45.0","35.792","54.372"
"20","46.0","35.78","54.193"
"20","47.0","35.768","54.007"
"20","48.0","35.756","53.821"
"20","49.0","35.745","53.635"
"20","50.0","35.733","53.449"
"20","51.0","35.721","53.275"
"20","52.0","35.709","53.073"
"20","53.0","35.698","52.876"
"20","54.0","35.687","52.683"
"20","55.0","35.676","52.493"
"20","56.0","35.665","52.306"
"20","57.0","35.654","52.126"
"20","58.0","35.643","51.943"
"20","59.0","35.632","51.761"
"20","60.0","35.621","51.578"
"20","61.0","35.611","51.396"
"20","62.0","35.6","51.213"
"20","63.0","35.59","51.036"
"20","64.0","35.579","50.857"
"20","65.0","35.569","50.677"
"20","66.0","35.559","50.529"
"20","67.0","35.549","50.401"
"20","68.0","35.54","50.277"
"20","69.0","35.53","50.159"
"20","70.0","35.521","50.045"
"20","71.0","35.512","49.936"
"20","72.0","35.502","49.829"
"20","73.0","35.493","49.718"
"20","74.0","35.484","49.614"
"20","75.0","35.475","49.501"
"20","76.0","35.467","49.388"
"20","77.0","35.458","49.278"
"20","78.0","35.449","49.167"
"20","79.0","35.441","49.057"
"20","80.0","35.432","48.942"
"20","81.0","35.424","48.831"
"20","82.0","35.416","48.723"
"20","83.0","35.408","48.638"
"20","84.0","35.4","48.626"
"20","85.0","35.393","48.521"
"20","86.0","35.385","48.406"
"20","87.0","35.377","48.283"
"20","88.0","35.37","48.16"
"20","89.0","35.362","48.039"
"20","90.0","35.355","47.958"
"20","91.0","35.347","47.87"
"20","92.0","35.34","47.785"
"20","93.0","35.333","47.701"
"20","94.0","35.326","47.616"
"20","95.0","35.319","47.536"
"21","0.0","36.093","2.0"
"21","1.0","36.095","65.851"
"21","2.0","36.093","64.359"
"21","3.0","36.093","63.659"
"21","4.0","36.093","63.273"
"21","5.0","36.093","62.819"
"21","6.0","36.094","62.356"
"21","7.0","36.095","62.137"
"21","8.0","36.095","62.003"
"21","9.0","36.095","61.931"
"21","10.0","36.094","61.891"
"21","11.0","36.092","61.859"
"21","12.0","36.089","61.82"
"21","13.0","36.085","61.767"
"21","14.0","36.081","61.7"
"21","15.0","36.076","61.615"
"21","16.0","36.07","61.514"
"21","17.0","36.063","61.411"
"21","18.0","36.056","61.296"
"21","19.0","36.049","61.174"
"21","20.0","36.041","61.049"
"21","21.0","36.032","60.902"
"21","22.0","36.023","60.741"
"21","23.0","36.014","60.568"
"21","24.0","36.005","60.389"
"21","25.0","35.995","60.192"
"21","26.0","35.985","59.994"
"21","27.0","35.975","59.788"
"21","28.0","35.964","59.571"
"21","29.0","35.954","59.346"
"21","30.0","35.943","59.117"
"21","31.0","35.931","58.878"
"21","32.0","35.92","58.674"
"21","33.0","35.908","58.478"
"21","34.0","35.896","58.263"
"21","35.0","35.884","58.025"
"21","36.0","35.872","57.772"
"21","37.0","35.859","57.509"
"21","38.0","35.846","57.242"
"21","39.0","35.834","56.968"
"21","40.0","35.821","56.687"
"21","41.0","35.808","56.407"
"21","42.0","35.795","56.155"
"21","43.0","35.782","55.933"
"21","44.0","35.77","55.723"
"21","45.0","35.757","55.53"
"21","46.0","35.745","55.345"
"21","47.0","35.733","55.149"
"21","48.0","35.72","54.953"
"21","49.0","35.708","54.756"
"21","50.0","35.696","54.56"
"21","51.0","35.684","54.383"
"21","52.0","35.672","54.152"
"21","53.0","35.66","53.937"
"21","54.0","35.648","53.73"
"21","55.0","35.637","53.525"
"21","56.0","35.625","53.325"
"21","57.0","35.614","53.138"
"21","58.0","35.603","52.945"
"21","59.0","35.592","52.752"
"21","60.0","35.581","52.56"
"21","61.0","35.57","52.368"
"21","62.0","35.559","52.176"
"21","63.0","35.548","51.987"
"21","64.0","35.538","51.8"
"21","65.0","35.527","51.611"
"21","66.0","35.517","51.44"
"21","67.0","35.506","51.292"
"21","68.0","35.496","51.155"
"21","69.0","35.487","51.024"
"21","70.0","35.477","50.898"
"21","71.0","35.467","50.782"
"21","72.0","35.457","50.665"
"21","73.0","35.448","50.546"
"21","74.0","35.438","50.434"
"21","75.0","35.429","50.314"
"21","76.0","35.42","50.191"
"21","77.0","35.411","50.069"
"21","78.0","35.402","49.947"
"21","79.0","35.393","49.826"
"21","80.0","35.384","49.702"
"21","81.0","35.375","49.582"
"21","82.0","35.366","49.464"
"21","83.0","35.358","49.337"
"21","84.0","35.35","49.314"
"21","85.0","35.342","49.211"
"21","86.0","35.334","49.094"
"21","87.0","35.326","48.97"
"21","88.0","35.318","48.842"
"21","89.0","35.31","48.717"
"21","90.0","35.302","48.614"
"21","91.0","35.294","48.515"
"21","92.0","35.287","48.424"
"21","93.0","35.279","48.329"
"21","94.0","35.272","48.236"
"21","95.0","35.265","48.145"
"22","0.0","36.049","1.0"
"22","1.0","36.066","65.786"
"22","2.0","36.065","64.373"
"22","3.0","36.065","63.638"
"22","4.0","36.065","63.298"
"22","5.0","36.066","62.719"
"22","6.0","36.068","62.255"
"22","7.0","36.069","62.067"
"22","8.0","36.069","61.992"
"22","9.0","36.069","61.993"
"22","10.0","36.068","62.033"
"22","11.0","36.066","62.08"
"22","12.0","36.063","62.118"
"22","13.0","36.059","62.137"
"22","14.0","36.054","62.137"
"22","15.0","36.049","62.115"
"22","16.0","36.043","62.072"
"22","17.0","36.036","62.026"
"22","18.0","36.029","61.957"
"22","19.0","36.021","61.876"
"22","20.0","36.013","61.784"
"22","21.0","36.004","61.672"
"22","22.0","35.995","61.543"
"22","23.0","35.985","61.396"
"22","24.0","35.976","61.241"
"22","25.0","35.966","61.071"
"22","26.0","35.956","60.895"
"22","27.0","35.945","60.711"
"22","28.0","35.935","60.515"
"22","29.0","35.924","60.308"
"22","30.0","35.913","60.094"
"22","31.0","35.901","59.87"
"22","32.0","35.89","59.702"
"22","33.0","35.878","59.528"
"22","34.0","35.865","59.328"
"22","35.0","35.853","59.105"
"22","36.0","35.84","58.865"
"22","37.0","35.828","58.612"
"22","38.0","35.815","58.351"
"22","39.0","35.802","58.084"
"22","40.0","35.789","57.808"
"22","41.0","35.776","57.53"
"22","42.0","35.763","57.267"
"22","43.0","35.75","57.032"
"22","44.0","35.737","56.809"
"22","45.0","35.724","56.613"
"22","46.0","35.711","56.424"
"22","47.0","35.699","56.22"
"22","48.0","35.686","56.017"
"22","49.0","35.673","55.813"
"22","50.0","35.661","55.609"
"22","51.0","35.648","55.427"
"22","52.0","35.636","55.172"
"22","53.0","35.624","54.944"
"22","54.0","35.612","54.724"
"22","55.0","35.6","54.509"
"22","56.0","35.589","54.298"
"22","57.0","35.577","54.097"
"22","58.0","35.566","53.893"
"22","59.0","35.554","53.688"
"22","60.0","35.543","53.485"
"22","61.0","35.532","53.281"
"22","62.0","35.521","53.078"
"22","63.0","35.51","52.876"
"22","64.0","35.499","52.678"
"22","65.0","35.488","52.478"
"22","66.0","35.477","52.288"
"22","67.0","35.467","52.121"
"22","68.0","35.456","51.971"
"22","69.0","35.446","51.826"
"22","70.0","35.436","51.687"
"22","71.0","35.426","51.561"
"22","72.0","35.416","51.433"
"22","73.0","35.406","51.306"
"22","74.0","35.397","51.184"
"22","75.0","35.387","51.054"
"22","76.0","35.377","50.92"
"22","77.0","35.368","50.787"
"22","78.0","35.359","50.653"
"22","79.0","35.35","50.52"
"22","80.0","35.34","50.387"
"22","81.0","35.331","50.257"
"22","82.0","35.323","50.128"
"22","83.0","35.314","49.998"
"22","84.0","35.305","49.931"
"22","85.0","35.297","49.825"
"22","86.0","35.289","49.706"
"22","87.0","35.281","49.578"
"22","88.0","35.272","49.445"
"22","89.0","35.264","49.314"
"22","90.0","35.256","49.195"
"22","91.0","35.248","49.086"
"22","92.0","35.241","48.985"
"22","93.0","35.233","48.88"
"22","94.0","35.225","48.778"
"22","95.0","35.218","48.677"
"23","0.0","36.031","0.0"
"23","1.0","36.033","66.184"
"23","2.0","36.034","64.666"
"23","3.0","36.035","63.598"
"23","4.0","36.036","63.236"
"23","5.0","36.037","62.625"
"23","6.0","36.039","62.159"
"23","7.0","36.04","62.007"
"23","8.0","36.041","61.983"
"23","9.0","36.041","62.044"
"23","10.0","36.039","62.145"
"23","11.0","36.037","62.252"
"23","12.0","36.034","62.348"
"23","13.0","36.03","62.422"
"23","14.0","36.025","62.472"
"23","15.0","36.019","62.496"
"23","16.0","36.013","62.498"
"23","17.0","36.006","62.494"
"23","18.0","35.999","62.461"
"23","19.0","35.991","62.409"
"23","20.0","35.982","62.344"
"23","21.0","35.973","62.257"
"23","22.0","35.964","62.151"
"23","23.0","35.954","62.015"
"23","24.0","35.945","61.874"
"23","25.0","35.935","61.719"
"23","26.0","35.924","61.557"
"23","27.0","35.914","61.385"
"23","28.0","35.903","61.199"
"23","29.0","35.892","61.001"
"23","30.0","35.881","60.793"
"23","31.0","35.869","60.574"
"23","32.0","35.858","60.424"
"23","33.0","35.846","60.259"
"23","34.0","35.834","60.062"
"23","35.0","35.822","59.845"
"23","36.0","35.809","59.607"
"23","37.0","35.797","59.356"
"23","38.0","35.784","59.094"
"23","39.0","35.772","58.825"
"23","40.0","35.759","58.547"
"23","41.0","35.746","58.265"
"23","42.0","35.733","57.991"
"23","43.0","35.72","57.742"
"23","44.0","35.708","57.506"
"23","45.0","35.695","57.305"
"23","46.0","35.683","57.108"
"23","47.0","35.67","56.898"
"23","48.0","35.657","56.688"
"23","49.0","35.645","56.477"
"23","50.0","35.633","56.266"
"23","51.0","35.62","56.078"
"23","52.0","35.608","55.811"
"23","53.0","35.596","55.573"
"23","54.0","35.584","55.343"
"23","55.0","35.572","55.119"
"23","56.0","35.56","54.9"
"23","57.0","35.548","54.689"
"23","58.0","35.536","54.477"
"23","59.0","35.525","54.265"
"23","60.0","35.513","54.054"
"23","61.0","35.502","53.843"
"23","62.0","35.491","53.632"
"23","63.0","35.48","53.424"
"23","64.0","35.469","53.218"
"23","65.0","35.458","53.011"
"23","66.0","35.447","52.811"
"23","67.0","35.436","52.633"
"23","68.0","35.426","52.475"
"23","69.0","35.415","52.322"
"23","70.0","35.405","52.176"
"23","71.0","35.395","52.039"
"23","72.0","35.385","51.903"
"23","73.0","35.375","51.77"
"23","74.0","35.365","51.641"
"23","75.0","35.356","51.504"
"23","76.0","35.346","51.363"
"23","77.0","35.337","51.222"
"23","78.0","35.327","51.08"
"23","79.0","35.318","50.939"
"23","80.0","35.309","50.799"
"23","81.0","35.3","50.664"
"23","82.0","35.291","50.527"
"23","83.0","35.282","50.394"
"23","84.0","35.274","50.302"
"23","85.0","35.265","50.194"
"23","86.0","35.257","50.07"
"23","87.0","35.249","49.939"
"23","88.0","35.241","49.804"
"23","89.0","35.232","49.669"
"23","90.0","35.224","49.541"
"23","91.0","35.216","49.425"
"23","92.0","35.208","49.316"
"23","93.0","35.201","49.205"
"23","94.0","35.193","49.097"
"23","95.0","35.186","48.99"
"24","0.0","36.009","0.0"
"24","1.0","35.987","65.417"
"24","2.0","35.988","64.313"
"24","3.0","35.99","63.376"
"24","4.0","35.991","62.992"
"24","5.0","35.994","62.344"
"24","6.0","35.996","61.94"
"24","7.0","35.998","61.884"
"24","8.0","35.998","61.973"
"24","9.0","35.998","62.159"
"24","10.0","35.996","62.383"
"24","11.0","35.994","62.607"
"24","12.0","35.99","62.813"
"24","13.0","35.986","62.989"
"24","14.0","35.981","63.131"
"24","15.0","35.975","63.239"
"24","16.0","35.968","63.326"
"24","17.0","35.961","63.395"
"24","18.0","35.953","63.423"
"24","19.0","35.945","63.423"
"24","20.0","35.936","63.399"
"24","21.0","35.927","63.352"
"24","22.0","35.917","63.283"
"24","23.0","35.907","63.159"
"24","24.0","35.897","63.041"
"24","25.0","35.887","62.915"
"24","26.0","35.876","62.776"
"24","27.0","35.865","62.623"
"24","28.0","35.854","62.455"
"24","29.0","35.843","62.271"
"24","30.0","35.831","62.074"
"24","31.0","35.819","61.864"
"24","32.0","35.808","61.701"
"24","33.0","35.796","61.535"
"24","34.0","35.784","61.335"
"24","35.0","35.772","61.112"
"24","36.0","35.76","60.867"
"24","37.0","35.748","60.606"
"24","38.0","35.735","60.331"
"24","39.0","35.723","60.047"
"24","40.0","35.71","59.753"
"24","41.0","35.698","59.452"
"24","42.0","35.685","59.152"
"24","43.0","35.672","58.871"
"24","44.0","35.66","58.605"
"24","45.0","35.647","58.387"
"24","46.0","35.635","58.164"
"24","47.0","35.622","57.929"
"24","48.0","35.61","57.691"
"24","49.0","35.598","57.453"
"24","50.0","35.585","57.215"
"24","51.0","35.573","57.013"
"24","52.0","35.56","56.741"
"24","53.0","35.548","56.491"
"24","54.0","35.535","56.251"
"24","55.0","35.523","56.017"
"24","56.0","35.511","55.787"
"24","57.0","35.499","55.563"
"24","58.0","35.487","55.343"
"24","59.0","35.475","55.121"
"24","60.0","35.464","54.901"
"24","61.0","35.452","54.682"
"24","62.0","35.44","54.463"
"24","63.0","35.429","54.245"
"24","64.0","35.418","54.03"
"24","65.0","35.406","53.815"
"24","66.0","35.395","53.603"
"24","67.0","35.384","53.414"
"24","68.0","35.373","53.245"
"24","69.0","35.362","53.084"
"24","70.0","35.352","52.927"
"24","71.0","35.341","52.776"
"24","72.0","35.331","52.63"
"24","73.0","35.32","52.484"
"24","74.0","35.31","52.343"
"24","75.0","35.3","52.196"
"24","76.0","35.29","52.044"
"24","77.0","35.281","51.891"
"24","78.0","35.271","51.739"
"24","79.0","35.262","51.586"
"24","80.0","35.252","51.437"
"24","81.0","35.243","51.292"
"24","82.0","35.234","51.145"
"24","83.0","35.225","50.998"
"24","84.0","35.216","50.882"
"24","85.0","35.207","50.767"
"24","86.0","35.199","50.639"
"24","87.0","35.19","50.502"
"24","88.0","35.182","50.363"
"24","89.0","35.174","50.223"
"24","90.0","35.165","50.084"
"24","91.0","35.157","49.958"
"24","92.0","35.149","49.838"
"24","93.0","35.141","49.718"
"24","94.0","35.133","49.602"
"24","95.0","35.126","49.487"
"25","0.0","35.949","0.0"
"25","1.0","35.912","65.322"
"25","2.0","35.919","63.681"
"25","3.0","35.923","63.062"
"25","4.0","35.925","62.565"
"25","5.0","35.929","61.756"
"25","6.0","35.933","61.637"
"25","7.0","35.934","61.739"
"25","8.0","35.934","62.015"
"25","9.0","35.933","62.387"
"25","10.0","35.931","62.78"
"25","11.0","35.927","63.156"
"25","12.0","35.923","63.5"
"25","13.0","35.917","63.801"
"25","14.0","35.911","64.052"
"25","15.0","35.904","64.256"
"25","16.0","35.897","64.433"
"25","17.0","35.889","64.574"
"25","18.0","35.881","64.662"
"25","19.0","35.872","64.71"
"25","20.0","35.862","64.723"
"25","21.0","35.853","64.707"
"25","22.0","35.842","64.664"
"25","23.0","35.832","64.57"
"25","24.0","35.821","64.481"
"25","25.0","35.81","64.391"
"25","26.0","35.799","64.282"
"25","27.0","35.787","64.154"
"25","28.0","35.775","64.007"
"25","29.0","35.763","63.842"
"25","30.0","35.751","63.659"
"25","31.0","35.739","63.46"
"25","32.0","35.726","63.274"
"25","33.0","35.714","63.113"
"25","34.0","35.701","62.918"
"25","35.0","35.688","62.701"
"25","36.0","35.676","62.461"
"25","37.0","35.663","62.202"
"25","38.0","35.65","61.928"
"25","39.0","35.637","61.642"
"25","40.0","35.624","61.346"
"25","41.0","35.61","61.04"
"25","42.0","35.597","60.73"
"25","43.0","35.584","60.432"
"25","44.0","35.571","60.147"
"25","45.0","35.557","59.919"
"25","46.0","35.544","59.679"
"25","47.0","35.531","59.429"
"25","48.0","35.518","59.172"
"25","49.0","35.506","58.917"
"25","50.0","35.493","58.661"
"25","51.0","35.48","58.446"
"25","52.0","35.467","58.168"
"25","53.0","35.455","57.896"
"25","54.0","35.442","57.633"
"25","55.0","35.43","57.376"
"25","56.0","35.417","57.123"
"25","57.0","35.405","56.875"
"25","58.0","35.393","56.633"
"25","59.0","35.381","56.391"
"25","60.0","35.369","56.15"
"25","61.0","35.357","55.911"
"25","62.0","35.345","55.672"
"25","63.0","35.333","55.434"
"25","64.0","35.321","55.199"
"25","65.0","35.31","54.966"
"25","66.0","35.298","54.733"
"25","67.0","35.287","54.529"
"25","68.0","35.275","54.343"
"25","69.0","35.264","54.163"
"25","70.0","35.253","53.986"
"25","71.0","35.242","53.813"
"25","72.0","35.231","53.643"
"25","73.0","35.22","53.471"
"25","74.0","35.209","53.309"
"25","75.0","35.199","53.142"
"25","76.0","35.188","52.972"
"25","77.0","35.178","52.8"
"25","78.0","35.168","52.628"
"25","79.0","35.158","52.457"
"25","80.0","35.148","52.289"
"25","81.0","35.138","52.129"
"25","82.0","35.129","51.968"
"25","83.0","35.119","51.807"
"25","84.0","35.11","51.662"
"25","85.0","35.101","51.533"
"25","86.0","35.092","51.394"
"25","87.0","35.083","51.249"
"25","88.0","35.074","51.103"
"25","89.0","35.065","50.955"
"25","90.0","35.057","50.804"
"25","91.0","35.048","50.665"
"25","92.0","35.039","50.53"
"25","93.0","35.031","50.399"
"25","94.0","35.023","50.271"
"25","95.0","35.014","50.147"
"26","0.0","35.882","0.0"
"26","1.0","35.895","63.063"
"26","2.0","35.9","63.218"
"26","3.0","35.904","62.977"
"26","4.0","35.907","62.107"
"26","5.0","35.912","61.238"
"26","6.0","35.915","61.414"
"26","7.0","35.917","61.659"
"26","8.0","35.916","62.09"
"26","9.0","35.915","62.604"
"26","10.0","35.912","63.119"
"26","11.0","35.908","63.607"
"26","12.0","35.904","64.05"
"26","13.0","35.898","64.438"
"26","14.0","35.892","64.769"
"26","15.0","35.884","65.043"
"26","16.0","35.877","65.277"
"26","17.0","35.868","65.47"
"26","18.0","35.86","65.604"
"26","19.0","35.851","65.69"
"26","20.0","35.841","65.735"
"26","21.0","35.831","65.747"
"26","22.0","35.821","65.732"
"26","23.0","35.81","65.667"
"26","24.0","35.799","65.599"
"26","25.0","35.788","65.531"
"26","26.0","35.776","65.439"
"26","27.0","35.765","65.326"
"26","28.0","35.752","65.189"
"26","29.0","35.74","65.031"
"26","30.0","35.728","64.854"
"26","31.0","35.715","64.658"
"26","32.0","35.703","64.461"
"26","33.0","35.69","64.294"
"26","34.0","35.677","64.096"
"26","35.0","35.664","63.875"
"26","36.0","35.651","63.63"
"26","37.0","35.638","63.367"
"26","38.0","35.625","63.087"
"26","39.0","35.612","62.794"
"26","40.0","35.598","62.49"
"26","41.0","35.585","62.175"
"26","42.0","35.572","61.854"
"26","43.0","35.558","61.542"
"26","44.0","35.545","61.24"
"26","45.0","35.532","60.99"
"26","46.0","35.518","60.733"
"26","47.0","35.505","60.467"
"26","48.0","35.492","60.194"
"26","49.0","35.479","59.924"
"26","50.0","35.466","59.651"
"26","51.0","35.453","59.411"
"26","52.0","35.441","59.127"
"26","53.0","35.428","58.839"
"26","54.0","35.415","58.559"
"26","55.0","35.403","58.285"
"26","56.0","35.39","58.014"
"26","57.0","35.378","57.749"
"26","58.0","35.365","57.49"
"26","59.0","35.353","57.231"
"26","60.0","35.341","56.974"
"26","61.0","35.329","56.718"
"26","62.0","35.317","56.464"
"26","63.0","35.305","56.211"
"26","64.0","35.293","55.961"
"26","65.0","35.282","55.713"
"26","66.0","35.27","55.465"
"26","67.0","35.259","55.254"
"26","68.0","35.247","55.055"
"26","69.0","35.235","54.862"
"26","70.0","35.224","54.67"
"26","71.0","35.213","54.48"
"26","72.0","35.201","54.296"
"26","73.0","35.19","54.11"
"26","74.0","35.18","53.935"
"26","75.0","35.169","53.756"
"26","76.0","35.158","53.573"
"26","77.0","35.148","53.39"
"26","78.0","35.138","53.207"
"26","79.0","35.127","53.025"
"26","80.0","35.117","52.846"
"26","81.0","35.107","52.675"
"26","82.0","35.098","52.504"
"26","83.0","35.088","52.334"
"26","84.0","35.078","52.174"
"26","85.0","35.069","52.034"
"26","86.0","35.06","51.887"
"26","87.0","35.051","51.735"
"26","88.0","35.042","51.584"
"26","89.0","35.033","51.43"
"26","90.0","35.024","51.273"
"26","91.0","35.015","51.125"
"26","92.0","35.006","50.981"
"26","93.0","34.998","50.842"
"26","94.0","34.989","50.707"
"26","95.0","34.981","50.575"
"27","0.0","35.848","0.0"
"27","1.0","35.885","62.264"
"27","2.0","35.891","62.658"
"27","3.0","35.895","62.937"
"27","4.0","35.899","61.526"
"27","5.0","35.904","60.627"
"27","6.0","35.907","61.155"
"27","7.0","35.908","61.585"
"27","8.0","35.908","62.203"
"27","9.0","35.906","62.887"
"27","10.0","35.903","63.547"
"27","11.0","35.899","64.162"
"27","12.0","35.894","64.719"
"27","13.0","35.888","65.212"
"27","14.0","35.882","65.635"
"27","15.0","35.874","65.992"
"27","16.0","35.867","66.294"
"27","17.0","35.858","66.55"
"27","18.0","35.849","66.742"
"27","19.0","35.84","66.88"
"27","20.0","35.83","66.971"
"27","21.0","35.82","67.025"
"27","22.0","35.809","67.05"
"27","23.0","35.799","67.03"
"27","24.0","35.788","67.0"
"27","25.0","35.776","66.971"
"27","26.0","35.764","66.913"
"27","27.0","35.752","66.829"
"27","28.0","35.74","66.718"
"27","29.0","35.728","66.584"
"27","30.0","35.715","66.426"
"27","31.0","35.702","66.249"
"27","32.0","35.69","66.056"
"27","33.0","35.677","65.895"
"27","34.0","35.664","65.707"
"27","35.0","35.651","65.496"
"27","36.0","35.637","65.262"
"27","37.0","35.624","65.008"
"27","38.0","35.611","64.737"
"27","39.0","35.598","64.452"
"27","40.0","35.584","64.155"
"27","41.0","35.571","63.847"
"27","42.0","35.557","63.53"
"27","43.0","35.543","63.217"
"27","44.0","35.53","62.911"
"27","45.0","35.516","62.644"
"27","46.0","35.503","62.377"
"27","47.0","35.49","62.104"
"27","48.0","35.476","61.823"
"27","49.0","35.463","61.546"
"27","50.0","35.45","61.265"
"27","51.0","35.437","61.006"
"27","52.0","35.424","60.723"
"27","53.0","35.411","60.427"
"27","54.0","35.398","60.136"
"27","55.0","35.385","59.851"
"27","56.0","35.372","59.569"
"27","57.0","35.36","59.291"
"27","58.0","35.347","59.019"
"27","59.0","35.335","58.749"
"27","60.0","35.322","58.481"
"27","61.0","35.31","58.214"
"27","62.0","35.298","57.948"
"27","63.0","35.286","57.685"
"27","64.0","35.274","57.424"
"27","65.0","35.262","57.165"
"27","66.0","35.25","56.905"
"27","67.0","35.238","56.705"
"27","68.0","35.226","56.498"
"27","69.0","35.214","56.295"
"27","70.0","35.203","56.091"
"27","71.0","35.191","55.886"
"27","72.0","35.179","55.683"
"27","73.0","35.168","55.479"
"27","74.0","35.157","55.282"
"27","75.0","35.146","55.085"
"27","76.0","35.135","54.886"
"27","77.0","35.124","54.687"
"27","78.0","35.113","54.487"
"27","79.0","35.103","54.289"
"27","80.0","35.092","54.092"
"27","81.0","35.082","53.905"
"27","82.0","35.072","53.717"
"27","83.0","35.062","53.53"
"27","84.0","35.052","53.351"
"27","85.0","35.042","53.192"
"27","86.0","35.033","53.031"
"27","87.0","35.023","52.872"
"27","88.0","35.014","52.714"
"27","89.0","35.005","52.553"
"27","90.0","34.995","52.387"
"27","91.0","34.986","52.224"
"27","92.0","34.977","52.067"
"27","93.0","34.968","51.916"
"27","94.0","34.959","51.767"
"27","95.0","34.95","51.617"
"28","0.0","35.838","0.0"
"28","1.0","35.874","62.83"
"28","2.0","35.881","61.354"
"28","3.0","35.884","62.727"
"28","4.0","35.889","60.817"
"28","5.0","35.894","59.927"
"28","6.0","35.897","60.85"
"28","7.0","35.898","61.521"
"28","8.0","35.898","62.379"
"28","9.0","35.896","63.269"
"28","10.0","35.892","64.107"
"28","11.0","35.888","64.879"
"28","12.0","35.883","65.575"
"28","13.0","35.877","66.191"
"28","14.0","35.87","66.725"
"28","15.0","35.862","67.182"
"28","16.0","35.854","67.566"
"28","17.0","35.845","67.897"
"28","18.0","35.836","68.156"
"28","19.0","35.826","68.354"
"28","20.0","35.816","68.497"
"28","21.0","35.806","68.6"
"28","22.0","35.795","68.672"
"28","23.0","35.784","68.7"
"28","24.0","35.773","68.718"
"28","25.0","35.761","68.734"
"28","26.0","35.749","68.714"
"28","27.0","35.737","68.661"
"28","28.0","35.725","68.579"
"28","29.0","35.712","68.469"
"28","30.0","35.699","68.333"
"28","31.0","35.686","68.174"
"28","32.0","35.673","67.989"
"28","33.0","35.66","67.832"
"28","34.0","35.647","67.653"
"28","35.0","35.634","67.451"
"28","36.0","35.62","67.226"
"28","37.0","35.607","66.982"
"28","38.0","35.593","66.719"
"28","39.0","35.58","66.441"
"28","40.0","35.566","66.15"
"28","41.0","35.552","65.846"
"28","42.0","35.538","65.532"
"28","43.0","35.524","65.217"
"28","44.0","35.511","64.904"
"28","45.0","35.497","64.616"
"28","46.0","35.483","64.337"
"28","47.0","35.469","64.051"
"28","48.0","35.456","63.757"
"28","49.0","35.442","63.467"
"28","50.0","35.429","63.173"
"28","51.0","35.416","62.892"
"28","52.0","35.402","62.601"
"28","53.0","35.389","62.292"
"28","54.0","35.376","61.987"
"28","55.0","35.363","61.685"
"28","56.0","35.35","61.386"
"28","57.0","35.337","61.092"
"28","58.0","35.324","60.802"
"28","59.0","35.311","60.516"
"28","60.0","35.299","60.231"
"28","61.0","35.286","59.948"
"28","62.0","35.273","59.667"
"28","63.0","35.261","59.388"
"28","64.0","35.249","59.112"
"28","65.0","35.236","58.837"
"28","66.0","35.224","58.571"
"28","67.0","35.212","58.376"
"28","68.0","35.2","58.161"
"28","69.0","35.187","57.946"
"28","70.0","35.175","57.726"
"28","71.0","35.163","57.502"
"28","72.0","35.151","57.276"
"28","73.0","35.139","57.05"
"28","74.0","35.128","56.829"
"28","75.0","35.116","56.609"
"28","76.0","35.105","56.39"
"28","77.0","35.094","56.17"
"28","78.0","35.083","55.951"
"28","79.0","35.072","55.734"
"28","80.0","35.061","55.519"
"28","81.0","35.05","55.31"
"28","82.0","35.04","55.104"
"28","83.0","35.029","54.901"
"28","84.0","35.019","54.7"
"28","85.0","35.009","54.518"
"28","86.0","34.999","54.34"
"28","87.0","34.989","54.171"
"28","88.0","34.979","54.004"
"28","89.0","34.969","53.83"
"28","90.0","34.959","53.653"
"28","91.0","34.949","53.475"
"28","92.0","34.94","53.302"
"28","93.0","34.93","53.139"
"28","94.0","34.921","52.973"
"28","95.0","34.912","52.797"
"29","0.0","35.83","0.0"
"29","1.0","35.864","61.535"
"29","2.0","35.871","60.864"
"29","3.0","35.874","62.824"
"29","4.0","35.879","60.34"
"29","5.0","35.885","59.578"
"29","6.0","35.887","60.694"
"29","7.0","35.888","61.506"
"29","8.0","35.887","62.506"
"29","9.0","35.885","63.514"
"29","10.0","35.882","64.452"
"29","11.0","35.877","65.312"
"29","12.0","35.871","66.086"
"29","13.0","35.865","66.771"
"29","14.0","35.858","67.366"
"29","15.0","35.85","67.875"
"29","16.0","35.841","68.304"
"29","17.0","35.832","68.673"
"29","18.0","35.823","68.968"
"29","19.0","35.813","69.196"
"29","20.0","35.803","69.365"
"29","21.0","35.792","69.493"
"29","22.0","35.781","69.589"
"29","23.0","35.77","69.64"
"29","24.0","35.759","69.684"
"29","25.0","35.747","69.721"
"29","26.0","35.735","69.718"
"29","27.0","35.722","69.68"
"29","28.0","35.709","69.609"
"29","29.0","35.697","69.51"
"29","30.0","35.684","69.382"
"29","31.0","35.67","69.229"
"29","32.0","35.657","69.048"
"29","33.0","35.644","68.891"
"29","34.0","35.63","68.714"
"29","35.0","35.617","68.515"
"29","36.0","35.603","68.293"
"29","37.0","35.59","68.052"
"29","38.0","35.576","67.791"
"29","39.0","35.562","67.515"
"29","40.0","35.548","67.225"
"29","41.0","35.534","66.922"
"29","42.0","35.52","66.607"
"29","43.0","35.506","66.289"
"29","44.0","35.492","65.971"
"29","45.0","35.478","65.672"
"29","46.0","35.464","65.384"
"29","47.0","35.45","65.09"
"29","48.0","35.437","64.788"
"29","49.0","35.423","64.488"
"29","50.0","35.409","64.187"
"29","51.0","35.396","63.894"
"29","52.0","35.382","63.596"
"29","53.0","35.369","63.279"
"29","54.0","35.355","62.965"
"29","55.0","35.342","62.655"
"29","56.0","35.329","62.347"
"29","57.0","35.316","62.042"
"29","58.0","35.303","61.743"
"29","59.0","35.29","61.448"
"29","60.0","35.277","61.154"
"29","61.0","35.264","60.862"
"29","62.0","35.251","60.571"
"29","63.0","35.239","60.284"
"29","64.0","35.226","59.999"
"29","65.0","35.213","59.716"
"29","66.0","35.201","59.451"
"29","67.0","35.188","59.256"
"29","68.0","35.176","59.034"
"29","69.0","35.163","58.811"
"29","70.0","35.151","58.583"
"29","71.0","35.139","58.348"
"29","72.0","35.126","58.108"
"29","73.0","35.114","57.869"
"29","74.0","35.102","57.633"
"29","75.0","35.091","57.402"
"29","76.0","35.079","57.171"
"29","77.0","35.068","56.94"
"29","78.0","35.056","56.71"
"29","79.0","35.045","56.482"
"29","80.0","35.034","56.256"
"29","81.0","35.023","56.036"
"29","82.0","35.012","55.82"
"29","83.0","35.001","55.606"
"29","84.0","34.991","55.395"
"29","85.0","34.98","55.202"
"29","86.0","34.97","55.013"
"29","87.0","34.959","54.837"
"29","88.0","34.949","54.663"
"29","89.0","34.939","54.482"
"29","90.0","34.929","54.298"
"29","91.0","34.919","54.11"
"29","92.0","34.909","53.928"
"29","93.0","34.9","53.759"
"29","94.0","34.89","53.583"
"29","95.0","34.88","53.391"
"30","0.0","35.823","0.0"
"30","1.0","35.851","61.375"
"30","2.0","35.86","60.694"
"30","3.0","35.862","62.601"
"30","4.0","35.869","59.554"
"30","5.0","35.875","59.089"
"30","6.0","35.877","60.473"
"30","7.0","35.877","61.53"
"30","8.0","35.876","62.757"
"30","9.0","35.873","63.948"
"30","10.0","35.869","65.042"
"30","11.0","35.864","66.038"
"30","12.0","35.858","66.931"
"30","13.0","35.851","67.72"
"30","14.0","35.844","68.408"
"30","15.0","35.836","69.001"
"30","16.0","35.827","69.499"
"30","17.0","35.817","69.931"
"30","18.0","35.808","70.282"
"30","19.0","35.797","70.56"
"30","20.0","35.787","70.772"
"30","21.0","35.776","70.943"
"30","22.0","35.765","71.08"
"30","23.0","35.753","71.17"
"30","24.0","35.741","71.264"
"30","25.0","35.729","71.339"
"30","26.0","35.717","71.368"
"30","27.0","35.704","71.356"
"30","28.0","35.691","71.31"
"30","29.0","35.678","71.231"
"30","30.0","35.664","71.121"
"30","31.0","35.651","70.984"
"30","32.0","35.637","70.817"
"30","33.0","35.623","70.662"
"30","34.0","35.61","70.492"
"30","35.0","35.596","70.299"
"30","36.0","35.582","70.083"
"30","37.0","35.568","69.848"
"30","38.0","35.554","69.594"
"30","39.0","35.539","69.323"
"30","40.0","35.525","69.037"
"30","41.0","35.511","68.737"
"30","42.0","35.496","68.425"
"30","43.0","35.482","68.105"
"30","44.0","35.468","67.783"
"30","45.0","35.453","67.472"
"30","46.0","35.439","67.171"
"30","47.0","35.425","66.865"
"30","48.0","35.411","66.552"
"30","49.0","35.396","66.239"
"30","50.0","35.382","65.927"
"30","51.0","35.368","65.619"
"30","52.0","35.354","65.311"
"30","53.0","35.341","64.985"
"30","54.0","35.327","64.66"
"30","55.0","35.313","64.337"
"30","56.0","35.299","64.017"
"30","57.0","35.286","63.7"
"30","58.0","35.272","63.388"
"30","59.0","35.259","63.079"
"30","60.0","35.245","62.773"
"30","61.0","35.232","62.469"
"30","62.0","35.218","62.166"
"30","63.0","35.205","61.868"
"30","64.0","35.192","61.572"
"30","65.0","35.179","61.277"
"30","66.0","35.166","61.014"
"30","67.0","35.153","60.812"
"30","68.0","35.14","60.58"
"30","69.0","35.127","60.347"
"30","70.0","35.114","60.103"
"30","71.0","35.102","59.848"
"30","72.0","35.089","59.588"
"30","73.0","35.077","59.329"
"30","74.0","35.064","59.071"
"30","75.0","35.052","58.82"
"30","76.0","35.04","58.57"
"30","77.0","35.029","58.321"
"30","78.0","35.017","58.073"
"30","79.0","35.005","57.828"
"30","80.0","34.994","57.586"
"30","81.0","34.982","57.348"
"30","82.0","34.971","57.115"
"30","83.0","34.96","56.885"
"30","84.0","34.949","56.66"
"30","85.0","34.938","56.448"
"30","86.0","34.927","56.244"
"30","87.0","34.917","56.054"
"30","88.0","34.906","55.867"
"30","89.0","34.896","55.674"
"30","90.0","34.885","55.48"
"30","91.0","34.875","55.279"
"30","92.0","34.865","55.084"
"30","93.0","34.855","54.908"
"30","94.0","34.844","54.712"
"30","95.0","34.835","54.494"
"31","0.0","35.816","0.0"
"31","1.0","35.843","61.754"
"31","2.0","35.852","58.817"
"31","3.0","35.855","60.362"
"31","4.0","35.861","58.25"
"31","5.0","35.867","58.461"
"31","6.0","35.869","60.176"
"31","7.0","35.869","61.65"
"31","8.0","35.867","63.225"
"31","9.0","35.864","64.694"
"31","10.0","35.86","66.027"
"31","11.0","35.854","67.229"
"31","12.0","35.848","68.303"
"31","13.0","35.841","69.253"
"31","14.0","35.833","70.084"
"31","15.0","35.824","70.801"
"31","16.0","35.815","71.412"
"31","17.0","35.805","71.938"
"31","18.0","35.795","72.375"
"31","19.0","35.785","72.729"
"31","20.0","35.774","73.01"
"31","21.0","35.763","73.251"
"31","22.0","35.751","73.452"
"31","23.0","35.739","73.605"
"31","24.0","35.727","73.788"
"31","25.0","35.715","73.923"
"31","26.0","35.702","74.004"
"31","27.0","35.689","74.039"
"31","28.0","35.675","74.033"
"31","29.0","35.662","73.991"
"31","30.0","35.648","73.914"
"31","31.0","35.634","73.806"
"31","32.0","35.62","73.667"
"31","33.0","35.606","73.521"
"31","34.0","35.592","73.365"
"31","35.0","35.578","73.186"
"31","36.0","35.564","72.986"
"31","37.0","35.55","72.767"
"31","38.0","35.535","72.527"
"31","39.0","35.521","72.269"
"31","40.0","35.506","71.996"
"31","41.0","35.492","71.708"
"31","42.0","35.477","71.405"
"31","43.0","35.462","71.09"
"31","44.0","35.447","70.768"
"31","45.0","35.433","70.446"
"31","46.0","35.418","70.131"
"31","47.0","35.404","69.813"
"31","48.0","35.389","69.486"
"31","49.0","35.375","69.157"
"31","50.0","35.36","68.834"
"31","51.0","35.346","68.508"
"31","52.0","35.332","68.185"
"31","53.0","35.317","67.85"
"31","54.0","35.303","67.514"
"31","55.0","35.289","67.177"
"31","56.0","35.275","66.842"
"31","57.0","35.261","66.511"
"31","58.0","35.247","66.184"
"31","59.0","35.233","65.861"
"31","60.0","35.219","65.54"
"31","61.0","35.206","65.221"
"31","62.0","35.192","64.906"
"31","63.0","35.178","64.596"
"31","64.0","35.165","64.287"
"31","65.0","35.151","63.978"
"31","66.0","35.138","63.687"
"31","67.0","35.124","63.434"
"31","68.0","35.111","63.161"
"31","69.0","35.098","62.877"
"31","70.0","35.085","62.582"
"31","71.0","35.072","62.268"
"31","72.0","35.059","61.949"
"31","73.0","35.047","61.632"
"31","74.0","35.034","61.316"
"31","75.0","35.022","61.012"
"31","76.0","35.01","60.709"
"31","77.0","34.998","60.41"
"31","78.0","34.986","60.113"
"31","79.0","34.974","59.821"
"31","80.0","34.962","59.533"
"31","81.0","34.951","59.25"
"31","82.0","34.939","58.973"
"31","83.0","34.928","58.703"
"31","84.0","34.917","58.437"
"31","85.0","34.905","58.182"
"31","86.0","34.894","57.937"
"31","87.0","34.883","57.707"
"31","88.0","34.873","57.491"
"31","89.0","34.862","57.272"
"31","90.0","34.851","57.052"
"31","91.0","34.841","56.827"
"31","92.0","34.83","56.61"
"31","93.0","34.82","56.411"
"31","94.0","34.809","56.174"
"31","95.0","34.799","55.908"
"32","0.0","35.811","0.0"
"32","1.0","35.832","59.092"
"32","2.0","35.841","58.258"
"32","3.0","35.844","59.402"
"32","4.0","35.851","56.972"
"32","5.0","35.856","58.108"
"32","6.0","35.857","60.026"
"32","7.0","35.857","61.82"
"32","8.0","35.855","63.669"
"32","9.0","35.851","65.345"
"32","10.0","35.846","66.855"
"32","11.0","35.84","68.211"
"32","12.0","35.833","69.419"
"32","13.0","35.825","70.486"
"32","14.0","35.816","71.421"
"32","15.0","35.807","72.23"
"32","16.0","35.798","72.921"
"32","17.0","35.788","73.515"
"32","18.0","35.777","74.012"
"32","19.0","35.766","74.421"
"32","20.0","35.755","74.749"
"32","21.0","35.744","75.041"
"32","22.0","35.732","75.29"
"32","23.0","35.72","75.484"
"32","24.0","35.707","75.736"
"32","25.0","35.694","75.914"
"32","26.0","35.681","76.03"
"32","27.0","35.668","76.096"
"32","28.0","35.654","76.118"
"32","29.0","35.64","76.099"
"32","30.0","35.627","76.043"
"32","31.0","35.613","75.953"
"32","32.0","35.598","75.832"
"32","33.0","35.584","75.693"
"32","34.0","35.57","75.544"
"32","35.0","35.555","75.372"
"32","36.0","35.541","75.181"
"32","37.0","35.527","74.971"
"32","38.0","35.512","74.739"
"32","39.0","35.497","74.489"
"32","40.0","35.483","74.223"
"32","41.0","35.468","73.94"
"32","42.0","35.453","73.641"
"32","43.0","35.438","73.329"
"32","44.0","35.423","73.005"
"32","45.0","35.408","72.674"
"32","46.0","35.394","72.347"
"32","47.0","35.379","72.017"
"32","48.0","35.364","71.678"
"32","49.0","35.35","71.336"
"32","50.0","35.335","70.998"
"32","51.0","35.321","70.656"
"32","52.0","35.306","70.319"
"32","53.0","35.292","69.973"
"32","54.0","35.278","69.626"
"32","55.0","35.263","69.275"
"32","56.0","35.249","68.927"
"32","57.0","35.235","68.582"
"32","58.0","35.221","68.242"
"32","59.0","35.207","67.905"
"32","60.0","35.193","67.572"
"32","61.0","35.179","67.24"
"32","62.0","35.165","66.913"
"32","63.0","35.151","66.591"
"32","64.0","35.138","66.269"
"32","65.0","35.124","65.949"
"32","66.0","35.11","65.631"
"32","67.0","35.097","65.358"
"32","68.0","35.084","65.073"
"32","69.0","35.07","64.772"
"32","70.0","35.057","64.456"
"32","71.0","35.044","64.113"
"32","72.0","35.031","63.768"
"32","73.0","35.019","63.425"
"32","74.0","35.006","63.086"
"32","75.0","34.994","62.757"
"32","76.0","34.981","62.432"
"32","77.0","34.969","62.109"
"32","78.0","34.957","61.792"
"32","79.0","34.945","61.48"
"32","80.0","34.933","61.174"
"32","81.0","34.922","60.87"
"32","82.0","34.91","60.575"
"32","83.0","34.898","60.285"
"32","84.0","34.887","60.004"
"32","85.0","34.876","59.73"
"32","86.0","34.865","59.468"
"32","87.0","34.854","59.215"
"32","88.0","34.843","58.981"
"32","89.0","34.832","58.747"
"32","90.0","34.821","58.515"
"32","91.0","34.81","58.279"
"32","92.0","34.8","58.063"
"32","93.0","34.789","57.845"
"32","94.0","34.779","57.574"
"32","95.0","34.768","57.271"
"33","0.0","35.807","0.0"
"33","1.0","35.828","57.638"
"33","2.0","35.835","57.825"
"33","3.0","35.837","59.433"
"33","4.0","35.845","56.568"
"33","5.0","35.849","58.014"
"33","6.0","35.85","60.012"
"33","7.0","35.85","61.898"
"33","8.0","35.847","63.831"
"33","9.0","35.842","65.571"
"33","10.0","35.837","67.134"
"33","11.0","35.831","68.536"
"33","12.0","35.823","69.784"
"33","13.0","35.815","70.886"
"33","14.0","35.806","71.851"
"33","15.0","35.797","72.687"
"33","16.0","35.787","73.401"
"33","17.0","35.777","74.014"
"33","18.0","35.766","74.529"
"33","19.0","35.755","74.953"
"33","20.0","35.743","75.296"
"33","21.0","35.732","75.604"
"33","22.0","35.72","75.866"
"33","23.0","35.707","76.073"
"33","24.0","35.694","76.347"
"33","25.0","35.681","76.536"
"33","26.0","35.668","76.662"
"33","27.0","35.655","76.736"
"33","28.0","35.641","76.765"
"33","29.0","35.627","76.753"
"33","30.0","35.613","76.702"
"33","31.0","35.599","76.617"
"33","32.0","35.585","76.501"
"33","33.0","35.57","76.363"
"33","34.0","35.556","76.215"
"33","35.0","35.541","76.045"
"33","36.0","35.527","75.855"
"33","37.0","35.512","75.647"
"33","38.0","35.497","75.416"
"33","39.0","35.483","75.168"
"33","40.0","35.468","74.902"
"33","41.0","35.453","74.62"
"33","42.0","35.438","74.322"
"33","43.0","35.423","74.01"
"33","44.0","35.408","73.686"
"33","45.0","35.393","73.353"
"33","46.0","35.379","73.022"
"33","47.0","35.364","72.688"
"33","48.0","35.349","72.345"
"33","49.0","35.334","72.0"
"33","50.0","35.32","71.658"
"33","51.0","35.305","71.312"
"33","52.0","35.291","70.97"
"33","53.0","35.276","70.622"
"33","54.0","35.262","70.271"
"33","55.0","35.248","69.917"
"33","56.0","35.233","69.566"
"33","57.0","35.219","69.218"
"33","58.0","35.205","68.874"
"33","59.0","35.191","68.534"
"33","60.0","35.177","68.197"
"33","61.0","35.163","67.862"
"33","62.0","35.149","67.532"
"33","63.0","35.135","67.207"
"33","64.0","35.122","66.882"
"33","65.0","35.108","66.558"
"33","66.0","35.094","66.235"
"33","67.0","35.081","65.955"
"33","68.0","35.067","65.666"
"33","69.0","35.054","65.358"
"33","70.0","35.041","65.036"
"33","71.0","35.028","64.685"
"33","72.0","35.015","64.333"
"33","73.0","35.002","63.982"
"33","74.0","34.989","63.635"
"33","75.0","34.977","63.3"
"33","76.0","34.964","62.968"
"33","77.0","34.952","62.64"
"33","78.0","34.94","62.317"
"33","79.0","34.928","61.999"
"33","80.0","34.916","61.686"
"33","81.0","34.905","61.378"
"33","82.0","34.893","61.077"
"33","83.0","34.882","60.783"
"33","84.0","34.87","60.496"
"33","85.0","34.859","60.218"
"33","86.0","34.848","59.95"
"33","87.0","34.836","59.692"
"33","88.0","34.825","59.451"
"33","89.0","34.814","59.213"
"33","90.0","34.804","58.976"
"33","91.0","34.793","58.739"
"33","92.0","34.782","58.524"
"33","93.0","34.771","58.297"
"33","94.0","34.761","58.013"
"33","95.0","34.751","57.696"
"34","0.0","35.805","0.0"
"34","1.0","35.823","57.367"
"34","2.0","35.828","56.453"
"34","3.0","35.831","58.941"
"34","4.0","35.839","56.124"
"34","5.0","35.843","57.91"
"34","6.0","35.843","60.019"
"34","7.0","35.842","62.024"
"34","8.0","35.838","64.061"
"34","9.0","35.834","65.878"
"34","10.0","35.828","67.507"
"34","11.0","35.821","68.964"
"34","12.0","35.813","70.26"
"34","13.0","35.804","71.404"
"34","14.0","35.795","72.406"
"34","15.0","35.785","73.274"
"34","16.0","35.775","74.016"
"34","17.0","35.764","74.653"
"34","18.0","35.753","75.188"
"34","19.0","35.742","75.632"
"34","20.0","35.73","75.992"
"34","21.0","35.718","76.318"
"34","22.0","35.706","76.597"
"34","23.0","35.693","76.818"
"34","24.0","35.68","77.116"
"34","25.0","35.667","77.319"
"34","26.0","35.654","77.456"
"34","27.0","35.64","77.54"
"34","28.0","35.626","77.578"
"34","29.0","35.612","77.574"
"34","30.0","35.598","77.529"
"34","31.0","35.584","77.451"
"34","32.0","35.57","77.339"
"34","33.0","35.556","77.204"
"34","34.0","35.541","77.058"
"34","35.0","35.527","76.89"
"34","36.0","35.512","76.703"
"34","37.0","35.498","76.497"
"34","38.0","35.483","76.269"
"34","39.0","35.468","76.022"
"34","40.0","35.453","75.758"
"34","41.0","35.439","75.477"
"34","42.0","35.424","75.179"
"34","43.0","35.409","74.869"
"34","44.0","35.394","74.545"
"34","45.0","35.379","74.209"
"34","46.0","35.364","73.873"
"34","47.0","35.349","73.534"
"34","48.0","35.335","73.186"
"34","49.0","35.32","72.836"
"34","50.0","35.306","72.489"
"34","51.0","35.291","72.139"
"34","52.0","35.277","71.792"
"34","53.0","35.262","71.441"
"34","54.0","35.248","71.086"
"34","55.0","35.234","70.728"
"34","56.0","35.22","70.373"
"34","57.0","35.206","70.021"
"34","58.0","35.191","69.673"
"34","59.0","35.177","69.329"
"34","60.0","35.163","68.988"
"34","61.0","35.15","68.649"
"34","62.0","35.136","68.315"
"34","63.0","35.122","67.986"
"34","64.0","35.108","67.657"
"34","65.0","35.095","67.33"
"34","66.0","35.081","67.004"
"34","67.0","35.067","66.713"
"34","68.0","35.054","66.419"
"34","69.0","35.041","66.105"
"34","70.0","35.028","65.772"
"34","71.0","35.015","65.412"
"34","72.0","35.002","65.051"
"34","73.0","34.989","64.691"
"34","74.0","34.976","64.337"
"34","75.0","34.964","63.993"
"34","76.0","34.952","63.653"
"34","77.0","34.94","63.316"
"34","78.0","34.928","62.986"
"34","79.0","34.916","62.661"
"34","80.0","34.904","62.343"
"34","81.0","34.892","62.027"
"34","82.0","34.881","61.72"
"34","83.0","34.869","61.42"
"34","84.0","34.858","61.128"
"34","85.0","34.846","60.844"
"34","86.0","34.835","60.57"
"34","87.0","34.824","60.305"
"34","88.0","34.813","60.058"
"34","89.0","34.802","59.814"
"34","90.0","34.791","59.574"
"34","91.0","34.781","59.334"
"34","92.0","34.77","59.12"
"34","93.0","34.759","58.881"
"34","94.0","34.749","58.579"
"34","95.0","34.739","58.245"
"35","0.0","35.802","0.0"
"35","1.0","35.809","55.261"
"35","2.0","35.816","56.243"
"35","3.0","35.819","56.326"
"35","4.0","35.828","54.744"
"35","5.0","35.83","57.829"
"35","6.0","35.83","60.179"
"35","7.0","35.827","62.569"
"35","8.0","35.823","64.914"
"35","9.0","35.817","66.961"
"35","10.0","35.81","68.778"
"35","11.0","35.802","70.393"
"35","12.0","35.794","71.821"
"35","13.0","35.784","73.074"
"35","14.0","35.774","74.168"
"35","15.0","35.763","75.111"
"35","16.0","35.752","75.916"
"35","17.0","35.741","76.602"
"35","18.0","35.729","77.176"
"35","19.0","35.717","77.649"
"35","20.0","35.705","78.042"
"35","21.0","35.692","78.401"
"35","22.0","35.679","78.703"
"35","23.0","35.666","78.939"
"35","24.0","35.653","79.222"
"35","25.0","35.639","79.416"
"35","26.0","35.626","79.54"
"35","27.0","35.612","79.605"
"35","28.0","35.598","79.621"
"35","29.0","35.584","79.589"
"35","30.0","35.57","79.515"
"35","31.0","35.556","79.402"
"35","32.0","35.542","79.256"
"35","33.0","35.527","79.08"
"35","34.0","35.513","78.89"
"35","35.0","35.498","78.678"
"35","36.0","35.484","78.448"
"35","37.0","35.469","78.198"
"35","38.0","35.455","77.925"
"35","39.0","35.44","77.633"
"35","40.0","35.425","77.322"
"35","41.0","35.41","76.994"
"35","42.0","35.396","76.647"
"35","43.0","35.381","76.289"
"35","44.0","35.366","75.913"
"35","45.0","35.351","75.522"
"35","46.0","35.337","75.128"
"35","47.0","35.322","74.755"
"35","48.0","35.307","74.385"
"35","49.0","35.293","74.013"
"35","50.0","35.278","73.644"
"35","51.0","35.264","73.272"
"35","52.0","35.25","72.903"
"35","53.0","35.236","72.533"
"35","54.0","35.221","72.158"
"35","55.0","35.207","71.78"
"35","56.0","35.193","71.406"
"35","57.0","35.179","71.035"
"35","58.0","35.165","70.668"
"35","59.0","35.151","70.305"
"35","60.0","35.138","69.945"
"35","61.0","35.124","69.587"
"35","62.0","35.11","69.235"
"35","63.0","35.096","68.888"
"35","64.0","35.083","68.541"
"35","65.0","35.069","68.196"
"35","66.0","35.056","67.854"
"35","67.0","35.042","67.538"
"35","68.0","35.029","67.226"
"35","69.0","35.016","66.889"
"35","70.0","35.003","66.537"
"35","71.0","34.99","66.162"
"35","72.0","34.977","65.786"
"35","73.0","34.964","65.413"
"35","74.0","34.952","65.046"
"35","75.0","34.94","64.689"
"35","76.0","34.927","64.337"
"35","77.0","34.915","63.989"
"35","78.0","34.903","63.648"
"35","79.0","34.891","63.312"
"35","80.0","34.88","62.983"
"35","81.0","34.868","62.657"
"35","82.0","34.857","62.34"
"35","83.0","34.845","62.031"
"35","84.0","34.834","61.73"
"35","85.0","34.823","61.437"
"35","86.0","34.811","61.153"
"35","87.0","34.8","60.88"
"35","88.0","34.789","60.623"
"35","89.0","34.779","60.371"
"35","90.0","34.768","60.124"
"35","91.0","34.757","59.877"
"35","92.0","34.746","59.659"
"35","93.0","34.736","59.402"
"35","94.0","34.726","59.082"
"35","95.0","34.716","58.726"
"36","0.0","35.795","0.0"
"36","1.0","35.802","53.054"
"36","2.0","35.806","57.257"
"36","3.0","35.812","55.968"
"36","4.0","35.821","54.288"
"36","5.0","35.822","57.897"
"36","6.0","35.821","60.294"
"36","7.0","35.818","62.816"
"36","8.0","35.813","65.263"
"36","9.0","35.806","67.387"
"36","10.0","35.798","69.269"
"36","11.0","35.79","70.937"
"36","12.0","35.781","72.412"
"36","13.0","35.771","73.705"
"36","14.0","35.76","74.833"
"36","15.0","35.749","75.805"
"36","16.0","35.737","76.635"
"36","17.0","35.726","77.341"
"36","18.0","35.713","77.933"
"36","19.0","35.701","78.421"
"36","20.0","35.688","78.832"
"36","21.0","35.675","79.21"
"36","22.0","35.662","79.528"
"36","23.0","35.648","79.776"
"36","24.0","35.635","80.056"
"36","25.0","35.621","80.261"
"36","26.0","35.607","80.393"
"36","27.0","35.593","80.465"
"36","28.0","35.579","80.487"
"36","29.0","35.565","80.461"
"36","30.0","35.55","80.391"
"36","31.0","35.536","80.282"
"36","32.0","35.521","80.138"
"36","33.0","35.507","79.964"
"36","34.0","35.492","79.776"
"36","35.0","35.478","79.563"
"36","36.0","35.463","79.335"
"36","37.0","35.448","79.086"
"36","38.0","35.433","78.814"
"36","39.0","35.419","78.522"
"36","40.0","35.404","78.212"
"36","41.0","35.389","77.883"
"36","42.0","35.374","77.537"
"36","43.0","35.359","77.178"
"36","44.0","35.344","76.802"
"36","45.0","35.329","76.406"
"36","46.0","35.314","76.007"
"36","47.0","35.3","75.624"
"36","48.0","35.285","75.249"
"36","49.0","35.27","74.871"
"36","50.0","35.256","74.496"
"36","51.0","35.241","74.119"
"36","52.0","35.227","73.744"
"36","53.0","35.212","73.369"
"36","54.0","35.198","72.99"
"36","55.0","35.184","72.607"
"36","56.0","35.17","72.229"
"36","57.0","35.156","71.854"
"36","58.0","35.142","71.482"
"36","59.0","35.128","71.115"
"36","60.0","35.114","70.75"
"36","61.0","35.1","70.388"
"36","62.0","35.086","70.033"
"36","63.0","35.072","69.681"
"36","64.0","35.058","69.33"
"36","65.0","35.045","68.981"
"36","66.0","35.031","68.634"
"36","67.0","35.017","68.309"
"36","68.0","35.004","67.99"
"36","69.0","34.991","67.642"
"36","70.0","34.977","67.278"
"36","71.0","34.964","66.893"
"36","72.0","34.952","66.506"
"36","73.0","34.939","66.122"
"36","74.0","34.926","65.747"
"36","75.0","34.914","65.38"
"36","76.0","34.902","65.018"
"36","77.0","34.89","64.662"
"36","78.0","34.878","64.312"
"36","79.0","34.866","63.968"
"36","80.0","34.854","63.632"
"36","81.0","34.842","63.298"
"36","82.0","34.831","62.974"
"36","83.0","34.819","62.659"
"36","84.0","34.808","62.351"
"36","85.0","34.796","62.051"
"36","86.0","34.785","61.762"
"36","87.0","34.774","61.481"
"36","88.0","34.763","61.217"
"36","89.0","34.752","60.959"
"36","90.0","34.741","60.705"
"36","91.0","34.73","60.454"
"36","92.0","34.719","60.224"
"36","93.0","34.709","59.943"
"36","94.0","34.699","59.597"
"36","95.0","34.689","59.219"
"37","0.0","35.79","0.0"
"37","1.0","35.795","52.578"
"37","2.0","35.798","57.865"
"37","3.0","35.805","55.821"
"37","4.0","35.814","53.977"
"37","5.0","35.815","57.981"
"37","6.0","35.813","60.418"
"37","7.0","35.809","63.042"
"37","8.0","35.803","65.563"
"37","9.0","35.796","67.742"
"37","10.0","35.788","69.672"
"37","11.0","35.779","71.381"
"37","12.0","35.769","72.89"
"37","13.0","35.759","74.21"
"37","14.0","35.747","75.363"
"37","15.0","35.736","76.355"
"37","16.0","35.724","77.204"
"37","17.0","35.712","77.925"
"37","18.0","35.699","78.53"
"37","19.0","35.686","79.028"
"37","20.0","35.673","79.454"
"37","21.0","35.66","79.846"
"37","22.0","35.647","80.175"
"37","23.0","35.633","80.434"
"37","24.0","35.619","80.713"
"37","25.0","35.605","80.923"
"37","26.0","35.591","81.061"
"37","27.0","35.576","81.139"
"37","28.0","35.562","81.165"
"37","29.0","35.548","81.143"
"37","30.0","35.533","81.076"
"37","31.0","35.519","80.97"
"37","32.0","35.504","80.828"
"37","33.0","35.489","80.657"
"37","34.0","35.474","80.468"
"37","35.0","35.46","80.257"
"37","36.0","35.445","80.03"
"37","37.0","35.43","79.78"
"37","38.0","35.415","79.51"
"37","39.0","35.4","79.219"
"37","40.0","35.385","78.909"
"37","41.0","35.37","78.581"
"37","42.0","35.355","78.236"
"37","43.0","35.34","77.878"
"37","44.0","35.325","77.501"
"37","45.0","35.31","77.102"
"37","46.0","35.295","76.7"
"37","47.0","35.281","76.312"
"37","48.0","35.266","75.933"
"37","49.0","35.251","75.551"
"37","50.0","35.237","75.173"
"37","51.0","35.222","74.791"
"37","52.0","35.208","74.413"
"37","53.0","35.193","74.035"
"37","54.0","35.179","73.653"
"37","55.0","35.165","73.268"
"37","56.0","35.15","72.887"
"37","57.0","35.136","72.509"
"37","58.0","35.122","72.134"
"37","59.0","35.108","71.764"
"37","60.0","35.094","71.396"
"37","61.0","35.08","71.031"
"37","62.0","35.066","70.673"
"37","63.0","35.052","70.318"
"37","64.0","35.038","69.965"
"37","65.0","35.025","69.613"
"37","66.0","35.011","69.264"
"37","67.0","34.997","68.933"
"37","68.0","34.984","68.609"
"37","69.0","34.97","68.249"
"37","70.0","34.957","67.878"
"37","71.0","34.944","67.486"
"37","72.0","34.931","67.092"
"37","73.0","34.919","66.7"
"37","74.0","34.906","66.318"
"37","75.0","34.894","65.945"
"37","76.0","34.881","65.577"
"37","77.0","34.869","65.214"
"37","78.0","34.857","64.859"
"37","79.0","34.845","64.51"
"37","80.0","34.834","64.167"
"37","81.0","34.822","63.83"
"37","82.0","34.81","63.501"
"37","83.0","34.799","63.181"
"37","84.0","34.787","62.869"
"37","85.0","34.776","62.566"
"37","86.0","34.765","62.272"
"37","87.0","34.753","61.988"
"37","88.0","34.742","61.719"
"37","89.0","34.731","61.457"
"37","90.0","34.72","61.2"
"37","91.0","34.709","60.946"
"37","92.0","34.699","60.702"
"37","93.0","34.688","60.402"
"37","94.0","34.678","60.038"
"37","95.0","34.669","59.642"
"38","0.0","35.782","0.0"
"38","1.0","35.785","50.337"
"38","2.0","35.788","59.877"
"38","3.0","35.797","54.863"
"38","4.0","35.807","53.512"
"38","5.0","35.806","58.1"
"38","6.0","35.804","60.628"
"38","7.0","35.799","63.407"
"38","8.0","35.793","66.022"
"38","9.0","35.785","68.278"
"38","10.0","35.776","70.27"
"38","11.0","35.766","72.031"
"38","12.0","35.755","73.583"
"38","13.0","35.744","74.942"
"38","14.0","35.733","76.125"
"38","15.0","35.72","77.143"
"38","16.0","35.708","78.013"
"38","17.0","35.695","78.752"
"38","18.0","35.682","79.371"
"38","19.0","35.669","79.883"
"38","20.0","35.656","80.327"
"38","21.0","35.642","80.737"
"38","22.0","35.628","81.08"
"38","23.0","35.614","81.348"
"38","24.0","35.599","81.626"
"38","25.0","35.585","81.843"
"38","26.0","35.57","81.986"
"38","27.0","35.556","82.069"
"38","28.0","35.541","82.101"
"38","29.0","35.526","82.081"
"38","30.0","35.512","82.017"
"38","31.0","35.497","81.913"
"38","32.0","35.482","81.772"
"38","33.0","35.467","81.602"
"38","34.0","35.452","81.413"
"38","35.0","35.437","81.2"
"38","36.0","35.422","80.972"
"38","37.0","35.407","80.721"
"38","38.0","35.392","80.449"
"38","39.0","35.377","80.156"
"38","40.0","35.362","79.846"
"38","41.0","35.347","79.516"
"38","42.0","35.331","79.169"
"38","43.0","35.316","78.81"
"38","44.0","35.301","78.428"
"38","45.0","35.286","78.024"
"38","46.0","35.271","77.615"
"38","47.0","35.256","77.218"
"38","48.0","35.241","76.831"
"38","49.0","35.226","76.443"
"38","50.0","35.212","76.057"
"38","51.0","35.197","75.668"
"38","52.0","35.182","75.283"
"38","53.0","35.168","74.9"
"38","54.0","35.154","74.512"
"38","55.0","35.139","74.123"
"38","56.0","35.125","73.737"
"38","57.0","35.11","73.355"
"38","58.0","35.096","72.976"
"38","59.0","35.082","72.601"
"38","60.0","35.068","72.229"
"38","61.0","35.054","71.86"
"38","62.0","35.039","71.498"
"38","63.0","35.025","71.139"
"38","64.0","35.011","70.781"
"38","65.0","34.997","70.425"
"38","66.0","34.984","70.071"
"38","67.0","34.97","69.735"
"38","68.0","34.956","69.399"
"38","69.0","34.942","69.026"
"38","70.0","34.929","68.643"
"38","71.0","34.916","68.24"
"38","72.0","34.903","67.835"
"38","73.0","34.89","67.433"
"38","74.0","34.878","67.042"
"38","75.0","34.865","66.658"
"38","76.0","34.853","66.28"
"38","77.0","34.841","65.908"
"38","78.0","34.828","65.544"
"38","79.0","34.816","65.187"
"38","80.0","34.805","64.837"
"38","81.0","34.793","64.491"
"38","82.0","34.781","64.156"
"38","83.0","34.769","63.83"
"38","84.0","34.758","63.512"
"38","85.0","34.746","63.202"
"38","86.0","34.735","62.903"
"38","87.0","34.724","62.612"
"38","88.0","34.712","62.336"
"38","89.0","34.701","62.068"
"38","90.0","34.69","61.807"
"38","91.0","34.679","61.548"
"38","92.0","34.668","61.285"
"38","93.0","34.658","60.957"
"38","94.0","34.648","60.566"
"38","95.0","34.638","60.147"
"39","0.0","35.774","0.0"
"39","1.0","35.783","47.56"
"39","2.0","35.783","62.787"
"39","3.0","35.795","53.448"
"39","4.0","35.805","52.962"
"39","5.0","35.803","58.234"
"39","6.0","35.801","60.908"
"39","7.0","35.796","63.888"
"39","8.0","35.789","66.606"
"39","9.0","35.78","68.948"
"39","10.0","35.771","71.013"
"39","11.0","35.761","72.834"
"39","12.0","35.75","74.435"
"39","13.0","35.739","75.835"
"39","14.0","35.727","77.052"
"39","15.0","35.715","78.098"
"39","16.0","35.702","78.993"
"39","17.0","35.689","79.75"
"39","18.0","35.676","80.385"
"39","19.0","35.663","80.912"
"39","20.0","35.649","81.38"
"39","21.0","35.635","81.811"
"39","22.0","35.621","82.169"
"39","23.0","35.607","82.45"
"39","24.0","35.592","82.729"
"39","25.0","35.578","82.952"
"39","26.0","35.563","83.103"
"39","27.0","35.548","83.192"
"39","28.0","35.533","83.229"
"39","29.0","35.519","83.214"
"39","30.0","35.504","83.154"
"39","31.0","35.489","83.051"
"39","32.0","35.474","82.913"
"39","33.0","35.459","82.746"
"39","34.0","35.443","82.557"
"39","35.0","35.428","82.345"
"39","36.0","35.413","82.116"
"39","37.0","35.398","81.865"
"39","38.0","35.383","81.593"
"39","39.0","35.368","81.3"
"39","40.0","35.353","80.989"
"39","41.0","35.338","80.659"
"39","42.0","35.322","80.311"
"39","43.0","35.307","79.951"
"39","44.0","35.292","79.565"
"39","45.0","35.277","79.156"
"39","46.0","35.262","78.74"
"39","47.0","35.247","78.335"
"39","48.0","35.232","77.941"
"39","49.0","35.217","77.546"
"39","50.0","35.202","77.153"
"39","51.0","35.187","76.757"
"39","52.0","35.173","76.365"
"39","53.0","35.158","75.977"
"39","54.0","35.144","75.585"
"39","55.0","35.129","75.191"
"39","56.0","35.115","74.801"
"39","57.0","35.1","74.413"
"39","58.0","35.086","74.03"
"39","59.0","35.072","73.65"
"39","60.0","35.057","73.273"
"39","61.0","35.043","72.9"
"39","62.0","35.029","72.534"
"39","63.0","35.015","72.169"
"39","64.0","35.001","71.806"
"39","65.0","34.987","71.446"
"39","66.0","34.973","71.088"
"39","67.0","34.959","70.745"
"39","68.0","34.945","70.396"
"39","69.0","34.932","70.004"
"39","70.0","34.918","69.606"
"39","71.0","34.905","69.19"
"39","72.0","34.892","68.771"
"39","73.0","34.879","68.357"
"39","74.0","34.866","67.953"
"39","75.0","34.854","67.559"
"39","76.0","34.842","67.17"
"39","77.0","34.829","66.789"
"39","78.0","34.817","66.417"
"39","79.0","34.805","66.052"
"39","80.0","34.793","65.693"
"39","81.0","34.781","65.34"
"39","82.0","34.77","64.999"
"39","83.0","34.758","64.666"
"39","84.0","34.746","64.342"
"39","85.0","34.735","64.027"
"39","86.0","34.723","63.722"
"39","87.0","34.712","63.426"
"39","88.0","34.7","63.143"
"39","89.0","34.689","62.869"
"39","90.0","34.678","62.601"
"39","91.0","34.667","62.343"
"39","92.0","34.656","62.051"
"39","93.0","34.645","61.682"
"39","94.0","34.636","61.256"
"39","95.0","34.626","60.805"
"40","0.0","35.766","0.0"
"40","1.0","35.778","45.861"
"40","2.0","35.78","62.861"
"40","3.0","35.792","52.318"
"40","4.0","35.802","52.507"
"40","5.0","35.8","58.43"
"40","6.0","35.797","61.321"
"40","7.0","35.791","64.563"
"40","8.0","35.784","67.415"
"40","9.0","35.775","69.87"
"40","10.0","35.766","72.029"
"40","11.0","35.755","73.926"
"40","12.0","35.744","75.59"
"40","13.0","35.732","77.044"
"40","14.0","35.72","78.304"
"40","15.0","35.708","79.386"
"40","16.0","35.695","80.31"
"40","17.0","35.682","81.091"
"40","18.0","35.668","81.747"
"40","19.0","35.655","82.29"
"40","20.0","35.641","82.79"
"40","21.0","35.627","83.247"
"40","22.0","35.613","83.624"
"40","23.0","35.598","83.921"
"40","24.0","35.584","84.201"
"40","25.0","35.569","84.433"
"40","26.0","35.554","84.592"
"40","27.0","35.539","84.689"
"40","28.0","35.524","84.733"
"40","29.0","35.509","84.722"
"40","30.0","35.494","84.667"
"40","31.0","35.479","84.568"
"40","32.0","35.464","84.432"
"40","33.0","35.449","84.269"
"40","34.0","35.434","84.08"
"40","35.0","35.419","83.867"
"40","36.0","35.403","83.637"
"40","37.0","35.388","83.386"
"40","38.0","35.373","83.113"
"40","39.0","35.358","82.821"
"40","40.0","35.343","82.51"
"40","41.0","35.327","82.18"
"40","42.0","35.312","81.833"
"40","43.0","35.297","81.471"
"40","44.0","35.282","81.08"
"40","45.0","35.267","80.663"
"40","46.0","35.251","80.24"
"40","47.0","35.236","79.825"
"40","48.0","35.221","79.422"
"40","49.0","35.207","79.019"
"40","50.0","35.192","78.617"
"40","51.0","35.177","78.212"
"40","52.0","35.162","77.812"
"40","53.0","35.148","77.417"
"40","54.0","35.133","77.019"
"40","55.0","35.119","76.62"
"40","56.0","35.104","76.224"
"40","57.0","35.09","75.83"
"40","58.0","35.075","75.44"
"40","59.0","35.061","75.054"
"40","60.0","35.047","74.67"
"40","61.0","35.032","74.292"
"40","62.0","35.018","73.92"
"40","63.0","35.004","73.549"
"40","64.0","34.99","73.18"
"40","65.0","34.976","72.814"
"40","66.0","34.962","72.451"
"40","67.0","34.948","72.097"
"40","68.0","34.934","71.729"
"40","69.0","34.921","71.313"
"40","70.0","34.907","70.893"
"40","71.0","34.894","70.459"
"40","72.0","34.881","70.024"
"40","73.0","34.868","69.593"
"40","74.0","34.856","69.173"
"40","75.0","34.843","68.763"
"40","76.0","34.831","68.361"
"40","77.0","34.818","67.967"
"40","78.0","34.806","67.583"
"40","79.0","34.794","67.207"
"40","80.0","34.782","66.836"
"40","81.0","34.77","66.474"
"40","82.0","34.759","66.123"
"40","83.0","34.747","65.782"
"40","84.0","34.735","65.45"
"40","85.0","34.724","65.127"
"40","86.0","34.712","64.814"
"40","87.0","34.701","64.51"
"40","88.0","34.689","64.218"
"40","89.0","34.678","63.936"
"40","90.0","34.667","63.663"
"40","91.0","34.656","63.395"
"40","92.0","34.645","63.067"
"40","93.0","34.634","62.641"
"40","94.0","34.625","62.165"
"40","95.0","34.615","61.672"
"41","0.0","35.763","0.0"
"41","1.0","35.774","42.858"
"41","2.0","35.778","62.252"
"41","3.0","35.79","52.06"
"41","4.0","35.799","52.462"
"41","5.0","35.797","58.565"
"41","6.0","35.793","61.575"
"41","7.0","35.788","64.958"
"41","8.0","35.78","67.885"
"41","9.0","35.771","70.398"
"41","10.0","35.761","72.607"
"41","11.0","35.75","74.546"
"41","12.0","35.739","76.244"
"41","13.0","35.727","77.724"
"41","14.0","35.715","79.009"
"41","15.0","35.702","80.107"
"41","16.0","35.689","81.047"
"41","17.0","35.675","81.839"
"41","18.0","35.662","82.505"
"41","19.0","35.648","83.053"
"41","20.0","35.634","83.572"
"41","21.0","35.62","84.042"
"41","22.0","35.606","84.428"
"41","23.0","35.591","84.733"
"41","24.0","35.576","85.013"
"41","25.0","35.561","85.247"
"41","26.0","35.546","85.409"
"41","27.0","35.531","85.508"
"41","28.0","35.516","85.552"
"41","29.0","35.501","85.542"
"41","30.0","35.486","85.487"
"41","31.0","35.471","85.387"
"41","32.0","35.456","85.25"
"41","33.0","35.441","85.087"
"41","34.0","35.425","84.896"
"41","35.0","35.41","84.681"
"41","36.0","35.395","84.448"
"41","37.0","35.38","84.194"
"41","38.0","35.364","83.919"
"41","39.0","35.349","83.625"
"41","40.0","35.334","83.311"
"41","41.0","35.319","82.979"
"41","42.0","35.303","82.629"
"41","43.0","35.288","82.265"
"41","44.0","35.273","81.869"
"41","45.0","35.258","81.447"
"41","46.0","35.243","81.019"
"41","47.0","35.228","80.597"
"41","48.0","35.213","80.188"
"41","49.0","35.198","79.779"
"41","50.0","35.183","79.372"
"41","51.0","35.168","78.961"
"41","52.0","35.153","78.556"
"41","53.0","35.139","78.155"
"41","54.0","35.124","77.754"
"41","55.0","35.11","77.351"
"41","56.0","35.095","76.95"
"41","57.0","35.081","76.553"
"41","58.0","35.066","76.159"
"41","59.0","35.052","75.768"
"41","60.0","35.038","75.38"
"41","61.0","35.023","74.996"
"41","62.0","35.009","74.62"
"41","63.0","34.995","74.243"
"41","64.0","34.981","73.868"
"41","65.0","34.967","73.498"
"41","66.0","34.953","73.129"
"41","67.0","34.939","72.769"
"41","68.0","34.925","72.388"
"41","69.0","34.911","71.957"
"41","70.0","34.898","71.525"
"41","71.0","34.885","71.08"
"41","72.0","34.872","70.633"
"41","73.0","34.859","70.193"
"41","74.0","34.847","69.763"
"41","75.0","34.834","69.344"
"41","76.0","34.822","68.933"
"41","77.0","34.809","68.531"
"41","78.0","34.797","68.14"
"41","79.0","34.785","67.757"
"41","80.0","34.773","67.381"
"41","81.0","34.761","67.014"
"41","82.0","34.75","66.659"
"41","83.0","34.738","66.314"
"41","84.0","34.726","65.978"
"41","85.0","34.715","65.651"
"41","86.0","34.703","65.335"
"41","87.0","34.692","65.027"
"41","88.0","34.68","64.731"
"41","89.0","34.669","64.445"
"41","90.0","34.658","64.169"
"41","91.0","34.647","63.896"
"41","92.0","34.636","63.55"
"41","93.0","34.625","63.094"
"41","94.0","34.616","62.595"
"41","95.0","34.606","62.081"
"42","0.0","35.76","0.0"
"42","1.0","35.772","39.993"
"42","2.0","35.774","64.161"
"42","3.0","35.788","51.789"
"42","4.0","35.797","52.523"
"42","5.0","35.794","58.782"
"42","6.0","35.791","61.955"
"42","7.0","35.784","65.527"
"42","8.0","35.776","68.557"
"42","9.0","35.767","71.152"
"42","10.0","35.757","73.429"
"42","11.0","35.746","75.42"
"42","12.0","35.735","77.161"
"42","13.0","35.722","78.679"
"42","14.0","35.71","79.992"
"42","15.0","35.697","81.113"
"42","16.0","35.684","82.073"
"42","17.0","35.67","82.88"
"42","18.0","35.657","83.559"
"42","19.0","35.643","84.113"
"42","20.0","35.629","84.661"
"42","21.0","35.614","85.149"
"42","22.0","35.6","85.547"
"42","23.0","35.585","85.861"
"42","24.0","35.57","86.142"
"42","25.0","35.555","86.379"
"42","26.0","35.54","86.544"
"42","27.0","35.525","86.648"
"42","28.0","35.51","86.693"
"42","29.0","35.495","86.684"
"42","30.0","35.48","86.63"
"42","31.0","35.464","86.53"
"42","32.0","35.449","86.391"
"42","33.0","35.434","86.226"
"42","34.0","35.419","86.031"
"42","35.0","35.403","85.81"
"42","36.0","35.388","85.573"
"42","37.0","35.373","85.314"
"42","38.0","35.357","85.034"
"42","39.0","35.342","84.737"
"42","40.0","35.327","84.419"
"42","41.0","35.312","84.082"
"42","42.0","35.296","83.729"
"42","43.0","35.281","83.361"
"42","44.0","35.266","82.956"
"42","45.0","35.251","82.525"
"42","46.0","35.235","82.088"
"42","47.0","35.22","81.656"
"42","48.0","35.205","81.237"
"42","49.0","35.19","80.819"
"42","50.0","35.176","80.402"
"42","51.0","35.161","79.984"
"42","52.0","35.146","79.572"
"42","53.0","35.131","79.166"
"42","54.0","35.117","78.759"
"42","55.0","35.102","78.351"
"42","56.0","35.088","77.945"
"42","57.0","35.073","77.542"
"42","58.0","35.059","77.143"
"42","59.0","35.044","76.747"
"42","60.0","35.03","76.353"
"42","61.0","35.016","75.963"
"42","62.0","35.002","75.582"
"42","63.0","34.987","75.199"
"42","64.0","34.973","74.82"
"42","65.0","34.959","74.444"
"42","66.0","34.945","74.069"
"42","67.0","34.931","73.703"
"42","68.0","34.917","73.305"
"42","69.0","34.904","72.855"
"42","70.0","34.891","72.405"
"42","71.0","34.877","71.944"
"42","72.0","34.864","71.483"
"42","73.0","34.852","71.03"
"42","74.0","34.839","70.586"
"42","75.0","34.827","70.155"
"42","76.0","34.814","69.733"
"42","77.0","34.802","69.321"
"42","78.0","34.79","68.919"
"42","79.0","34.778","68.527"
"42","80.0","34.766","68.143"
"42","81.0","34.754","67.768"
"42","82.0","34.742","67.406"
"42","83.0","34.731","67.053"
"42","84.0","34.719","66.711"
"42","85.0","34.707","66.378"
"42","86.0","34.696","66.054"
"42","87.0","34.684","65.74"
"42","88.0","34.673","65.436"
"42","89.0","34.662","65.144"
"42","90.0","34.651","64.861"
"42","91.0","34.639","64.58"
"42","92.0","34.628","64.206"
"42","93.0","34.618","63.71"
"42","94.0","34.608","63.176"
"42","95.0","34.599","62.634"
"43","0.0","35.758","0.0"
"43","1.0","35.768","39.309"
"43","2.0","35.77","65.484"
"43","3.0","35.786","51.387"
"43","4.0","35.795","52.571"
"43","5.0","35.792","58.937"
"43","6.0","35.788","62.265"
"43","7.0","35.782","65.986"
"43","8.0","35.773","69.098"
"43","9.0","35.764","71.755"
"43","10.0","35.754","74.084"
"43","11.0","35.742","76.12"
"43","12.0","35.731","77.895"
"43","13.0","35.718","79.441"
"43","14.0","35.706","80.779"
"43","15.0","35.693","81.918"
"43","16.0","35.679","82.894"
"43","17.0","35.666","83.712"
"43","18.0","35.652","84.401"
"43","19.0","35.638","84.96"
"43","20.0","35.624","85.531"
"43","21.0","35.609","86.034"
"43","22.0","35.594","86.441"
"43","23.0","35.58","86.763"
"43","24.0","35.565","87.044"
"43","25.0","35.55","87.283"
"43","26.0","35.534","87.45"
"43","27.0","35.519","87.557"
"43","28.0","35.504","87.603"
"43","29.0","35.489","87.594"
"43","30.0","35.474","87.542"
"43","31.0","35.458","87.441"
"43","32.0","35.443","87.302"
"43","33.0","35.428","87.136"
"43","34.0","35.412","86.939"
"43","35.0","35.397","86.717"
"43","36.0","35.382","86.478"
"43","37.0","35.366","86.217"
"43","38.0","35.351","85.935"
"43","39.0","35.336","85.636"
"43","40.0","35.32","85.316"
"43","41.0","35.305","84.978"
"43","42.0","35.29","84.624"
"43","43.0","35.274","84.255"
"43","44.0","35.259","83.844"
"43","45.0","35.244","83.408"
"43","46.0","35.229","82.966"
"43","47.0","35.214","82.528"
"43","48.0","35.199","82.104"
"43","49.0","35.184","81.681"
"43","50.0","35.169","81.258"
"43","51.0","35.154","80.835"
"43","52.0","35.139","80.419"
"43","53.0","35.124","80.008"
"43","54.0","35.11","79.598"
"43","55.0","35.095","79.186"
"43","56.0","35.081","78.777"
"43","57.0","35.066","78.37"
"43","58.0","35.052","77.967"
"43","59.0","35.037","77.566"
"43","60.0","35.023","77.167"
"43","61.0","35.009","76.773"
"43","62.0","34.994","76.388"
"43","63.0","34.98","76.001"
"43","64.0","34.966","75.617"
"43","65.0","34.952","75.238"
"43","66.0","34.938","74.86"
"43","67.0","34.924","74.489"
"43","68.0","34.91","74.074"
"43","69.0","34.896","73.61"
"43","70.0","34.883","73.144"
"43","71.0","34.87","72.672"
"43","72.0","34.857","72.201"
"43","73.0","34.844","71.738"
"43","74.0","34.832","71.284"
"43","75.0","34.819","70.845"
"43","76.0","34.807","70.414"
"43","77.0","34.795","69.994"
"43","78.0","34.782","69.586"
"43","79.0","34.77","69.188"
"43","80.0","34.758","68.799"
"43","81.0","34.747","68.419"
"43","82.0","34.735","68.052"
"43","83.0","34.723","67.695"
"43","84.0","34.711","67.348"
"43","85.0","34.7","67.011"
"43","86.0","34.688","66.684"
"43","87.0","34.677","66.366"
"43","88.0","34.665","66.058"
"43","89.0","34.654","65.761"
"43","90.0","34.643","65.473"
"43","91.0","34.632","65.189"
"43","92.0","34.621","64.788"
"43","93.0","34.61","64.254"
"43","94.0","34.601","63.691"
"43","95.0","34.591","63.123"
"44","0.0","35.756","0.0"
"44","1.0","35.766","36.344"
"44","2.0","35.769","63.142"
"44","3.0","35.785","50.379"
"44","4.0","35.793","52.732"
"44","5.0","35.79","59.086"
"44","6.0","35.786","62.704"
"44","7.0","35.779","66.616"
"44","8.0","35.77","69.833"
"44","9.0","35.76","72.576"
"44","10.0","35.75","74.974"
"44","11.0","35.738","77.064"
"44","12.0","35.726","78.885"
"44","13.0","35.714","80.47"
"44","14.0","35.701","81.838"
"44","15.0","35.688","83.0"
"44","16.0","35.674","83.998"
"44","17.0","35.66","84.831"
"44","18.0","35.646","85.533"
"44","19.0","35.632","86.099"
"44","20.0","35.618","86.702"
"44","21.0","35.603","87.226"
"44","22.0","35.588","87.646"
"44","23.0","35.573","87.978"
"44","24.0","35.558","88.263"
"44","25.0","35.543","88.505"
"44","26.0","35.528","88.677"
"44","27.0","35.513","88.789"
"44","28.0","35.497","88.837"
"44","29.0","35.482","88.831"
"44","30.0","35.467","88.781"
"44","31.0","35.451","88.681"
"44","32.0","35.436","88.543"
"44","33.0","35.421","88.378"
"44","34.0","35.405","88.18"
"44","35.0","35.39","87.957"
"44","36.0","35.374","87.717"
"44","37.0","35.359","87.455"
"44","38.0","35.344","87.172"
"44","39.0","35.328","86.874"
"44","40.0","35.313","86.553"
"44","41.0","35.298","86.214"
"44","42.0","35.282","85.863"
"44","43.0","35.267","85.494"
"44","44.0","35.251","85.076"
"44","45.0","35.236","84.634"
"44","46.0","35.221","84.187"
"44","47.0","35.206","83.742"
"44","48.0","35.191","83.31"
"44","49.0","35.176","82.879"
"44","50.0","35.161","82.449"
"44","51.0","35.146","82.019"
"44","52.0","35.131","81.596"
"44","53.0","35.117","81.179"
"44","54.0","35.102","80.764"
"44","55.0","35.087","80.348"
"44","56.0","35.073","79.934"
"44","57.0","35.058","79.522"
"44","58.0","35.044","79.112"
"44","59.0","35.029","78.706"
"44","60.0","35.015","78.302"
"44","61.0","35.0","77.902"
"44","62.0","34.986","77.511"
"44","63.0","34.972","77.119"
"44","64.0","34.958","76.731"
"44","65.0","34.944","76.347"
"44","66.0","34.929","75.966"
"44","67.0","34.915","75.591"
"44","68.0","34.902","75.151"
"44","69.0","34.888","74.665"
"44","70.0","34.875","74.181"
"44","71.0","34.861","73.693"
"44","72.0","34.848","73.208"
"44","73.0","34.836","72.732"
"44","74.0","34.823","72.265"
"44","75.0","34.811","71.815"
"44","76.0","34.798","71.374"
"44","77.0","34.786","70.944"
"44","78.0","34.774","70.528"
"44","79.0","34.762","70.122"
"44","80.0","34.75","69.726"
"44","81.0","34.738","69.34"
"44","82.0","34.726","68.967"
"44","83.0","34.714","68.603"
"44","84.0","34.703","68.251"
"44","85.0","34.691","67.909"
"44","86.0","34.679","67.575"
"44","87.0","34.668","67.253"
"44","88.0","34.656","66.938"
"44","89.0","34.645","66.636"
"44","90.0","34.634","66.345"
"44","91.0","34.623","66.057"
"44","92.0","34.612","65.607"
"44","93.0","34.601","65.021"
"44","94.0","34.592","64.414"
"44","95.0","34.583","63.81"
"45","0.0","35.754","0.0"
"45","1.0","35.766","35.183"
"45","2.0","35.769","60.648"
"45","3.0","35.783","49.343"
"45","4.0","35.79","53.028"
"45","5.0","35.787","59.17"
"45","6.0","35.783","63.046"
"45","7.0","35.775","67.094"
"45","8.0","35.767","70.384"
"45","9.0","35.757","73.189"
"45","10.0","35.746","75.634"
"45","11.0","35.734","77.766"
"45","12.0","35.722","79.618"
"45","13.0","35.709","81.229"
"45","14.0","35.696","82.618"
"45","15.0","35.682","83.796"
"45","16.0","35.669","84.808"
"45","17.0","35.655","85.651"
"45","18.0","35.641","86.363"
"45","19.0","35.626","86.936"
"45","20.0","35.612","87.559"
"45","21.0","35.597","88.097"
"45","22.0","35.582","88.526"
"45","23.0","35.567","88.865"
"45","24.0","35.552","89.152"
"45","25.0","35.536","89.396"
"45","26.0","35.521","89.57"
"45","27.0","35.506","89.685"
"45","28.0","35.49","89.735"
"45","29.0","35.475","89.729"
"45","30.0","35.459","89.68"
"45","31.0","35.444","89.581"
"45","32.0","35.428","89.442"
"45","33.0","35.413","89.277"
"45","34.0","35.397","89.078"
"45","35.0","35.382","88.853"
"45","36.0","35.366","88.613"
"45","37.0","35.351","88.35"
"45","38.0","35.336","88.066"
"45","39.0","35.32","87.767"
"45","40.0","35.305","87.446"
"45","41.0","35.289","87.106"
"45","42.0","35.274","86.752"
"45","43.0","35.258","86.382"
"45","44.0","35.243","85.958"
"45","45.0","35.228","85.511"
"45","46.0","35.212","85.061"
"45","47.0","35.197","84.61"
"45","48.0","35.182","84.173"
"45","49.0","35.167","83.737"
"45","50.0","35.152","83.302"
"45","51.0","35.137","82.869"
"45","52.0","35.122","82.442"
"45","53.0","35.108","82.021"
"45","54.0","35.093","81.603"
"45","55.0","35.078","81.183"
"45","56.0","35.064","80.766"
"45","57.0","35.049","80.35"
"45","58.0","35.034","79.937"
"45","59.0","35.02","79.528"
"45","60.0","35.005","79.12"
"45","61.0","34.991","78.717"
"45","62.0","34.977","78.323"
"45","63.0","34.962","77.927"
"45","64.0","34.948","77.536"
"45","65.0","34.934","77.15"
"45","66.0","34.92","76.764"
"45","67.0","34.906","76.389"
"45","68.0","34.892","75.928"
"45","69.0","34.878","75.428"
"45","70.0","34.865","74.929"
"45","71.0","34.852","74.43"
"45","72.0","34.839","73.935"
"45","73.0","34.826","73.45"
"45","74.0","34.813","72.975"
"45","75.0","34.801","72.516"
"45","76.0","34.788","72.066"
"45","77.0","34.776","71.63"
"45","78.0","34.764","71.208"
"45","79.0","34.752","70.797"
"45","80.0","34.74","70.397"
"45","81.0","34.728","70.006"
"45","82.0","34.716","69.628"
"45","83.0","34.704","69.26"
"45","84.0","34.692","68.905"
"45","85.0","34.681","68.559"
"45","86.0","34.669","68.223"
"45","87.0","34.657","67.896"
"45","88.0","34.646","67.577"
"45","89.0","34.635","67.271"
"45","90.0","34.623","66.978"
"45","91.0","34.612","66.692"
"45","92.0","34.601","66.197"
"45","93.0","34.591","65.571"
"45","94.0","34.581","64.934"
"45","95.0","34.572","64.303"
"46","0.0","35.751","0.0"
"46","1.0","35.765","39.668"
"46","2.0","35.767","58.631"
"46","3.0","35.782","47.961"
"46","4.0","35.787","53.537"
"46","5.0","35.784","59.353"
"46","6.0","35.779","63.545"
"46","7.0","35.771","67.772"
"46","8.0","35.762","71.152"
"46","9.0","35.752","74.04"
"46","10.0","35.74","76.55"
"46","11.0","35.728","78.734"
"46","12.0","35.716","80.628"
"46","13.0","35.703","82.274"
"46","14.0","35.689","83.691"
"46","15.0","35.676","84.891"
"46","16.0","35.662","85.92"
"46","17.0","35.648","86.776"
"46","18.0","35.633","87.497"
"46","19.0","35.619","88.083"
"46","20.0","35.604","88.734"
"46","21.0","35.589","89.29"
"46","22.0","35.574","89.73"
"46","23.0","35.559","90.079"
"46","24.0","35.543","90.368"
"46","25.0","35.528","90.615"
"46","26.0","35.512","90.793"
"46","27.0","35.497","90.911"
"46","28.0","35.481","90.963"
"46","29.0","35.466","90.959"
"46","30.0","35.45","90.911"
"46","31.0","35.434","90.812"
"46","32.0","35.419","90.673"
"46","33.0","35.403","90.509"
"46","34.0","35.388","90.308"
"46","35.0","35.372","90.082"
"46","36.0","35.356","89.841"
"46","37.0","35.341","89.576"
"46","38.0","35.325","89.291"
"46","39.0","35.31","88.993"
"46","40.0","35.294","88.67"
"46","41.0","35.279","88.329"
"46","42.0","35.263","87.977"
"46","43.0","35.248","87.607"
"46","44.0","35.232","87.174"
"46","45.0","35.217","86.721"
"46","46.0","35.202","86.265"
"46","47.0","35.186","85.808"
"46","48.0","35.171","85.364"
"46","49.0","35.156","84.923"
"46","50.0","35.141","84.481"
"46","51.0","35.126","84.043"
"46","52.0","35.111","83.611"
"46","53.0","35.096","83.185"
"46","54.0","35.082","82.763"
"46","55.0","35.067","82.34"
"46","56.0","35.052","81.919"
"46","57.0","35.037","81.5"
"46","58.0","35.023","81.082"
"46","59.0","35.008","80.669"
"46","60.0","34.994","80.257"
"46","61.0","34.979","79.849"
"46","62.0","34.965","79.45"
"46","63.0","34.95","79.05"
"46","64.0","34.936","78.656"
"46","65.0","34.922","78.266"
"46","66.0","34.908","77.876"
"46","67.0","34.893","77.5"
"46","68.0","34.879","77.008"
"46","69.0","34.866","76.485"
"46","70.0","34.852","75.968"
"46","71.0","34.839","75.453"
"46","72.0","34.826","74.946"
"46","73.0","34.813","74.448"
"46","74.0","34.801","73.96"
"46","75.0","34.788","73.492"
"46","76.0","34.776","73.031"
"46","77.0","34.763","72.587"
"46","78.0","34.751","72.157"
"46","79.0","34.739","71.738"
"46","80.0","34.727","71.331"
"46","81.0","34.715","70.935"
"46","82.0","34.703","70.551"
"46","83.0","34.691","70.179"
"46","84.0","34.679","69.818"
"46","85.0","34.668","69.467"
"46","86.0","34.656","69.125"
"46","87.0","34.644","68.796"
"46","88.0","34.633","68.471"
"46","89.0","34.621","68.161"
"46","90.0","34.61","67.86"
"46","91.0","34.599","67.582"
"46","92.0","34.588","67.012"
"46","93.0","34.578","66.331"
"46","94.0","34.568","65.65"
"46","95.0","34.559","64.983"
"47","0.0","35.748","0.0"
"47","1.0","35.764","43.527"
"47","2.0","35.765","56.388"
"47","3.0","35.78","47.282"
"47","4.0","35.785","53.775"
"47","5.0","35.782","59.592"
"47","6.0","35.776","63.938"
"47","7.0","35.768","68.295"
"47","8.0","35.758","71.741"
"47","9.0","35.748","74.684"
"47","10.0","35.736","77.238"
"47","11.0","35.724","79.457"
"47","12.0","35.711","81.38"
"47","13.0","35.698","83.05"
"47","14.0","35.684","84.485"
"47","15.0","35.67","85.699"
"47","16.0","35.656","86.739"
"47","17.0","35.641","87.604"
"47","18.0","35.627","88.332"
"47","19.0","35.612","88.929"
"47","20.0","35.597","89.597"
"47","21.0","35.582","90.166"
"47","22.0","35.567","90.613"
"47","23.0","35.551","90.967"
"47","24.0","35.536","91.259"
"47","25.0","35.52","91.506"
"47","26.0","35.505","91.686"
"47","27.0","35.489","91.805"
"47","28.0","35.473","91.857"
"47","29.0","35.458","91.853"
"47","30.0","35.442","91.805"
"47","31.0","35.426","91.706"
"47","32.0","35.411","91.567"
"47","33.0","35.395","91.402"
"47","34.0","35.379","91.2"
"47","35.0","35.364","90.973"
"47","36.0","35.348","90.73"
"47","37.0","35.332","90.464"
"47","38.0","35.317","90.177"
"47","39.0","35.301","89.878"
"47","40.0","35.286","89.554"
"47","41.0","35.27","89.212"
"47","42.0","35.254","88.858"
"47","43.0","35.239","88.486"
"47","44.0","35.223","88.047"
"47","45.0","35.208","87.59"
"47","46.0","35.193","87.129"
"47","47.0","35.177","86.668"
"47","48.0","35.162","86.219"
"47","49.0","35.147","85.772"
"47","50.0","35.132","85.326"
"47","51.0","35.117","84.883"
"47","52.0","35.102","84.447"
"47","53.0","35.087","84.018"
"47","54.0","35.072","83.592"
"47","55.0","35.058","83.166"
"47","56.0","35.043","82.743"
"47","57.0","35.028","82.32"
"47","58.0","35.013","81.899"
"47","59.0","34.999","81.482"
"47","60.0","34.984","81.067"
"47","61.0","34.97","80.656"
"47","62.0","34.955","80.254"
"47","63.0","34.941","79.85"
"47","64.0","34.926","79.453"
"47","65.0","34.912","79.06"
"47","66.0","34.898","78.667"
"47","67.0","34.884","78.286"
"47","68.0","34.87","77.771"
"47","69.0","34.856","77.235"
"47","70.0","34.843","76.702"
"47","71.0","34.829","76.176"
"47","72.0","34.816","75.658"
"47","73.0","34.804","75.152"
"47","74.0","34.791","74.658"
"47","75.0","34.778","74.18"
"47","76.0","34.766","73.711"
"47","77.0","34.754","73.261"
"47","78.0","34.741","72.825"
"47","79.0","34.729","72.401"
"47","80.0","34.717","71.991"
"47","81.0","34.705","71.59"
"47","82.0","34.693","71.201"
"47","83.0","34.681","70.825"
"47","84.0","34.67","70.461"
"47","85.0","34.658","70.107"
"47","86.0","34.646","69.764"
"47","87.0","34.635","69.429"
"47","88.0","34.623","69.1"
"47","89.0","34.611","68.788"
"47","90.0","34.6","68.484"
"47","91.0","34.588","68.208"
"47","92.0","34.578","67.579"
"47","93.0","34.568","66.859"
"47","94.0","34.558","66.147"
"47","95.0","34.549","65.453"
"48","0.0","35.745","0.0"
"48","1.0","35.765","40.682"
"48","2.0","35.766","52.852"
"48","3.0","35.778","46.511"
"48","4.0","35.782","53.928"
"48","5.0","35.779","59.993"
"48","6.0","35.773","64.512"
"48","7.0","35.764","69.048"
"48","8.0","35.754","72.586"
"48","9.0","35.743","75.607"
"48","10.0","35.731","78.223"
"48","11.0","35.719","80.492"
"48","12.0","35.706","82.454"
"48","13.0","35.692","84.156"
"48","14.0","35.678","85.613"
"48","15.0","35.664","86.846"
"48","16.0","35.65","87.9"
"48","17.0","35.635","88.774"
"48","18.0","35.62","89.51"
"48","19.0","35.606","90.121"
"48","20.0","35.591","90.812"
"48","21.0","35.575","91.394"
"48","22.0","35.56","91.848"
"48","23.0","35.544","92.209"
"48","24.0","35.528","92.5"
"48","25.0","35.513","92.746"
"48","26.0","35.497","92.925"
"48","27.0","35.481","93.044"
"48","28.0","35.466","93.093"
"48","29.0","35.45","93.088"
"48","30.0","35.434","93.038"
"48","31.0","35.418","92.935"
"48","32.0","35.402","92.793"
"48","33.0","35.387","92.625"
"48","34.0","35.371","92.418"
"48","35.0","35.355","92.187"
"48","36.0","35.34","91.941"
"48","37.0","35.324","91.67"
"48","38.0","35.308","91.381"
"48","39.0","35.292","91.078"
"48","40.0","35.277","90.751"
"48","41.0","35.261","90.406"
"48","42.0","35.246","90.051"
"48","43.0","35.23","89.672"
"48","44.0","35.214","89.223"
"48","45.0","35.199","88.758"
"48","46.0","35.184","88.291"
"48","47.0","35.168","87.821"
"48","48.0","35.153","87.364"
"48","49.0","35.138","86.909"
"48","50.0","35.123","86.456"
"48","51.0","35.108","86.006"
"48","52.0","35.093","85.565"
"48","53.0","35.078","85.129"
"48","54.0","35.063","84.699"
"48","55.0","35.048","84.269"
"48","56.0","35.034","83.84"
"48","57.0","35.019","83.412"
"48","58.0","35.004","82.987"
"48","59.0","34.99","82.564"
"48","60.0","34.975","82.144"
"48","61.0","34.96","81.729"
"48","62.0","34.946","81.32"
"48","63.0","34.931","80.912"
"48","64.0","34.917","80.51"
"48","65.0","34.903","80.113"
"48","66.0","34.888","79.72"
"48","67.0","34.874","79.328"
"48","68.0","34.86","78.782"
"48","69.0","34.847","78.221"
"48","70.0","34.833","77.67"
"48","71.0","34.82","77.127"
"48","72.0","34.807","76.596"
"48","73.0","34.794","76.076"
"48","74.0","34.781","75.568"
"48","75.0","34.769","75.08"
"48","76.0","34.756","74.601"
"48","77.0","34.744","74.141"
"48","78.0","34.732","73.697"
"48","79.0","34.72","73.265"
"48","80.0","34.708","72.846"
"48","81.0","34.696","72.441"
"48","82.0","34.684","72.045"
"48","83.0","34.672","71.664"
"48","84.0","34.66","71.294"
"48","85.0","34.648","70.935"
"48","86.0","34.637","70.584"
"48","87.0","34.625","70.246"
"48","88.0","34.614","69.912"
"48","89.0","34.602","69.595"
"48","90.0","34.59","69.289"
"48","91.0","34.579","69.001"
"48","92.0","34.568","68.296"
"48","93.0","34.558","67.524"
"48","94.0","34.549","66.772"
"48","95.0","34.54","66.044"
"49","0.0","35.744","0.0"
"49","1.0","35.761","37.339"
"49","2.0","35.766","51.29"
"49","3.0","35.777","45.382"
"49","4.0","35.78","54.137"
"49","5.0","35.776","60.255"
"49","6.0","35.77","64.958"
"49","7.0","35.761","69.621"
"49","8.0","35.75","73.227"
"49","9.0","35.739","76.305"
"49","10.0","35.727","78.965"
"49","11.0","35.714","81.268"
"49","12.0","35.701","83.258"
"49","13.0","35.687","84.982"
"49","14.0","35.673","86.456"
"49","15.0","35.658","87.7"
"49","16.0","35.644","88.763"
"49","17.0","35.629","89.644"
"49","18.0","35.614","90.386"
"49","19.0","35.599","91.01"
"49","20.0","35.584","91.715"
"49","21.0","35.568","92.307"
"49","22.0","35.553","92.768"
"49","23.0","35.537","93.132"
"49","24.0","35.521","93.424"
"49","25.0","35.505","93.67"
"49","26.0","35.49","93.848"
"49","27.0","35.474","93.967"
"49","28.0","35.458","94.016"
"49","29.0","35.442","94.009"
"49","30.0","35.426","93.957"
"49","31.0","35.41","93.854"
"49","32.0","35.395","93.71"
"49","33.0","35.379","93.54"
"49","34.0","35.363","93.331"
"49","35.0","35.347","93.098"
"49","36.0","35.331","92.85"
"49","37.0","35.316","92.578"
"49","38.0","35.3","92.286"
"49","39.0","35.284","91.982"
"49","40.0","35.269","91.653"
"49","41.0","35.253","91.305"
"49","42.0","35.237","90.948"
"49","43.0","35.222","90.566"
"49","44.0","35.206","90.11"
"49","45.0","35.191","89.64"
"49","46.0","35.175","89.167"
"49","47.0","35.16","88.692"
"49","48.0","35.145","88.228"
"49","49.0","35.13","87.768"
"49","50.0","35.114","87.309"
"49","51.0","35.099","86.855"
"49","52.0","35.084","86.409"
"49","53.0","35.07","85.969"
"49","54.0","35.055","85.535"
"49","55.0","35.04","85.1"
"49","56.0","35.025","84.668"
"49","57.0","35.01","84.236"
"49","58.0","34.996","83.807"
"49","59.0","34.981","83.38"
"49","60.0","34.966","82.956"
"49","61.0","34.952","82.537"
"49","62.0","34.937","82.125"
"49","63.0","34.923","81.714"
"49","64.0","34.908","81.31"
"49","65.0","34.894","80.91"
"49","66.0","34.88","80.51"
"49","67.0","34.865","80.111"
"49","68.0","34.852","79.543"
"49","69.0","34.838","78.968"
"49","70.0","34.825","78.402"
"49","71.0","34.811","77.848"
"49","72.0","34.798","77.307"
"49","73.0","34.786","76.779"
"49","74.0","34.773","76.265"
"49","75.0","34.76","75.767"
"49","76.0","34.748","75.281"
"49","77.0","34.736","74.815"
"49","78.0","34.723","74.366"
"49","79.0","34.711","73.93"
"49","80.0","34.699","73.508"
"49","81.0","34.687","73.097"
"49","82.0","34.675","72.696"
"49","83.0","34.664","72.31"
"49","84.0","34.652","71.937"
"49","85.0","34.64","71.574"
"49","86.0","34.628","71.222"
"49","87.0","34.617","70.878"
"49","88.0","34.605","70.539"
"49","89.0","34.594","70.219"
"49","90.0","34.582","69.912"
"49","91.0","34.571","69.609"
"49","92.0","34.56","68.847"
"49","93.0","34.55","68.033"
"49","94.0","34.541","67.25"
"49","95.0","34.533","66.497"
"50","0.0","35.743","0.0"
"50","1.0","35.755","37.732"
"50","2.0","35.766","48.706"
"50","3.0","35.776","43.361"
"50","4.0","35.777","54.598"
"50","5.0","35.774","60.592"
"50","6.0","35.767","65.567"
"50","7.0","35.757","70.396"
"50","8.0","35.747","74.092"
"50","9.0","35.735","77.238"
"50","10.0","35.723","79.952"
"50","11.0","35.709","82.3"
"50","12.0","35.696","84.325"
"50","13.0","35.682","86.074"
"50","14.0","35.667","87.567"
"50","15.0","35.653","88.825"
"50","16.0","35.638","89.898"
"50","17.0","35.623","90.786"
"50","18.0","35.608","91.53"
"50","19.0","35.593","92.172"
"50","20.0","35.578","92.896"
"50","21.0","35.562","93.499"
"50","22.0","35.546","93.965"
"50","23.0","35.531","94.335"
"50","24.0","35.515","94.627"
"50","25.0","35.499","94.872"
"50","26.0","35.483","95.05"
"50","27.0","35.467","95.168"
"50","28.0","35.451","95.213"
"50","29.0","35.435","95.206"
"50","30.0","35.419","95.152"
"50","31.0","35.403","95.045"
"50","32.0","35.387","94.899"
"50","33.0","35.371","94.726"
"50","34.0","35.356","94.513"
"50","35.0","35.34","94.277"
"50","36.0","35.324","94.026"
"50","37.0","35.308","93.749"
"50","38.0","35.292","93.454"
"50","39.0","35.277","93.147"
"50","40.0","35.261","92.814"
"50","41.0","35.245","92.464"
"50","42.0","35.23","92.104"
"50","43.0","35.214","91.714"
"50","44.0","35.198","91.249"
"50","45.0","35.183","90.771"
"50","46.0","35.168","90.29"
"50","47.0","35.152","89.808"
"50","48.0","35.137","89.336"
"50","49.0","35.122","88.869"
"50","50.0","35.107","88.403"
"50","51.0","35.092","87.943"
"50","52.0","35.077","87.491"
"50","53.0","35.062","87.045"
"50","54.0","35.047","86.606"
"50","55.0","35.032","86.167"
"50","56.0","35.017","85.73"
"50","57.0","35.003","85.293"
"50","58.0","34.988","84.859"
"50","59.0","34.973","84.427"
"50","60.0","34.959","83.999"
"50","61.0","34.944","83.576"
"50","62.0","34.93","83.16"
"50","63.0","34.915","82.746"
"50","64.0","34.901","82.338"
"50","65.0","34.886","81.934"
"50","66.0","34.872","81.532"
"50","67.0","34.858","81.119"
"50","68.0","34.844","80.523"
"50","69.0","34.83","79.925"
"50","70.0","34.817","79.344"
"50","71.0","34.804","78.775"
"50","72.0","34.791","78.222"
"50","73.0","34.778","77.683"
"50","74.0","34.765","77.156"
"50","75.0","34.753","76.651"
"50","76.0","34.741","76.156"
"50","77.0","34.728","75.683"
"50","78.0","34.716","75.227"
"50","79.0","34.704","74.784"
"50","80.0","34.692","74.354"
"50","81.0","34.68","73.94"
"50","82.0","34.668","73.533"
"50","83.0","34.656","73.143"
"50","84.0","34.644","72.765"
"50","85.0","34.633","72.398"
"50","86.0","34.621","72.039"
"50","87.0","34.609","71.693"
"50","88.0","34.598","71.351"
"50","89.0","34.586","71.026"
"50","90.0","34.575","70.708"
"50","91.0","34.563","70.38"
"50","92.0","34.553","69.548"
"50","93.0","34.543","68.681"
"50","94.0","34.534","67.86"
"50","95.0","34.526","67.072"
"51","0.0","35.742","0.0"
"51","1.0","35.759","36.719"
"51","2.0","35.764","46.753"
"51","3.0","35.775","41.797"
"51","4.0","35.775","55.13"
"51","5.0","35.771","61.214"
"51","6.0","35.764","66.433"
"51","7.0","35.754","71.479"
"51","8.0","35.743","75.295"
"51","9.0","35.731","78.534"
"51","10.0","35.718","81.321"
"51","11.0","35.705","83.724"
"51","12.0","35.691","85.794"
"51","13.0","35.676","87.579"
"51","14.0","35.662","89.093"
"51","15.0","35.647","90.37"
"51","16.0","35.632","91.453"
"51","17.0","35.617","92.35"
"51","18.0","35.602","93.095"
"51","19.0","35.587","93.767"
"51","20.0","35.571","94.516"
"51","21.0","35.555","95.133"
"51","22.0","35.54","95.606"
"51","23.0","35.524","95.981"
"51","24.0","35.508","96.272"
"51","25.0","35.492","96.514"
"51","26.0","35.476","96.69"
"51","27.0","35.46","96.804"
"51","28.0","35.444","96.846"
"51","29.0","35.428","96.834"
"51","30.0","35.412","96.775"
"51","31.0","35.396","96.664"
"51","32.0","35.38","96.513"
"51","33.0","35.364","96.334"
"51","34.0","35.348","96.115"
"51","35.0","35.332","95.875"
"51","36.0","35.316","95.617"
"51","37.0","35.3","95.335"
"51","38.0","35.285","95.035"
"51","39.0","35.269","94.722"
"51","40.0","35.253","94.384"
"51","41.0","35.237","94.029"
"51","42.0","35.222","93.665"
"51","43.0","35.206","93.262"
"51","44.0","35.19","92.784"
"51","45.0","35.175","92.294"
"51","46.0","35.16","91.803"
"51","47.0","35.144","91.312"
"51","48.0","35.129","90.828"
"51","49.0","35.114","90.351"
"51","50.0","35.099","89.874"
"51","51.0","35.084","89.406"
"51","52.0","35.069","88.946"
"51","53.0","35.054","88.491"
"51","54.0","35.039","88.045"
"51","55.0","35.024","87.6"
"51","56.0","35.01","87.156"
"51","57.0","34.995","86.711"
"51","58.0","34.98","86.27"
"51","59.0","34.966","85.831"
"51","60.0","34.951","85.395"
"51","61.0","34.936","84.966"
"51","62.0","34.922","84.542"
"51","63.0","34.907","84.122"
"51","64.0","34.893","83.707"
"51","65.0","34.879","83.298"
"51","66.0","34.864","82.89"
"51","67.0","34.85","82.45"
"51","68.0","34.836","81.817"
"51","69.0","34.823","81.194"
"51","70.0","34.809","80.586"
"51","71.0","34.796","79.999"
"51","72.0","34.783","79.429"
"51","73.0","34.77","78.876"
"51","74.0","34.758","78.338"
"51","75.0","34.745","77.817"
"51","76.0","34.733","77.311"
"51","77.0","34.721","76.828"
"51","78.0","34.709","76.362"
"51","79.0","34.696","75.912"
"51","80.0","34.684","75.477"
"51","81.0","34.673","75.052"
"51","82.0","34.661","74.639"
"51","83.0","34.649","74.244"
"51","84.0","34.637","73.86"
"51","85.0","34.625","73.487"
"51","86.0","34.614","73.127"
"51","87.0","34.602","72.773"
"51","88.0","34.59","72.425"
"51","89.0","34.579","72.096"
"51","90.0","34.567","71.775"
"51","91.0","34.556","71.394"
"51","92.0","34.545","70.471"
"51","93.0","34.536","69.537"
"51","94.0","34.527","68.662"
"51","95.0","34.519","67.831"
"52","0.0","35.741","0.0"
"52","1.0","35.758","37.625"
"52","2.0","35.763","48.043"
"52","3.0","35.774","41.612"
"52","4.0","35.773","55.356"
"52","5.0","35.769","61.747"
"52","6.0","35.761","67.056"
"52","7.0","35.751","72.243"
"52","8.0","35.739","76.143"
"52","9.0","35.727","79.439"
"52","10.0","35.714","82.275"
"52","11.0","35.7","84.717"
"52","12.0","35.686","86.816"
"52","13.0","35.672","88.621"
"52","14.0","35.657","90.152"
"52","15.0","35.642","91.439"
"52","16.0","35.627","92.531"
"52","17.0","35.612","93.431"
"52","18.0","35.597","94.181"
"52","19.0","35.581","94.871"
"52","20.0","35.566","95.637"
"52","21.0","35.55","96.264"
"52","22.0","35.534","96.741"
"52","23.0","35.518","97.12"
"52","24.0","35.501","97.412"
"52","25.0","35.485","97.652"
"52","26.0","35.469","97.827"
"52","27.0","35.453","97.939"
"52","28.0","35.437","97.978"
"52","29.0","35.421","97.966"
"52","30.0","35.405","97.904"
"52","31.0","35.389","97.788"
"52","32.0","35.373","97.635"
"52","33.0","35.357","97.453"
"52","34.0","35.341","97.23"
"52","35.0","35.325","96.987"
"52","36.0","35.309","96.725"
"52","37.0","35.293","96.439"
"52","38.0","35.278","96.137"
"52","39.0","35.262","95.821"
"52","40.0","35.246","95.478"
"52","41.0","35.23","95.122"
"52","42.0","35.215","94.755"
"52","43.0","35.199","94.343"
"52","44.0","35.183","93.855"
"52","45.0","35.168","93.359"
"52","46.0","35.153","92.861"
"52","47.0","35.137","92.364"
"52","48.0","35.122","91.873"
"52","49.0","35.107","91.389"
"52","50.0","35.092","90.906"
"52","51.0","35.077","90.433"
"52","52.0","35.062","89.968"
"52","53.0","35.047","89.508"
"52","54.0","35.032","89.058"
"52","55.0","35.017","88.608"
"52","56.0","35.003","88.16"
"52","57.0","34.988","87.71"
"52","58.0","34.973","87.265"
"52","59.0","34.959","86.821"
"52","60.0","34.944","86.382"
"52","61.0","34.929","85.948"
"52","62.0","34.915","85.521"
"52","63.0","34.9","85.096"
"52","64.0","34.886","84.678"
"52","65.0","34.872","84.265"
"52","66.0","34.857","83.86"
"52","67.0","34.843","83.396"
"52","68.0","34.829","82.737"
"52","69.0","34.816","82.091"
"52","70.0","34.802","81.47"
"52","71.0","34.789","80.869"
"52","72.0","34.776","80.288"
"52","73.0","34.764","79.724"
"52","74.0","34.751","79.175"
"52","75.0","34.739","78.647"
"52","76.0","34.726","78.133"
"52","77.0","34.714","77.643"
"52","78.0","34.702","77.172"
"52","79.0","34.69","76.715"
"52","80.0","34.678","76.272"
"52","81.0","34.666","75.845"
"52","82.0","34.654","75.428"
"52","83.0","34.642","75.028"
"52","84.0","34.631","74.642"
"52","85.0","34.619","74.265"
"52","86.0","34.607","73.898"
"52","87.0","34.595","73.542"
"52","88.0","34.584","73.192"
"52","89.0","34.572","72.859"
"52","90.0","34.561","72.539"
"52","91.0","34.549","72.104"
"52","92.0","34.539","71.115"
"52","93.0","34.53","70.134"
"52","94.0","34.521","69.223"
"52","95.0","34.513","68.36"
"53","0.0","35.74","0.0"
"53","1.0","35.751","39.208"
"53","2.0","35.761","46.567"
"53","3.0","35.772","40.925"
"53","4.0","35.77","55.852"
"53","5.0","35.766","62.643"
"53","6.0","35.758","68.191"
"53","7.0","35.747","73.581"
"53","8.0","35.735","77.628"
"53","9.0","35.723","81.024"
"53","10.0","35.709","83.941"
"53","11.0","35.695","86.443"
"53","12.0","35.681","88.589"
"53","13.0","35.666","90.431"
"53","14.0","35.651","91.984"
"53","15.0","35.636","93.292"
"53","16.0","35.621","94.391"
"53","17.0","35.605","95.301"
"53","18.0","35.59","96.056"
"53","19.0","35.574","96.783"
"53","20.0","35.558","97.573"
"53","21.0","35.542","98.213"
"53","22.0","35.526","98.698"
"53","23.0","35.51","99.082"
"53","24.0","35.494","99.375"
"53","25.0","35.478","99.61"
"53","26.0","35.461","99.782"
"53","27.0","35.445","99.89"
"53","28.0","35.429","99.924"
"53","29.0","35.413","99.907"
"53","30.0","35.397","99.839"
"53","31.0","35.381","99.717"
"53","32.0","35.365","99.56"
"53","33.0","35.349","99.371"
"53","34.0","35.333","99.142"
"53","35.0","35.317","98.894"
"53","36.0","35.301","98.627"
"53","37.0","35.285","98.335"
"53","38.0","35.269","98.028"
"53","39.0","35.253","97.706"
"53","40.0","35.238","97.358"
"53","41.0","35.222","96.997"
"53","42.0","35.206","96.625"
"53","43.0","35.19","96.198"
"53","44.0","35.175","95.694"
"53","45.0","35.159","95.186"
"53","46.0","35.144","94.678"
"53","47.0","35.129","94.17"
"53","48.0","35.113","93.668"
"53","49.0","35.098","93.174"
"53","50.0","35.083","92.68"
"53","51.0","35.068","92.2"
"53","52.0","35.053","91.727"
"53","53.0","35.038","91.259"
"53","54.0","35.024","90.799"
"53","55.0","35.009","90.341"
"53","56.0","34.994","89.885"
"53","57.0","34.979","89.426"
"53","58.0","34.965","88.972"
"53","59.0","34.95","88.521"
"53","60.0","34.935","88.073"
"53","61.0","34.921","87.631"
"53","62.0","34.906","87.195"
"53","63.0","34.892","86.763"
"53","64.0","34.877","86.338"
"53","65.0","34.863","85.917"
"53","66.0","34.849","85.501"
"53","67.0","34.834","84.997"
"53","68.0","34.821","84.29"
"53","69.0","34.807","83.614"
"53","70.0","34.794","82.963"
"53","71.0","34.781","82.339"
"53","72.0","34.768","81.739"
"53","73.0","34.755","81.158"
"53","74.0","34.743","80.595"
"53","75.0","34.73","80.049"
"53","76.0","34.718","79.521"
"53","77.0","34.706","79.021"
"53","78.0","34.694","78.539"
"53","79.0","34.682","78.073"
"53","80.0","34.67","77.624"
"53","81.0","34.658","77.186"
"53","82.0","34.646","76.76"
"53","83.0","34.634","76.355"
"53","84.0","34.622","75.962"
"53","85.0","34.611","75.58"
"53","86.0","34.599","75.21"
"53","87.0","34.587","74.845"
"53","88.0","34.576","74.489"
"53","89.0","34.564","74.151"
"53","90.0","34.553","73.83"
"53","91.0","34.541","73.298"
"53","92.0","34.531","72.196"
"53","93.0","34.522","71.136"
"53","94.0","34.513","70.163"
"53","95.0","34.505","69.248"
"54","0.0","35.739","0.0"
"54","1.0","35.747","41.327"
"54","2.0","35.76","42.325"
"54","3.0","35.771","40.171"
"54","4.0","35.768","56.497"
"54","5.0","35.763","63.404"
"54","6.0","35.755","69.356"
"54","7.0","35.744","74.898"
"54","8.0","35.732","79.081"
"54","9.0","35.719","82.57"
"54","10.0","35.705","85.556"
"54","11.0","35.691","88.113"
"54","12.0","35.676","90.3"
"54","13.0","35.661","92.171"
"54","14.0","35.646","93.741"
"54","15.0","35.63","95.059"
"54","16.0","35.615","96.166"
"54","17.0","35.599","97.076"
"54","18.0","35.584","97.825"
"54","19.0","35.568","98.594"
"54","20.0","35.552","99.403"
"54","21.0","35.536","100.05"
"54","22.0","35.52","100.537"
"54","23.0","35.503","100.922"
"54","24.0","35.487","101.212"
"54","25.0","35.471","101.437"
"54","26.0","35.455","101.604"
"54","27.0","35.438","101.703"
"54","28.0","35.422","101.728"
"54","29.0","35.406","101.704"
"54","30.0","35.39","101.627"
"54","31.0","35.374","101.496"
"54","32.0","35.357","101.332"
"54","33.0","35.341","101.134"
"54","34.0","35.325","100.896"
"54","35.0","35.309","100.643"
"54","36.0","35.293","100.367"
"54","37.0","35.278","100.069"
"54","38.0","35.262","99.757"
"54","39.0","35.246","99.427"
"54","40.0","35.23","99.073"
"54","41.0","35.214","98.708"
"54","42.0","35.198","98.33"
"54","43.0","35.183","97.884"
"54","44.0","35.167","97.366"
"54","45.0","35.152","96.846"
"54","46.0","35.136","96.326"
"54","47.0","35.121","95.809"
"54","48.0","35.106","95.296"
"54","49.0","35.091","94.791"
"54","50.0","35.076","94.287"
"54","51.0","35.061","93.799"
"54","52.0","35.046","93.318"
"54","53.0","35.031","92.841"
"54","54.0","35.016","92.374"
"54","55.0","35.001","91.909"
"54","56.0","34.986","91.445"
"54","57.0","34.972","90.979"
"54","58.0","34.957","90.517"
"54","59.0","34.942","90.059"
"54","60.0","34.928","89.604"
"54","61.0","34.913","89.155"
"54","62.0","34.899","88.712"
"54","63.0","34.884","88.274"
"54","64.0","34.87","87.843"
"54","65.0","34.855","87.417"
"54","66.0","34.841","86.994"
"54","67.0","34.827","86.447"
"54","68.0","34.813","85.699"
"54","69.0","34.8","84.991"
"54","70.0","34.786","84.318"
"54","71.0","34.773","83.673"
"54","72.0","34.761","83.056"
"54","73.0","34.748","82.459"
"54","74.0","34.735","81.879"
"54","75.0","34.723","81.322"
"54","76.0","34.711","80.782"
"54","77.0","34.699","80.272"
"54","78.0","34.686","79.781"
"54","79.0","34.674","79.306"
"54","80.0","34.662","78.846"
"54","81.0","34.65","78.403"
"54","82.0","34.639","77.97"
"54","83.0","34.627","77.56"
"54","84.0","34.615","77.161"
"54","85.0","34.603","76.773"
"54","86.0","34.592","76.395"
"54","87.0","34.58","76.027"
"54","88.0","34.568","75.666"
"54","89.0","34.557","75.324"
"54","90.0","34.545","74.983"
"54","91.0","34.534","74.36"
"54","92.0","34.524","73.155"
"54","93.0","34.515","72.025"
"54","94.0","34.507","70.998"
"54","95.0","34.499","70.037"
"55","0.0","35.738","0.0"
"55","1.0","35.741","51.594"
"55","2.0","35.76","40.806"
"55","3.0","35.77","40.01"
"55","4.0","35.766","56.946"
"55","5.0","35.762","64.019"
"55","6.0","35.753","70.35"
"55","7.0","35.742","75.995"
"55","8.0","35.73","80.28"
"55","9.0","35.716","83.846"
"55","10.0","35.703","86.887"
"55","11.0","35.688","89.484"
"55","12.0","35.673","91.704"
"55","13.0","35.658","93.598"
"55","14.0","35.643","95.178"
"55","15.0","35.627","96.51"
"55","16.0","35.612","97.615"
"55","17.0","35.596","98.53"
"55","18.0","35.581","99.27"
"55","19.0","35.565","100.079"
"55","20.0","35.549","100.902"
"55","21.0","35.533","101.553"
"55","22.0","35.516","102.041"
"55","23.0","35.5","102.428"
"55","24.0","35.483","102.715"
"55","25.0","35.467","102.932"
"55","26.0","35.451","103.095"
"55","27.0","35.434","103.186"
"55","28.0","35.418","103.204"
"55","29.0","35.402","103.176"
"55","30.0","35.386","103.09"
"55","31.0","35.37","102.952"
"55","32.0","35.353","102.783"
"55","33.0","35.337","102.576"
"55","34.0","35.321","102.331"
"55","35.0","35.305","102.074"
"55","36.0","35.289","101.791"
"55","37.0","35.273","101.485"
"55","38.0","35.257","101.169"
"55","39.0","35.242","100.832"
"55","40.0","35.226","100.47"
"55","41.0","35.21","100.102"
"55","42.0","35.194","99.719"
"55","43.0","35.178","99.253"
"55","44.0","35.163","98.723"
"55","45.0","35.147","98.192"
"55","46.0","35.132","97.663"
"55","47.0","35.117","97.137"
"55","48.0","35.102","96.614"
"55","49.0","35.086","96.1"
"55","50.0","35.071","95.587"
"55","51.0","35.056","95.091"
"55","52.0","35.041","94.603"
"55","53.0","35.027","94.119"
"55","54.0","35.012","93.644"
"55","55.0","34.997","93.173"
"55","56.0","34.982","92.702"
"55","57.0","34.967","92.231"
"55","58.0","34.953","91.764"
"55","59.0","34.938","91.301"
"55","60.0","34.923","90.841"
"55","61.0","34.909","90.387"
"55","62.0","34.894","89.939"
"55","63.0","34.88","89.497"
"55","64.0","34.865","89.062"
"55","65.0","34.851","88.631"
"55","66.0","34.837","88.206"
"55","67.0","34.822","87.613"
"55","68.0","34.809","86.835"
"55","69.0","34.795","86.108"
"55","70.0","34.782","85.411"
"55","71.0","34.769","84.75"
"55","72.0","34.756","84.119"
"55","73.0","34.744","83.509"
"55","74.0","34.731","82.921"
"55","75.0","34.719","82.349"
"55","76.0","34.707","81.801"
"55","77.0","34.694","81.282"
"55","78.0","34.682","80.784"
"55","79.0","34.67","80.303"
"55","80.0","34.658","79.84"
"55","81.0","34.646","79.385"
"55","82.0","34.635","78.947"
"55","83.0","34.623","78.531"
"55","84.0","34.611","78.127"
"55","85.0","34.599","77.734"
"55","86.0","34.588","77.354"
"55","87.0","34.576","76.976"
"55","88.0","34.564","76.611"
"55","89.0","34.553","76.265"
"55","90.0","34.541","75.922"
"55","91.0","34.53","75.2"
"55","92.0","34.52","73.917"
"55","93.0","34.512","72.73"
"55","94.0","34.503","71.66"
"55","95.0","34.495","70.662"
"56","0.0","35.738","0.0"
"56","1.0","35.739","56.751"
"56","2.0","35.76","38.095"
"56","3.0","35.77","39.715"
"56","4.0","35.766","57.539"
"56","5.0","35.761","64.99"
"56","6.0","35.752","71.83"
"56","7.0","35.741","77.62"
"56","8.0","35.728","82.049"
"56","9.0","35.715","85.725"
"56","10.0","35.701","88.847"
"56","11.0","35.687","91.507"
"56","12.0","35.672","93.774"
"56","13.0","35.656","95.7"
"56","14.0","35.641","97.3"
"56","15.0","35.626","98.647"
"56","16.0","35.61","99.756"
"56","17.0","35.594","100.675"
"56","18.0","35.579","101.41"
"56","19.0","35.563","102.275"
"56","20.0","35.547","103.121"
"56","21.0","35.53","103.78"
"56","22.0","35.514","104.273"
"56","23.0","35.497","104.663"
"56","24.0","35.481","104.942"
"56","25.0","35.465","105.146"
"56","26.0","35.448","105.299"
"56","27.0","35.432","105.376"
"56","28.0","35.416","105.381"
"56","29.0","35.399","105.342"
"56","30.0","35.383","105.242"
"56","31.0","35.367","105.09"
"56","32.0","35.351","104.911"
"56","33.0","35.335","104.691"
"56","34.0","35.319","104.433"
"56","35.0","35.303","104.166"
"56","36.0","35.287","103.869"
"56","37.0","35.271","103.552"
"56","38.0","35.255","103.226"
"56","39.0","35.239","102.875"
"56","40.0","35.223","102.504"
"56","41.0","35.207","102.128"
"56","42.0","35.191","101.736"
"56","43.0","35.176","101.241"
"56","44.0","35.16","100.692"
"56","45.0","35.145","100.146"
"56","46.0","35.129","99.601"
"56","47.0","35.114","99.06"
"56","48.0","35.099","98.523"
"56","49.0","35.084","97.994"
"56","50.0","35.069","97.468"
"56","51.0","35.054","96.961"
"56","52.0","35.039","96.46"
"56","53.0","35.024","95.965"
"56","54.0","35.009","95.479"
"56","55.0","34.994","94.998"
"56","56.0","34.979","94.518"
"56","57.0","34.965","94.039"
"56","58.0","34.95","93.564"
"56","59.0","34.935","93.092"
"56","60.0","34.921","92.625"
"56","61.0","34.906","92.163"
"56","62.0","34.892","91.707"
"56","63.0","34.877","91.258"
"56","64.0","34.863","90.816"
"56","65.0","34.848","90.38"
"56","66.0","34.834","89.957"
"56","67.0","34.82","89.291"
"56","68.0","34.806","88.47"
"56","69.0","34.793","87.706"
"56","70.0","34.779","86.982"
"56","71.0","34.767","86.298"
"56","72.0","34.754","85.647"
"56","73.0","34.741","85.018"
"56","74.0","34.729","84.41"
"56","75.0","34.716","83.823"
"56","76.0","34.704","83.26"
"56","77.0","34.692","82.728"
"56","78.0","34.68","82.218"
"56","79.0","34.668","81.725"
"56","80.0","34.656","81.249"
"56","81.0","34.644","80.785"
"56","82.0","34.632","80.339"
"56","83.0","34.62","79.915"
"56","84.0","34.608","79.503"
"56","85.0","34.597","79.103"
"56","86.0","34.585","78.712"
"56","87.0","34.573","78.328"
"56","88.0","34.562","77.957"
"56","89.0","34.55","77.603"
"56","90.0","34.539","77.272"
"56","91.0","34.528","76.374"
"56","92.0","34.518","74.984"
"56","93.0","34.509","73.719"
"56","94.0","34.501","72.588"
"56","95.0","34.493","71.537"
"57","0.0","35.737","0.0"
"57","1.0","35.735","50.65"
"57","2.0","35.758","35.585"
"57","3.0","35.77","39.284"
"57","4.0","35.764","58.107"
"57","5.0","35.759","66.054"
"57","6.0","35.75","73.357"
"57","7.0","35.739","79.294"
"57","8.0","35.726","83.868"
"57","9.0","35.713","87.652"
"57","10.0","35.698","90.856"
"57","11.0","35.684","93.577"
"57","12.0","35.669","95.891"
"57","13.0","35.653","97.848"
"57","14.0","35.638","99.465"
"57","15.0","35.622","100.827"
"57","16.0","35.607","101.94"
"57","17.0","35.591","102.862"
"57","18.0","35.575","103.603"
"57","19.0","35.559","104.517"
"57","20.0","35.543","105.386"
"57","21.0","35.526","106.052"
"57","22.0","35.51","106.55"
"57","23.0","35.494","106.942"
"57","24.0","35.477","107.218"
"57","25.0","35.461","107.414"
"57","26.0","35.444","107.561"
"57","27.0","35.428","107.63"
"57","28.0","35.411","107.626"
"57","29.0","35.395","107.581"
"57","30.0","35.379","107.472"
"57","31.0","35.363","107.311"
"57","32.0","35.346","107.127"
"57","33.0","35.33","106.897"
"57","34.0","35.314","106.631"
"57","35.0","35.298","106.36"
"57","36.0","35.282","106.053"
"57","37.0","35.266","105.728"
"57","38.0","35.25","105.398"
"57","39.0","35.234","105.038"
"57","40.0","35.219","104.659"
"57","41.0","35.203","104.278"
"57","42.0","35.187","103.876"
"57","43.0","35.171","103.356"
"57","44.0","35.156","102.789"
"57","45.0","35.14","102.23"
"57","46.0","35.125","101.673"
"57","47.0","35.11","101.12"
"57","48.0","35.094","100.571"
"57","49.0","35.079","100.028"
"57","50.0","35.064","99.491"
"57","51.0","35.049","98.976"
"57","52.0","35.034","98.466"
"57","53.0","35.019","97.961"
"57","54.0","35.004","97.465"
"57","55.0","34.99","96.976"
"57","56.0","34.975","96.487"
"57","57.0","34.96","96.0"
"57","58.0","34.945","95.516"
"57","59.0","34.931","95.036"
"57","60.0","34.916","94.56"
"57","61.0","34.902","94.09"
"57","62.0","34.887","93.626"
"57","63.0","34.873","93.169"
"57","64.0","34.858","92.72"
"57","65.0","34.844","92.276"
"57","66.0","34.829","91.842"
"57","67.0","34.815","91.102"
"57","68.0","34.802","90.235"
"57","69.0","34.788","89.439"
"57","70.0","34.775","88.681"
"57","71.0","34.762","87.972"
"57","72.0","34.749","87.3"
"57","73.0","34.737","86.652"
"57","74.0","34.724","86.03"
"57","75.0","34.712","85.421"
"57","76.0","34.7","84.846"
"57","77.0","34.688","84.303"
"57","78.0","34.675","83.781"
"57","79.0","34.663","83.279"
"57","80.0","34.651","82.797"
"57","81.0","34.64","82.319"
"57","82.0","34.628","81.865"
"57","83.0","34.616","81.435"
"57","84.0","34.604","81.017"
"57","85.0","34.593","80.611"
"57","86.0","34.581","80.217"
"57","87.0","34.569","79.822"
"57","88.0","34.558","79.447"
"57","89.0","34.546","79.088"
"57","90.0","34.535","78.756"
"57","91.0","34.524","77.67"
"57","92.0","34.514","76.167"
"57","93.0","34.505","74.818"
"57","94.0","34.497","73.62"
"57","95.0","34.489","72.511"
"58","0.0","35.737","0.0"
"58","1.0","35.73","54.835"
"58","2.0","35.756","35.194"
"58","3.0","35.769","39.222"
"58","4.0","35.763","58.275"
"58","5.0","35.758","66.798"
"58","6.0","35.749","74.408"
"58","7.0","35.737","80.447"
"58","8.0","35.724","85.121"
"58","9.0","35.711","88.978"
"58","10.0","35.696","92.237"
"58","11.0","35.682","94.997"
"58","12.0","35.667","97.343"
"58","13.0","35.651","99.321"
"58","14.0","35.635","100.95"
"58","15.0","35.62","102.32"
"58","16.0","35.604","103.436"
"58","17.0","35.588","104.359"
"58","18.0","35.572","105.101"
"58","19.0","35.556","106.054"
"58","20.0","35.54","106.937"
"58","21.0","35.523","107.607"
"58","22.0","35.507","108.109"
"58","23.0","35.49","108.502"
"58","24.0","35.474","108.775"
"58","25.0","35.457","108.966"
"58","26.0","35.441","109.11"
"58","27.0","35.424","109.173"
"58","28.0","35.408","109.164"
"58","29.0","35.392","109.114"
"58","30.0","35.375","108.999"
"58","31.0","35.359","108.834"
"58","32.0","35.343","108.645"
"58","33.0","35.327","108.409"
"58","34.0","35.311","108.139"
"58","35.0","35.295","107.864"
"58","36.0","35.279","107.551"
"58","37.0","35.263","107.223"
"58","38.0","35.247","106.888"
"58","39.0","35.231","106.524"
"58","40.0","35.215","106.141"
"58","41.0","35.199","105.756"
"58","42.0","35.183","105.35"
"58","43.0","35.168","104.812"
"58","44.0","35.152","104.235"
"58","45.0","35.137","103.666"
"58","46.0","35.121","103.1"
"58","47.0","35.106","102.54"
"58","48.0","35.091","101.981"
"58","49.0","35.076","101.43"
"58","50.0","35.06","100.887"
"58","51.0","35.045","100.365"
"58","52.0","35.03","99.849"
"58","53.0","35.016","99.338"
"58","54.0","35.001","98.836"
"58","55.0","34.986","98.341"
"58","56.0","34.971","97.847"
"58","57.0","34.956","97.355"
"58","58.0","34.942","96.866"
"58","59.0","34.927","96.381"
"58","60.0","34.912","95.899"
"58","61.0","34.898","95.425"
"58","62.0","34.883","94.955"
"58","63.0","34.869","94.494"
"58","64.0","34.854","94.041"
"58","65.0","34.84","93.594"
"58","66.0","34.826","93.148"
"58","67.0","34.811","92.362"
"58","68.0","34.798","91.463"
"58","69.0","34.785","90.64"
"58","70.0","34.771","89.865"
"58","71.0","34.759","89.14"
"58","72.0","34.746","88.453"
"58","73.0","34.733","87.792"
"58","74.0","34.721","87.155"
"58","75.0","34.708","86.537"
"58","76.0","34.696","85.953"
"58","77.0","34.684","85.402"
"58","78.0","34.672","84.873"
"58","79.0","34.66","84.364"
"58","80.0","34.648","83.872"
"58","81.0","34.636","83.39"
"58","82.0","34.624","82.932"
"58","83.0","34.613","82.498"
"58","84.0","34.601","82.076"
"58","85.0","34.589","81.665"
"58","86.0","34.577","81.264"
"58","87.0","34.566","80.867"
"58","88.0","34.554","80.49"
"58","89.0","34.543","80.127"
"58","90.0","34.531","79.769"
"58","91.0","34.52","78.565"
"58","92.0","34.511","76.981"
"58","93.0","34.502","75.576"
"58","94.0","34.494","74.332"
"58","95.0","34.486","73.184"
"59","0.0","35.736","0.0"
"59","1.0","35.728","52.755"
"59","2.0","35.756","31.99"
"59","3.0","35.768","39.69"
"59","4.0","35.762","58.368"
"59","5.0","35.756","67.873"
"59","6.0","35.746","75.98"
"59","7.0","35.734","82.169"
"59","8.0","35.721","86.985"
"59","9.0","35.708","90.944"
"59","10.0","35.693","94.28"
"59","11.0","35.678","97.099"
"59","12.0","35.663","99.49"
"59","13.0","35.647","101.495"
"59","14.0","35.631","103.139"
"59","15.0","35.615","104.523"
"59","16.0","35.6","105.638"
"59","17.0","35.584","106.565"
"59","18.0","35.568","107.292"
"59","19.0","35.551","108.318"
"59","20.0","35.535","109.222"
"59","21.0","35.518","109.896"
"59","22.0","35.502","110.401"
"59","23.0","35.485","110.797"
"59","24.0","35.469","111.064"
"59","25.0","35.452","111.247"
"59","26.0","35.435","111.387"
"59","27.0","35.419","111.44"
"59","28.0","35.403","111.422"
"59","29.0","35.386","111.367"
"59","30.0","35.37","111.241"
"59","31.0","35.354","111.066"
"59","32.0","35.337","110.873"
"59","33.0","35.321","110.627"
"59","34.0","35.305","110.35"
"59","35.0","35.289","110.07"
"59","36.0","35.273","109.748"
"59","37.0","35.257","109.412"
"59","38.0","35.241","109.074"
"59","39.0","35.225","108.7"
"59","40.0","35.209","108.31"
"59","41.0","35.193","107.923"
"59","42.0","35.177","107.509"
"59","43.0","35.162","106.94"
"59","44.0","35.146","106.347"
"59","45.0","35.131","105.765"
"59","46.0","35.115","105.188"
"59","47.0","35.1","104.616"
"59","48.0","35.085","104.047"
"59","49.0","35.07","103.484"
"59","50.0","35.055","102.932"
"59","51.0","35.039","102.401"
"59","52.0","35.025","101.877"
"59","53.0","35.01","101.358"
"59","54.0","34.995","100.848"
"59","55.0","34.98","100.346"
"59","56.0","34.965","99.846"
"59","57.0","34.95","99.347"
"59","58.0","34.936","98.851"
"59","59.0","34.921","98.359"
"59","60.0","34.906","97.872"
"59","61.0","34.892","97.39"
"59","62.0","34.877","96.914"
"59","63.0","34.863","96.447"
"59","64.0","34.848","95.989"
"59","65.0","34.834","95.536"
"59","66.0","34.819","95.08"
"59","67.0","34.805","94.207"
"59","68.0","34.792","93.263"
"59","69.0","34.779","92.41"
"59","70.0","34.766","91.601"
"59","71.0","34.753","90.852"
"59","72.0","34.74","90.143"
"59","73.0","34.727","89.463"
"59","74.0","34.715","88.812"
"59","75.0","34.703","88.174"
"59","76.0","34.69","87.578"
"59","77.0","34.678","87.015"
"59","78.0","34.666","86.475"
"59","79.0","34.654","85.956"
"59","80.0","34.642","85.459"
"59","81.0","34.63","84.963"
"59","82.0","34.619","84.499"
"59","83.0","34.607","84.058"
"59","84.0","34.595","83.631"
"59","85.0","34.583","83.215"
"59","86.0","34.572","82.81"
"59","87.0","34.56","82.404"
"59","88.0","34.549","82.023"
"59","89.0","34.537","81.655"
"59","90.0","34.525","81.277"
"59","91.0","34.515","79.863"
"59","92.0","34.506","78.164"
"59","93.0","34.497","76.679"
"59","94.0","34.489","75.368"
"59","95.0","34.481","74.165"
"60","0.0","35.735","0.0"
"60","1.0","35.728","41.52"
"60","2.0","35.756","27.847"
"60","3.0","35.766","40.257"
"60","4.0","35.76","58.801"
"60","5.0","35.754","68.58"
"60","6.0","35.743","77.049"
"60","7.0","35.731","83.329"
"60","8.0","35.718","88.229"
"60","9.0","35.704","92.26"
"60","10.0","35.689","95.642"
"60","11.0","35.674","98.493"
"60","12.0","35.658","100.911"
"60","13.0","35.642","102.936"
"60","14.0","35.626","104.582"
"60","15.0","35.61","105.974"
"60","16.0","35.594","107.087"
"60","17.0","35.578","108.015"
"60","18.0","35.562","108.722"
"60","19.0","35.545","109.805"
"60","20.0","35.529","110.723"
"60","21.0","35.512","111.396"
"60","22.0","35.495","111.901"
"60","23.0","35.479","112.298"
"60","24.0","35.462","112.559"
"60","25.0","35.445","112.735"
"60","26.0","35.428","112.872"
"60","27.0","35.412","112.916"
"60","28.0","35.395","112.891"
"60","29.0","35.379","112.832"
"60","30.0","35.362","112.697"
"60","31.0","35.346","112.515"
"60","32.0","35.33","112.318"
"60","33.0","35.314","112.063"
"60","34.0","35.297","111.779"
"60","35.0","35.281","111.496"
"60","36.0","35.265","111.165"
"60","37.0","35.249","110.822"
"60","38.0","35.233","110.48"
"60","39.0","35.217","110.099"
"60","40.0","35.201","109.703"
"60","41.0","35.185","109.313"
"60","42.0","35.169","108.897"
"60","43.0","35.154","108.301"
"60","44.0","35.138","107.697"
"60","45.0","35.123","107.105"
"60","46.0","35.107","106.519"
"60","47.0","35.092","105.939"
"60","48.0","35.077","105.361"
"60","49.0","35.062","104.79"
"60","50.0","35.047","104.232"
"60","51.0","35.032","103.696"
"60","52.0","35.017","103.166"
"60","53.0","35.002","102.642"
"60","54.0","34.987","102.126"
"60","55.0","34.972","101.621"
"60","56.0","34.957","101.116"
"60","57.0","34.943","100.613"
"60","58.0","34.928","100.113"
"60","59.0","34.913","99.616"
"60","60.0","34.899","99.124"
"60","61.0","34.884","98.638"
"60","62.0","34.87","98.158"
"60","63.0","34.855","97.688"
"60","64.0","34.841","97.225"
"60","65.0","34.826","96.77"
"60","66.0","34.812","96.323"
"60","67.0","34.798","95.375"
"60","68.0","34.784","94.404"
"60","69.0","34.771","93.526"
"60","70.0","34.758","92.702"
"60","71.0","34.745","91.938"
"60","72.0","34.733","91.217"
"60","73.0","34.72","90.525"
"60","74.0","34.708","89.861"
"60","75.0","34.695","89.214"
"60","76.0","34.683","88.611"
"60","77.0","34.671","88.041"
"60","78.0","34.659","87.495"
"60","79.0","34.647","86.97"
"60","80.0","34.635","86.464"
"60","81.0","34.623","85.964"
"60","82.0","34.612","85.497"
"60","83.0","34.6","85.053"
"60","84.0","34.588","84.622"
"60","85.0","34.576","84.202"
"60","86.0","34.565","83.792"
"60","87.0","34.553","83.382"
"60","88.0","34.541","83.0"
"60","89.0","34.53","82.63"
"60","90.0","34.518","82.264"
"60","91.0","34.508","80.671"
"60","92.0","34.499","78.897"
"60","93.0","34.491","77.365"
"60","94.0","34.483","76.014"
"60","95.0","34.475","74.773"
"61","0.0","35.735","0.0"
"61","1.0","35.726","39.051"
"61","2.0","35.755","25.07"
"61","3.0","35.764","40.821"
"61","4.0","35.759","59.507"
"61","5.0","35.752","69.265"
"61","6.0","35.741","78.063"
"61","7.0","35.729","84.434"
"61","8.0","35.715","89.408"
"61","9.0","35.701","93.5"
"61","10.0","35.686","96.924"
"61","11.0","35.67","99.805"
"61","12.0","35.655","102.248"
"61","13.0","35.639","104.286"
"61","14.0","35.622","105.939"
"61","15.0","35.606","107.335"
"61","16.0","35.59","108.446"
"61","17.0","35.574","109.373"
"61","18.0","35.558","110.066"
"61","19.0","35.541","111.202"
"61","20.0","35.524","112.132"
"61","21.0","35.508","112.804"
"61","22.0","35.491","113.309"
"61","23.0","35.474","113.708"
"61","24.0","35.457","113.964"
"61","25.0","35.44","114.133"
"61","26.0","35.424","114.267"
"61","27.0","35.407","114.303"
"61","28.0","35.39","114.271"
"61","29.0","35.374","114.21"
"61","30.0","35.357","114.067"
"61","31.0","35.341","113.878"
"61","32.0","35.325","113.68"
"61","33.0","35.308","113.416"
"61","34.0","35.292","113.127"
"61","35.0","35.276","112.843"
"61","36.0","35.26","112.504"
"61","37.0","35.244","112.152"
"61","38.0","35.228","111.806"
"61","39.0","35.212","111.415"
"61","40.0","35.196","111.009"
"61","41.0","35.18","110.617"
"61","42.0","35.164","110.196"
"61","43.0","35.148","109.57"
"61","44.0","35.133","108.954"
"61","45.0","35.117","108.351"
"61","46.0","35.102","107.755"
"61","47.0","35.087","107.165"
"61","48.0","35.072","106.578"
"61","49.0","35.056","105.998"
"61","50.0","35.041","105.429"
"61","51.0","35.026","104.883"
"61","52.0","35.011","104.343"
"61","53.0","34.996","103.809"
"61","54.0","34.982","103.283"
"61","55.0","34.967","102.768"
"61","56.0","34.952","102.254"
"61","57.0","34.937","101.742"
"61","58.0","34.923","101.232"
"61","59.0","34.908","100.726"
"61","60.0","34.893","100.226"
"61","61.0","34.879","99.73"
"61","62.0","34.864","99.242"
"61","63.0","34.85","98.763"
"61","64.0","34.835","98.293"
"61","65.0","34.821","97.833"
"61","66.0","34.806","97.395"
"61","67.0","34.793","96.369"
"61","68.0","34.779","95.373"
"61","69.0","34.766","94.48"
"61","70.0","34.753","93.633"
"61","71.0","34.74","92.857"
"61","72.0","34.728","92.123"
"61","73.0","34.715","91.42"
"61","74.0","34.703","90.75"
"61","75.0","34.691","90.087"
"61","76.0","34.678","89.477"
"61","77.0","34.666","88.9"
"61","78.0","34.654","88.347"
"61","79.0","34.642","87.816"
"61","80.0","34.63","87.308"
"61","81.0","34.619","86.796"
"61","82.0","34.607","86.326"
"61","83.0","34.595","85.877"
"61","84.0","34.583","85.441"
"61","85.0","34.572","85.017"
"61","86.0","34.56","84.606"
"61","87.0","34.548","84.187"
"61","88.0","34.537","83.802"
"61","89.0","34.525","83.428"
"61","90.0","34.514","83.097"
"61","91.0","34.504","81.319"
"61","92.0","34.495","79.487"
"61","93.0","34.487","77.916"
"61","94.0","34.479","76.533"
"61","95.0","34.472","75.263"
"62","0.0","35.735","0.0"
"62","1.0","35.725","40.425"
"62","2.0","35.753","24.959"
"62","3.0","35.763","41.637"
"62","4.0","35.758","60.01"
"62","5.0","35.751","69.994"
"62","6.0","35.74","79.065"
"62","7.0","35.727","85.525"
"62","8.0","35.713","90.575"
"62","9.0","35.699","94.723"
"62","10.0","35.684","98.186"
"62","11.0","35.668","101.094"
"62","12.0","35.652","103.557"
"62","13.0","35.636","105.606"
"62","14.0","35.62","107.261"
"62","15.0","35.603","108.662"
"62","16.0","35.587","109.766"
"62","17.0","35.571","110.693"
"62","18.0","35.555","111.381"
"62","19.0","35.538","112.556"
"62","20.0","35.521","113.495"
"62","21.0","35.504","114.165"
"62","22.0","35.487","114.669"
"62","23.0","35.471","115.066"
"62","24.0","35.454","115.315"
"62","25.0","35.437","115.478"
"62","26.0","35.42","115.607"
"62","27.0","35.403","115.634"
"62","28.0","35.387","115.595"
"62","29.0","35.37","115.528"
"62","30.0","35.354","115.377"
"62","31.0","35.337","115.183"
"62","32.0","35.321","114.98"
"62","33.0","35.305","114.708"
"62","34.0","35.288","114.414"
"62","35.0","35.272","114.127"
"62","36.0","35.256","113.782"
"62","37.0","35.24","113.423"
"62","38.0","35.224","113.074"
"62","39.0","35.208","112.676"
"62","40.0","35.192","112.266"
"62","41.0","35.176","111.872"
"62","42.0","35.16","111.446"
"62","43.0","35.145","110.797"
"62","44.0","35.129","110.171"
"62","45.0","35.114","109.56"
"62","46.0","35.098","108.956"
"62","47.0","35.083","108.36"
"62","48.0","35.068","107.765"
"62","49.0","35.053","107.178"
"62","50.0","35.038","106.602"
"62","51.0","35.023","106.05"
"62","52.0","35.008","105.505"
"62","53.0","34.993","104.965"
"62","54.0","34.978","104.434"
"62","55.0","34.963","103.915"
"62","56.0","34.948","103.395"
"62","57.0","34.934","102.879"
"62","58.0","34.919","102.364"
"62","59.0","34.904","101.853"
"62","60.0","34.89","101.348"
"62","61.0","34.875","100.849"
"62","62.0","34.86","100.356"
"62","63.0","34.846","99.873"
"62","64.0","34.831","99.399"
"62","65.0","34.817","98.937"
"62","66.0","34.803","98.506"
"62","67.0","34.789","97.405"
"62","68.0","34.775","96.384"
"62","69.0","34.762","95.471"
"62","70.0","34.749","94.609"
"62","71.0","34.737","93.822"
"62","72.0","34.724","93.077"
"62","73.0","34.712","92.363"
"62","74.0","34.699","91.68"
"62","75.0","34.687","91.01"
"62","76.0","34.675","90.395"
"62","77.0","34.663","89.811"
"62","78.0","34.651","89.253"
"62","79.0","34.639","88.717"
"62","80.0","34.627","88.201"
"62","81.0","34.615","87.684"
"62","82.0","34.603","87.212"
"62","83.0","34.592","86.76"
"62","84.0","34.58","86.321"
"62","85.0","34.568","85.893"
"62","86.0","34.556","85.476"
"62","87.0","34.545","85.055"
"62","88.0","34.533","84.669"
"62","89.0","34.522","84.292"
"62","90.0","34.51","83.988"
"62","91.0","34.5","82.008"
"62","92.0","34.492","80.114"
"62","93.0","34.483","78.504"
"62","94.0","34.476","77.088"
"62","95.0","34.469","75.786"
"63","0.0","35.734","0.0"
"63","1.0","35.728","35.466"
"63","2.0","35.752","26.325"
"63","3.0","35.763","43.008"
"63","4.0","35.757","60.228"
"63","5.0","35.75","70.837"
"63","6.0","35.739","80.152"
"63","7.0","35.726","86.713"
"63","8.0","35.712","91.851"
"63","9.0","35.697","96.057"
"63","10.0","35.682","99.563"
"63","11.0","35.666","102.501"
"63","12.0","35.65","104.985"
"63","13.0","35.634","107.045"
"63","14.0","35.618","108.705"
"63","15.0","35.602","110.106"
"63","16.0","35.585","111.208"
"63","17.0","35.569","112.129"
"63","18.0","35.553","112.829"
"63","19.0","35.536","114.034"
"63","20.0","35.519","114.984"
"63","21.0","35.502","115.651"
"63","22.0","35.485","116.155"
"63","23.0","35.468","116.548"
"63","24.0","35.451","116.791"
"63","25.0","35.435","116.946"
"63","26.0","35.418","117.069"
"63","27.0","35.401","117.087"
"63","28.0","35.384","117.041"
"63","29.0","35.368","116.967"
"63","30.0","35.351","116.807"
"63","31.0","35.335","116.605"
"63","32.0","35.319","116.397"
"63","33.0","35.302","116.117"
"63","34.0","35.286","115.817"
"63","35.0","35.27","115.526"
"63","36.0","35.254","115.173"
"63","37.0","35.238","114.807"
"63","38.0","35.221","114.454"
"63","39.0","35.205","114.051"
"63","40.0","35.189","113.636"
"63","41.0","35.174","113.239"
"63","42.0","35.158","112.804"
"63","43.0","35.142","112.135"
"63","44.0","35.126","111.498"
"63","45.0","35.111","110.878"
"63","46.0","35.096","110.267"
"63","47.0","35.08","109.663"
"63","48.0","35.065","109.061"
"63","49.0","35.05","108.467"
"63","50.0","35.035","107.884"
"63","51.0","35.02","107.327"
"63","52.0","35.005","106.777"
"63","53.0","34.99","106.231"
"63","54.0","34.975","105.695"
"63","55.0","34.961","105.172"
"63","56.0","34.946","104.648"
"63","57.0","34.931","104.128"
"63","58.0","34.916","103.608"
"63","59.0","34.902","103.093"
"63","60.0","34.887","102.584"
"63","61.0","34.872","102.08"
"63","62.0","34.858","101.583"
"63","63.0","34.843","101.097"
"63","64.0","34.829","100.62"
"63","65.0","34.815","100.156"
"63","66.0","34.8","99.713"
"63","67.0","34.786","98.543"
"63","68.0","34.773","97.496"
"63","69.0","34.76","96.566"
"63","70.0","34.747","95.684"
"63","71.0","34.734","94.884"
"63","72.0","34.722","94.126"
"63","73.0","34.709","93.402"
"63","74.0","34.697","92.712"
"63","75.0","34.685","92.027"
"63","76.0","34.673","91.407"
"63","77.0","34.66","90.817"
"63","78.0","34.648","90.253"
"63","79.0","34.637","89.711"
"63","80.0","34.625","89.193"
"63","81.0","34.613","88.667"
"63","82.0","34.601","88.192"
"63","83.0","34.589","87.737"
"63","84.0","34.578","87.294"
"63","85.0","34.566","86.863"
"63","86.0","34.554","86.446"
"63","87.0","34.543","86.016"
"63","88.0","34.531","85.629"
"63","89.0","34.52","85.248"
"63","90.0","34.508","84.945"
"63","91.0","34.498","82.763"
"63","92.0","34.49","80.805"
"63","93.0","34.482","79.152"
"63","94.0","34.474","77.698"
"63","95.0","34.467","76.365"
"64","0.0","35.734","0.0"
"64","1.0","35.731","25.952"
"64","2.0","35.753","24.495"
"64","3.0","35.761","44.321"
"64","4.0","35.757","60.426"
"64","5.0","35.749","71.865"
"64","6.0","35.738","81.491"
"64","7.0","35.725","88.163"
"64","8.0","35.71","93.411"
"64","9.0","35.696","97.688"
"64","10.0","35.68","101.247"
"64","11.0","35.664","104.219"
"64","12.0","35.648","106.728"
"64","13.0","35.632","108.8"
"64","14.0","35.616","110.466"
"64","15.0","35.599","111.867"
"64","16.0","35.583","112.966"
"64","17.0","35.566","113.88"
"64","18.0","35.55","114.603"
"64","19.0","35.533","115.836"
"64","20.0","35.516","116.797"
"64","21.0","35.499","117.462"
"64","22.0","35.482","117.967"
"64","23.0","35.465","118.354"
"64","24.0","35.449","118.59"
"64","25.0","35.432","118.74"
"64","26.0","35.415","118.852"
"64","27.0","35.398","118.861"
"64","28.0","35.381","118.808"
"64","29.0","35.365","118.723"
"64","30.0","35.348","118.554"
"64","31.0","35.332","118.345"
"64","32.0","35.315","118.126"
"64","33.0","35.299","117.838"
"64","34.0","35.283","117.533"
"64","35.0","35.267","117.233"
"64","36.0","35.25","116.872"
"64","37.0","35.234","116.5"
"64","38.0","35.218","116.139"
"64","39.0","35.202","115.729"
"64","40.0","35.186","115.309"
"64","41.0","35.17","114.906"
"64","42.0","35.154","114.453"
"64","43.0","35.139","113.762"
"64","44.0","35.123","113.111"
"64","45.0","35.108","112.48"
"64","46.0","35.092","111.859"
"64","47.0","35.077","111.245"
"64","48.0","35.062","110.634"
"64","49.0","35.047","110.03"
"64","50.0","35.032","109.439"
"64","51.0","35.017","108.874"
"64","52.0","35.002","108.317"
"64","53.0","34.987","107.764"
"64","54.0","34.972","107.221"
"64","55.0","34.957","106.692"
"64","56.0","34.943","106.162"
"64","57.0","34.928","105.636"
"64","58.0","34.913","105.109"
"64","59.0","34.898","104.588"
"64","60.0","34.884","104.075"
"64","61.0","34.869","103.566"
"64","62.0","34.855","103.064"
"64","63.0","34.84","102.574"
"64","64.0","34.826","102.092"
"64","65.0","34.811","101.627"
"64","66.0","34.797","101.156"
"64","67.0","34.783","99.918"
"64","68.0","34.77","98.838"
"64","69.0","34.757","97.883"
"64","70.0","34.744","96.982"
"64","71.0","34.731","96.166"
"64","72.0","34.719","95.394"
"64","73.0","34.706","94.656"
"64","74.0","34.694","93.952"
"64","75.0","34.682","93.258"
"64","76.0","34.67","92.63"
"64","77.0","34.658","92.033"
"64","78.0","34.646","91.461"
"64","79.0","34.634","90.913"
"64","80.0","34.622","90.387"
"64","81.0","34.61","89.856"
"64","82.0","34.598","89.377"
"64","83.0","34.586","88.918"
"64","84.0","34.575","88.471"
"64","85.0","34.563","88.036"
"64","86.0","34.551","87.612"
"64","87.0","34.54","87.18"
"64","88.0","34.528","86.79"
"64","89.0","34.517","86.406"
"64","90.0","34.505","86.048"
"64","91.0","34.496","83.671"
"64","92.0","34.487","81.63"
"64","93.0","34.479","79.927"
"64","94.0","34.472","78.43"
"64","95.0","34.464","77.058"
"65","0.0","35.734","0.0"
"65","1.0","35.731","15.007"
"65","2.0","35.755","18.831"
"65","3.0","35.76","44.856"
"65","4.0","35.756","60.892"
"65","5.0","35.748","72.992"
"65","6.0","35.736","83.072"
"65","7.0","35.723","89.864"
"65","8.0","35.709","95.232"
"65","9.0","35.694","99.588"
"65","10.0","35.678","103.205"
"65","11.0","35.663","106.219"
"65","12.0","35.646","108.755"
"65","13.0","35.63","110.838"
"65","14.0","35.614","112.51"
"65","15.0","35.597","113.908"
"65","16.0","35.581","115.004"
"65","17.0","35.564","115.908"
"65","18.0","35.548","116.672"
"65","19.0","35.531","117.93"
"65","20.0","35.514","118.9"
"65","21.0","35.497","119.563"
"65","22.0","35.48","120.066"
"65","23.0","35.463","120.447"
"65","24.0","35.446","120.675"
"65","25.0","35.429","120.816"
"65","26.0","35.412","120.917"
"65","27.0","35.395","120.915"
"65","28.0","35.379","120.853"
"65","29.0","35.362","120.756"
"65","30.0","35.346","120.576"
"65","31.0","35.329","120.358"
"65","32.0","35.313","120.129"
"65","33.0","35.296","119.83"
"65","34.0","35.28","119.52"
"65","35.0","35.264","119.211"
"65","36.0","35.248","118.841"
"65","37.0","35.232","118.46"
"65","38.0","35.215","118.09"
"65","39.0","35.199","117.673"
"65","40.0","35.183","117.247"
"65","41.0","35.167","116.837"
"65","42.0","35.152","116.365"
"65","43.0","35.136","115.652"
"65","44.0","35.12","114.986"
"65","45.0","35.105","114.342"
"65","46.0","35.09","113.71"
"65","47.0","35.074","113.085"
"65","48.0","35.059","112.464"
"65","49.0","35.044","111.85"
"65","50.0","35.029","111.249"
"65","51.0","35.014","110.678"
"65","52.0","34.999","110.112"
"65","53.0","34.984","109.552"
"65","54.0","34.969","109.003"
"65","55.0","34.955","108.466"
"65","56.0","34.94","107.93"
"65","57.0","34.925","107.399"
"65","58.0","34.91","106.865"
"65","59.0","34.896","106.338"
"65","60.0","34.881","105.819"
"65","61.0","34.867","105.303"
"65","62.0","34.852","104.796"
"65","63.0","34.837","104.301"
"65","64.0","34.823","103.815"
"65","65.0","34.809","103.347"
"65","66.0","34.794","102.819"
"65","67.0","34.781","101.517"
"65","68.0","34.767","100.4"
"65","69.0","34.754","99.418"
"65","70.0","34.741","98.494"
"65","71.0","34.729","97.659"
"65","72.0","34.716","96.87"
"65","73.0","34.704","96.117"
"65","74.0","34.691","95.4"
"65","75.0","34.679","94.691"
"65","76.0","34.667","94.054"
"65","77.0","34.655","93.448"
"65","78.0","34.643","92.868"
"65","79.0","34.631","92.313"
"65","80.0","34.619","91.78"
"65","81.0","34.608","91.24"
"65","82.0","34.596","90.757"
"65","83.0","34.584","90.293"
"65","84.0","34.572","89.841"
"65","85.0","34.561","89.402"
"65","86.0","34.549","88.974"
"65","87.0","34.537","88.535"
"65","88.0","34.526","88.142"
"65","89.0","34.514","87.754"
"65","90.0","34.503","87.273"
"65","91.0","34.493","84.72"
"65","92.0","34.485","82.584"
"65","93.0","34.477","80.823"
"65","94.0","34.47","79.273"
"65","95.0","34.463","77.862"
"66","0.0","35.734","0.0"
"66","1.0","35.732","9.446"
"66","2.0","35.756","18.197"
"66","3.0","35.759","45.287"
"66","4.0","35.755","61.272"
"66","5.0","35.747","73.596"
"66","6.0","35.735","83.964"
"66","7.0","35.722","90.818"
"66","8.0","35.707","96.248"
"66","9.0","35.692","100.65"
"66","10.0","35.677","104.298"
"66","11.0","35.661","107.334"
"66","12.0","35.644","109.885"
"66","13.0","35.628","111.974"
"66","14.0","35.611","113.651"
"66","15.0","35.595","115.05"
"66","16.0","35.578","116.14"
"66","17.0","35.562","117.042"
"66","18.0","35.545","117.829"
"66","19.0","35.529","119.1"
"66","20.0","35.511","120.073"
"66","21.0","35.494","120.735"
"66","22.0","35.477","121.238"
"66","23.0","35.46","121.613"
"66","24.0","35.443","121.837"
"66","25.0","35.426","121.975"
"66","26.0","35.41","122.069"
"66","27.0","35.393","122.06"
"66","28.0","35.376","121.994"
"66","29.0","35.359","121.89"
"66","30.0","35.343","121.704"
"66","31.0","35.326","121.483"
"66","32.0","35.31","121.247"
"66","33.0","35.294","120.942"
"66","34.0","35.277","120.629"
"66","35.0","35.261","120.315"
"66","36.0","35.245","119.939"
"66","37.0","35.229","119.555"
"66","38.0","35.213","119.18"
"66","39.0","35.197","118.758"
"66","40.0","35.181","118.33"
"66","41.0","35.165","117.916"
"66","42.0","35.149","117.425"
"66","43.0","35.133","116.702"
"66","44.0","35.118","116.028"
"66","45.0","35.102","115.377"
"66","46.0","35.087","114.739"
"66","47.0","35.072","114.109"
"66","48.0","35.056","113.483"
"66","49.0","35.041","112.863"
"66","50.0","35.026","112.258"
"66","51.0","35.011","111.682"
"66","52.0","34.996","111.113"
"66","53.0","34.981","110.549"
"66","54.0","34.967","109.996"
"66","55.0","34.952","109.456"
"66","56.0","34.937","108.917"
"66","57.0","34.922","108.383"
"66","58.0","34.908","107.846"
"66","59.0","34.893","107.315"
"66","60.0","34.878","106.794"
"66","61.0","34.864","106.275"
"66","62.0","34.849","105.765"
"66","63.0","34.835","105.268"
"66","64.0","34.82","104.779"
"66","65.0","34.806","104.307"
"66","66.0","34.791","103.74"
"66","67.0","34.778","102.409"
"66","68.0","34.765","101.268"
"66","69.0","34.752","100.267"
"66","70.0","34.739","99.331"
"66","71.0","34.726","98.484"
"66","72.0","34.714","97.684"
"66","73.0","34.701","96.921"
"66","74.0","34.689","96.192"
"66","75.0","34.677","95.479"
"66","76.0","34.665","94.834"
"66","77.0","34.653","94.222"
"66","78.0","34.641","93.636"
"66","79.0","34.629","93.075"
"66","80.0","34.617","92.535"
"66","81.0","34.605","91.992"
"66","82.0","34.593","91.505"
"66","83.0","34.582","91.037"
"66","84.0","34.57","90.581"
"66","85.0","34.558","90.139"
"66","86.0","34.547","89.705"
"66","87.0","34.535","89.266"
"66","88.0","34.524","88.871"
"66","89.0","34.512","88.481"
"66","90.0","34.501","87.909"
"66","91.0","34.491","85.282"
"66","92.0","34.483","83.093"
"66","93.0","34.475","81.301"
"66","94.0","34.468","79.725"
"66","95.0","34.461","78.291"
"67","0.0","35.734","0.0"
"67","1.0","35.735","7.443"
"67","2.0","35.756","20.43"
"67","3.0","35.758","46.432"
"67","4.0","35.753","61.919"
"67","5.0","35.745","74.562"
"67","6.0","35.733","85.307"
"67","7.0","35.719","92.25"
"67","8.0","35.704","97.761"
"67","9.0","35.689","102.225"
"67","10.0","35.673","105.911"
"67","11.0","35.657","108.972"
"67","12.0","35.64","111.537"
"67","13.0","35.624","113.629"
"67","14.0","35.607","115.304"
"67","15.0","35.591","116.69"
"67","16.0","35.574","117.774"
"67","17.0","35.557","118.66"
"67","18.0","35.541","119.484"
"67","19.0","35.524","120.766"
"67","20.0","35.507","121.737"
"67","21.0","35.489","122.391"
"67","22.0","35.472","122.886"
"67","23.0","35.455","123.25"
"67","24.0","35.438","123.463"
"67","25.0","35.421","123.588"
"67","26.0","35.404","123.668"
"67","27.0","35.387","123.646"
"67","28.0","35.371","123.571"
"67","29.0","35.354","123.456"
"67","30.0","35.338","123.259"
"67","31.0","35.321","123.029"
"67","32.0","35.305","122.783"
"67","33.0","35.288","122.469"
"67","34.0","35.272","122.15"
"67","35.0","35.256","121.827"
"67","36.0","35.239","121.442"
"67","37.0","35.223","121.05"
"67","38.0","35.207","120.667"
"67","39.0","35.191","120.237"
"67","40.0","35.175","119.804"
"67","41.0","35.159","119.382"
"67","42.0","35.143","118.869"
"67","43.0","35.128","118.131"
"67","44.0","35.112","117.445"
"67","45.0","35.097","116.783"
"67","46.0","35.081","116.135"
"67","47.0","35.066","115.496"
"67","48.0","35.051","114.861"
"67","49.0","35.036","114.232"
"67","50.0","35.021","113.62"
"67","51.0","35.006","113.037"
"67","52.0","34.991","112.461"
"67","53.0","34.976","111.89"
"67","54.0","34.961","111.331"
"67","55.0","34.946","110.785"
"67","56.0","34.932","110.24"
"67","57.0","34.917","109.7"
"67","58.0","34.902","109.156"
"67","59.0","34.888","108.62"
"67","60.0","34.873","108.093"
"67","61.0","34.859","107.569"
"67","62.0","34.844","107.054"
"67","63.0","34.829","106.551"
"67","64.0","34.815","106.058"
"67","65.0","34.801","105.582"
"67","66.0","34.786","104.949"
"67","67.0","34.773","103.585"
"67","68.0","34.76","102.418"
"67","69.0","34.747","101.399"
"67","70.0","34.734","100.446"
"67","71.0","34.721","99.584"
"67","72.0","34.709","98.773"
"67","73.0","34.696","97.999"
"67","74.0","34.684","97.26"
"67","75.0","34.672","96.538"
"67","76.0","34.66","95.886"
"67","77.0","34.648","95.268"
"67","78.0","34.636","94.676"
"67","79.0","34.624","94.11"
"67","80.0","34.612","93.564"
"67","81.0","34.601","93.016"
"67","82.0","34.589","92.525"
"67","83.0","34.577","92.054"
"67","84.0","34.565","91.595"
"67","85.0","34.554","91.15"
"67","86.0","34.542","90.713"
"67","87.0","34.531","90.27"
"67","88.0","34.519","89.871"
"67","89.0","34.508","89.479"
"67","90.0","34.496","88.754"
"67","91.0","34.487","86.04"
"67","92.0","34.479","83.784"
"67","93.0","34.471","81.948"
"67","94.0","34.464","80.335"
"67","95.0","34.457","78.873"
"68","0.0","35.733","0.0"
"68","1.0","35.736","5.387"
"68","2.0","35.755","19.163"
"68","3.0","35.757","46.941"
"68","4.0","35.752","62.397"
"68","5.0","35.743","75.411"
"68","6.0","35.731","86.381"
"68","7.0","35.717","93.401"
"68","8.0","35.702","98.978"
"68","9.0","35.687","103.489"
"68","10.0","35.671","107.209"
"68","11.0","35.654","110.292"
"68","12.0","35.638","112.871"
"68","13.0","35.621","114.966"
"68","14.0","35.604","116.643"
"68","15.0","35.588","118.026"
"68","16.0","35.571","119.103"
"68","17.0","35.554","119.982"
"68","18.0","35.538","120.842"
"68","19.0","35.52","122.137"
"68","20.0","35.503","123.109"
"68","21.0","35.486","123.758"
"68","22.0","35.469","124.25"
"68","23.0","35.452","124.606"
"68","24.0","35.435","124.81"
"68","25.0","35.418","124.929"
"68","26.0","35.401","124.999"
"68","27.0","35.384","124.968"
"68","28.0","35.367","124.887"
"68","29.0","35.35","124.761"
"68","30.0","35.334","124.555"
"68","31.0","35.317","124.32"
"68","32.0","35.301","124.064"
"68","33.0","35.284","123.741"
"68","34.0","35.268","123.419"
"68","35.0","35.252","123.087"
"68","36.0","35.236","122.695"
"68","37.0","35.219","122.299"
"68","38.0","35.203","121.908"
"68","39.0","35.187","121.473"
"68","40.0","35.171","121.037"
"68","41.0","35.155","120.61"
"68","42.0","35.139","120.075"
"68","43.0","35.124","119.325"
"68","44.0","35.108","118.63"
"68","45.0","35.093","117.96"
"68","46.0","35.078","117.306"
"68","47.0","35.062","116.66"
"68","48.0","35.047","116.019"
"68","49.0","35.032","115.383"
"68","50.0","35.017","114.766"
"68","51.0","35.002","114.178"
"68","52.0","34.987","113.597"
"68","53.0","34.972","113.021"
"68","54.0","34.958","112.458"
"68","55.0","34.943","111.908"
"68","56.0","34.928","111.359"
"68","57.0","34.913","110.814"
"68","58.0","34.899","110.267"
"68","59.0","34.884","109.728"
"68","60.0","34.869","109.197"
"68","61.0","34.855","108.668"
"68","62.0","34.84","108.15"
"68","63.0","34.826","107.645"
"68","64.0","34.811","107.148"
"68","65.0","34.797","106.671"
"68","66.0","34.783","105.982"
"68","67.0","34.769","104.588"
"68","68.0","34.756","103.402"
"68","69.0","34.743","102.362"
"68","70.0","34.73","101.4"
"68","71.0","34.718","100.527"
"68","72.0","34.705","99.705"
"68","73.0","34.693","98.922"
"68","74.0","34.681","98.171"
"68","75.0","34.669","97.445"
"68","76.0","34.657","96.786"
"68","77.0","34.645","96.163"
"68","78.0","34.633","95.566"
"68","79.0","34.621","94.994"
"68","80.0","34.609","94.44"
"68","81.0","34.597","93.891"
"68","82.0","34.586","93.397"
"68","83.0","34.574","92.922"
"68","84.0","34.562","92.459"
"68","85.0","34.551","92.011"
"68","86.0","34.539","91.567"
"68","87.0","34.527","91.125"
"68","88.0","34.516","90.724"
"68","89.0","34.504","90.328"
"68","90.0","34.493","89.452"
"68","91.0","34.484","86.669"
"68","92.0","34.476","84.363"
"68","93.0","34.469","82.493"
"68","94.0","34.462","80.847"
"68","95.0","34.455","79.364"
"69","0.0","35.733","0.0"
"69","1.0","35.737","0.805"
"69","2.0","35.755","16.029"
"69","3.0","35.756","47.212"
"69","4.0","35.751","62.775"
"69","5.0","35.743","76.268"
"69","6.0","35.73","87.427"
"69","7.0","35.717","94.53"
"69","8.0","35.702","100.172"
"69","9.0","35.686","104.727"
"69","10.0","35.67","108.478"
"69","11.0","35.654","111.583"
"69","12.0","35.637","114.174"
"69","13.0","35.62","116.271"
"69","14.0","35.604","117.952"
"69","15.0","35.587","119.328"
"69","16.0","35.57","120.402"
"69","17.0","35.553","121.272"
"69","18.0","35.537","122.168"
"69","19.0","35.52","123.473"
"69","20.0","35.502","124.446"
"69","21.0","35.485","125.091"
"69","22.0","35.468","125.58"
"69","23.0","35.451","125.929"
"69","24.0","35.434","126.128"
"69","25.0","35.417","126.242"
"69","26.0","35.4","126.303"
"69","27.0","35.383","126.264"
"69","28.0","35.366","126.178"
"69","29.0","35.349","126.044"
"69","30.0","35.333","125.83"
"69","31.0","35.316","125.59"
"69","32.0","35.3","125.327"
"69","33.0","35.283","124.997"
"69","34.0","35.267","124.671"
"69","35.0","35.251","124.334"
"69","36.0","35.234","123.936"
"69","37.0","35.218","123.536"
"69","38.0","35.202","123.14"
"69","39.0","35.186","122.7"
"69","40.0","35.17","122.261"
"69","41.0","35.154","121.829"
"69","42.0","35.138","121.274"
"69","43.0","35.123","120.512"
"69","44.0","35.107","119.809"
"69","45.0","35.092","119.132"
"69","46.0","35.077","118.471"
"69","47.0","35.061","117.819"
"69","48.0","35.046","117.171"
"69","49.0","35.031","116.531"
"69","50.0","35.016","115.909"
"69","51.0","35.001","115.316"
"69","52.0","34.986","114.731"
"69","53.0","34.971","114.15"
"69","54.0","34.956","113.583"
"69","55.0","34.942","113.03"
"69","56.0","34.927","112.477"
"69","57.0","34.912","111.928"
"69","58.0","34.897","111.378"
"69","59.0","34.883","110.835"
"69","60.0","34.868","110.3"
"69","61.0","34.854","109.769"
"69","62.0","34.839","109.248"
"69","63.0","34.825","108.739"
"69","64.0","34.81","108.24"
"69","65.0","34.796","107.761"
"69","66.0","34.782","107.009"
"69","67.0","34.768","105.585"
"69","68.0","34.755","104.381"
"69","69.0","34.742","103.327"
"69","70.0","34.729","102.351"
"69","71.0","34.717","101.467"
"69","72.0","34.704","100.635"
"69","73.0","34.692","99.843"
"69","74.0","34.68","99.084"
"69","75.0","34.668","98.35"
"69","76.0","34.656","97.686"
"69","77.0","34.644","97.057"
"69","78.0","34.632","96.455"
"69","79.0","34.62","95.88"
"69","80.0","34.608","95.322"
"69","81.0","34.596","94.768"
"69","82.0","34.585","94.271"
"69","83.0","34.573","93.793"
"69","84.0","34.561","93.328"
"69","85.0","34.55","92.877"
"69","86.0","34.538","92.431"
"69","87.0","34.527","91.985"
"69","88.0","34.515","91.581"
"69","89.0","34.503","91.184"
"69","90.0","34.492","90.143"
"69","91.0","34.484","87.29"
"69","92.0","34.475","84.941"
"69","93.0","34.468","83.035"
"69","94.0","34.461","81.36"
"69","95.0","34.454","79.853"
"3","0.0","35.733","0.0"
"3","1.0","35.737","4.952"
"3","2.0","35.756","14.503"
"3","3.0","35.755","48.504"
"3","4.0","35.751","63.472"
"3","5.0","35.742","77.997"
"3","6.0","35.729","89.57"
"3","7.0","35.715","96.845"
"3","8.0","35.7","102.619"
"3","9.0","35.685","107.265"
"3","10.0","35.669","111.078"
"3","11.0","35.652","114.223"
"3","12.0","35.635","116.838"
"3","13.0","35.619","118.939"
"3","14.0","35.602","120.62"
"3","15.0","35.585","121.983"
"3","16.0","35.568","123.047"
"3","17.0","35.552","123.897"
"3","18.0","35.535","124.87"
"3","19.0","35.518","126.194"
"3","20.0","35.5","127.166"
"3","21.0","35.483","127.801"
"3","22.0","35.466","128.287"
"3","23.0","35.449","128.621"
"3","24.0","35.431","128.808"
"3","25.0","35.414","128.913"
"3","26.0","35.397","128.955"
"3","27.0","35.381","128.902"
"3","28.0","35.364","128.805"
"3","29.0","35.347","128.652"
"3","30.0","35.33","128.424"
"3","31.0","35.314","128.175"
"3","32.0","35.297","127.896"
"3","33.0","35.281","127.552"
"3","34.0","35.265","127.223"
"3","35.0","35.248","126.87"
"3","36.0","35.232","126.461"
"3","37.0","35.216","126.054"
"3","38.0","35.2","125.643"
"3","39.0","35.184","125.192"
"3","40.0","35.168","124.748"
"3","41.0","35.152","124.303"
"3","42.0","35.136","123.702"
"3","43.0","35.12","122.918"
"3","44.0","35.105","122.196"
"3","45.0","35.09","121.504"
"3","46.0","35.074","120.829"
"3","47.0","35.059","120.163"
"3","48.0","35.044","119.502"
"3","49.0","35.029","118.848"
"3","50.0","35.014","118.217"
"3","51.0","34.999","117.613"
"3","52.0","34.984","117.017"
"3","53.0","34.969","116.427"
"3","54.0","34.954","115.852"
"3","55.0","34.939","115.289"
"3","56.0","34.925","114.728"
"3","57.0","34.91","114.172"
"3","58.0","34.895","113.614"
"3","59.0","34.881","113.065"
"3","60.0","34.866","112.524"
"3","61.0","34.851","111.985"
"3","62.0","34.837","111.459"
"3","63.0","34.822","110.945"
"3","64.0","34.808","110.441"
"3","65.0","34.794","109.958"
"3","66.0","34.779","109.072"
"3","67.0","34.766","107.595"
"3","68.0","34.753","106.356"
"3","69.0","34.74","105.265"
"3","70.0","34.727","104.268"
"3","71.0","34.715","103.362"
"3","72.0","34.702","102.51"
"3","73.0","34.69","101.701"
"3","74.0","34.678","100.921"
"3","75.0","34.666","100.179"
"3","76.0","34.654","99.503"
"3","77.0","34.642","98.862"
"3","78.0","34.63","98.25"
"3","79.0","34.618","97.665"
"3","80.0","34.606","97.091"
"3","81.0","34.594","96.534"
"3","82.0","34.583","96.03"
"3","83.0","34.571","95.546"
"3","84.0","34.559","95.073"
"3","85.0","34.548","94.617"
"3","86.0","34.536","94.158"
"3","87.0","34.525","93.711"
"3","88.0","34.513","93.302"
"3","89.0","34.502","92.899"
"3","90.0","34.491","91.524"
"3","91.0","34.482","88.526"
"3","92.0","34.474","86.096"
"3","93.0","34.466","84.12"
"3","94.0","34.459","82.384"
"3","95.0","34.453","80.834"
"3_sec3_0","0.0","35.733","0.0"
"3_sec3_0","1.0","35.737","4.952"
"3_sec3_0","2.0","35.756","14.503"
"3_sec3_0","3.0","35.755","48.504"
"3_sec3_0","4.0","35.751","63.472"
"3_sec3_0","5.0","35.742","77.997"
"3_sec3_0","6.0","35.729","89.57"
"3_sec3_0","7.0","35.715","96.845"
"3_sec3_0","8.0","35.7","102.619"
"3_sec3_0","9.0","35.685","107.265"
"3_sec3_0","10.0","35.669","111.078"
"3_sec3_0","11.0","35.652","114.223"
"3_sec3_0","12.0","35.635","116.838"
"3_sec3_0","13.0","35.619","118.939"
"3_sec3_0","14.0","35.602","120.62"
"3_sec3_0","15.0","35.585","121.983"
"3_sec3_0","16.0","35.568","123.047"
"3_sec3_0","17.0","35.552","123.897"
"3_sec3_0","18.0","35.535","124.87"
"3_sec3_0","19.0","35.518","126.194"
"3_sec3_0","20.0","35.5","127.166"
"3_sec3_0","21.0","35.483","127.801"
"3_sec3_0","22.0","35.466","128.287"
"3_sec3_0","23.0","35.449","128.621"
"3_sec3_0","24.0","35.431","128.808"
"3_sec3_0","25.0","35.414","128.913"
"3_sec3_0","26.0","35.397","128.955"
"3_sec3_0","27.0","35.381","128.902"
"3_sec3_0","28.0","35.364","128.805"
"3_sec3_0","29.0","35.347","128.652"
"3_sec3_0","30.0","35.33","128.424"
"3_sec3_0","31.0","35.314","128.175"
"3_sec3_0","32.0","35.297","127.896"
"3_sec3_0","33.0","35.281","127.552"
"3_sec3_0","34.0","35.265","127.223"
"3_sec3_0","35.0","35.248","126.87"
"3_sec3_0","36.0","35.232","126.461"
"3_sec3_0","37.0","35.216","126.054"
"3_sec3_0","38.0","35.2","125.643"
"3_sec3_0","39.0","35.184","125.192"
"3_sec3_0","40.0","35.168","124.748"
"3_sec3_0","41.0","35.152","124.303"
"3_sec3_0","42.0","35.136","123.702"
"3_sec3_0","43.0","35.12","122.918"
"3_sec3_0","44.0","35.105","122.196"
"3_sec3_0","45.0","35.09","121.504"
"3_sec3_0","46.0","35.074","120.829"
"3_sec3_0","47.0","35.059","120.163"
"3_sec3_0","48.0","35.044","119.502"
"3_sec3_0","49.0","35.029","118.848"
"3_sec3_0","50.0","35.014","118.217"
"3_sec3_0","51.0","34.999","117.613"
"3_sec3_0","52.0","34.984","117.017"
"3_sec3_0","53.0","34.969","116.427"
"3_sec3_0","54.0","34.954","115.852"
"3_sec3_0","55.0","34.939","115.289"
"3_sec3_0","56.0","34.925","114.728"
"3_sec3_0","57.0","34.91","114.172"
"3_sec3_0","58.0","34.895","113.614"
"3_sec3_0","59.0","34.881","113.065"
"3_sec3_0","60.0","34.866","112.524"
"3_sec3_0","61.0","34.851","111.985"
"3_sec3_0","62.0","34.837","111.459"
"3_sec3_0","63.0","34.822","110.945"
"3_sec3_0","64.0","34.808","110.441"
"3_sec3_0","65.0","34.794","109.958"
"3_sec3_0","66.0","34.779","109.072"
"3_sec3_0","67.0","34.766","107.595"
"3_sec3_0","68.0","34.753","106.356"
"3_sec3_0","69.0","34.74","105.265"
"3_sec3_0","70.0","34.727","104.268"
"3_sec3_0","71.0","34.715","103.362"
"3_sec3_0","72.0","34.702","102.51"
"3_sec3_0","73.0","34.69","101.701"
"3_sec3_0","74.0","34.678","100.921"
"3_sec3_0","75.0","34.666","100.179"
"3_sec3_0","76.0","34.654","99.503"
"3_sec3_0","77.0","34.642","98.862"
"3_sec3_0","78.0","34.63","98.25"
"3_sec3_0","79.0","34.618","97.665"
"3_sec3_0","80.0","34.606","97.091"
"3_sec3_0","81.0","34.594","96.534"
"3_sec3_0","82.0","34.583","96.03"
"3_sec3_0","83.0","34.571","95.546"
"3_sec3_0","84.0","34.559","95.073"
"3_sec3_0","85.0","34.548","94.617"
"3_sec3_0","86.0","34.536","94.158"
"3_sec3_0","87.0","34.525","93.711"
"3_sec3_0","88.0","34.513","93.302"
"3_sec3_0","89.0","34.502","92.899"
"3_sec3_0","90.0","34.491","91.524"
"3_sec3_0","91.0","34.482","88.526"
"3_sec3_0","92.0","34.474","86.096"
"3_sec3_0","93.0","34.466","84.12"
"3_sec3_0","94.0","34.459","82.384"
"3_sec3_0","95.0","34.453","80.834"
"4","0.0","35.733","0.0"
"4","1.0","35.735","8.18"
"4","2.0","35.755","14.936"
"4","3.0","35.755","48.768"
"4","4.0","35.75","63.647"
"4","5.0","35.741","78.365"
"4","6.0","35.728","90.025"
"4","7.0","35.714","97.338"
"4","8.0","35.699","103.139"
"4","9.0","35.683","107.805"
"4","10.0","35.667","111.631"
"4","11.0","35.651","114.783"
"4","12.0","35.634","117.403"
"4","13.0","35.617","119.505"
"4","14.0","35.6","121.185"
"4","15.0","35.583","122.546"
"4","16.0","35.566","123.604"
"4","17.0","35.55","124.451"
"4","18.0","35.533","125.443"
"4","19.0","35.516","126.769"
"4","20.0","35.498","127.739"
"4","21.0","35.481","128.372"
"4","22.0","35.464","128.856"
"4","23.0","35.446","129.186"
"4","24.0","35.429","129.369"
"4","25.0","35.412","129.471"
"4","26.0","35.395","129.509"
"4","27.0","35.378","129.452"
"4","28.0","35.362","129.352"
"4","29.0","35.345","129.196"
"4","30.0","35.328","128.964"
"4","31.0","35.312","128.713"
"4","32.0","35.295","128.429"
"4","33.0","35.279","128.083"
"4","34.0","35.262","127.752"
"4","35.0","35.246","127.396"
"4","36.0","35.23","126.984"
"4","37.0","35.214","126.575"
"4","38.0","35.198","126.162"
"4","39.0","35.182","125.709"
"4","40.0","35.166","125.263"
"4","41.0","35.15","124.816"
"4","42.0","35.134","124.203"
"4","43.0","35.118","123.415"
"4","44.0","35.103","122.689"
"4","45.0","35.087","121.993"
"4","46.0","35.072","121.315"
"4","47.0","35.057","120.647"
"4","48.0","35.042","119.983"
"4","49.0","35.027","119.327"
"4","50.0","35.012","118.693"
"4","51.0","34.997","118.087"
"4","52.0","34.982","117.489"
"4","53.0","34.967","116.897"
"4","54.0","34.952","116.32"
"4","55.0","34.937","115.755"
"4","56.0","34.922","115.192"
"4","57.0","34.908","114.634"
"4","58.0","34.893","114.075"
"4","59.0","34.878","113.523"
"4","60.0","34.864","112.981"
"4","61.0","34.849","112.44"
"4","62.0","34.835","111.912"
"4","63.0","34.82","111.397"
"4","64.0","34.806","110.892"
"4","65.0","34.791","110.407"
"4","66.0","34.777","109.493"
"4","67.0","34.764","108.006"
"4","68.0","34.751","106.759"
"4","69.0","34.738","105.663"
"4","70.0","34.725","104.66"
"4","71.0","34.713","103.749"
"4","72.0","34.7","102.892"
"4","73.0","34.688","102.079"
"4","74.0","34.676","101.297"
"4","75.0","34.664","100.551"
"4","76.0","34.652","99.873"
"4","77.0","34.64","99.23"
"4","78.0","34.628","98.615"
"4","79.0","34.616","98.029"
"4","80.0","34.604","97.454"
"4","81.0","34.593","96.894"
"4","82.0","34.581","96.389"
"4","83.0","34.569","95.904"
"4","84.0","34.558","95.43"
"4","85.0","34.546","94.973"
"4","86.0","34.534","94.513"
"4","87.0","34.523","94.065"
"4","88.0","34.511","93.655"
"4","89.0","34.5","93.25"
"4","90.0","34.489","91.8"
"4","91.0","34.48","88.776"
"4","92.0","34.472","86.328"
"4","93.0","34.465","84.338"
"4","94.0","34.458","82.591"
"4","95.0","34.451","81.031"
"4_sec4_0","0.0","35.733","3.0"
"4_sec4_0","1.0","35.735","873.78"
"4_sec4_0","2.0","35.755","1071.298"
"4_sec4_0","3.0","35.755","1115.536"
"4_sec4_0","4.0","35.75","1135.989"
"4_sec4_0","5.0","35.741","1142.326"
"4_sec4_0","6.0","35.728","1141.643"
"4_sec4_0","7.0","35.714","1137.236"
"4_sec4_0","8.0","35.699","1130.719"
"4_sec4_0","9.0","35.683","1122.611"
"4_sec4_0","10.0","35.667","1113.388"
"4_sec4_0","11.0","35.651","1103.577"
"4_sec4_0","12.0","35.634","1093.527"
"4_sec4_0","13.0","35.617","1083.249"
"4_sec4_0","14.0","35.6","1072.842"
"4_sec4_0","15.0","35.583","1062.565"
"4_sec4_0","16.0","35.566","1052.403"
"4_sec4_0","17.0","35.55","1042.536"
"4_sec4_0","18.0","35.533","1033.816"
"4_sec4_0","19.0","35.516","1027.015"
"4_sec4_0","20.0","35.498","1019.983"
"4_sec4_0","21.0","35.481","1012.947"
"4_sec4_0","22.0","35.464","1006.077"
"4_sec4_0","23.0","35.446","999.395"
"4_sec4_0","24.0","35.429","992.782"
"4_sec4_0","25.0","35.412","986.413"
"4_sec4_0","26.0","35.395","980.281"
"4_sec4_0","27.0","35.378","974.254"
"4_sec4_0","28.0","35.362","968.48"
"4_sec4_0","29.0","35.345","962.878"
"4_sec4_0","30.0","35.328","957.356"
"4_sec4_0","31.0","35.312","952.058"
"4_sec4_0","32.0","35.295","946.978"
"4_sec4_0","33.0","35.279","941.975"
"4_sec4_0","34.0","35.262","937.158"
"4_sec4_0","35.0","35.246","932.531"
"4_sec4_0","36.0","35.23","927.941"
"4_sec4_0","37.0","35.214","923.535"
"4_sec4_0","38.0","35.198","919.281"
"4_sec4_0","39.0","35.182","915.038"
"4_sec4_0","40.0","35.166","910.963"
"4_sec4_0","41.0","35.15","907.034"
"4_sec4_0","42.0","35.134","902.752"
"4_sec4_0","43.0","35.118","897.992"
"4_sec4_0","44.0","35.103","893.54"
"4_sec4_0","45.0","35.087","889.296"
"4_sec4_0","46.0","35.072","885.249"
"4_sec4_0","47.0","35.057","881.373"
"4_sec4_0","48.0","35.042","877.659"
"4_sec4_0","49.0","35.027","874.101"
"4_sec4_0","50.0","35.012","870.672"
"4_sec4_0","51.0","34.997","867.383"
"4_sec4_0","52.0","34.982","864.204"
"4_sec4_0","53.0","34.967","861.136"
"4_sec4_0","54.0","34.952","858.173"
"4_sec4_0","55.0","34.937","855.297"
"4_sec4_0","56.0","34.922","852.492"
"4_sec4_0","57.0","34.908","849.761"
"4_sec4_0","58.0","34.893","847.077"
"4_sec4_0","59.0","34.878","844.456"
"4_sec4_0","60.0","34.864","841.905"
"4_sec4_0","61.0","34.849","839.43"
"4_sec4_0","62.0","34.835","837.009"
"4_sec4_0","63.0","34.82","834.642"
"4_sec4_0","64.0","34.806","832.321"
"4_sec4_0","65.0","34.791","830.034"
"4_sec4_0","66.0","34.777","826.711"
"4_sec4_0","67.0","34.764","821.395"
"4_sec4_0","68.0","34.751","816.871"
"4_sec4_0","69.0","34.738","812.7"
"4_sec4_0","70.0","34.725","808.813"
"4_sec4_0","71.0","34.713","805.312"
"4_sec4_0","72.0","34.7","802.053"
"4_sec4_0","73.0","34.688","799.027"
"4_sec4_0","74.0","34.676","796.157"
"4_sec4_0","75.0","34.664","793.413"
"4_sec4_0","76.0","34.652","790.919"
"4_sec4_0","77.0","34.64","788.539"
"4_sec4_0","78.0","34.628","786.267"
"4_sec4_0","79.0","34.616","784.084"
"4_sec4_0","80.0","34.604","781.948"
"4_sec4_0","81.0","34.593","779.855"
"4_sec4_0","82.0","34.581","777.931"
"4_sec4_0","83.0","34.569","776.058"
"4_sec4_0","84.0","34.558","774.238"
"4_sec4_0","85.0","34.546","772.463"
"4_sec4_0","86.0","34.534","770.694"
"4_sec4_0","87.0","34.523","768.935"
"4_sec4_0","88.0","34.511","767.301"
"4_sec4_0","89.0","34.5","765.695"
"4_sec4_0","90.0","34.489","761.499"
"4_sec4_0","91.0","34.48","751.915"
"4_sec4_0","92.0","34.472","744.198"
"4_sec4_0","93.0","34.465","737.391"
"4_sec4_0","94.0","34.458","731.26"
"4_sec4_0","95.0","34.451","725.676"
"70","0.0","35.712","1.0"
"70","1.0","35.709","870.482"
"70","2.0","35.722","1073.82"
"70","3.0","35.721","1117.551"
"70","4.0","35.715","1138.116"
"70","5.0","35.706","1145.71"
"70","6.0","35.693","1145.714"
"70","7.0","35.679","1141.653"
"70","8.0","35.664","1135.342"
"70","9.0","35.649","1127.381"
"70","10.0","35.633","1118.255"
"70","11.0","35.617","1108.515"
"70","12.0","35.6","1098.496"
"70","13.0","35.584","1088.205"
"70","14.0","35.567","1077.81"
"70","15.0","35.551","1067.493"
"70","16.0","35.535","1057.32"
"70","17.0","35.518","1047.402"
"70","18.0","35.502","1038.881"
"70","19.0","35.485","1032.085"
"70","20.0","35.468","1025.039"
"70","21.0","35.451","1017.985"
"70","22.0","35.433","1011.103"
"70","23.0","35.416","1004.386"
"70","24.0","35.4","997.746"
"70","25.0","35.383","991.359"
"70","26.0","35.366","985.184"
"70","27.0","35.349","979.125"
"70","28.0","35.332","973.331"
"70","29.0","35.316","967.689"
"70","30.0","35.299","962.139"
"70","31.0","35.283","956.827"
"70","32.0","35.267","951.713"
"70","33.0","35.25","946.687"
"70","34.0","35.234","941.862"
"70","35.0","35.218","937.205"
"70","36.0","35.202","932.594"
"70","37.0","35.185","928.177"
"70","38.0","35.169","923.896"
"70","39.0","35.153","919.635"
"70","40.0","35.137","915.554"
"70","41.0","35.121","911.601"
"70","42.0","35.106","907.227"
"70","43.0","35.09","902.438"
"70","44.0","35.075","897.955"
"70","45.0","35.059","893.685"
"70","46.0","35.044","889.615"
"70","47.0","35.029","885.716"
"70","48.0","35.014","881.98"
"70","49.0","34.999","878.401"
"70","50.0","34.984","874.952"
"70","51.0","34.969","871.642"
"70","52.0","34.954","868.443"
"70","53.0","34.939","865.355"
"70","54.0","34.924","862.376"
"70","55.0","34.909","859.479"
"70","56.0","34.895","856.657"
"70","57.0","34.88","853.908"
"70","58.0","34.865","851.206"
"70","59.0","34.851","848.569"
"70","60.0","34.836","846.002"
"70","61.0","34.821","843.51"
"70","62.0","34.807","841.074"
"70","63.0","34.792","838.693"
"70","64.0","34.778","836.359"
"70","65.0","34.763","834.061"
"70","66.0","34.749","830.415"
"70","67.0","34.736","825.028"
"70","68.0","34.723","820.434"
"70","69.0","34.711","816.2"
"70","70.0","34.698","812.275"
"70","71.0","34.685","808.732"
"70","72.0","34.673","805.437"
"70","73.0","34.661","802.378"
"70","74.0","34.649","799.468"
"70","75.0","34.637","796.709"
"70","76.0","34.625","794.192"
"70","77.0","34.613","791.793"
"70","78.0","34.601","789.503"
"70","79.0","34.589","787.303"
"70","80.0","34.577","785.142"
"70","81.0","34.566","783.042"
"70","82.0","34.554","781.106"
"70","83.0","34.542","779.221"
"70","84.0","34.53","777.391"
"70","85.0","34.519","775.605"
"70","86.0","34.507","773.815"
"70","87.0","34.496","772.055"
"70","88.0","34.484","770.411"
"70","89.0","34.472","768.796"
"70","90.0","34.462","763.845"
"70","91.0","34.454","754.059"
"70","92.0","34.446","746.199"
"70","93.0","34.439","739.279"
"70","94.0","34.433","733.038"
"70","95.0","34.426","727.392"
"71","0.0","35.697","0.0"
"71","1.0","35.691","855.245"
"71","2.0","35.699","1073.189"
"71","3.0","35.696","1118.45"
"71","4.0","35.69","1139.463"
"71","5.0","35.68","1147.55"
"71","6.0","35.667","1147.852"
"71","7.0","35.653","1143.96"
"71","8.0","35.639","1137.754"
"71","9.0","35.623","1129.872"
"71","10.0","35.608","1120.797"
"71","11.0","35.592","1111.091"
"71","12.0","35.576","1101.081"
"71","13.0","35.559","1090.786"
"71","14.0","35.543","1080.389"
"71","15.0","35.527","1070.058"
"71","16.0","35.511","1059.872"
"71","17.0","35.495","1049.935"
"71","18.0","35.479","1041.557"
"71","19.0","35.462","1034.757"
"71","20.0","35.445","1027.702"
"71","21.0","35.428","1020.636"
"71","22.0","35.411","1013.746"
"71","23.0","35.394","1007.008"
"71","24.0","35.377","1000.354"
"71","25.0","35.361","993.955"
"71","26.0","35.344","987.758"
"71","27.0","35.327","981.682"
"71","28.0","35.311","975.879"
"71","29.0","35.294","970.219"
"71","30.0","35.278","964.657"
"71","31.0","35.261","959.339"
"71","32.0","35.245","954.207"
"71","33.0","35.229","949.169"
"71","34.0","35.213","944.341"
"71","35.0","35.196","939.668"
"71","36.0","35.18","935.047"
"71","37.0","35.164","930.625"
"71","38.0","35.148","926.328"
"71","39.0","35.132","922.06"
"71","40.0","35.116","917.975"
"71","41.0","35.1","914.009"
"71","42.0","35.085","909.558"
"71","43.0","35.069","904.757"
"71","44.0","35.054","900.259"
"71","45.0","35.039","895.976"
"71","46.0","35.023","891.895"
"71","47.0","35.008","887.985"
"71","48.0","34.993","884.238"
"71","49.0","34.978","880.649"
"71","50.0","34.963","877.191"
"71","51.0","34.948","873.872"
"71","52.0","34.933","870.665"
"71","53.0","34.918","867.57"
"71","54.0","34.904","864.583"
"71","55.0","34.889","861.68"
"71","56.0","34.874","858.851"
"71","57.0","34.859","856.095"
"71","58.0","34.845","853.386"
"71","59.0","34.83","850.743"
"71","60.0","34.815","848.169"
"71","61.0","34.801","845.672"
"71","62.0","34.786","843.231"
"71","63.0","34.772","840.844"
"71","64.0","34.757","838.506"
"71","65.0","34.742","836.203"
"71","66.0","34.729","832.367"
"71","67.0","34.715","826.959"
"71","68.0","34.703","822.331"
"71","69.0","34.69","818.066"
"71","70.0","34.677","814.127"
"71","71.0","34.665","810.564"
"71","72.0","34.653","807.252"
"71","73.0","34.641","804.178"
"71","74.0","34.628","801.25"
"71","75.0","34.616","798.485"
"71","76.0","34.604","795.957"
"71","77.0","34.592","793.55"
"71","78.0","34.581","791.252"
"71","79.0","34.569","789.045"
"71","80.0","34.557","786.87"
"71","81.0","34.545","784.771"
"71","82.0","34.533","782.83"
"71","83.0","34.522","780.941"
"71","84.0","34.51","779.105"
"71","85.0","34.498","777.315"
"71","86.0","34.487","775.516"
"71","87.0","34.475","773.757"
"71","88.0","34.463","772.109"
"71","89.0","34.452","770.49"
"71","90.0","34.442","765.025"
"71","91.0","34.434","755.174"
"71","92.0","34.427","747.235"
"71","93.0","34.42","740.26"
"71","94.0","34.414","733.97"
"71","95.0","34.407","728.291"
"72","0.0","35.678","0.0"
"72","1.0","35.66","857.712"
"72","2.0","35.674","1071.186"
"72","3.0","35.668","1119.347"
"72","4.0","35.661","1140.994"
"72","5.0","35.651","1149.555"
"72","6.0","35.638","1150.118"
"72","7.0","35.624","1146.385"
"72","8.0","35.61","1140.285"
"72","9.0","35.595","1132.477"
"72","10.0","35.579","1123.449"
"72","11.0","35.564","1113.774"
"72","12.0","35.548","1103.774"
"72","13.0","35.532","1093.478"
"72","14.0","35.516","1083.089"
"72","15.0","35.5","1072.741"
"72","16.0","35.485","1062.551"
"72","17.0","35.469","1052.592"
"72","18.0","35.453","1044.381"
"72","19.0","35.436","1037.574"
"72","20.0","35.419","1030.513"
"72","21.0","35.402","1023.439"
"72","22.0","35.386","1016.55"
"72","23.0","35.369","1009.793"
"72","24.0","35.352","1003.127"
"72","25.0","35.336","996.725"
"72","26.0","35.319","990.505"
"72","27.0","35.303","984.417"
"72","28.0","35.286","978.613"
"72","29.0","35.27","972.933"
"72","30.0","35.253","967.36"
"72","31.0","35.237","962.039"
"72","32.0","35.221","956.886"
"72","33.0","35.205","951.837"
"72","34.0","35.188","947.01"
"72","35.0","35.172","942.317"
"72","36.0","35.156","937.687"
"72","37.0","35.14","933.262"
"72","38.0","35.124","928.948"
"72","39.0","35.108","924.671"
"72","40.0","35.092","920.586"
"72","41.0","35.077","916.603"
"72","42.0","35.061","912.085"
"72","43.0","35.046","907.275"
"72","44.0","35.03","902.761"
"72","45.0","35.015","898.465"
"72","46.0","35.0","894.373"
"72","47.0","34.985","890.451"
"72","48.0","34.97","886.693"
"72","49.0","34.955","883.092"
"72","50.0","34.94","879.623"
"72","51.0","34.925","876.295"
"72","52.0","34.91","873.079"
"72","53.0","34.895","869.976"
"72","54.0","34.88","866.982"
"72","55.0","34.865","864.07"
"72","56.0","34.851","861.234"
"72","57.0","34.836","858.47"
"72","58.0","34.821","855.756"
"72","59.0","34.806","853.107"
"72","60.0","34.792","850.528"
"72","61.0","34.777","848.024"
"72","62.0","34.762","845.577"
"72","63.0","34.748","843.186"
"72","64.0","34.733","840.843"
"72","65.0","34.719","838.536"
"72","66.0","34.705","834.441"
"72","67.0","34.692","829.017"
"72","68.0","34.679","824.356"
"72","69.0","34.666","820.06"
"72","70.0","34.654","816.108"
"72","71.0","34.642","812.526"
"72","72.0","34.629","809.198"
"72","73.0","34.617","806.11"
"72","74.0","34.605","803.16"
"72","75.0","34.593","800.394"
"72","76.0","34.581","797.856"
"72","77.0","34.569","795.44"
"72","78.0","34.557","793.134"
"72","79.0","34.545","790.92"
"72","80.0","34.533","788.732"
"72","81.0","34.522","786.634"
"72","82.0","34.51","784.688"
"72","83.0","34.498","782.794"
"72","84.0","34.486","780.954"
"72","85.0","34.475","779.16"
"72","86.0","34.463","777.348"
"72","87.0","34.451","775.595"
"72","88.0","34.44","773.943"
"72","89.0","34.428","772.32"
"72","90.0","34.418","766.215"
"72","91.0","34.411","756.32"
"72","92.0","34.404","748.302"
"72","93.0","34.398","741.275"
"72","94.0","34.392","734.934"
"72","95.0","34.386","729.226"
"73","0.0","35.659","4.0"
"73","1.0","35.643","857.597"
"73","2.0","35.654","1069.507"
"73","3.0","35.648","1120.896"
"73","4.0","35.64","1142.33"
"73","5.0","35.629","1151.341"
"73","6.0","35.617","1152.094"
"73","7.0","35.603","1148.494"
"73","8.0","35.588","1142.481"
"73","9.0","35.573","1134.712"
"73","10.0","35.558","1125.719"
"73","11.0","35.543","1116.082"
"73","12.0","35.527","1106.089"
"73","13.0","35.512","1095.779"
"73","14.0","35.496","1085.402"
"73","15.0","35.48","1075.032"
"73","16.0","35.465","1064.847"
"73","17.0","35.449","1054.859"
"73","18.0","35.433","1046.835"
"73","19.0","35.417","1040.02"
"73","20.0","35.4","1032.947"
"73","21.0","35.383","1025.866"
"73","22.0","35.367","1018.98"
"73","23.0","35.35","1012.201"
"73","24.0","35.333","1005.525"
"73","25.0","35.317","999.123"
"73","26.0","35.3","992.877"
"73","27.0","35.284","986.778"
"73","28.0","35.268","980.975"
"73","29.0","35.251","975.271"
"73","30.0","35.235","969.688"
"73","31.0","35.219","964.367"
"73","32.0","35.203","959.19"
"73","33.0","35.186","954.13"
"73","34.0","35.17","949.307"
"73","35.0","35.154","944.592"
"73","36.0","35.138","939.953"
"73","37.0","35.122","935.529"
"73","38.0","35.106","931.195"
"73","39.0","35.09","926.911"
"73","40.0","35.074","922.829"
"73","41.0","35.058","918.826"
"73","42.0","35.043","914.225"
"73","43.0","35.028","909.407"
"73","44.0","35.012","904.881"
"73","45.0","34.997","900.574"
"73","46.0","34.982","896.473"
"73","47.0","34.967","892.542"
"73","48.0","34.952","888.775"
"73","49.0","34.937","885.164"
"73","50.0","34.922","881.687"
"73","51.0","34.907","878.351"
"73","52.0","34.892","875.128"
"73","53.0","34.877","872.017"
"73","54.0","34.862","869.019"
"73","55.0","34.847","866.099"
"73","56.0","34.832","863.256"
"73","57.0","34.818","860.488"
"73","58.0","34.803","857.77"
"73","59.0","34.788","855.116"
"73","60.0","34.773","852.534"
"73","61.0","34.759","850.024"
"73","62.0","34.744","847.574"
"73","63.0","34.729","845.179"
"73","64.0","34.715","842.834"
"73","65.0","34.7","840.523"
"73","66.0","34.686","836.2"
"73","67.0","34.673","830.771"
"73","68.0","34.661","826.085"
"73","69.0","34.648","821.763"
"73","70.0","34.636","817.803"
"73","71.0","34.623","814.207"
"73","72.0","34.611","810.867"
"73","73.0","34.599","807.769"
"73","74.0","34.587","804.803"
"73","75.0","34.575","802.035"
"73","76.0","34.563","799.489"
"73","77.0","34.551","797.068"
"73","78.0","34.539","794.756"
"73","79.0","34.527","792.537"
"73","80.0","34.515","790.337"
"73","81.0","34.503","788.242"
"73","82.0","34.491","786.29"
"73","83.0","34.479","784.393"
"73","84.0","34.468","782.549"
"73","85.0","34.456","780.751"
"73","86.0","34.444","778.93"
"73","87.0","34.432","777.181"
"73","88.0","34.421","775.525"
"73","89.0","34.409","773.899"
"73","90.0","34.4","767.172"
"73","91.0","34.393","757.255"
"73","92.0","34.386","749.175"
"73","93.0","34.38","742.107"
"73","94.0","34.374","735.726"
"73","95.0","34.368","729.999"
"74","0.0","35.641","1.0"
"74","1.0","35.634","837.531"
"74","2.0","35.639","1069.687"
"74","3.0","35.632","1122.928"
"74","4.0","35.624","1143.697"
"74","5.0","35.613","1153.276"
"74","6.0","35.6","1154.194"
"74","7.0","35.586","1150.708"
"74","8.0","35.572","1144.775"
"74","9.0","35.557","1137.048"
"74","10.0","35.542","1128.086"
"74","11.0","35.527","1118.475"
"74","12.0","35.511","1108.486"
"74","13.0","35.496","1098.167"
"74","14.0","35.48","1087.794"
"74","15.0","35.465","1077.408"
"74","16.0","35.45","1067.217"
"74","17.0","35.434","1057.209"
"74","18.0","35.418","1049.379"
"74","19.0","35.402","1042.553"
"74","20.0","35.385","1035.474"
"74","21.0","35.369","1028.389"
"74","22.0","35.352","1021.504"
"74","23.0","35.335","1014.709"
"74","24.0","35.319","1008.024"
"74","25.0","35.302","1001.622"
"74","26.0","35.286","995.357"
"74","27.0","35.27","989.248"
"74","28.0","35.253","983.446"
"74","29.0","35.237","977.724"
"74","30.0","35.221","972.132"
"74","31.0","35.205","966.812"
"74","32.0","35.188","961.616"
"74","33.0","35.172","956.548"
"74","34.0","35.156","951.727"
"74","35.0","35.14","946.995"
"74","36.0","35.124","942.349"
"74","37.0","35.108","937.927"
"74","38.0","35.092","933.577"
"74","39.0","35.076","929.288"
"74","40.0","35.06","925.209"
"74","41.0","35.044","921.191"
"74","42.0","35.029","916.517"
"74","43.0","35.013","911.695"
"74","44.0","34.998","907.159"
"74","45.0","34.983","902.844"
"74","46.0","34.968","898.735"
"74","47.0","34.953","894.796"
"74","48.0","34.938","891.021"
"74","49.0","34.923","887.404"
"74","50.0","34.908","883.921"
"74","51.0","34.893","880.578"
"74","52.0","34.878","877.349"
"74","53.0","34.863","874.234"
"74","54.0","34.848","871.23"
"74","55.0","34.833","868.306"
"74","56.0","34.818","865.459"
"74","57.0","34.803","862.69"
"74","58.0","34.788","859.969"
"74","59.0","34.774","857.312"
"74","60.0","34.759","854.725"
"74","61.0","34.744","852.213"
"74","62.0","34.729","849.76"
"74","63.0","34.715","847.362"
"74","64.0","34.7","845.014"
"74","65.0","34.685","842.7"
"74","66.0","34.671","838.088"
"74","67.0","34.659","832.659"
"74","68.0","34.646","827.948"
"74","69.0","34.634","823.597"
"74","70.0","34.621","819.634"
"74","71.0","34.609","816.024"
"74","72.0","34.597","812.674"
"74","73.0","34.584","809.566"
"74","74.0","34.572","806.581"
"74","75.0","34.56","803.817"
"74","76.0","34.548","801.264"
"74","77.0","34.536","798.836"
"74","78.0","34.524","796.519"
"74","79.0","34.512","794.296"
"74","80.0","34.5","792.08"
"74","81.0","34.488","789.993"
"74","82.0","34.476","788.036"
"74","83.0","34.465","786.136"
"74","84.0","34.453","784.289"
"74","85.0","34.441","782.489"
"74","86.0","34.429","780.655"
"74","87.0","34.417","778.914"
"74","88.0","34.406","777.255"
"74","89.0","34.394","775.627"
"74","90.0","34.385","768.167"
"74","91.0","34.378","758.242"
"74","92.0","34.372","750.093"
"74","93.0","34.366","742.984"
"74","94.0","34.36","736.567"
"74","95.0","34.355","730.819"
"75","0.0","35.617","0.0"
"75","1.0","35.614","832.384"
"75","2.0","35.622","1069.136"
"75","3.0","35.615","1125.514"
"75","4.0","35.606","1146.256"
"75","5.0","35.595","1156.934"
"75","6.0","35.582","1158.099"
"75","7.0","35.568","1154.801"
"75","8.0","35.554","1149.004"
"75","9.0","35.539","1141.349"
"75","10.0","35.524","1132.446"
"75","11.0","35.509","1122.887"
"75","12.0","35.494","1112.912"
"75","13.0","35.479","1102.58"
"75","14.0","35.463","1092.229"
"75","15.0","35.448","1081.814"
"75","16.0","35.433","1071.627"
"75","17.0","35.418","1061.585"
"75","18.0","35.402","1054.159"
"75","19.0","35.385","1047.336"
"75","20.0","35.369","1040.236"
"75","21.0","35.352","1033.145"
"75","22.0","35.336","1026.272"
"75","23.0","35.319","1019.441"
"75","24.0","35.303","1012.747"
"75","25.0","35.286","1006.35"
"75","26.0","35.27","1000.047"
"75","27.0","35.254","993.924"
"75","28.0","35.237","988.128"
"75","29.0","35.221","982.372"
"75","30.0","35.205","976.766"
"75","31.0","35.189","971.453"
"75","32.0","35.173","966.222"
"75","33.0","35.156","961.14"
"75","34.0","35.14","956.33"
"75","35.0","35.124","951.563"
"75","36.0","35.108","946.908"
"75","37.0","35.092","942.493"
"75","38.0","35.076","938.112"
"75","39.0","35.06","933.816"
"75","40.0","35.044","929.748"
"75","41.0","35.028","925.699"
"75","42.0","35.013","920.853"
"75","43.0","34.998","916.025"
"75","44.0","34.982","911.471"
"75","45.0","34.967","907.143"
"75","46.0","34.952","903.023"
"75","47.0","34.937","899.073"
"75","48.0","34.922","895.288"
"75","49.0","34.907","891.657"
"75","50.0","34.892","888.163"
"75","51.0","34.877","884.81"
"75","52.0","34.862","881.573"
"75","53.0","34.847","878.452"
"75","54.0","34.832","875.442"
"75","55.0","34.817","872.51"
"75","56.0","34.802","869.656"
"75","57.0","34.787","866.881"
"75","58.0","34.772","864.153"
"75","59.0","34.757","861.488"
"75","60.0","34.743","858.896"
"75","61.0","34.728","856.372"
"75","62.0","34.713","853.912"
"75","63.0","34.698","851.508"
"75","64.0","34.683","849.154"
"75","65.0","34.669","846.833"
"75","66.0","34.655","841.662"
"75","67.0","34.642","836.232"
"75","68.0","34.63","831.475"
"75","69.0","34.617","827.077"
"75","70.0","34.605","823.105"
"75","71.0","34.593","819.47"
"75","72.0","34.58","816.1"
"75","73.0","34.568","812.974"
"75","74.0","34.556","809.954"
"75","75.0","34.544","807.197"
"75","76.0","34.532","804.629"
"75","77.0","34.52","802.191"
"75","78.0","34.508","799.866"
"75","79.0","34.496","797.635"
"75","80.0","34.484","795.396"
"75","81.0","34.472","793.318"
"75","82.0","34.46","791.352"
"75","83.0","34.448","789.448"
"75","84.0","34.436","787.596"
"75","85.0","34.424","785.791"
"75","86.0","34.412","783.935"
"75","87.0","34.401","782.211"
"75","88.0","34.389","780.546"
"75","89.0","34.377","778.915"
"75","90.0","34.368","769.944"
"75","91.0","34.362","759.997"
"75","92.0","34.356","751.76"
"75","93.0","34.35","744.585"
"75","94.0","34.345","738.087"
"75","95.0","34.339","732.323"
"76","0.0","35.608","0.0"
"76","1.0","35.607","847.688"
"76","2.0","35.616","1065.113"
"76","3.0","35.609","1126.737"
"76","4.0","35.599","1148.106"
"76","5.0","35.588","1159.455"
"76","6.0","35.575","1160.791"
"76","7.0","35.561","1157.614"
"76","8.0","35.547","1151.898"
"76","9.0","35.532","1144.287"
"76","10.0","35.517","1135.421"
"76","11.0","35.502","1125.899"
"76","12.0","35.487","1115.934"
"76","13.0","35.472","1105.591"
"76","14.0","35.457","1095.252"
"76","15.0","35.442","1084.818"
"76","16.0","35.426","1074.636"
"76","17.0","35.411","1064.571"
"76","18.0","35.395","1057.431"
"76","19.0","35.379","1050.612"
"76","20.0","35.362","1043.501"
"76","21.0","35.346","1036.408"
"76","22.0","35.329","1029.542"
"76","23.0","35.313","1022.69"
"76","24.0","35.297","1015.992"
"76","25.0","35.28","1009.599"
"76","26.0","35.264","1003.275"
"76","27.0","35.248","997.144"
"76","28.0","35.231","991.351"
"76","29.0","35.215","985.578"
"76","30.0","35.199","979.964"
"76","31.0","35.183","974.656"
"76","32.0","35.166","969.404"
"76","33.0","35.15","964.316"
"76","34.0","35.134","959.513"
"76","35.0","35.118","954.727"
"76","36.0","35.102","950.067"
"76","37.0","35.086","945.658"
"76","38.0","35.07","941.26"
"76","39.0","35.054","936.96"
"76","40.0","35.038","932.898"
"76","41.0","35.022","928.831"
"76","42.0","35.007","923.874"
"76","43.0","34.992","919.042"
"76","44.0","34.976","914.477"
"76","45.0","34.961","910.142"
"76","46.0","34.946","906.015"
"76","47.0","34.931","902.057"
"76","48.0","34.916","898.264"
"76","49.0","34.901","894.628"
"76","50.0","34.886","891.128"
"76","51.0","34.871","887.769"
"76","52.0","34.856","884.527"
"76","53.0","34.841","881.402"
"76","54.0","34.826","878.388"
"76","55.0","34.811","875.452"
"76","56.0","34.796","872.594"
"76","57.0","34.781","869.816"
"76","58.0","34.766","867.086"
"76","59.0","34.751","864.416"
"76","60.0","34.736","861.819"
"76","61.0","34.721","859.293"
"76","62.0","34.707","856.83"
"76","63.0","34.692","854.422"
"76","64.0","34.677","852.065"
"76","65.0","34.662","849.741"
"76","66.0","34.649","844.158"
"76","67.0","34.636","838.726"
"76","68.0","34.623","833.942"
"76","69.0","34.611","829.509"
"76","70.0","34.599","825.536"
"76","71.0","34.586","821.887"
"76","72.0","34.574","818.506"
"76","73.0","34.562","815.369"
"76","74.0","34.55","812.325"
"76","75.0","34.538","809.574"
"76","76.0","34.526","806.998"
"76","77.0","34.513","804.554"
"76","78.0","34.501","802.224"
"76","79.0","34.489","799.988"
"76","80.0","34.477","797.729"
"76","81.0","34.466","795.663"
"76","82.0","34.454","793.692"
"76","83.0","34.442","791.784"
"76","84.0","34.43","789.929"
"76","85.0","34.418","788.122"
"76","86.0","34.406","786.251"
"76","87.0","34.394","784.538"
"76","88.0","34.382","782.871"
"76","89.0","34.37","781.237"
"76","90.0","34.362","771.146"
"76","91.0","34.356","761.194"
"76","92.0","34.35","752.904"
"76","93.0","34.344","745.688"
"76","94.0","34.339","739.141"
"76","95.0","34.333","733.366"
"77","0.0","35.595","0.0"
"77","1.0","35.596","831.361"
"77","2.0","35.601","1063.658"
"77","3.0","35.593","1129.164"
"77","4.0","35.583","1151.108"
"77","5.0","35.572","1163.174"
"77","6.0","35.558","1164.833"
"77","7.0","35.545","1161.816"
"77","8.0","35.53","1156.204"
"77","9.0","35.516","1148.641"
"77","10.0","35.501","1139.825"
"77","11.0","35.486","1130.36"
"77","12.0","35.471","1120.407"
"77","13.0","35.456","1110.033"
"77","14.0","35.441","1099.72"
"77","15.0","35.426","1089.25"
"77","16.0","35.411","1079.077"
"77","17.0","35.397","1068.97"
"77","18.0","35.381","1062.285"
"77","19.0","35.364","1055.471"
"77","20.0","35.348","1048.338"
"77","21.0","35.331","1041.237"
"77","22.0","35.315","1034.38"
"77","23.0","35.299","1027.495"
"77","24.0","35.282","1020.785"
"77","25.0","35.266","1014.396"
"77","26.0","35.25","1008.036"
"77","27.0","35.233","1001.889"
"77","28.0","35.217","996.1"
"77","29.0","35.201","990.296"
"77","30.0","35.185","984.67"
"77","31.0","35.169","979.37"
"77","32.0","35.153","974.086"
"77","33.0","35.137","968.987"
"77","34.0","35.12","964.196"
"77","35.0","35.104","959.378"
"77","36.0","35.088","954.709"
"77","37.0","35.072","950.309"
"77","38.0","35.056","945.882"
"77","39.0","35.04","941.575"
"77","40.0","35.025","937.523"
"77","41.0","35.009","933.427"
"77","42.0","34.993","928.284"
"77","43.0","34.978","923.447"
"77","44.0","34.963","918.868"
"77","45.0","34.948","914.521"
"77","46.0","34.932","910.382"
"77","47.0","34.917","906.413"
"77","48.0","34.902","902.611"
"77","49.0","34.887","898.96"
"77","50.0","34.872","895.451"
"77","51.0","34.857","892.08"
"77","52.0","34.842","888.828"
"77","53.0","34.827","885.696"
"77","54.0","34.812","882.674"
"77","55.0","34.797","879.73"
"77","56.0","34.782","876.864"
"77","57.0","34.767","874.08"
"77","58.0","34.752","871.343"
"77","59.0","34.738","868.665"
"77","60.0","34.723","866.064"
"77","61.0","34.708","863.527"
"77","62.0","34.693","861.058"
"77","63.0","34.678","858.644"
"77","64.0","34.663","856.28"
"77","65.0","34.648","853.952"
"77","66.0","34.635","847.733"
"77","67.0","34.622","842.312"
"77","68.0","34.61","837.492"
"77","69.0","34.598","833.013"
"77","70.0","34.585","829.04"
"77","71.0","34.573","825.369"
"77","72.0","34.561","821.972"
"77","73.0","34.548","818.821"
"77","74.0","34.536","815.742"
"77","75.0","34.524","813.003"
"77","76.0","34.512","810.415"
"77","77.0","34.5","807.963"
"77","78.0","34.488","805.625"
"77","79.0","34.476","803.383"
"77","80.0","34.464","801.096"
"77","81.0","34.452","799.046"
"77","82.0","34.44","797.066"
"77","83.0","34.428","795.155"
"77","84.0","34.416","793.295"
"77","85.0","34.404","791.484"
"77","86.0","34.392","789.586"
"77","87.0","34.38","787.893"
"77","88.0","34.369","786.22"
"77","89.0","34.357","784.582"
"77","90.0","34.349","772.783"
"77","91.0","34.343","762.873"
"77","92.0","34.337","754.495"
"77","93.0","34.332","747.226"
"77","94.0","34.326","740.626"
"77","95.0","34.321","734.824"
"78","0.0","35.574","0.0"
"78","1.0","35.567","834.277"
"78","2.0","35.57","1071.79"
"78","3.0","35.56","1131.602"
"78","4.0","35.549","1154.041"
"78","5.0","35.537","1166.501"
"78","6.0","35.524","1168.473"
"78","7.0","35.51","1165.548"
"78","8.0","35.496","1160.007"
"78","9.0","35.481","1152.48"
"78","10.0","35.467","1143.699"
"78","11.0","35.452","1134.275"
"78","12.0","35.438","1124.329"
"78","13.0","35.423","1113.939"
"78","14.0","35.409","1103.644"
"78","15.0","35.394","1093.153"
"78","16.0","35.38","1082.987"
"78","17.0","35.365","1072.855"
"78","18.0","35.349","1066.591"
"78","19.0","35.333","1059.787"
"78","20.0","35.317","1052.629"
"78","21.0","35.301","1045.527"
"78","22.0","35.284","1038.693"
"78","23.0","35.268","1031.775"
"78","24.0","35.252","1025.059"
"78","25.0","35.236","1018.689"
"78","26.0","35.22","1012.294"
"78","27.0","35.204","1006.141"
"78","28.0","35.187","1000.37"
"78","29.0","35.171","994.533"
"78","30.0","35.155","988.902"
"78","31.0","35.139","983.621"
"78","32.0","35.123","978.303"
"78","33.0","35.107","973.197"
"78","34.0","35.091","968.428"
"78","35.0","35.075","963.577"
"78","36.0","35.059","958.904"
"78","37.0","35.043","954.522"
"78","38.0","35.027","950.064"
"78","39.0","35.012","945.752"
"78","40.0","34.996","941.721"
"78","41.0","34.98","937.593"
"78","42.0","34.964","932.279"
"78","43.0","34.949","927.44"
"78","44.0","34.934","922.853"
"78","45.0","34.919","918.5"
"78","46.0","34.904","914.354"
"78","47.0","34.889","910.377"
"78","48.0","34.874","906.569"
"78","49.0","34.859","902.912"
"78","50.0","34.844","899.397"
"78","51.0","34.829","896.02"
"78","52.0","34.814","892.763"
"78","53.0","34.799","889.626"
"78","54.0","34.784","886.599"
"78","55.0","34.769","883.649"
"78","56.0","34.754","880.778"
"78","57.0","34.739","877.991"
"78","58.0","34.724","875.249"
"78","59.0","34.709","872.566"
"78","60.0","34.694","869.961"
"78","61.0","34.679","867.418"
"78","62.0","34.664","864.945"
"78","63.0","34.649","862.527"
"78","64.0","34.634","860.159"
"78","65.0","34.619","857.827"
"78","66.0","34.606","850.982"
"78","67.0","34.594","845.576"
"78","68.0","34.582","840.734"
"78","69.0","34.569","836.213"
"78","70.0","34.557","832.247"
"78","71.0","34.545","828.561"
"78","72.0","34.533","825.152"
"78","73.0","34.52","821.99"
"78","74.0","34.508","818.879"
"78","75.0","34.496","816.156"
"78","76.0","34.484","813.559"
"78","77.0","34.472","811.101"
"78","78.0","34.46","808.759"
"78","79.0","34.448","806.511"
"78","80.0","34.436","804.199"
"78","81.0","34.424","802.167"
"78","82.0","34.412","800.181"
"78","83.0","34.4","798.266"
"78","84.0","34.388","796.403"
"78","85.0","34.376","794.589"
"78","86.0","34.364","792.668"
"78","87.0","34.352","790.996"
"78","88.0","34.34","789.319"
"78","89.0","34.328","787.678"
"78","90.0","34.321","774.185"
"78","91.0","34.316","764.308"
"78","92.0","34.311","755.888"
"78","93.0","34.306","748.576"
"78","94.0","34.301","741.917"
"78","95.0","34.296","736.119"
"79","0.0","35.564","0.0"
"79","1.0","35.55","851.648"
"79","2.0","35.549","1073.543"
"79","3.0","35.537","1132.75"
"79","4.0","35.525","1155.39"
"79","5.0","35.512","1168.007"
"79","6.0","35.498","1170.089"
"79","7.0","35.485","1167.187"
"79","8.0","35.471","1161.668"
"79","9.0","35.456","1154.148"
"79","10.0","35.442","1145.377"
"79","11.0","35.428","1135.966"
"79","12.0","35.414","1126.023"
"79","13.0","35.4","1115.624"
"79","14.0","35.385","1105.335"
"79","15.0","35.371","1094.834"
"79","16.0","35.357","1084.673"
"79","17.0","35.343","1074.53"
"79","18.0","35.327","1068.494"
"79","19.0","35.311","1061.691"
"79","20.0","35.295","1054.524"
"79","21.0","35.279","1047.421"
"79","22.0","35.262","1040.592"
"79","23.0","35.246","1033.665"
"79","24.0","35.23","1026.946"
"79","25.0","35.214","1020.58"
"79","26.0","35.198","1014.174"
"79","27.0","35.182","1008.018"
"79","28.0","35.166","1002.252"
"79","29.0","35.15","996.405"
"79","30.0","35.134","990.771"
"79","31.0","35.118","985.495"
"79","32.0","35.103","980.166"
"79","33.0","35.087","975.058"
"79","34.0","35.071","970.294"
"79","35.0","35.055","965.433"
"79","36.0","35.039","960.758"
"79","37.0","35.023","956.381"
"79","38.0","35.007","951.913"
"79","39.0","34.991","947.6"
"79","40.0","34.975","943.574"
"79","41.0","34.96","939.436"
"79","42.0","34.944","934.033"
"79","43.0","34.929","929.195"
"79","44.0","34.914","924.604"
"79","45.0","34.899","920.25"
"79","46.0","34.884","916.102"
"79","47.0","34.869","912.123"
"79","48.0","34.854","908.312"
"79","49.0","34.839","904.652"
"79","50.0","34.824","901.135"
"79","51.0","34.809","897.756"
"79","52.0","34.794","894.497"
"79","53.0","34.779","891.358"
"79","54.0","34.764","888.331"
"79","55.0","34.749","885.378"
"79","56.0","34.734","882.505"
"79","57.0","34.719","879.717"
"79","58.0","34.704","876.973"
"79","59.0","34.689","874.289"
"79","60.0","34.674","871.682"
"79","61.0","34.659","869.137"
"79","62.0","34.645","866.662"
"79","63.0","34.63","864.243"
"79","64.0","34.615","861.874"
"79","65.0","34.6","859.54"
"79","66.0","34.587","852.395"
"79","67.0","34.575","846.994"
"79","68.0","34.563","842.145"
"79","69.0","34.55","837.608"
"79","70.0","34.538","833.647"
"79","71.0","34.526","829.956"
"79","72.0","34.514","826.544"
"79","73.0","34.502","823.379"
"79","74.0","34.49","820.256"
"79","75.0","34.478","817.541"
"79","76.0","34.466","814.941"
"79","77.0","34.453","812.481"
"79","78.0","34.441","810.137"
"79","79.0","34.429","807.887"
"79","80.0","34.417","805.565"
"79","81.0","34.405","803.54"
"79","82.0","34.393","801.553"
"79","83.0","34.381","799.637"
"79","84.0","34.369","797.773"
"79","85.0","34.357","795.958"
"79","86.0","34.345","794.027"
"79","87.0","34.333","792.364"
"79","88.0","34.321","790.686"
"79","89.0","34.309","789.044"
"79","90.0","34.303","774.75"
"79","91.0","34.298","764.883"
"79","92.0","34.294","756.455"
"79","93.0","34.289","749.13"
"79","94.0","34.284","742.45"
"79","95.0","34.28","736.656"
"80","0.0","35.546","0.0"
"80","1.0","35.539","844.671"
"80","2.0","35.527","1070.41"
"80","3.0","35.513","1134.654"
"80","4.0","35.5","1157.111"
"80","5.0","35.487","1169.927"
"80","6.0","35.473","1172.08"
"80","7.0","35.46","1169.214"
"80","8.0","35.446","1163.713"
"80","9.0","35.432","1156.178"
"80","10.0","35.418","1147.415"
"80","11.0","35.404","1138.032"
"80","12.0","35.39","1128.09"
"80","13.0","35.376","1117.665"
"80","14.0","35.362","1107.4"
"80","15.0","35.348","1096.876"
"80","16.0","35.334","1086.735"
"80","17.0","35.32","1076.568"
"80","18.0","35.304","1070.805"
"80","19.0","35.288","1064.017"
"80","20.0","35.272","1056.829"
"80","21.0","35.256","1049.724"
"80","22.0","35.24","1042.911"
"80","23.0","35.224","1035.964"
"80","24.0","35.208","1029.243"
"80","25.0","35.193","1022.892"
"80","26.0","35.177","1016.464"
"80","27.0","35.161","1010.305"
"80","28.0","35.145","1004.554"
"80","29.0","35.129","998.686"
"80","30.0","35.113","993.05"
"80","31.0","35.097","987.789"
"80","32.0","35.081","982.439"
"80","33.0","35.065","977.328"
"80","34.0","35.049","972.58"
"80","35.0","35.034","967.697"
"80","36.0","35.018","963.02"
"80","37.0","35.002","958.659"
"80","38.0","34.986","954.17"
"80","39.0","34.97","949.855"
"80","40.0","34.954","945.845"
"80","41.0","34.938","941.686"
"80","42.0","34.923","936.184"
"80","43.0","34.908","931.345"
"80","44.0","34.893","926.751"
"80","45.0","34.878","922.396"
"80","46.0","34.863","918.246"
"80","47.0","34.848","914.264"
"80","48.0","34.833","910.452"
"80","49.0","34.818","906.788"
"80","50.0","34.803","903.269"
"80","51.0","34.788","899.887"
"80","52.0","34.773","896.627"
"80","53.0","34.758","893.486"
"80","54.0","34.743","890.457"
"80","55.0","34.728","887.502"
"80","56.0","34.713","884.627"
"80","57.0","34.698","881.838"
"80","58.0","34.683","879.092"
"80","59.0","34.668","876.406"
"80","60.0","34.653","873.799"
"80","61.0","34.638","871.251"
"80","62.0","34.623","868.774"
"80","63.0","34.608","866.353"
"80","64.0","34.593","863.982"
"80","65.0","34.578","861.647"
"80","66.0","34.566","854.121"
"80","67.0","34.554","848.726"
"80","68.0","34.541","843.871"
"80","69.0","34.529","839.313"
"80","70.0","34.517","835.363"
"80","71.0","34.505","831.669"
"80","72.0","34.493","828.254"
"80","73.0","34.481","825.085"
"80","74.0","34.469","821.944"
"80","75.0","34.457","819.243"
"80","76.0","34.444","816.641"
"80","77.0","34.432","814.179"
"80","78.0","34.42","811.833"
"80","79.0","34.408","809.582"
"80","80.0","34.396","807.244"
"80","81.0","34.384","805.233"
"80","82.0","34.372","803.243"
"80","83.0","34.36","801.326"
"80","84.0","34.348","799.461"
"80","85.0","34.336","797.645"
"80","86.0","34.324","795.698"
"80","87.0","34.312","794.049"
"80","88.0","34.3","792.37"
"80","89.0","34.288","790.726"
"80","90.0","34.283","775.388"
"80","91.0","34.278","765.533"
"80","92.0","34.274","757.105"
"80","93.0","34.269","749.77"
"80","94.0","34.265","743.073"
"80","95.0","34.261","737.283"
"5","0.0","35.534","0.0"
"5","1.0","35.52","827.309"
"5","2.0","35.506","1069.255"
"5","3.0","35.493","1137.039"
"5","4.0","35.479","1159.232"
"5","5.0","35.465","1172.154"
"5","6.0","35.451","1174.326"
"5","7.0","35.438","1171.476"
"5","8.0","35.424","1165.979"
"5","9.0","35.41","1158.433"
"5","10.0","35.396","1149.67"
"5","11.0","35.382","1140.299"
"5","12.0","35.369","1130.355"
"5","13.0","35.355","1119.916"
"5","14.0","35.341","1109.661"
"5","15.0","35.327","1099.126"
"5","16.0","35.314","1088.995"
"5","17.0","35.3","1078.815"
"5","18.0","35.284","1073.386"
"5","19.0","35.268","1066.612"
"5","20.0","35.252","1059.409"
"5","21.0","35.237","1052.303"
"5","22.0","35.221","1045.503"
"5","23.0","35.205","1038.542"
"5","24.0","35.189","1031.82"
"5","25.0","35.173","1025.481"
"5","26.0","35.158","1019.039"
"5","27.0","35.142","1012.879"
"5","28.0","35.126","1007.139"
"5","29.0","35.11","1001.258"
"5","30.0","35.094","995.62"
"5","31.0","35.078","990.371"
"5","32.0","35.063","985.006"
"5","33.0","35.047","979.895"
"5","34.0","35.031","975.157"
"5","35.0","35.015","970.261"
"5","36.0","34.999","965.582"
"5","37.0","34.983","961.232"
"5","38.0","34.967","956.73"
"5","39.0","34.952","952.414"
"5","40.0","34.936","948.414"
"5","41.0","34.92","944.242"
"5","42.0","34.905","938.605"
"5","43.0","34.89","933.765"
"5","44.0","34.875","929.17"
"5","45.0","34.86","924.815"
"5","46.0","34.845","920.663"
"5","47.0","34.83","916.68"
"5","48.0","34.815","912.867"
"5","49.0","34.8","909.202"
"5","50.0","34.785","905.682"
"5","51.0","34.77","902.299"
"5","52.0","34.755","899.037"
"5","53.0","34.74","895.894"
"5","54.0","34.725","892.865"
"5","55.0","34.71","889.909"
"5","56.0","34.695","887.033"
"5","57.0","34.68","884.243"
"5","58.0","34.665","881.496"
"5","59.0","34.65","878.809"
"5","60.0","34.635","876.2"
"5","61.0","34.62","873.652"
"5","62.0","34.605","871.174"
"5","63.0","34.59","868.752"
"5","64.0","34.575","866.38"
"5","65.0","34.56","864.045"
"5","66.0","34.548","856.06"
"5","67.0","34.536","850.67"
"5","68.0","34.524","845.812"
"5","69.0","34.512","841.239"
"5","70.0","34.5","837.3"
"5","71.0","34.487","833.604"
"5","72.0","34.475","830.188"
"5","73.0","34.463","827.019"
"5","74.0","34.451","823.865"
"5","75.0","34.439","821.175"
"5","76.0","34.427","818.571"
"5","77.0","34.415","816.109"
"5","78.0","34.403","813.762"
"5","79.0","34.391","811.511"
"5","80.0","34.379","809.16"
"5","81.0","34.367","807.161"
"5","82.0","34.355","805.17"
"5","83.0","34.342","803.253"
"5","84.0","34.33","801.387"
"5","85.0","34.318","799.571"
"5","86.0","34.306","797.611"
"5","87.0","34.294","795.974"
"5","88.0","34.282","794.294"
"5","89.0","34.27","792.649"
"5","90.0","34.266","776.075"
"5","91.0","34.262","766.215"
"5","92.0","34.257","757.803"
"5","93.0","34.253","750.464"
"5","94.0","34.249","743.746"
"5","95.0","34.245","737.973"
"6","0.0","37.486","0.0"
"6","1.0","37.599","1627.694"
"6","2.0","37.512","1627.508"
"6","3.0","37.434","1582.924"
"6","4.0","37.394","1561.361"
"6","5.0","37.355","1558.918"
"6","6.0","37.318","1554.651"
"6","7.0","37.282","1548.179"
"6","8.0","37.249","1543.168"
"6","9.0","37.218","1538.15"
"6","10.0","37.188","1533.131"
"6","11.0","37.16","1528.258"
"6","12.0","37.133","1523.43"
"6","13.0","37.108","1518.656"
"6","14.0","37.084","1513.927"
"6","15.0","37.06","1509.25"
"6","16.0","37.038","1504.65"
"6","17.0","37.017","1500.055"
"6","18.0","36.996","1495.846"
"6","19.0","36.977","1491.678"
"6","20.0","36.958","1487.853"
"6","21.0","36.939","1483.772"
"6","22.0","36.921","1479.73"
"6","23.0","36.903","1475.704"
"6","24.0","36.887","1471.702"
"6","25.0","36.87","1467.722"
"6","26.0","36.854","1463.757"
"6","27.0","36.839","1459.823"
"6","28.0","36.823","1455.893"
"6","29.0","36.808","1451.975"
"6","30.0","36.794","1448.068"
"6","31.0","36.78","1444.174"
"6","32.0","36.766","1440.289"
"6","33.0","36.752","1436.413"
"6","34.0","36.739","1432.545"
"6","35.0","36.725","1428.69"
"6","36.0","36.712","1424.841"
"6","37.0","36.7","1420.987"
"6","38.0","36.687","1417.152"
"6","39.0","36.675","1413.319"
"6","40.0","36.662","1409.493"
"6","41.0","36.65","1405.67"
"6","42.0","36.639","1403.565"
"6","43.0","36.628","1401.77"
"6","44.0","36.617","1399.974"
"6","45.0","36.606","1398.194"
"6","46.0","36.596","1396.46"
"6","47.0","36.586","1394.69"
"6","48.0","36.576","1392.923"
"6","49.0","36.566","1391.169"
"6","50.0","36.557","1389.414"
"6","51.0","36.548","1387.662"
"6","52.0","36.538","1385.921"
"6","53.0","36.529","1384.18"
"6","54.0","36.52","1382.441"
"6","55.0","36.512","1380.746"
"6","56.0","36.503","1379.023"
"6","57.0","36.494","1377.297"
"6","58.0","36.486","1375.581"
"6","59.0","36.478","1373.86"
"6","60.0","36.469","1372.142"
"6","61.0","36.461","1370.434"
"6","62.0","36.453","1368.723"
"6","63.0","36.445","1367.011"
"6","64.0","36.437","1365.309"
"6","65.0","36.43","1363.616"
"6","66.0","36.422","1361.937"
"6","67.0","36.414","1360.239"
"6","68.0","36.406","1358.617"
"6","69.0","36.399","1356.924"
"6","70.0","36.391","1355.267"
"6","71.0","36.383","1353.567"
"6","72.0","36.376","1351.865"
"6","73.0","36.368","1350.187"
"6","74.0","36.36","1348.486"
"6","75.0","36.353","1346.804"
"6","76.0","36.346","1345.117"
"6","77.0","36.338","1343.419"
"6","78.0","36.331","1341.721"
"6","79.0","36.324","1340.024"
"6","80.0","36.316","1338.326"
"6","81.0","36.309","1336.632"
"6","82.0","36.302","1334.946"
"6","83.0","36.295","1333.253"
"6","84.0","36.288","1331.559"
"6","85.0","36.281","1329.874"
"6","86.0","36.274","1328.183"
"6","87.0","36.267","1326.492"
"6","88.0","36.261","1324.809"
"6","89.0","36.254","1323.12"
"6","90.0","36.248","1322.436"
"6","91.0","36.241","1321.95"
"6","92.0","36.235","1321.44"
"6","93.0","36.23","1320.946"
"6","94.0","36.224","1320.449"
"6","95.0","36.219","1319.943"
"81","0.0","37.462","0.0"
"81","1.0","37.571","1657.316"
"81","2.0","37.467","1676.446"
"81","3.0","37.38","1613.31"
"81","4.0","37.349","1574.405"
"81","5.0","37.31","1572.111"
"81","6.0","37.271","1567.885"
"81","7.0","37.235","1560.342"
"81","8.0","37.201","1554.561"
"81","9.0","37.169","1548.863"
"81","10.0","37.139","1543.259"
"81","11.0","37.11","1537.861"
"81","12.0","37.083","1532.546"
"81","13.0","37.057","1527.323"
"81","14.0","37.032","1522.187"
"81","15.0","37.008","1517.134"
"81","16.0","36.986","1512.212"
"81","17.0","36.964","1507.302"
"81","18.0","36.943","1502.763"
"81","19.0","36.923","1498.291"
"81","20.0","36.904","1494.354"
"81","21.0","36.885","1490.032"
"81","22.0","36.867","1485.778"
"81","23.0","36.85","1481.55"
"81","24.0","36.833","1477.364"
"81","25.0","36.816","1473.215"
"81","26.0","36.8","1469.093"
"81","27.0","36.784","1465.024"
"81","28.0","36.769","1460.963"
"81","29.0","36.754","1456.923"
"81","30.0","36.74","1452.901"
"81","31.0","36.725","1448.902"
"81","32.0","36.712","1444.918"
"81","33.0","36.698","1440.95"
"81","34.0","36.684","1436.996"
"81","35.0","36.671","1433.063"
"81","36.0","36.658","1429.142"
"81","37.0","36.645","1425.217"
"81","38.0","36.633","1421.322"
"81","39.0","36.62","1417.429"
"81","40.0","36.608","1413.547"
"81","41.0","36.596","1409.671"
"81","42.0","36.584","1407.29"
"81","43.0","36.573","1405.398"
"81","44.0","36.562","1403.512"
"81","45.0","36.552","1401.652"
"81","46.0","36.541","1399.854"
"81","47.0","36.531","1398.011"
"81","48.0","36.521","1396.173"
"81","49.0","36.512","1394.353"
"81","50.0","36.502","1392.535"
"81","51.0","36.493","1390.724"
"81","52.0","36.483","1388.926"
"81","53.0","36.474","1387.134"
"81","54.0","36.465","1385.348"
"81","55.0","36.457","1383.626"
"81","56.0","36.448","1381.863"
"81","57.0","36.439","1380.097"
"81","58.0","36.431","1378.341"
"81","59.0","36.422","1376.584"
"81","60.0","36.414","1374.829"
"81","61.0","36.406","1373.088"
"81","62.0","36.398","1371.346"
"81","63.0","36.39","1369.604"
"81","64.0","36.382","1367.87"
"81","65.0","36.374","1366.162"
"81","66.0","36.367","1364.479"
"81","67.0","36.359","1362.768"
"81","68.0","36.351","1361.165"
"81","69.0","36.343","1359.455"
"81","70.0","36.336","1357.799"
"81","71.0","36.328","1356.078"
"81","72.0","36.32","1354.353"
"81","73.0","36.313","1352.651"
"81","74.0","36.305","1350.93"
"81","75.0","36.298","1349.235"
"81","76.0","36.29","1347.527"
"81","77.0","36.283","1345.807"
"81","78.0","36.276","1344.087"
"81","79.0","36.268","1342.361"
"81","80.0","36.261","1340.644"
"81","81.0","36.254","1338.929"
"81","82.0","36.247","1337.223"
"81","83.0","36.24","1335.513"
"81","84.0","36.233","1333.8"
"81","85.0","36.226","1332.095"
"81","86.0","36.219","1330.389"
"81","87.0","36.212","1328.679"
"81","88.0","36.206","1326.979"
"81","89.0","36.199","1325.275"
"81","90.0","36.193","1324.432"
"81","91.0","36.186","1323.89"
"81","92.0","36.18","1323.321"
"81","93.0","36.175","1322.772"
"81","94.0","36.169","1322.213"
"81","95.0","36.163","1321.646"
"82","0.0","37.449","0.0"
"82","1.0","37.552","1713.583"
"82","2.0","37.427","1744.013"
"82","3.0","37.338","1651.572"
"82","4.0","37.309","1594.12"
"82","5.0","37.27","1590.558"
"82","6.0","37.23","1586.188"
"82","7.0","37.193","1578.259"
"82","8.0","37.159","1571.255"
"82","9.0","37.126","1564.485"
"82","10.0","37.095","1558.127"
"82","11.0","37.066","1551.976"
"82","12.0","37.038","1545.953"
"82","13.0","37.012","1540.091"
"82","14.0","36.987","1534.367"
"82","15.0","36.962","1528.779"
"82","16.0","36.939","1523.378"
"82","17.0","36.917","1518.024"
"82","18.0","36.896","1513.015"
"82","19.0","36.875","1508.102"
"82","20.0","36.856","1503.771"
"82","21.0","36.837","1499.029"
"82","22.0","36.819","1494.403"
"82","23.0","36.801","1489.82"
"82","24.0","36.784","1485.311"
"82","25.0","36.768","1480.868"
"82","26.0","36.752","1476.471"
"82","27.0","36.736","1472.162"
"82","28.0","36.721","1467.873"
"82","29.0","36.706","1463.616"
"82","30.0","36.692","1459.394"
"82","31.0","36.677","1455.209"
"82","32.0","36.663","1451.051"
"82","33.0","36.65","1446.92"
"82","34.0","36.636","1442.814"
"82","35.0","36.623","1438.739"
"82","36.0","36.61","1434.686"
"82","37.0","36.597","1430.636"
"82","38.0","36.585","1426.627"
"82","39.0","36.572","1422.623"
"82","40.0","36.56","1418.634"
"82","41.0","36.548","1414.657"
"82","42.0","36.536","1411.957"
"82","43.0","36.525","1409.913"
"82","44.0","36.514","1407.889"
"82","45.0","36.504","1405.903"
"82","46.0","36.493","1403.989"
"82","47.0","36.483","1402.039"
"82","48.0","36.473","1400.101"
"82","49.0","36.463","1398.18"
"82","50.0","36.454","1396.272"
"82","51.0","36.444","1394.375"
"82","52.0","36.435","1392.493"
"82","53.0","36.426","1390.624"
"82","54.0","36.417","1388.779"
"82","55.0","36.408","1387.002"
"82","56.0","36.399","1385.178"
"82","57.0","36.391","1383.353"
"82","58.0","36.382","1381.537"
"82","59.0","36.374","1379.725"
"82","60.0","36.366","1377.919"
"82","61.0","36.357","1376.125"
"82","62.0","36.349","1374.337"
"82","63.0","36.341","1372.549"
"82","64.0","36.334","1370.768"
"82","65.0","36.326","1369.033"
"82","66.0","36.318","1367.331"
"82","67.0","36.31","1365.611"
"82","68.0","36.302","1364.005"
"82","69.0","36.295","1362.261"
"82","70.0","36.287","1360.589"
"82","71.0","36.279","1358.833"
"82","72.0","36.272","1357.072"
"82","73.0","36.264","1355.33"
"82","74.0","36.257","1353.575"
"82","75.0","36.249","1351.861"
"82","76.0","36.242","1350.122"
"82","77.0","36.234","1348.371"
"82","78.0","36.227","1346.619"
"82","79.0","36.22","1344.856"
"82","80.0","36.213","1343.106"
"82","81.0","36.206","1341.364"
"82","82.0","36.199","1339.631"
"82","83.0","36.192","1337.894"
"82","84.0","36.185","1336.154"
"82","85.0","36.178","1334.422"
"82","86.0","36.171","1332.69"
"82","87.0","36.164","1330.958"
"82","88.0","36.158","1329.232"
"82","89.0","36.151","1327.505"
"82","90.0","36.145","1326.512"
"82","91.0","36.138","1325.913"
"82","92.0","36.132","1325.294"
"82","93.0","36.126","1324.682"
"82","94.0","36.121","1324.058"
"82","95.0","36.115","1323.425"
"83","0.0","37.432","5.0"
"83","1.0","37.52","1812.561"
"83","2.0","37.399","1772.927"
"83","3.0","37.313","1672.078"
"83","4.0","37.281","1611.284"
"83","5.0","37.241","1606.43"
"83","6.0","37.202","1601.473"
"83","7.0","37.164","1593.425"
"83","8.0","37.129","1585.411"
"83","9.0","37.096","1577.675"
"83","10.0","37.065","1570.677"
"83","11.0","37.035","1563.884"
"83","12.0","37.007","1557.251"
"83","13.0","36.98","1550.839"
"83","14.0","36.955","1544.619"
"83","15.0","36.93","1538.568"
"83","16.0","36.907","1532.76"
"83","17.0","36.884","1527.016"
"83","18.0","36.863","1521.612"
"83","19.0","36.842","1516.322"
"83","20.0","36.822","1511.654"
"83","21.0","36.803","1506.626"
"83","22.0","36.785","1501.743"
"83","23.0","36.767","1496.914"
"83","24.0","36.75","1492.181"
"83","25.0","36.733","1487.534"
"83","26.0","36.717","1482.947"
"83","27.0","36.701","1478.473"
"83","28.0","36.686","1474.026"
"83","29.0","36.671","1469.619"
"83","30.0","36.656","1465.258"
"83","31.0","36.641","1460.945"
"83","32.0","36.627","1456.667"
"83","33.0","36.613","1452.423"
"83","34.0","36.6","1448.212"
"83","35.0","36.586","1444.037"
"83","36.0","36.573","1439.893"
"83","37.0","36.56","1435.759"
"83","38.0","36.548","1431.672"
"83","39.0","36.535","1427.592"
"83","40.0","36.523","1423.532"
"83","41.0","36.511","1419.487"
"83","42.0","36.499","1416.537"
"83","43.0","36.487","1414.375"
"83","44.0","36.476","1412.242"
"83","45.0","36.465","1410.152"
"83","46.0","36.455","1408.134"
"83","47.0","36.444","1406.092"
"83","48.0","36.434","1404.065"
"83","49.0","36.424","1402.063"
"83","50.0","36.414","1400.076"
"83","51.0","36.405","1398.105"
"83","52.0","36.395","1396.152"
"83","53.0","36.386","1394.219"
"83","54.0","36.377","1392.326"
"83","55.0","36.368","1390.505"
"83","56.0","36.359","1388.63"
"83","57.0","36.35","1386.754"
"83","58.0","36.342","1384.888"
"83","59.0","36.333","1383.03"
"83","60.0","36.325","1381.178"
"83","61.0","36.316","1379.344"
"83","62.0","36.308","1377.518"
"83","63.0","36.3","1375.691"
"83","64.0","36.292","1373.874"
"83","65.0","36.284","1372.116"
"83","66.0","36.276","1370.408"
"83","67.0","36.268","1368.696"
"83","68.0","36.26","1367.092"
"83","69.0","36.252","1365.325"
"83","70.0","36.244","1363.618"
"83","71.0","36.236","1361.832"
"83","72.0","36.229","1360.038"
"83","73.0","36.221","1358.258"
"83","74.0","36.213","1356.473"
"83","75.0","36.206","1354.744"
"83","76.0","36.198","1352.978"
"83","77.0","36.191","1351.198"
"83","78.0","36.184","1349.417"
"83","79.0","36.176","1347.619"
"83","80.0","36.169","1345.843"
"83","81.0","36.162","1344.074"
"83","82.0","36.155","1342.316"
"83","83.0","36.148","1340.555"
"83","84.0","36.141","1338.791"
"83","85.0","36.134","1337.034"
"83","86.0","36.127","1335.282"
"83","87.0","36.12","1333.525"
"83","88.0","36.113","1331.778"
"83","89.0","36.106","1330.03"
"83","90.0","36.1","1328.902"
"83","91.0","36.094","1328.238"
"83","92.0","36.087","1327.578"
"83","93.0","36.081","1326.893"
"83","94.0","36.075","1326.191"
"83","95.0","36.07","1325.482"
"7","0.0","37.422","1.0"
"7","1.0","37.523","1819.508"
"7","2.0","37.382","1796.364"
"7","3.0","37.302","1680.584"
"7","4.0","37.265","1627.319"
"7","5.0","37.226","1623.35"
"7","6.0","37.186","1617.294"
"7","7.0","37.148","1608.64"
"7","8.0","37.113","1599.649"
"7","9.0","37.079","1590.991"
"7","10.0","37.048","1583.338"
"7","11.0","37.018","1575.912"
"7","12.0","36.99","1568.678"
"7","13.0","36.963","1561.722"
"7","14.0","36.937","1555.001"
"7","15.0","36.912","1548.506"
"7","16.0","36.889","1542.28"
"7","17.0","36.866","1536.157"
"7","18.0","36.844","1530.357"
"7","19.0","36.824","1524.698"
"7","20.0","36.804","1519.688"
"7","21.0","36.785","1514.374"
"7","22.0","36.766","1509.238"
"7","23.0","36.748","1504.162"
"7","24.0","36.731","1499.206"
"7","25.0","36.714","1494.354"
"7","26.0","36.697","1489.576"
"7","27.0","36.681","1484.94"
"7","28.0","36.666","1480.335"
"7","29.0","36.651","1475.778"
"7","30.0","36.636","1471.278"
"7","31.0","36.621","1466.838"
"7","32.0","36.607","1462.44"
"7","33.0","36.593","1458.084"
"7","34.0","36.579","1453.769"
"7","35.0","36.566","1449.493"
"7","36.0","36.552","1445.26"
"7","37.0","36.539","1441.043"
"7","38.0","36.527","1436.879"
"7","39.0","36.514","1432.726"
"7","40.0","36.501","1428.596"
"7","41.0","36.489","1424.486"
"7","42.0","36.477","1421.315"
"7","43.0","36.466","1419.032"
"7","44.0","36.454","1416.793"
"7","45.0","36.443","1414.596"
"7","46.0","36.432","1412.473"
"7","47.0","36.422","1410.338"
"7","48.0","36.412","1408.225"
"7","49.0","36.401","1406.136"
"7","50.0","36.391","1404.07"
"7","51.0","36.382","1402.024"
"7","52.0","36.372","1399.999"
"7","53.0","36.363","1398.0"
"7","54.0","36.354","1396.066"
"7","55.0","36.344","1394.196"
"7","56.0","36.335","1392.269"
"7","57.0","36.327","1390.341"
"7","58.0","36.318","1388.425"
"7","59.0","36.309","1386.52"
"7","60.0","36.301","1384.625"
"7","61.0","36.292","1382.746"
"7","62.0","36.284","1380.881"
"7","63.0","36.276","1379.016"
"7","64.0","36.267","1377.166"
"7","65.0","36.259","1375.385"
"7","66.0","36.251","1373.668"
"7","67.0","36.243","1371.976"
"7","68.0","36.235","1370.367"
"7","69.0","36.227","1368.573"
"7","70.0","36.219","1366.831"
"7","71.0","36.211","1365.016"
"7","72.0","36.203","1363.193"
"7","73.0","36.196","1361.378"
"7","74.0","36.188","1359.561"
"7","75.0","36.18","1357.827"
"7","76.0","36.173","1356.038"
"7","77.0","36.165","1354.231"
"7","78.0","36.158","1352.423"
"7","79.0","36.15","1350.593"
"7","80.0","36.143","1348.79"
"7","81.0","36.136","1347.001"
"7","82.0","36.128","1345.22"
"7","83.0","36.121","1343.437"
"7","84.0","36.114","1341.651"
"7","85.0","36.107","1339.873"
"7","86.0","36.1","1338.099"
"7","87.0","36.093","1336.325"
"7","88.0","36.086","1334.557"
"7","89.0","36.079","1332.792"
"7","90.0","36.072","1331.54"
"7","91.0","36.066","1330.806"
"7","92.0","36.06","1330.102"
"7","93.0","36.053","1329.339"
"7","94.0","36.047","1328.555"
"7","95.0","36.042","1327.763"
"7_sec6_0","0.0","37.422","0.0"
"7_sec6_0","1.0","37.523","1135.315"
"7_sec6_0","2.0","37.382","838.18"
"7_sec6_0","3.0","37.302","819.706"
"7_sec6_0","4.0","37.265","836.505"
"7_sec6_0","5.0","37.226","823.488"
"7_sec6_0","6.0","37.186","807.132"
"7_sec6_0","7.0","37.148","792.617"
"7_sec6_0","8.0","37.113","780.939"
"7_sec6_0","9.0","37.079","770.244"
"7_sec6_0","10.0","37.048","760.396"
"7_sec6_0","11.0","37.018","751.367"
"7_sec6_0","12.0","36.99","743.085"
"7_sec6_0","13.0","36.963","735.478"
"7_sec6_0","14.0","36.937","728.428"
"7_sec6_0","15.0","36.912","721.845"
"7_sec6_0","16.0","36.889","715.895"
"7_sec6_0","17.0","36.866","710.233"
"7_sec6_0","18.0","36.844","704.927"
"7_sec6_0","19.0","36.824","700.035"
"7_sec6_0","20.0","36.804","695.638"
"7_sec6_0","21.0","36.785","691.3"
"7_sec6_0","22.0","36.766","687.195"
"7_sec6_0","23.0","36.748","683.306"
"7_sec6_0","24.0","36.731","679.578"
"7_sec6_0","25.0","36.714","676.0"
"7_sec6_0","26.0","36.697","672.565"
"7_sec6_0","27.0","36.681","669.392"
"7_sec6_0","28.0","36.666","666.334"
"7_sec6_0","29.0","36.651","663.354"
"7_sec6_0","30.0","36.636","660.456"
"7_sec6_0","31.0","36.621","657.632"
"7_sec6_0","32.0","36.607","654.873"
"7_sec6_0","33.0","36.593","652.172"
"7_sec6_0","34.0","36.579","649.528"
"7_sec6_0","35.0","36.566","646.938"
"7_sec6_0","36.0","36.552","644.401"
"7_sec6_0","37.0","36.539","641.914"
"7_sec6_0","38.0","36.527","639.516"
"7_sec6_0","39.0","36.514","637.141"
"7_sec6_0","40.0","36.501","634.779"
"7_sec6_0","41.0","36.489","632.431"
"7_sec6_0","42.0","36.477","630.37"
"7_sec6_0","43.0","36.466","628.589"
"7_sec6_0","44.0","36.454","626.843"
"7_sec6_0","45.0","36.443","625.167"
"7_sec6_0","46.0","36.432","623.571"
"7_sec6_0","47.0","36.422","622.011"
"7_sec6_0","48.0","36.412","620.497"
"7_sec6_0","49.0","36.401","619.027"
"7_sec6_0","50.0","36.391","617.594"
"7_sec6_0","51.0","36.382","616.193"
"7_sec6_0","52.0","36.372","614.826"
"7_sec6_0","53.0","36.363","613.485"
"7_sec6_0","54.0","36.354","612.15"
"7_sec6_0","55.0","36.344","610.806"
"7_sec6_0","56.0","36.335","609.506"
"7_sec6_0","57.0","36.327","608.236"
"7_sec6_0","58.0","36.318","606.987"
"7_sec6_0","59.0","36.309","605.749"
"7_sec6_0","60.0","36.301","604.528"
"7_sec6_0","61.0","36.292","603.328"
"7_sec6_0","62.0","36.284","602.143"
"7_sec6_0","63.0","36.276","600.97"
"7_sec6_0","64.0","36.267","599.809"
"7_sec6_0","65.0","36.259","598.805"
"7_sec6_0","66.0","36.251","598.007"
"7_sec6_0","67.0","36.243","597.32"
"7_sec6_0","68.0","36.235","596.977"
"7_sec6_0","69.0","36.227","596.426"
"7_sec6_0","70.0","36.219","595.825"
"7_sec6_0","71.0","36.211","595.15"
"7_sec6_0","72.0","36.203","594.433"
"7_sec6_0","73.0","36.196","593.692"
"7_sec6_0","74.0","36.188","592.928"
"7_sec6_0","75.0","36.18","592.104"
"7_sec6_0","76.0","36.173","591.271"
"7_sec6_0","77.0","36.165","590.439"
"7_sec6_0","78.0","36.158","589.605"
"7_sec6_0","79.0","36.15","588.781"
"7_sec6_0","80.0","36.143","587.956"
"7_sec6_0","81.0","36.136","587.139"
"7_sec6_0","82.0","36.128","586.331"
"7_sec6_0","83.0","36.121","585.523"
"7_sec6_0","84.0","36.114","584.713"
"7_sec6_0","85.0","36.107","583.903"
"7_sec6_0","86.0","36.1","583.091"
"7_sec6_0","87.0","36.093","582.278"
"7_sec6_0","88.0","36.086","581.468"
"7_sec6_0","89.0","36.079","580.659"
"7_sec6_0","90.0","36.072","579.987"
"7_sec6_0","91.0","36.066","579.414"
"7_sec6_0","92.0","36.06","578.848"
"7_sec6_0","93.0","36.053","578.318"
"7_sec6_0","94.0","36.047","577.844"
"7_sec6_0","95.0","36.042","577.381"
"8","0.0","37.408","0.0"
"8","1.0","37.493","1118.706"
"8","2.0","37.366","847.069"
"8","3.0","37.284","819.816"
"8","4.0","37.247","839.229"
"8","5.0","37.208","826.766"
"8","6.0","37.169","810.142"
"8","7.0","37.131","795.44"
"8","8.0","37.096","783.569"
"8","9.0","37.063","772.704"
"8","10.0","37.031","762.73"
"8","11.0","37.001","753.579"
"8","12.0","36.973","745.185"
"8","13.0","36.946","737.478"
"8","14.0","36.92","730.333"
"8","15.0","36.896","723.666"
"8","16.0","36.872","717.639"
"8","17.0","36.849","711.906"
"8","18.0","36.827","706.526"
"8","19.0","36.806","701.563"
"8","20.0","36.787","697.103"
"8","21.0","36.767","692.71"
"8","22.0","36.749","688.554"
"8","23.0","36.731","684.62"
"8","24.0","36.713","680.849"
"8","25.0","36.696","677.231"
"8","26.0","36.68","673.76"
"8","27.0","36.664","670.556"
"8","28.0","36.648","667.467"
"8","29.0","36.633","664.459"
"8","30.0","36.618","661.534"
"8","31.0","36.604","658.684"
"8","32.0","36.589","655.903"
"8","33.0","36.575","653.181"
"8","34.0","36.561","650.515"
"8","35.0","36.548","647.907"
"8","36.0","36.535","645.352"
"8","37.0","36.522","642.848"
"8","38.0","36.509","640.437"
"8","39.0","36.496","638.047"
"8","40.0","36.483","635.669"
"8","41.0","36.471","633.309"
"8","42.0","36.459","631.215"
"8","43.0","36.447","629.411"
"8","44.0","36.436","627.645"
"8","45.0","36.425","625.949"
"8","46.0","36.414","624.334"
"8","47.0","36.404","622.756"
"8","48.0","36.393","621.226"
"8","49.0","36.383","619.74"
"8","50.0","36.373","618.292"
"8","51.0","36.363","616.877"
"8","52.0","36.354","615.497"
"8","53.0","36.344","614.143"
"8","54.0","36.335","612.799"
"8","55.0","36.326","611.447"
"8","56.0","36.317","610.138"
"8","57.0","36.308","608.858"
"8","58.0","36.299","607.599"
"8","59.0","36.29","606.353"
"8","60.0","36.282","605.123"
"8","61.0","36.273","603.916"
"8","62.0","36.265","602.722"
"8","63.0","36.256","601.542"
"8","64.0","36.248","600.375"
"8","65.0","36.24","599.368"
"8","66.0","36.232","598.564"
"8","67.0","36.224","597.881"
"8","68.0","36.216","597.533"
"8","69.0","36.208","596.973"
"8","70.0","36.2","596.366"
"8","71.0","36.192","595.684"
"8","72.0","36.184","594.96"
"8","73.0","36.176","594.211"
"8","74.0","36.169","593.439"
"8","75.0","36.161","592.613"
"8","76.0","36.153","591.774"
"8","77.0","36.146","590.936"
"8","78.0","36.138","590.095"
"8","79.0","36.131","589.265"
"8","80.0","36.124","588.432"
"8","81.0","36.116","587.611"
"8","82.0","36.109","586.798"
"8","83.0","36.102","585.985"
"8","84.0","36.095","585.17"
"8","85.0","36.088","584.355"
"8","86.0","36.081","583.536"
"8","87.0","36.074","582.72"
"8","88.0","36.067","581.905"
"8","89.0","36.06","581.092"
"8","90.0","36.053","580.4"
"8","91.0","36.047","579.815"
"8","92.0","36.041","579.243"
"8","93.0","36.034","578.7"
"8","94.0","36.028","578.209"
"8","95.0","36.023","577.735"
"8_sec7_0","0.0","37.408","6.0"
"8_sec7_0","1.0","37.493","1118.706"
"8_sec7_0","2.0","37.366","847.069"
"8_sec7_0","3.0","37.284","819.816"
"8_sec7_0","4.0","37.247","839.229"
"8_sec7_0","5.0","37.208","826.766"
"8_sec7_0","6.0","37.169","810.142"
"8_sec7_0","7.0","37.131","795.44"
"8_sec7_0","8.0","37.096","783.569"
"8_sec7_0","9.0","37.063","772.704"
"8_sec7_0","10.0","37.031","762.73"
"8_sec7_0","11.0","37.001","753.579"
"8_sec7_0","12.0","36.973","745.185"
"8_sec7_0","13.0","36.946","737.478"
"8_sec7_0","14.0","36.92","730.333"
"8_sec7_0","15.0","36.896","723.666"
"8_sec7_0","16.0","36.872","717.639"
"8_sec7_0","17.0","36.849","711.906"
"8_sec7_0","18.0","36.827","706.526"
"8_sec7_0","19.0","36.806","701.563"
"8_sec7_0","20.0","36.787","697.103"
"8_sec7_0","21.0","36.767","692.71"
"8_sec7_0","22.0","36.749","688.554"
"8_sec7_0","23.0","36.731","684.62"
"8_sec7_0","24.0","36.713","680.849"
"8_sec7_0","25.0","36.696","677.231"
"8_sec7_0","26.0","36.68","673.76"
"8_sec7_0","27.0","36.664","670.556"
"8_sec7_0","28.0","36.648","667.467"
"8_sec7_0","29.0","36.633","664.459"
"8_sec7_0","30.0","36.618","661.534"
"8_sec7_0","31.0","36.604","658.684"
"8_sec7_0","32.0","36.589","655.903"
"8_sec7_0","33.0","36.575","653.181"
"8_sec7_0","34.0","36.561","650.515"
"8_sec7_0","35.0","36.548","647.907"
"8_sec7_0","36.0","36.535","645.352"
"8_sec7_0","37.0","36.522","642.848"
"8_sec7_0","38.0","36.509","640.437"
"8_sec7_0","39.0","36.496","638.047"
"8_sec7_0","40.0","36.483","635.669"
"8_sec7_0","41.0","36.471","633.309"
"8_sec7_0","42.0","36.459","631.215"
"8_sec7_0","43.0","36.447","629.411"
"8_sec7_0","44.0","36.436","627.645"
"8_sec7_0","45.0","36.425","625.949"
"8_sec7_0","46.0","36.414","624.334"
"8_sec7_0","47.0","36.404","622.756"
"8_sec7_0","48.0","36.393","621.226"
"8_sec7_0","49.0","36.383","619.74"
"8_sec7_0","50.0","36.373","618.292"
"8_sec7_0","51.0","36.363","616.877"
"8_sec7_0","52.0","36.354","615.497"
"8_sec7_0","53.0","36.344","614.143"
"8_sec7_0","54.0","36.335","612.799"
"8_sec7_0","55.0","36.326","611.447"
"8_sec7_0","56.0","36.317","610.138"
"8_sec7_0","57.0","36.308","608.858"
"8_sec7_0","58.0","36.299","607.599"
"8_sec7_0","59.0","36.29","606.353"
"8_sec7_0","60.0","36.282","605.123"
"8_sec7_0","61.0","36.273","603.916"
"8_sec7_0","62.0","36.265","602.722"
"8_sec7_0","63.0","36.256","601.542"
"8_sec7_0","64.0","36.248","600.375"
"8_sec7_0","65.0","36.24","599.368"
"8_sec7_0","66.0","36.232","598.564"
"8_sec7_0","67.0","36.224","597.881"
"8_sec7_0","68.0","36.216","597.533"
"8_sec7_0","69.0","36.208","596.973"
"8_sec7_0","70.0","36.2","596.366"
"8_sec7_0","71.0","36.192","595.684"
"8_sec7_0","72.0","36.184","594.96"
"8_sec7_0","73.0","36.176","594.211"
"8_sec7_0","74.0","36.169","593.439"
"8_sec7_0","75.0","36.161","592.613"
"8_sec7_0","76.0","36.153","591.774"
"8_sec7_0","77.0","36.146","590.936"
"8_sec7_0","78.0","36.138","590.095"
"8_sec7_0","79.0","36.131","589.265"
"8_sec7_0","80.0","36.124","588.432"
"8_sec7_0","81.0","36.116","587.611"
"8_sec7_0","82.0","36.109","586.798"
"8_sec7_0","83.0","36.102","585.985"
"8_sec7_0","84.0","36.095","585.17"
"8_sec7_0","85.0","36.088","584.355"
"8_sec7_0","86.0","36.081","583.536"
"8_sec7_0","87.0","36.074","582.72"
"8_sec7_0","88.0","36.067","581.905"
"8_sec7_0","89.0","36.06","581.092"
"8_sec7_0","90.0","36.053","580.4"
"8_sec7_0","91.0","36.047","579.815"
"8_sec7_0","92.0","36.041","579.243"
"8_sec7_0","93.0","36.034","578.7"
"8_sec7_0","94.0","36.028","578.209"
"8_sec7_0","95.0","36.023","577.735"
"84","0.0","37.342","1.0"
"84","1.0","37.408","1114.707"
"84","2.0","37.308","872.687"
"84","3.0","37.223","822.244"
"84","4.0","37.184","846.203"
"84","5.0","37.146","835.326"
"84","6.0","37.106","818.125"
"84","7.0","37.069","803.027"
"84","8.0","37.034","790.653"
"84","9.0","37.0","779.352"
"84","10.0","36.969","769.042"
"84","11.0","36.939","759.578"
"84","12.0","36.91","750.887"
"84","13.0","36.882","742.905"
"84","14.0","36.856","735.515"
"84","15.0","36.831","728.634"
"84","16.0","36.807","722.395"
"84","17.0","36.784","716.466"
"84","18.0","36.762","710.895"
"84","19.0","36.741","705.749"
"84","20.0","36.72","701.101"
"84","21.0","36.701","696.556"
"84","22.0","36.682","692.27"
"84","23.0","36.663","688.208"
"84","24.0","36.645","684.321"
"84","25.0","36.628","680.599"
"84","26.0","36.611","677.029"
"84","27.0","36.595","673.746"
"84","28.0","36.579","670.574"
"84","29.0","36.563","667.488"
"84","30.0","36.548","664.491"
"84","31.0","36.533","661.575"
"84","32.0","36.518","658.73"
"84","33.0","36.503","655.949"
"84","34.0","36.489","653.23"
"84","35.0","36.475","650.568"
"84","36.0","36.462","647.967"
"84","37.0","36.448","645.422"
"84","38.0","36.435","642.964"
"84","39.0","36.422","640.534"
"84","40.0","36.409","638.119"
"84","41.0","36.396","635.722"
"84","42.0","36.384","633.534"
"84","43.0","36.371","631.665"
"84","44.0","36.36","629.847"
"84","45.0","36.348","628.097"
"84","46.0","36.337","626.429"
"84","47.0","36.326","624.805"
"84","48.0","36.315","623.23"
"84","49.0","36.304","621.701"
"84","50.0","36.294","620.213"
"84","51.0","36.283","618.761"
"84","52.0","36.273","617.344"
"84","53.0","36.263","615.957"
"84","54.0","36.254","614.589"
"84","55.0","36.244","613.213"
"84","56.0","36.234","611.878"
"84","57.0","36.225","610.572"
"84","58.0","36.216","609.286"
"84","59.0","36.207","608.017"
"84","60.0","36.198","606.764"
"84","61.0","36.189","605.535"
"84","62.0","36.18","604.322"
"84","63.0","36.171","603.121"
"84","64.0","36.162","601.948"
"84","65.0","36.154","600.92"
"84","66.0","36.145","600.089"
"84","67.0","36.137","599.395"
"84","68.0","36.129","599.021"
"84","69.0","36.121","598.441"
"84","70.0","36.113","597.808"
"84","71.0","36.105","597.106"
"84","72.0","36.097","596.362"
"84","73.0","36.089","595.592"
"84","74.0","36.082","594.801"
"84","75.0","36.074","593.964"
"84","76.0","36.067","593.11"
"84","77.0","36.059","592.255"
"84","78.0","36.052","591.397"
"84","79.0","36.045","590.549"
"84","80.0","36.037","589.701"
"84","81.0","36.03","588.866"
"84","82.0","36.023","588.039"
"84","83.0","36.016","587.211"
"84","84.0","36.009","586.383"
"84","85.0","36.002","585.554"
"84","86.0","35.995","584.724"
"84","87.0","35.988","583.893"
"84","88.0","35.981","583.067"
"84","89.0","35.974","582.241"
"84","90.0","35.968","581.502"
"84","91.0","35.961","580.891"
"84","92.0","35.955","580.29"
"84","93.0","35.949","579.714"
"84","94.0","35.943","579.189"
"84","95.0","35.937","578.676"
"85","0.0","37.276","0.0"
"85","1.0","37.312","1128.879"
"85","2.0","37.238","894.008"
"85","3.0","37.153","836.56"
"85","4.0","37.11","855.548"
"85","5.0","37.071","845.74"
"85","6.0","37.032","828.14"
"85","7.0","36.994","812.607"
"85","8.0","36.959","799.659"
"85","9.0","36.926","787.867"
"85","10.0","36.894","777.149"
"85","11.0","36.864","767.301"
"85","12.0","36.835","758.251"
"85","13.0","36.807","749.94"
"85","14.0","36.78","742.24"
"85","15.0","36.755","735.102"
"85","16.0","36.731","728.592"
"85","17.0","36.707","722.423"
"85","18.0","36.684","716.613"
"85","19.0","36.663","711.238"
"85","20.0","36.642","706.353"
"85","21.0","36.622","701.626"
"85","22.0","36.602","697.173"
"85","23.0","36.584","692.955"
"85","24.0","36.565","688.925"
"85","25.0","36.548","685.073"
"85","26.0","36.53","681.381"
"85","27.0","36.513","677.99"
"85","28.0","36.497","674.71"
"85","29.0","36.481","671.529"
"85","30.0","36.465","668.442"
"85","31.0","36.45","665.442"
"85","32.0","36.435","662.52"
"85","33.0","36.42","659.665"
"85","34.0","36.406","656.877"
"85","35.0","36.391","654.151"
"85","36.0","36.377","651.492"
"85","37.0","36.363","648.895"
"85","38.0","36.35","646.381"
"85","39.0","36.336","643.901"
"85","40.0","36.323","641.442"
"85","41.0","36.31","639.003"
"85","42.0","36.297","636.728"
"85","43.0","36.284","634.783"
"85","44.0","36.272","632.899"
"85","45.0","36.26","631.085"
"85","46.0","36.248","629.351"
"85","47.0","36.237","627.668"
"85","48.0","36.225","626.037"
"85","49.0","36.214","624.455"
"85","50.0","36.203","622.916"
"85","51.0","36.192","621.416"
"85","52.0","36.182","619.954"
"85","53.0","36.171","618.525"
"85","54.0","36.161","617.123"
"85","55.0","36.151","615.722"
"85","56.0","36.141","614.354"
"85","57.0","36.131","613.016"
"85","58.0","36.121","611.697"
"85","59.0","36.111","610.398"
"85","60.0","36.102","609.117"
"85","61.0","36.092","607.861"
"85","62.0","36.083","606.624"
"85","63.0","36.074","605.397"
"85","64.0","36.064","604.236"
"85","65.0","36.055","603.174"
"85","66.0","36.046","602.283"
"85","67.0","36.037","601.504"
"85","68.0","36.029","601.066"
"85","69.0","36.021","600.444"
"85","70.0","36.013","599.768"
"85","71.0","36.005","599.029"
"85","72.0","35.997","598.25"
"85","73.0","35.989","597.444"
"85","74.0","35.982","596.621"
"85","75.0","35.974","595.761"
"85","76.0","35.967","594.88"
"85","77.0","35.959","593.997"
"85","78.0","35.952","593.113"
"85","79.0","35.944","592.234"
"85","80.0","35.937","591.359"
"85","81.0","35.93","590.504"
"85","82.0","35.923","589.654"
"85","83.0","35.916","588.803"
"85","84.0","35.909","587.952"
"85","85.0","35.902","587.1"
"85","86.0","35.895","586.248"
"85","87.0","35.888","585.397"
"85","88.0","35.881","584.55"
"85","89.0","35.874","583.705"
"85","90.0","35.868","582.92"
"85","91.0","35.861","582.259"
"85","92.0","35.855","581.625"
"85","93.0","35.848","581.009"
"85","94.0","35.842","580.43"
"85","95.0","35.836","579.868"
"86","0.0","37.218","0.0"
"86","1.0","37.251","1100.586"
"86","2.0","37.193","915.667"
"86","3.0","37.111","860.209"
"86","4.0","37.063","865.967"
"86","5.0","37.024","855.714"
"86","6.0","36.986","837.939"
"86","7.0","36.949","821.875"
"86","8.0","36.914","808.358"
"86","9.0","36.88","796.097"
"86","10.0","36.849","784.972"
"86","11.0","36.818","774.743"
"86","12.0","36.789","765.338"
"86","13.0","36.762","756.694"
"86","14.0","36.735","748.688"
"86","15.0","36.709","741.283"
"86","16.0","36.685","734.497"
"86","17.0","36.661","728.08"
"86","18.0","36.639","722.037"
"86","19.0","36.617","716.433"
"86","20.0","36.596","711.311"
"86","21.0","36.575","706.404"
"86","22.0","36.556","701.782"
"86","23.0","36.537","697.408"
"86","24.0","36.518","693.238"
"86","25.0","36.5","689.257"
"86","26.0","36.483","685.446"
"86","27.0","36.466","681.917"
"86","28.0","36.449","678.522"
"86","29.0","36.433","675.237"
"86","30.0","36.417","672.055"
"86","31.0","36.402","668.966"
"86","32.0","36.387","665.958"
"86","33.0","36.372","663.024"
"86","34.0","36.357","660.164"
"86","35.0","36.342","657.366"
"86","36.0","36.328","654.645"
"86","37.0","36.314","651.993"
"86","38.0","36.3","649.416"
"86","39.0","36.287","646.881"
"86","40.0","36.273","644.374"
"86","41.0","36.26","641.885"
"86","42.0","36.247","639.536"
"86","43.0","36.234","637.524"
"86","44.0","36.222","635.578"
"86","45.0","36.209","633.703"
"86","46.0","36.197","631.906"
"86","47.0","36.185","630.168"
"86","48.0","36.174","628.485"
"86","49.0","36.162","626.852"
"86","50.0","36.151","625.265"
"86","51.0","36.14","623.72"
"86","52.0","36.129","622.214"
"86","53.0","36.118","620.744"
"86","54.0","36.108","619.309"
"86","55.0","36.097","617.883"
"86","56.0","36.087","616.484"
"86","57.0","36.077","615.115"
"86","58.0","36.067","613.765"
"86","59.0","36.057","612.436"
"86","60.0","36.047","611.129"
"86","61.0","36.037","609.847"
"86","62.0","36.028","608.585"
"86","63.0","36.018","607.332"
"86","64.0","36.009","606.172"
"86","65.0","35.999","605.083"
"86","66.0","35.99","604.14"
"86","67.0","35.981","603.267"
"86","68.0","35.973","602.769"
"86","69.0","35.964","602.118"
"86","70.0","35.956","601.409"
"86","71.0","35.948","600.646"
"86","72.0","35.94","599.844"
"86","73.0","35.932","599.015"
"86","74.0","35.924","598.171"
"86","75.0","35.917","597.295"
"86","76.0","35.909","596.399"
"86","77.0","35.902","595.501"
"86","78.0","35.894","594.6"
"86","79.0","35.887","593.704"
"86","80.0","35.879","592.815"
"86","81.0","35.872","591.949"
"86","82.0","35.865","591.085"
"86","83.0","35.858","590.22"
"86","84.0","35.85","589.356"
"86","85.0","35.843","588.491"
"86","86.0","35.836","587.626"
"86","87.0","35.829","586.764"
"86","88.0","35.822","585.906"
"86","89.0","35.816","585.049"
"86","90.0","35.809","584.23"
"86","91.0","35.802","583.539"
"86","92.0","35.796","582.876"
"86","93.0","35.789","582.23"
"86","94.0","35.783","581.61"
"86","95.0","35.777","581.003"
"87","0.0","37.134","7.0"
"87","1.0","37.189","1099.886"
"87","2.0","37.141","951.682"
"87","3.0","37.063","892.144"
"87","4.0","37.01","881.089"
"87","5.0","36.971","868.732"
"87","6.0","36.934","850.851"
"87","7.0","36.896","834.005"
"87","8.0","36.861","819.789"
"87","9.0","36.828","806.98"
"87","10.0","36.796","795.344"
"87","11.0","36.766","784.644"
"87","12.0","36.737","774.802"
"87","13.0","36.709","765.748"
"87","14.0","36.682","757.36"
"87","15.0","36.656","749.616"
"87","16.0","36.631","742.492"
"87","17.0","36.607","735.772"
"87","18.0","36.584","729.444"
"87","19.0","36.562","723.559"
"87","20.0","36.541","718.135"
"87","21.0","36.52","713.01"
"87","22.0","36.5","708.177"
"87","23.0","36.481","703.61"
"87","24.0","36.462","699.265"
"87","25.0","36.444","695.125"
"87","26.0","36.426","691.171"
"87","27.0","36.408","687.47"
"87","28.0","36.391","683.943"
"87","29.0","36.375","680.537"
"87","30.0","36.358","677.246"
"87","31.0","36.342","674.053"
"87","32.0","36.327","670.948"
"87","33.0","36.311","667.924"
"87","34.0","36.296","664.978"
"87","35.0","36.281","662.101"
"87","36.0","36.267","659.31"
"87","37.0","36.252","656.598"
"87","38.0","36.238","653.952"
"87","39.0","36.224","651.355"
"87","40.0","36.21","648.793"
"87","41.0","36.196","646.25"
"87","42.0","36.183","643.831"
"87","43.0","36.169","641.735"
"87","44.0","36.156","639.706"
"87","45.0","36.143","637.747"
"87","46.0","36.131","635.866"
"87","47.0","36.118","634.053"
"87","48.0","36.106","632.298"
"87","49.0","36.094","630.596"
"87","50.0","36.082","628.943"
"87","51.0","36.071","627.336"
"87","52.0","36.059","625.77"
"87","53.0","36.048","624.247"
"87","54.0","36.037","622.761"
"87","55.0","36.026","621.307"
"87","56.0","36.015","619.869"
"87","57.0","36.004","618.458"
"87","58.0","35.994","617.063"
"87","59.0","35.983","615.696"
"87","60.0","35.973","614.354"
"87","61.0","35.963","613.038"
"87","62.0","35.952","611.745"
"87","63.0","35.942","610.454"
"87","64.0","35.932","609.249"
"87","65.0","35.923","608.111"
"87","66.0","35.913","607.083"
"87","67.0","35.904","606.099"
"87","68.0","35.895","605.482"
"87","69.0","35.886","604.774"
"87","70.0","35.877","604.008"
"87","71.0","35.869","603.2"
"87","72.0","35.861","602.356"
"87","73.0","35.852","601.487"
"87","74.0","35.844","600.605"
"87","75.0","35.836","599.701"
"87","76.0","35.828","598.778"
"87","77.0","35.82","597.851"
"87","78.0","35.813","596.922"
"87","79.0","35.805","595.996"
"87","80.0","35.797","595.084"
"87","81.0","35.789","594.199"
"87","82.0","35.782","593.311"
"87","83.0","35.774","592.423"
"87","84.0","35.767","591.535"
"87","85.0","35.759","590.647"
"87","86.0","35.752","589.761"
"87","87.0","35.745","588.88"
"87","88.0","35.738","588.001"
"87","89.0","35.73","587.124"
"87","90.0","35.723","586.272"
"87","91.0","35.716","585.525"
"87","92.0","35.709","584.816"
"87","93.0","35.703","584.124"
"87","94.0","35.696","583.433"
"87","95.0","35.69","582.758"
"88","0.0","37.074","1.0"
"88","1.0","37.125","1090.157"
"88","2.0","37.091","972.631"
"88","3.0","37.018","918.824"
"88","4.0","36.964","896.78"
"88","5.0","36.925","881.511"
"88","6.0","36.888","863.496"
"88","7.0","36.851","845.978"
"88","8.0","36.817","831.132"
"88","9.0","36.784","817.815"
"88","10.0","36.752","805.691"
"88","11.0","36.722","794.551"
"88","12.0","36.693","784.303"
"88","13.0","36.665","774.86"
"88","14.0","36.638","766.11"
"88","15.0","36.612","758.005"
"88","16.0","36.587","750.527"
"88","17.0","36.563","743.488"
"88","18.0","36.54","736.864"
"88","19.0","36.518","730.69"
"88","20.0","36.497","724.952"
"88","21.0","36.476","719.606"
"88","22.0","36.456","714.555"
"88","23.0","36.437","709.786"
"88","24.0","36.418","705.259"
"88","25.0","36.399","700.954"
"88","26.0","36.381","696.852"
"88","27.0","36.364","692.986"
"88","28.0","36.346","689.328"
"88","29.0","36.33","685.798"
"88","30.0","36.313","682.398"
"88","31.0","36.297","679.101"
"88","32.0","36.281","675.897"
"88","33.0","36.266","672.781"
"88","34.0","36.25","669.752"
"88","35.0","36.235","666.792"
"88","36.0","36.22","663.933"
"88","37.0","36.206","661.157"
"88","38.0","36.191","658.441"
"88","39.0","36.177","655.78"
"88","40.0","36.163","653.162"
"88","41.0","36.149","650.563"
"88","42.0","36.135","648.087"
"88","43.0","36.121","645.904"
"88","44.0","36.108","643.792"
"88","45.0","36.095","641.751"
"88","46.0","36.082","639.789"
"88","47.0","36.069","637.902"
"88","48.0","36.057","636.076"
"88","49.0","36.045","634.306"
"88","50.0","36.033","632.589"
"88","51.0","36.021","630.92"
"88","52.0","36.009","629.296"
"88","53.0","35.998","627.719"
"88","54.0","35.987","626.183"
"88","55.0","35.975","624.704"
"88","56.0","35.964","623.226"
"88","57.0","35.953","621.775"
"88","58.0","35.942","620.337"
"88","59.0","35.932","618.931"
"88","60.0","35.921","617.556"
"88","61.0","35.91","616.205"
"88","62.0","35.9","614.882"
"88","63.0","35.889","613.553"
"88","64.0","35.879","612.281"
"88","65.0","35.869","611.102"
"88","66.0","35.859","610.003"
"88","67.0","35.85","608.946"
"88","68.0","35.84","608.205"
"88","69.0","35.831","607.441"
"88","70.0","35.822","606.622"
"88","71.0","35.814","605.77"
"88","72.0","35.805","604.886"
"88","73.0","35.796","603.98"
"88","74.0","35.788","603.062"
"88","75.0","35.78","602.135"
"88","76.0","35.772","601.187"
"88","77.0","35.763","600.236"
"88","78.0","35.755","599.282"
"88","79.0","35.747","598.332"
"88","80.0","35.739","597.406"
"88","81.0","35.732","596.503"
"88","82.0","35.724","595.594"
"88","83.0","35.716","594.687"
"88","84.0","35.708","593.779"
"88","85.0","35.701","592.872"
"88","86.0","35.693","591.968"
"88","87.0","35.685","591.07"
"88","88.0","35.678","590.174"
"88","89.0","35.67","589.281"
"88","90.0","35.663","588.397"
"88","91.0","35.656","587.604"
"88","92.0","35.649","586.853"
"88","93.0","35.642","586.113"
"88","94.0","35.635","585.354"
"88","95.0","35.628","584.605"
"89","0.0","37.015","0.0"
"89","1.0","37.034","1071.476"
"89","2.0","37.02","987.959"
"89","3.0","36.952","931.448"
"89","4.0","36.899","905.934"
"89","5.0","36.861","889.042"
"89","6.0","36.825","870.766"
"89","7.0","36.789","852.967"
"89","8.0","36.755","837.767"
"89","9.0","36.723","824.157"
"89","10.0","36.692","811.758"
"89","11.0","36.662","800.367"
"89","12.0","36.633","789.885"
"89","13.0","36.605","780.219"
"89","14.0","36.579","771.259"
"89","15.0","36.553","762.946"
"89","16.0","36.529","755.275"
"89","17.0","36.505","748.062"
"89","18.0","36.482","741.277"
"89","19.0","36.46","734.945"
"89","20.0","36.438","729.036"
"89","21.0","36.418","723.566"
"89","22.0","36.398","718.401"
"89","23.0","36.378","713.523"
"89","24.0","36.359","708.898"
"89","25.0","36.341","704.504"
"89","26.0","36.323","700.323"
"89","27.0","36.305","696.369"
"89","28.0","36.288","692.636"
"89","29.0","36.271","689.035"
"89","30.0","36.254","685.572"
"89","31.0","36.238","682.214"
"89","32.0","36.222","678.954"
"89","33.0","36.206","675.786"
"89","34.0","36.191","672.707"
"89","35.0","36.175","669.701"
"89","36.0","36.16","666.801"
"89","37.0","36.146","663.982"
"89","38.0","36.131","661.225"
"89","39.0","36.117","658.527"
"89","40.0","36.102","655.873"
"89","41.0","36.088","653.241"
"89","42.0","36.074","650.746"
"89","43.0","36.061","648.509"
"89","44.0","36.047","646.347"
"89","45.0","36.034","644.258"
"89","46.0","36.021","642.248"
"89","47.0","36.008","640.317"
"89","48.0","35.995","638.449"
"89","49.0","35.983","636.638"
"89","50.0","35.971","634.883"
"89","51.0","35.959","633.178"
"89","52.0","35.947","631.519"
"89","53.0","35.935","629.911"
"89","54.0","35.924","628.344"
"89","55.0","35.912","626.846"
"89","56.0","35.901","625.344"
"89","57.0","35.89","623.869"
"89","58.0","35.879","622.409"
"89","59.0","35.868","620.981"
"89","60.0","35.857","619.587"
"89","61.0","35.846","618.217"
"89","62.0","35.836","616.876"
"89","63.0","35.825","615.524"
"89","64.0","35.815","614.216"
"89","65.0","35.804","613.011"
"89","66.0","35.794","611.872"
"89","67.0","35.784","610.776"
"89","68.0","35.775","609.958"
"89","69.0","35.765","609.157"
"89","70.0","35.756","608.304"
"89","71.0","35.747","607.424"
"89","72.0","35.739","606.514"
"89","73.0","35.73","605.585"
"89","74.0","35.721","604.646"
"89","75.0","35.713","603.703"
"89","76.0","35.704","602.742"
"89","77.0","35.696","601.776"
"89","78.0","35.688","600.807"
"89","79.0","35.68","599.843"
"89","80.0","35.672","598.906"
"89","81.0","35.664","597.993"
"89","82.0","35.656","597.072"
"89","83.0","35.648","596.153"
"89","84.0","35.64","595.233"
"89","85.0","35.632","594.315"
"89","86.0","35.624","593.401"
"89","87.0","35.617","592.492"
"89","88.0","35.609","591.588"
"89","89.0","35.602","590.684"
"89","90.0","35.594","589.789"
"89","91.0","35.587","588.963"
"89","92.0","35.579","588.189"
"89","93.0","35.572","587.418"
"89","94.0","35.565","586.613"
"89","95.0","35.559","585.816"
"90","0.0","36.982","0.0"
"90","1.0","36.978","1057.574"
"90","2.0","36.972","1002.957"
"90","3.0","36.906","938.186"
"90","4.0","36.854","911.521"
"90","5.0","36.816","893.747"
"90","6.0","36.781","875.24"
"90","7.0","36.746","857.339"
"90","8.0","36.712","841.905"
"90","9.0","36.68","828.099"
"90","10.0","36.65","815.528"
"90","11.0","36.62","803.986"
"90","12.0","36.591","793.363"
"90","13.0","36.564","783.559"
"90","14.0","36.537","774.472"
"90","15.0","36.512","766.035"
"90","16.0","36.487","758.243"
"90","17.0","36.463","750.922"
"90","18.0","36.44","744.041"
"90","19.0","36.418","737.611"
"90","20.0","36.397","731.598"
"90","21.0","36.376","726.046"
"90","22.0","36.356","720.807"
"90","23.0","36.336","715.858"
"90","24.0","36.317","711.17"
"90","25.0","36.299","706.718"
"90","26.0","36.28","702.485"
"90","27.0","36.262","698.475"
"90","28.0","36.245","694.691"
"90","29.0","36.228","691.043"
"90","30.0","36.211","687.538"
"90","31.0","36.195","684.141"
"90","32.0","36.179","680.843"
"90","33.0","36.163","677.64"
"90","34.0","36.147","674.529"
"90","35.0","36.132","671.491"
"90","36.0","36.117","668.56"
"90","37.0","36.102","665.711"
"90","38.0","36.087","662.927"
"90","39.0","36.073","660.204"
"90","40.0","36.058","657.526"
"90","41.0","36.044","654.871"
"90","42.0","36.03","652.365"
"90","43.0","36.016","650.094"
"90","44.0","36.002","647.901"
"90","45.0","35.989","645.78"
"90","46.0","35.976","643.74"
"90","47.0","35.963","641.781"
"90","48.0","35.95","639.886"
"90","49.0","35.937","638.05"
"90","50.0","35.925","636.27"
"90","51.0","35.913","634.541"
"90","52.0","35.9","632.86"
"90","53.0","35.889","631.232"
"90","54.0","35.877","629.646"
"90","55.0","35.865","628.128"
"90","56.0","35.854","626.61"
"90","57.0","35.842","625.118"
"90","58.0","35.831","623.642"
"90","59.0","35.82","622.198"
"90","60.0","35.809","620.79"
"90","61.0","35.798","619.408"
"90","62.0","35.787","618.053"
"90","63.0","35.777","616.685"
"90","64.0","35.766","615.356"
"90","65.0","35.755","614.132"
"90","66.0","35.745","612.968"
"90","67.0","35.735","611.854"
"90","68.0","35.725","610.99"
"90","69.0","35.716","610.162"
"90","70.0","35.706","609.287"
"90","71.0","35.697","608.387"
"90","72.0","35.688","607.461"
"90","73.0","35.679","606.515"
"90","74.0","35.67","605.562"
"90","75.0","35.662","604.608"
"90","76.0","35.653","603.636"
"90","77.0","35.645","602.66"
"90","78.0","35.636","601.681"
"90","79.0","35.628","600.707"
"90","80.0","35.62","599.758"
"90","81.0","35.612","598.837"
"90","82.0","35.603","597.908"
"90","83.0","35.595","596.98"
"90","84.0","35.587","596.051"
"90","85.0","35.58","595.125"
"90","86.0","35.572","594.202"
"90","87.0","35.564","593.286"
"90","88.0","35.556","592.374"
"90","89.0","35.548","591.464"
"90","90.0","35.541","590.56"
"90","91.0","35.533","589.713"
"90","92.0","35.526","588.926"
"90","93.0","35.518","588.133"
"90","94.0","35.511","587.302"
"90","95.0","35.505","586.477"
"91","0.0","36.956","0.0"
"91","1.0","36.946","1019.266"
"91","2.0","36.949","1017.024"
"91","3.0","36.882","945.433"
"91","4.0","36.831","917.327"
"91","5.0","36.793","898.577"
"91","6.0","36.757","879.877"
"91","7.0","36.723","861.947"
"91","8.0","36.689","846.273"
"91","9.0","36.657","832.272"
"91","10.0","36.626","819.533"
"91","11.0","36.597","807.842"
"91","12.0","36.568","797.072"
"91","13.0","36.541","787.125"
"91","14.0","36.514","777.904"
"91","15.0","36.488","769.336"
"91","16.0","36.463","761.419"
"91","17.0","36.44","753.985"
"91","18.0","36.416","747.002"
"91","19.0","36.394","740.47"
"91","20.0","36.372","734.349"
"91","21.0","36.352","728.708"
"91","22.0","36.331","723.397"
"91","23.0","36.312","718.377"
"91","24.0","36.292","713.624"
"91","25.0","36.273","709.114"
"91","26.0","36.255","704.83"
"91","27.0","36.237","700.763"
"91","28.0","36.219","696.925"
"91","29.0","36.202","693.229"
"91","30.0","36.185","689.679"
"91","31.0","36.169","686.241"
"91","32.0","36.152","682.902"
"91","33.0","36.136","679.664"
"91","34.0","36.12","676.519"
"91","35.0","36.105","673.448"
"91","36.0","36.09","670.483"
"91","37.0","36.074","667.605"
"91","38.0","36.06","664.794"
"91","39.0","36.045","662.045"
"91","40.0","36.03","659.343"
"91","41.0","36.016","656.663"
"91","42.0","36.002","654.15"
"91","43.0","35.988","651.842"
"91","44.0","35.974","649.617"
"91","45.0","35.96","647.463"
"91","46.0","35.947","645.393"
"91","47.0","35.934","643.406"
"91","48.0","35.921","641.483"
"91","49.0","35.908","639.619"
"91","50.0","35.895","637.814"
"91","51.0","35.883","636.062"
"91","52.0","35.871","634.357"
"91","53.0","35.859","632.709"
"91","54.0","35.847","631.103"
"91","55.0","35.835","629.565"
"91","56.0","35.824","628.031"
"91","57.0","35.812","626.523"
"91","58.0","35.801","625.032"
"91","59.0","35.789","623.573"
"91","60.0","35.778","622.153"
"91","61.0","35.767","620.757"
"91","62.0","35.756","619.39"
"91","63.0","35.745","618.007"
"91","64.0","35.734","616.659"
"91","65.0","35.724","615.416"
"91","66.0","35.713","614.225"
"91","67.0","35.703","613.098"
"91","68.0","35.693","612.182"
"91","69.0","35.683","611.326"
"91","70.0","35.674","610.425"
"91","71.0","35.664","609.504"
"91","72.0","35.655","608.56"
"91","73.0","35.646","607.598"
"91","74.0","35.637","606.63"
"91","75.0","35.628","605.664"
"91","76.0","35.619","604.682"
"91","77.0","35.611","603.695"
"91","78.0","35.602","602.706"
"91","79.0","35.594","601.723"
"91","80.0","35.585","600.761"
"91","81.0","35.577","599.832"
"91","82.0","35.569","598.894"
"91","83.0","35.56","597.958"
"91","84.0","35.552","597.021"
"91","85.0","35.544","596.087"
"91","86.0","35.536","595.158"
"91","87.0","35.528","594.234"
"91","88.0","35.52","593.316"
"91","89.0","35.512","592.399"
"91","90.0","35.504","591.49"
"91","91.0","35.497","590.626"
"91","92.0","35.489","589.823"
"91","93.0","35.482","589.005"
"91","94.0","35.474","588.143"
"91","95.0","35.467","587.283"
"9","0.0","36.738","0.0"
"9","1.0","36.778","977.574"
"9","2.0","36.779","1029.928"
"9","3.0","36.727","956.254"
"9","4.0","36.68","925.584"
"9","5.0","36.645","905.502"
"9","6.0","36.612","886.619"
"9","7.0","36.579","868.715"
"9","8.0","36.548","852.735"
"9","9.0","36.517","838.482"
"9","10.0","36.487","825.521"
"9","11.0","36.459","813.63"
"9","12.0","36.431","802.661"
"9","13.0","36.404","792.52"
"9","14.0","36.378","783.115"
"9","15.0","36.352","774.371"
"9","16.0","36.328","766.272"
"9","17.0","36.304","758.681"
"9","18.0","36.281","751.552"
"9","19.0","36.259","744.874"
"9","20.0","36.237","738.6"
"9","21.0","36.216","732.835"
"9","22.0","36.195","727.419"
"9","23.0","36.175","722.298"
"9","24.0","36.156","717.454"
"9","25.0","36.137","712.862"
"9","26.0","36.118","708.497"
"9","27.0","36.099","704.349"
"9","28.0","36.081","700.426"
"9","29.0","36.064","696.66"
"9","30.0","36.046","693.043"
"9","31.0","36.029","689.542"
"9","32.0","36.012","686.147"
"9","33.0","35.996","682.855"
"9","34.0","35.979","679.659"
"9","35.0","35.963","676.54"
"9","36.0","35.947","673.529"
"9","37.0","35.931","670.608"
"9","38.0","35.916","667.757"
"9","39.0","35.901","664.969"
"9","40.0","35.885","662.231"
"9","41.0","35.87","659.515"
"9","42.0","35.855","656.955"
"9","43.0","35.841","654.582"
"9","44.0","35.827","652.299"
"9","45.0","35.812","650.086"
"9","46.0","35.799","647.963"
"9","47.0","35.785","645.924"
"9","48.0","35.771","643.951"
"9","49.0","35.758","642.041"
"9","50.0","35.745","640.19"
"9","51.0","35.732","638.394"
"9","52.0","35.719","636.649"
"9","53.0","35.706","634.964"
"9","54.0","35.694","633.321"
"9","55.0","35.681","631.745"
"9","56.0","35.669","630.181"
"9","57.0","35.657","628.643"
"9","58.0","35.645","627.124"
"9","59.0","35.633","625.636"
"9","60.0","35.621","624.191"
"9","61.0","35.609","622.772"
"9","62.0","35.597","621.38"
"9","63.0","35.586","619.977"
"9","64.0","35.574","618.604"
"9","65.0","35.563","617.332"
"9","66.0","35.551","616.11"
"9","67.0","35.54","614.959"
"9","68.0","35.529","613.976"
"9","69.0","35.519","613.069"
"9","70.0","35.508","612.128"
"9","71.0","35.498","611.171"
"9","72.0","35.488","610.195"
"9","73.0","35.478","609.205"
"9","74.0","35.468","608.213"
"9","75.0","35.459","607.227"
"9","76.0","35.449","606.227"
"9","77.0","35.44","605.223"
"9","78.0","35.431","604.216"
"9","79.0","35.421","603.218"
"9","80.0","35.412","602.236"
"9","81.0","35.403","601.293"
"9","82.0","35.394","600.342"
"9","83.0","35.385","599.392"
"9","84.0","35.376","598.441"
"9","85.0","35.367","597.494"
"9","86.0","35.358","596.552"
"9","87.0","35.35","595.618"
"9","88.0","35.341","594.689"
"9","89.0","35.332","593.76"
"9","90.0","35.324","592.84"
"9","91.0","35.315","591.959"
"9","92.0","35.307","591.134"
"9","93.0","35.299","590.27"
"9","94.0","35.291","589.361"
"9","95.0","35.283","588.45"
"9_sec8_0","0.0","36.738","8.0"
"9_sec8_0","1.0","36.778","688.733"
"9_sec8_0","2.0","36.779","742.712"
"9_sec8_0","3.0","36.727","689.64"
"9_sec8_0","4.0","36.68","668.482"
"9_sec8_0","5.0","36.645","654.083"
"9_sec8_0","6.0","36.612","640.856"
"9_sec8_0","7.0","36.579","628.235"
"9_sec8_0","8.0","36.548","617.014"
"9_sec8_0","9.0","36.517","607.007"
"9_sec8_0","10.0","36.487","597.91"
"9_sec8_0","11.0","36.459","589.575"
"9_sec8_0","12.0","36.431","581.906"
"9_sec8_0","13.0","36.404","574.823"
"9_sec8_0","14.0","36.378","568.252"
"9_sec8_0","15.0","36.352","562.135"
"9_sec8_0","16.0","36.328","556.472"
"9_sec8_0","17.0","36.304","551.167"
"9_sec8_0","18.0","36.281","546.19"
"9_sec8_0","19.0","36.259","541.52"
"9_sec8_0","20.0","36.237","537.125"
"9_sec8_0","21.0","36.216","533.109"
"9_sec8_0","22.0","36.195","529.335"
"9_sec8_0","23.0","36.175","525.766"
"9_sec8_0","24.0","36.156","522.404"
"9_sec8_0","25.0","36.137","519.234"
"9_sec8_0","26.0","36.118","516.231"
"9_sec8_0","27.0","36.099","513.354"
"9_sec8_0","28.0","36.081","510.633"
"9_sec8_0","29.0","36.064","507.995"
"9_sec8_0","30.0","36.046","505.449"
"9_sec8_0","31.0","36.029","502.997"
"9_sec8_0","32.0","36.012","500.622"
"9_sec8_0","33.0","35.996","498.311"
"9_sec8_0","34.0","35.979","496.06"
"9_sec8_0","35.0","35.963","493.866"
"9_sec8_0","36.0","35.947","491.759"
"9_sec8_0","37.0","35.931","489.721"
"9_sec8_0","38.0","35.916","487.732"
"9_sec8_0","39.0","35.901","485.799"
"9_sec8_0","40.0","35.885","483.901"
"9_sec8_0","41.0","35.87","482.03"
"9_sec8_0","42.0","35.855","480.264"
"9_sec8_0","43.0","35.841","478.631"
"9_sec8_0","44.0","35.827","477.056"
"9_sec8_0","45.0","35.812","475.528"
"9_sec8_0","46.0","35.799","474.035"
"9_sec8_0","47.0","35.785","472.599"
"9_sec8_0","48.0","35.771","471.221"
"9_sec8_0","49.0","35.758","469.896"
"9_sec8_0","50.0","35.745","468.612"
"9_sec8_0","51.0","35.732","467.369"
"9_sec8_0","52.0","35.719","466.163"
"9_sec8_0","53.0","35.706","464.974"
"9_sec8_0","54.0","35.694","463.824"
"9_sec8_0","55.0","35.681","462.724"
"9_sec8_0","56.0","35.669","461.631"
"9_sec8_0","57.0","35.657","460.561"
"9_sec8_0","58.0","35.645","459.502"
"9_sec8_0","59.0","35.633","458.47"
"9_sec8_0","60.0","35.621","457.473"
"9_sec8_0","61.0","35.609","456.498"
"9_sec8_0","62.0","35.597","455.547"
"9_sec8_0","63.0","35.586","454.588"
"9_sec8_0","64.0","35.574","453.653"
"9_sec8_0","65.0","35.563","452.792"
"9_sec8_0","66.0","35.551","451.965"
"9_sec8_0","67.0","35.54","451.191"
"9_sec8_0","68.0","35.529","450.513"
"9_sec8_0","69.0","35.519","449.877"
"9_sec8_0","70.0","35.508","449.218"
"9_sec8_0","71.0","35.498","448.55"
"9_sec8_0","72.0","35.488","447.864"
"9_sec8_0","73.0","35.478","447.171"
"9_sec8_0","74.0","35.468","446.478"
"9_sec8_0","75.0","35.459","445.8"
"9_sec8_0","76.0","35.449","445.112"
"9_sec8_0","77.0","35.44","444.412"
"9_sec8_0","78.0","35.431","443.707"
"9_sec8_0","79.0","35.421","443.018"
"9_sec8_0","80.0","35.412","442.347"
"9_sec8_0","81.0","35.403","441.705"
"9_sec8_0","82.0","35.394","441.056"
"9_sec8_0","83.0","35.385","440.407"
"9_sec8_0","84.0","35.376","439.754"
"9_sec8_0","85.0","35.367","439.103"
"9_sec8_0","86.0","35.358","438.457"
"9_sec8_0","87.0","35.35","437.816"
"9_sec8_0","88.0","35.341","437.176"
"9_sec8_0","89.0","35.332","436.534"
"9_sec8_0","90.0","35.324","435.894"
"9_sec8_0","91.0","35.315","435.28"
"9_sec8_0","92.0","35.307","434.712"
"9_sec8_0","93.0","35.299","434.087"
"9_sec8_0","94.0","35.291","433.399"
"9_sec8_0","95.0","35.283","432.687"
"92","0.0","36.712","1.0"
"92","1.0","36.734","682.992"
"92","2.0","36.73","744.888"
"92","3.0","36.682","696.693"
"92","4.0","36.637","673.6"
"92","5.0","36.602","658.608"
"92","6.0","36.57","645.291"
"92","7.0","36.538","632.697"
"92","8.0","36.507","621.32"
"92","9.0","36.477","611.166"
"92","10.0","36.448","601.938"
"92","11.0","36.42","593.487"
"92","12.0","36.392","585.698"
"92","13.0","36.366","578.492"
"92","14.0","36.34","571.808"
"92","15.0","36.314","565.579"
"92","16.0","36.29","559.802"
"92","17.0","36.267","554.388"
"92","18.0","36.244","549.305"
"92","19.0","36.221","544.528"
"92","20.0","36.2","540.029"
"92","21.0","36.179","535.925"
"92","22.0","36.158","532.075"
"92","23.0","36.138","528.433"
"92","24.0","36.119","525.005"
"92","25.0","36.1","521.776"
"92","26.0","36.081","518.712"
"92","27.0","36.062","515.78"
"92","28.0","36.044","513.0"
"92","29.0","36.027","510.311"
"92","30.0","36.009","507.717"
"92","31.0","35.992","505.221"
"92","32.0","35.975","502.805"
"92","33.0","35.959","500.456"
"92","34.0","35.942","498.169"
"92","35.0","35.926","495.94"
"92","36.0","35.91","493.798"
"92","37.0","35.894","491.727"
"92","38.0","35.879","489.708"
"92","39.0","35.863","487.746"
"92","40.0","35.848","485.819"
"92","41.0","35.833","483.92"
"92","42.0","35.818","482.113"
"92","43.0","35.803","480.443"
"92","44.0","35.789","478.836"
"92","45.0","35.775","477.273"
"92","46.0","35.761","475.75"
"92","47.0","35.747","474.284"
"92","48.0","35.733","472.877"
"92","49.0","35.72","471.523"
"92","50.0","35.706","470.213"
"92","51.0","35.693","468.944"
"92","52.0","35.68","467.714"
"92","53.0","35.668","466.504"
"92","54.0","35.655","465.333"
"92","55.0","35.642","464.211"
"92","56.0","35.63","463.099"
"92","57.0","35.618","462.012"
"92","58.0","35.605","460.936"
"92","59.0","35.593","459.888"
"92","60.0","35.581","458.876"
"92","61.0","35.569","457.885"
"92","62.0","35.558","456.919"
"92","63.0","35.546","455.947"
"92","64.0","35.534","454.997"
"92","65.0","35.522","454.114"
"92","66.0","35.511","453.263"
"92","67.0","35.5","452.471"
"92","68.0","35.489","451.757"
"92","69.0","35.478","451.082"
"92","70.0","35.467","450.392"
"92","71.0","35.457","449.697"
"92","72.0","35.447","448.987"
"92","73.0","35.437","448.273"
"92","74.0","35.427","447.562"
"92","75.0","35.417","446.869"
"92","76.0","35.408","446.167"
"92","77.0","35.398","445.454"
"92","78.0","35.389","444.735"
"92","79.0","35.379","444.037"
"92","80.0","35.37","443.353"
"92","81.0","35.361","442.697"
"92","82.0","35.352","442.038"
"92","83.0","35.342","441.378"
"92","84.0","35.333","440.715"
"92","85.0","35.325","440.055"
"92","86.0","35.316","439.4"
"92","87.0","35.307","438.75"
"92","88.0","35.298","438.101"
"92","89.0","35.289","437.451"
"92","90.0","35.281","436.806"
"92","91.0","35.272","436.182"
"92","92.0","35.263","435.597"
"92","93.0","35.255","434.935"
"92","94.0","35.247","434.214"
"92","95.0","35.239","433.463"
"93","0.0","36.688","0.0"
"93","1.0","36.703","676.628"
"93","2.0","36.699","745.995"
"93","3.0","36.653","699.976"
"93","4.0","36.609","675.708"
"93","5.0","36.575","660.548"
"93","6.0","36.544","647.2"
"93","7.0","36.513","634.609"
"93","8.0","36.482","623.172"
"93","9.0","36.453","612.958"
"93","10.0","36.424","603.676"
"93","11.0","36.396","595.173"
"93","12.0","36.369","587.334"
"93","13.0","36.342","580.078"
"93","14.0","36.317","573.344"
"93","15.0","36.292","567.068"
"93","16.0","36.267","561.241"
"93","17.0","36.244","555.781"
"93","18.0","36.221","550.655"
"93","19.0","36.199","545.836"
"93","20.0","36.178","541.298"
"93","21.0","36.157","537.161"
"93","22.0","36.136","533.282"
"93","23.0","36.116","529.61"
"93","24.0","36.097","526.156"
"93","25.0","36.078","522.904"
"93","26.0","36.059","519.817"
"93","27.0","36.041","516.862"
"93","28.0","36.023","514.058"
"93","29.0","36.005","511.349"
"93","30.0","35.987","508.736"
"93","31.0","35.97","506.222"
"93","32.0","35.953","503.789"
"93","33.0","35.937","501.425"
"93","34.0","35.92","499.124"
"93","35.0","35.904","496.88"
"93","36.0","35.888","494.725"
"93","37.0","35.873","492.642"
"93","38.0","35.857","490.611"
"93","39.0","35.841","488.638"
"93","40.0","35.826","486.7"
"93","41.0","35.811","484.791"
"93","42.0","35.796","482.969"
"93","43.0","35.782","481.286"
"93","44.0","35.767","479.666"
"93","45.0","35.753","478.089"
"93","46.0","35.739","476.554"
"93","47.0","35.725","475.077"
"93","48.0","35.711","473.659"
"93","49.0","35.698","472.295"
"93","50.0","35.684","470.974"
"93","51.0","35.671","469.696"
"93","52.0","35.658","468.456"
"93","53.0","35.645","467.239"
"93","54.0","35.633","466.06"
"93","55.0","35.62","464.929"
"93","56.0","35.608","463.811"
"93","57.0","35.595","462.718"
"93","58.0","35.583","461.636"
"93","59.0","35.571","460.582"
"93","60.0","35.559","459.564"
"93","61.0","35.547","458.567"
"93","62.0","35.535","457.596"
"93","63.0","35.523","456.62"
"93","64.0","35.511","455.665"
"93","65.0","35.5","454.773"
"93","66.0","35.488","453.913"
"93","67.0","35.477","453.113"
"93","68.0","35.466","452.385"
"93","69.0","35.455","451.692"
"93","70.0","35.444","450.989"
"93","71.0","35.434","450.281"
"93","72.0","35.424","449.56"
"93","73.0","35.413","448.838"
"93","74.0","35.404","448.119"
"93","75.0","35.394","447.419"
"93","76.0","35.384","446.712"
"93","77.0","35.375","445.994"
"93","78.0","35.365","445.269"
"93","79.0","35.356","444.567"
"93","80.0","35.346","443.878"
"93","81.0","35.337","443.217"
"93","82.0","35.328","442.554"
"93","83.0","35.319","441.89"
"93","84.0","35.31","441.222"
"93","85.0","35.301","440.559"
"93","86.0","35.292","439.9"
"93","87.0","35.283","439.247"
"93","88.0","35.274","438.596"
"93","89.0","35.265","437.943"
"93","90.0","35.256","437.295"
"93","91.0","35.248","436.664"
"93","92.0","35.239","436.075"
"93","93.0","35.231","435.393"
"93","94.0","35.223","434.653"
"93","95.0","35.215","433.884"
"94","0.0","36.646","0.0"
"94","1.0","36.661","676.652"
"94","2.0","36.668","748.867"
"94","3.0","36.623","704.938"
"94","4.0","36.58","678.615"
"94","5.0","36.547","663.264"
"94","6.0","36.516","649.881"
"94","7.0","36.486","637.289"
"94","8.0","36.456","625.78"
"94","9.0","36.427","615.484"
"94","10.0","36.398","606.13"
"94","11.0","36.37","597.559"
"94","12.0","36.343","589.65"
"94","13.0","36.317","582.321"
"94","14.0","36.292","575.52"
"94","15.0","36.267","569.178"
"94","16.0","36.243","563.28"
"94","17.0","36.22","557.755"
"94","18.0","36.197","552.568"
"94","19.0","36.175","547.689"
"94","20.0","36.154","543.101"
"94","21.0","36.133","538.916"
"94","22.0","36.112","534.997"
"94","23.0","36.093","531.284"
"94","24.0","36.073","527.797"
"94","25.0","36.054","524.513"
"94","26.0","36.035","521.394"
"94","27.0","36.017","518.41"
"94","28.0","35.999","515.573"
"94","29.0","35.981","512.837"
"94","30.0","35.963","510.198"
"94","31.0","35.946","507.66"
"94","32.0","35.929","505.204"
"94","33.0","35.913","502.82"
"94","34.0","35.896","500.499"
"94","35.0","35.88","498.237"
"94","36.0","35.864","496.061"
"94","37.0","35.848","493.961"
"94","38.0","35.832","491.914"
"94","39.0","35.817","489.926"
"94","40.0","35.802","487.973"
"94","41.0","35.786","486.051"
"94","42.0","35.771","484.208"
"94","43.0","35.757","482.503"
"94","44.0","35.742","480.864"
"94","45.0","35.728","479.268"
"94","46.0","35.714","477.716"
"94","47.0","35.7","476.222"
"94","48.0","35.686","474.787"
"94","49.0","35.672","473.408"
"94","50.0","35.659","472.072"
"94","51.0","35.646","470.779"
"94","52.0","35.633","469.526"
"94","53.0","35.62","468.297"
"94","54.0","35.607","467.107"
"94","55.0","35.594","465.963"
"94","56.0","35.582","464.835"
"94","57.0","35.569","463.732"
"94","58.0","35.557","462.641"
"94","59.0","35.545","461.579"
"94","60.0","35.532","460.553"
"94","61.0","35.52","459.547"
"94","62.0","35.508","458.567"
"94","63.0","35.496","457.586"
"94","64.0","35.484","456.624"
"94","65.0","35.473","455.718"
"94","66.0","35.461","454.846"
"94","67.0","35.45","454.033"
"94","68.0","35.438","453.285"
"94","69.0","35.427","452.566"
"94","70.0","35.417","451.843"
"94","71.0","35.406","451.117"
"94","72.0","35.396","450.381"
"94","73.0","35.386","449.645"
"94","74.0","35.376","448.917"
"94","75.0","35.366","448.207"
"94","76.0","35.356","447.491"
"94","77.0","35.346","446.764"
"94","78.0","35.337","446.032"
"94","79.0","35.327","445.325"
"94","80.0","35.318","444.63"
"94","81.0","35.308","443.961"
"94","82.0","35.299","443.291"
"94","83.0","35.29","442.621"
"94","84.0","35.281","441.947"
"94","85.0","35.272","441.278"
"94","86.0","35.262","440.615"
"94","87.0","35.254","439.957"
"94","88.0","35.245","439.302"
"94","89.0","35.236","438.645"
"94","90.0","35.227","437.992"
"94","91.0","35.218","437.357"
"94","92.0","35.209","436.757"
"94","93.0","35.201","436.047"
"94","94.0","35.193","435.282"
"94","95.0","35.185","434.483"
"95","0.0","36.584","0.0"
"95","1.0","36.612","685.23"
"95","2.0","36.626","751.092"
"95","3.0","36.584","712.319"
"95","4.0","36.542","683.407"
"95","5.0","36.51","667.914"
"95","6.0","36.481","654.456"
"95","7.0","36.451","641.849"
"95","8.0","36.422","630.222"
"95","9.0","36.393","619.792"
"95","10.0","36.365","610.313"
"95","11.0","36.338","601.625"
"95","12.0","36.311","593.594"
"95","13.0","36.285","586.14"
"95","14.0","36.26","579.221"
"95","15.0","36.236","572.763"
"95","16.0","36.212","566.744"
"95","17.0","36.189","561.107"
"95","18.0","36.166","555.818"
"95","19.0","36.144","550.833"
"95","20.0","36.123","546.158"
"95","21.0","36.102","541.891"
"95","22.0","36.082","537.899"
"95","23.0","36.062","534.114"
"95","24.0","36.043","530.569"
"95","25.0","36.024","527.228"
"95","26.0","36.005","524.053"
"95","27.0","35.986","521.015"
"95","28.0","35.968","518.125"
"95","29.0","35.951","515.343"
"95","30.0","35.933","512.662"
"95","31.0","35.916","510.084"
"95","32.0","35.899","507.591"
"95","33.0","35.882","505.173"
"95","34.0","35.866","502.819"
"95","35.0","35.849","500.526"
"95","36.0","35.833","498.318"
"95","37.0","35.817","496.189"
"95","38.0","35.802","494.117"
"95","39.0","35.786","492.104"
"95","40.0","35.771","490.126"
"95","41.0","35.755","488.183"
"95","42.0","35.74","486.31"
"95","43.0","35.725","484.572"
"95","44.0","35.711","482.902"
"95","45.0","35.696","481.272"
"95","46.0","35.682","479.691"
"95","47.0","35.668","478.169"
"95","48.0","35.654","476.709"
"95","49.0","35.641","475.303"
"95","50.0","35.627","473.943"
"95","51.0","35.614","472.627"
"95","52.0","35.6","471.351"
"95","53.0","35.587","470.103"
"95","54.0","35.574","468.894"
"95","55.0","35.562","467.73"
"95","56.0","35.549","466.586"
"95","57.0","35.536","465.466"
"95","58.0","35.524","464.361"
"95","59.0","35.511","463.285"
"95","60.0","35.499","462.244"
"95","61.0","35.487","461.224"
"95","62.0","35.475","460.231"
"95","63.0","35.463","459.241"
"95","64.0","35.451","458.268"
"95","65.0","35.439","457.34"
"95","66.0","35.427","456.452"
"95","67.0","35.415","455.619"
"95","68.0","35.404","454.834"
"95","69.0","35.393","454.07"
"95","70.0","35.382","453.312"
"95","71.0","35.371","452.555"
"95","72.0","35.361","451.793"
"95","73.0","35.35","451.034"
"95","74.0","35.34","450.289"
"95","75.0","35.33","449.562"
"95","76.0","35.32","448.832"
"95","77.0","35.311","448.091"
"95","78.0","35.301","447.347"
"95","79.0","35.291","446.631"
"95","80.0","35.282","445.925"
"95","81.0","35.272","445.242"
"95","82.0","35.263","444.562"
"95","83.0","35.253","443.881"
"95","84.0","35.244","443.198"
"95","85.0","35.235","442.52"
"95","86.0","35.225","441.848"
"95","87.0","35.216","441.183"
"95","88.0","35.207","440.521"
"95","89.0","35.198","439.858"
"95","90.0","35.189","439.203"
"95","91.0","35.18","438.553"
"95","92.0","35.171","437.934"
"95","93.0","35.163","437.173"
"95","94.0","35.155","436.359"
"95","95.0","35.147","435.512"
"96","0.0","36.527","0.0"
"96","1.0","36.591","674.551"
"96","2.0","36.59","754.543"
"96","3.0","36.551","716.347"
"96","4.0","36.51","686.672"
"96","5.0","36.48","671.088"
"96","6.0","36.451","657.579"
"96","7.0","36.422","644.973"
"96","8.0","36.393","633.282"
"96","9.0","36.365","622.776"
"96","10.0","36.337","613.224"
"96","11.0","36.31","604.466"
"96","12.0","36.283","596.364"
"96","13.0","36.258","588.831"
"96","14.0","36.233","581.838"
"96","15.0","36.208","575.31"
"96","16.0","36.185","569.21"
"96","17.0","36.162","563.502"
"96","18.0","36.139","558.144"
"96","19.0","36.118","553.094"
"96","20.0","36.096","548.362"
"96","21.0","36.076","544.041"
"96","22.0","36.055","540.001"
"96","23.0","36.036","536.169"
"96","24.0","36.016","532.588"
"96","25.0","35.997","529.21"
"96","26.0","35.978","525.998"
"96","27.0","35.96","522.925"
"96","28.0","35.941","520.001"
"96","29.0","35.924","517.186"
"96","30.0","35.906","514.474"
"96","31.0","35.889","511.868"
"96","32.0","35.872","509.348"
"96","33.0","35.855","506.906"
"96","34.0","35.838","504.529"
"96","35.0","35.822","502.212"
"96","36.0","35.806","499.982"
"96","37.0","35.79","497.834"
"96","38.0","35.774","495.743"
"96","39.0","35.758","493.713"
"96","40.0","35.743","491.717"
"96","41.0","35.728","489.757"
"96","42.0","35.712","487.86"
"96","43.0","35.697","486.1"
"96","44.0","35.683","484.407"
"96","45.0","35.668","482.753"
"96","46.0","35.654","481.152"
"96","47.0","35.64","479.61"
"96","48.0","35.626","478.132"
"96","49.0","35.612","476.709"
"96","50.0","35.598","475.331"
"96","51.0","35.585","473.998"
"96","52.0","35.571","472.706"
"96","53.0","35.558","471.445"
"96","54.0","35.545","470.223"
"96","55.0","35.532","469.043"
"96","56.0","35.519","467.888"
"96","57.0","35.506","466.755"
"96","58.0","35.494","465.639"
"96","59.0","35.481","464.554"
"96","60.0","35.469","463.503"
"96","61.0","35.456","462.472"
"96","62.0","35.444","461.47"
"96","63.0","35.432","460.473"
"96","64.0","35.42","459.49"
"96","65.0","35.408","458.547"
"96","66.0","35.396","457.643"
"96","67.0","35.384","456.801"
"96","68.0","35.372","455.987"
"96","69.0","35.361","455.191"
"96","70.0","35.35","454.406"
"96","71.0","35.339","453.626"
"96","72.0","35.329","452.844"
"96","73.0","35.318","452.068"
"96","74.0","35.308","451.311"
"96","75.0","35.298","450.572"
"96","76.0","35.288","449.83"
"96","77.0","35.278","449.08"
"96","78.0","35.268","448.327"
"96","79.0","35.258","447.606"
"96","80.0","35.248","446.893"
"96","81.0","35.238","446.2"
"96","82.0","35.229","445.512"
"96","83.0","35.219","444.823"
"96","84.0","35.21","444.133"
"96","85.0","35.2","443.449"
"96","86.0","35.191","442.772"
"96","87.0","35.182","442.101"
"96","88.0","35.173","441.434"
"96","89.0","35.163","440.767"
"96","90.0","35.154","440.108"
"96","91.0","35.145","439.457"
"96","92.0","35.136","438.814"
"96","93.0","35.127","438.013"
"96","94.0","35.119","437.164"
"96","95.0","35.111","436.279"
"97","0.0","36.475","0.0"
"97","1.0","36.568","695.572"
"97","2.0","36.553","762.244"
"97","3.0","36.517","722.411"
"97","4.0","36.478","691.362"
"97","5.0","36.448","675.279"
"97","6.0","36.42","661.7"
"97","7.0","36.391","649.097"
"97","8.0","36.363","637.332"
"97","9.0","36.335","626.737"
"97","10.0","36.307","617.096"
"97","11.0","36.281","608.25"
"97","12.0","36.254","600.055"
"97","13.0","36.229","592.425"
"97","14.0","36.204","585.335"
"97","15.0","36.18","578.713"
"97","16.0","36.156","572.512"
"97","17.0","36.133","566.709"
"97","18.0","36.111","561.257"
"97","19.0","36.089","556.124"
"97","20.0","36.068","551.322"
"97","21.0","36.047","546.932"
"97","22.0","36.027","542.829"
"97","23.0","36.007","538.939"
"97","24.0","35.987","535.31"
"97","25.0","35.968","531.884"
"97","26.0","35.949","528.625"
"97","27.0","35.931","525.506"
"97","28.0","35.912","522.536"
"97","29.0","35.894","519.678"
"97","30.0","35.877","516.925"
"97","31.0","35.859","514.28"
"97","32.0","35.842","511.725"
"97","33.0","35.825","509.25"
"97","34.0","35.809","506.839"
"97","35.0","35.792","504.494"
"97","36.0","35.776","502.234"
"97","37.0","35.76","500.058"
"97","38.0","35.744","497.943"
"97","39.0","35.728","495.888"
"97","40.0","35.712","493.865"
"97","41.0","35.697","491.885"
"97","42.0","35.681","489.961"
"97","43.0","35.666","488.171"
"97","44.0","35.651","486.447"
"97","45.0","35.637","484.762"
"97","46.0","35.622","483.134"
"97","47.0","35.608","481.568"
"97","48.0","35.594","480.065"
"97","49.0","35.58","478.618"
"97","50.0","35.566","477.217"
"97","51.0","35.552","475.863"
"97","52.0","35.538","474.55"
"97","53.0","35.525","473.271"
"97","54.0","35.512","472.032"
"97","55.0","35.499","470.834"
"97","56.0","35.485","469.663"
"97","57.0","35.472","468.513"
"97","58.0","35.46","467.384"
"97","59.0","35.447","466.288"
"97","60.0","35.434","465.224"
"97","61.0","35.422","464.18"
"97","62.0","35.409","463.166"
"97","63.0","35.397","462.161"
"97","64.0","35.384","461.166"
"97","65.0","35.372","460.205"
"97","66.0","35.36","459.286"
"97","67.0","35.348","458.425"
"97","68.0","35.336","457.576"
"97","69.0","35.324","456.735"
"97","70.0","35.313","455.916"
"97","71.0","35.302","455.104"
"97","72.0","35.291","454.296"
"97","73.0","35.28","453.498"
"97","74.0","35.27","452.724"
"97","75.0","35.259","451.969"
"97","76.0","35.249","451.212"
"97","77.0","35.239","450.45"
"97","78.0","35.228","449.686"
"97","79.0","35.218","448.958"
"97","80.0","35.208","448.234"
"97","81.0","35.198","447.529"
"97","82.0","35.189","446.831"
"97","83.0","35.179","446.131"
"97","84.0","35.169","445.433"
"97","85.0","35.159","444.74"
"97","86.0","35.15","444.055"
"97","87.0","35.14","443.377"
"97","88.0","35.131","442.704"
"97","89.0","35.121","442.032"
"97","90.0","35.112","441.363"
"97","91.0","35.102","440.715"
"97","92.0","35.093","440.037"
"97","93.0","35.084","439.179"
"97","94.0","35.076","438.275"
"97","95.0","35.068","437.34"
"98","0.0","36.45","0.0"
"98","1.0","36.523","739.605"
"98","2.0","36.512","765.642"
"98","3.0","36.479","728.047"
"98","4.0","36.442","695.249"
"98","5.0","36.413","678.496"
"98","6.0","36.386","664.869"
"98","7.0","36.358","652.275"
"98","8.0","36.33","640.462"
"98","9.0","36.303","629.805"
"98","10.0","36.276","620.101"
"98","11.0","36.25","611.194"
"98","12.0","36.224","602.93"
"98","13.0","36.199","595.223"
"98","14.0","36.174","588.062"
"98","15.0","36.15","581.37"
"98","16.0","36.127","575.09"
"98","17.0","36.104","569.216"
"98","18.0","36.082","563.696"
"98","19.0","36.06","558.495"
"98","20.0","36.039","553.64"
"98","21.0","36.019","549.198"
"98","22.0","35.999","545.046"
"98","23.0","35.979","541.113"
"98","24.0","35.959","537.446"
"98","25.0","35.94","533.984"
"98","26.0","35.921","530.688"
"98","27.0","35.903","527.534"
"98","28.0","35.884","524.53"
"98","29.0","35.867","521.638"
"98","30.0","35.849","518.854"
"98","31.0","35.832","516.181"
"98","32.0","35.814","513.598"
"98","33.0","35.797","511.098"
"98","34.0","35.781","508.664"
"98","35.0","35.764","506.296"
"98","36.0","35.748","504.014"
"98","37.0","35.732","501.819"
"98","38.0","35.716","499.685"
"98","39.0","35.7","497.61"
"98","40.0","35.684","495.566"
"98","41.0","35.669","493.57"
"98","42.0","35.653","491.624"
"98","43.0","35.638","489.809"
"98","44.0","35.623","488.062"
"98","45.0","35.609","486.353"
"98","46.0","35.594","484.703"
"98","47.0","35.58","483.118"
"98","48.0","35.565","481.596"
"98","49.0","35.551","480.13"
"98","50.0","35.537","478.712"
"98","51.0","35.524","477.34"
"98","52.0","35.51","476.011"
"98","53.0","35.496","474.718"
"98","54.0","35.483","473.465"
"98","55.0","35.47","472.252"
"98","56.0","35.457","471.07"
"98","57.0","35.444","469.907"
"98","58.0","35.431","468.768"
"98","59.0","35.418","467.664"
"98","60.0","35.405","466.591"
"98","61.0","35.392","465.538"
"98","62.0","35.38","464.514"
"98","63.0","35.367","463.503"
"98","64.0","35.355","462.5"
"98","65.0","35.342","461.525"
"98","66.0","35.33","460.598"
"98","67.0","35.318","459.716"
"98","68.0","35.306","458.841"
"98","69.0","35.294","457.967"
"98","70.0","35.282","457.119"
"98","71.0","35.271","456.282"
"98","72.0","35.26","455.452"
"98","73.0","35.25","454.637"
"98","74.0","35.239","453.852"
"98","75.0","35.228","453.084"
"98","76.0","35.218","452.315"
"98","77.0","35.208","451.542"
"98","78.0","35.197","450.771"
"98","79.0","35.187","450.036"
"98","80.0","35.177","449.305"
"98","81.0","35.167","448.589"
"98","82.0","35.157","447.884"
"98","83.0","35.147","447.175"
"98","84.0","35.137","446.469"
"98","85.0","35.128","445.77"
"98","86.0","35.118","445.08"
"98","87.0","35.108","444.396"
"98","88.0","35.099","443.717"
"98","89.0","35.089","443.042"
"98","90.0","35.08","442.371"
"98","91.0","35.07","441.716"
"98","92.0","35.061","441.008"
"98","93.0","35.052","440.104"
"98","94.0","35.043","439.158"
"98","95.0","35.035","438.181"
"99","0.0","36.406","0.0"
"99","1.0","36.465","756.906"
"99","2.0","36.453","766.812"
"99","3.0","36.427","731.775"
"99","4.0","36.394","698.462"
"99","5.0","36.366","681.076"
"99","6.0","36.34","667.433"
"99","7.0","36.313","654.838"
"99","8.0","36.286","642.993"
"99","9.0","36.259","632.291"
"99","10.0","36.233","622.537"
"99","11.0","36.207","613.576"
"99","12.0","36.182","605.255"
"99","13.0","36.157","597.489"
"99","14.0","36.133","590.27"
"99","15.0","36.109","583.519"
"99","16.0","36.086","577.178"
"99","17.0","36.064","571.243"
"99","18.0","36.042","565.668"
"99","19.0","36.02","560.41"
"99","20.0","36.0","555.516"
"99","21.0","35.979","551.033"
"99","22.0","35.959","546.842"
"99","23.0","35.939","542.875"
"99","24.0","35.92","539.175"
"99","25.0","35.901","535.68"
"99","26.0","35.882","532.351"
"99","27.0","35.863","529.167"
"99","28.0","35.845","526.129"
"99","29.0","35.827","523.208"
"99","30.0","35.809","520.398"
"99","31.0","35.792","517.698"
"99","32.0","35.775","515.091"
"99","33.0","35.758","512.57"
"99","34.0","35.741","510.113"
"99","35.0","35.724","507.725"
"99","36.0","35.708","505.424"
"99","37.0","35.692","503.209"
"99","38.0","35.676","501.059"
"99","39.0","35.66","498.967"
"99","40.0","35.644","496.905"
"99","41.0","35.628","494.895"
"99","42.0","35.613","492.933"
"99","43.0","35.598","491.101"
"99","44.0","35.583","489.333"
"99","45.0","35.568","487.605"
"99","46.0","35.553","485.938"
"99","47.0","35.539","484.336"
"99","48.0","35.524","482.8"
"99","49.0","35.51","481.318"
"99","50.0","35.496","479.885"
"99","51.0","35.482","478.499"
"99","52.0","35.468","477.156"
"99","53.0","35.454","475.851"
"99","54.0","35.441","474.587"
"99","55.0","35.427","473.361"
"99","56.0","35.414","472.169"
"99","57.0","35.401","470.997"
"99","58.0","35.388","469.849"
"99","59.0","35.375","468.738"
"99","60.0","35.362","467.657"
"99","61.0","35.349","466.597"
"99","62.0","35.336","465.564"
"99","63.0","35.323","464.548"
"99","64.0","35.31","463.538"
"99","65.0","35.298","462.552"
"99","66.0","35.285","461.613"
"99","67.0","35.273","460.721"
"99","68.0","35.26","459.823"
"99","69.0","35.248","458.92"
"99","70.0","35.237","458.052"
"99","71.0","35.225","457.195"
"99","72.0","35.214","456.348"
"99","73.0","35.203","455.518"
"99","74.0","35.192","454.722"
"99","75.0","35.182","453.944"
"99","76.0","35.171","453.165"
"99","77.0","35.161","452.383"
"99","78.0","35.15","451.605"
"99","79.0","35.14","450.862"
"99","80.0","35.13","450.122"
"99","81.0","35.12","449.398"
"99","82.0","35.109","448.686"
"99","83.0","35.099","447.969"
"99","84.0","35.09","447.256"
"99","85.0","35.08","446.552"
"99","86.0","35.07","445.855"
"99","87.0","35.06","445.166"
"99","88.0","35.05","444.483"
"99","89.0","35.041","443.804"
"99","90.0","35.031","443.133"
"99","91.0","35.021","442.462"
"99","92.0","35.012","441.734"
"99","93.0","35.003","440.793"
"99","94.0","34.994","439.81"
"99","95.0","34.986","438.802"
"100","0.0","36.346","0.0"
"100","1.0","36.402","760.313"
"100","2.0","36.381","766.631"
"100","3.0","36.361","734.916"
"100","4.0","36.332","702.486"
"100","5.0","36.306","684.237"
"100","6.0","36.281","670.683"
"100","7.0","36.256","658.113"
"100","8.0","36.23","646.259"
"100","9.0","36.204","635.523"
"100","10.0","36.179","625.721"
"100","11.0","36.153","616.699"
"100","12.0","36.129","608.312"
"100","13.0","36.104","600.477"
"100","14.0","36.081","593.19"
"100","15.0","36.057","586.365"
"100","16.0","36.035","579.947"
"100","17.0","36.012","573.936"
"100","18.0","35.991","568.288"
"100","19.0","35.97","562.959"
"100","20.0","35.949","558.021"
"100","21.0","35.929","553.49"
"100","22.0","35.909","549.253"
"100","23.0","35.889","545.244"
"100","24.0","35.869","541.5"
"100","25.0","35.85","537.971"
"100","26.0","35.831","534.604"
"100","27.0","35.813","531.385"
"100","28.0","35.795","528.309"
"100","29.0","35.777","525.353"
"100","30.0","35.759","522.511"
"100","31.0","35.741","519.782"
"100","32.0","35.724","517.145"
"100","33.0","35.707","514.599"
"100","34.0","35.69","512.116"
"100","35.0","35.673","509.704"
"100","36.0","35.657","507.381"
"100","37.0","35.641","505.146"
"100","38.0","35.624","502.975"
"100","39.0","35.608","500.865"
"100","40.0","35.592","498.782"
"100","41.0","35.577","496.755"
"100","42.0","35.561","494.774"
"100","43.0","35.545","492.919"
"100","44.0","35.53","491.125"
"100","45.0","35.515","489.371"
"100","46.0","35.5","487.684"
"100","47.0","35.485","486.064"
"100","48.0","35.471","484.508"
"100","49.0","35.456","483.007"
"100","50.0","35.442","481.556"
"100","51.0","35.428","480.153"
"100","52.0","35.414","478.794"
"100","53.0","35.4","477.474"
"100","54.0","35.386","476.195"
"100","55.0","35.372","474.954"
"100","56.0","35.359","473.75"
"100","57.0","35.345","472.566"
"100","58.0","35.332","471.408"
"100","59.0","35.318","470.287"
"100","60.0","35.305","469.195"
"100","61.0","35.292","468.125"
"100","62.0","35.279","467.083"
"100","63.0","35.266","466.059"
"100","64.0","35.252","465.04"
"100","65.0","35.24","464.04"
"100","66.0","35.227","463.087"
"100","67.0","35.214","462.182"
"100","68.0","35.201","461.249"
"100","69.0","35.189","460.31"
"100","70.0","35.177","459.408"
"100","71.0","35.166","458.522"
"100","72.0","35.154","457.652"
"100","73.0","35.143","456.802"
"100","74.0","35.132","455.987"
"100","75.0","35.121","455.191"
"100","76.0","35.11","454.396"
"100","77.0","35.099","453.601"
"100","78.0","35.089","452.813"
"100","79.0","35.078","452.056"
"100","80.0","35.068","451.307"
"100","81.0","35.057","450.57"
"100","82.0","35.047","449.848"
"100","83.0","35.037","449.12"
"100","84.0","35.026","448.398"
"100","85.0","35.016","447.686"
"100","86.0","35.006","446.983"
"100","87.0","34.996","446.285"
"100","88.0","34.986","445.595"
"100","89.0","34.976","444.911"
"100","90.0","34.966","444.227"
"100","91.0","34.956","443.551"
"100","92.0","34.947","442.78"
"100","93.0","34.937","441.784"
"100","94.0","34.929","440.749"
"100","95.0","34.921","439.693"
"101","0.0","36.3","0.0"
"101","1.0","36.318","749.096"
"101","2.0","36.306","764.185"
"101","3.0","36.291","738.559"
"101","4.0","36.267","706.315"
"101","5.0","36.244","687.434"
"101","6.0","36.22","674.092"
"101","7.0","36.196","661.584"
"101","8.0","36.171","649.752"
"101","9.0","36.147","638.994"
"101","10.0","36.122","629.156"
"101","11.0","36.098","620.077"
"101","12.0","36.074","611.63"
"101","13.0","36.05","603.73"
"101","14.0","36.027","596.375"
"101","15.0","36.005","589.478"
"101","16.0","35.982","582.983"
"101","17.0","35.961","576.896"
"101","18.0","35.94","571.174"
"101","19.0","35.919","565.769"
"101","20.0","35.898","560.795"
"101","21.0","35.878","556.217"
"101","22.0","35.858","551.933"
"101","23.0","35.839","547.876"
"101","24.0","35.82","544.086"
"101","25.0","35.801","540.515"
"101","26.0","35.782","537.106"
"101","27.0","35.764","533.847"
"101","28.0","35.745","530.727"
"101","29.0","35.728","527.732"
"101","30.0","35.71","524.854"
"101","31.0","35.692","522.088"
"101","32.0","35.675","519.42"
"101","33.0","35.658","516.844"
"101","34.0","35.641","514.329"
"101","35.0","35.625","511.891"
"101","36.0","35.608","509.542"
"101","37.0","35.592","507.282"
"101","38.0","35.576","505.089"
"101","39.0","35.56","502.957"
"101","40.0","35.544","500.852"
"101","41.0","35.528","498.808"
"101","42.0","35.512","496.814"
"101","43.0","35.496","494.933"
"101","44.0","35.481","493.107"
"101","45.0","35.466","491.327"
"101","46.0","35.451","489.617"
"101","47.0","35.436","487.977"
"101","48.0","35.421","486.4"
"101","49.0","35.407","484.878"
"101","50.0","35.392","483.408"
"101","51.0","35.378","481.986"
"101","52.0","35.364","480.609"
"101","53.0","35.35","479.274"
"101","54.0","35.336","477.978"
"101","55.0","35.322","476.721"
"101","56.0","35.308","475.504"
"101","57.0","35.294","474.308"
"101","58.0","35.281","473.138"
"101","59.0","35.267","472.004"
"101","60.0","35.254","470.9"
"101","61.0","35.241","469.818"
"101","62.0","35.227","468.764"
"101","63.0","35.214","467.732"
"101","64.0","35.201","466.7"
"101","65.0","35.188","465.686"
"101","66.0","35.175","464.726"
"101","67.0","35.162","463.799"
"101","68.0","35.149","462.821"
"101","69.0","35.137","461.839"
"101","70.0","35.125","460.902"
"101","71.0","35.113","459.984"
"101","72.0","35.101","459.088"
"101","73.0","35.09","458.214"
"101","74.0","35.079","457.374"
"101","75.0","35.067","456.562"
"101","76.0","35.056","455.749"
"101","77.0","35.046","454.941"
"101","78.0","35.035","454.143"
"101","79.0","35.024","453.373"
"101","80.0","35.013","452.611"
"101","81.0","35.003","451.864"
"101","82.0","34.992","451.131"
"101","83.0","34.982","450.395"
"101","84.0","34.972","449.665"
"101","85.0","34.961","448.945"
"101","86.0","34.951","448.234"
"101","87.0","34.941","447.532"
"101","88.0","34.931","446.835"
"101","89.0","34.92","446.147"
"101","90.0","34.91","445.462"
"101","91.0","34.9","444.782"
"101","92.0","34.89","443.94"
"101","93.0","34.881","442.88"
"101","94.0","34.873","441.784"
"101","95.0","34.864","440.677"
"102","0.0","36.271","0.0"
"102","1.0","36.277","744.725"
"102","2.0","36.274","763.273"
"102","3.0","36.262","740.145"
"102","4.0","36.239","707.773"
"102","5.0","36.217","688.849"
"102","6.0","36.194","675.604"
"102","7.0","36.171","663.134"
"102","8.0","36.147","651.323"
"102","9.0","36.122","640.562"
"102","10.0","36.098","630.712"
"102","11.0","36.074","621.613"
"102","12.0","36.051","613.142"
"102","13.0","36.028","605.214"
"102","14.0","36.005","597.83"
"102","15.0","35.982","590.898"
"102","16.0","35.96","584.372"
"102","17.0","35.939","578.248"
"102","18.0","35.918","572.498"
"102","19.0","35.897","567.06"
"102","20.0","35.877","562.069"
"102","21.0","35.857","557.471"
"102","22.0","35.837","553.167"
"102","23.0","35.818","549.087"
"102","24.0","35.799","545.277"
"102","25.0","35.78","541.689"
"102","26.0","35.761","538.262"
"102","27.0","35.743","534.985"
"102","28.0","35.725","531.848"
"102","29.0","35.707","528.836"
"102","30.0","35.689","525.943"
"102","31.0","35.672","523.163"
"102","32.0","35.654","520.479"
"102","33.0","35.637","517.891"
"102","34.0","35.621","515.363"
"102","35.0","35.604","512.914"
"102","36.0","35.587","510.555"
"102","37.0","35.571","508.285"
"102","38.0","35.555","506.082"
"102","39.0","35.539","503.941"
"102","40.0","35.523","501.827"
"102","41.0","35.507","499.774"
"102","42.0","35.491","497.77"
"102","43.0","35.476","495.878"
"102","44.0","35.46","494.038"
"102","45.0","35.445","492.246"
"102","46.0","35.43","490.525"
"102","47.0","35.415","488.875"
"102","48.0","35.4","487.288"
"102","49.0","35.386","485.757"
"102","50.0","35.371","484.277"
"102","51.0","35.357","482.846"
"102","52.0","35.343","481.461"
"102","53.0","35.329","480.118"
"102","54.0","35.315","478.815"
"102","55.0","35.301","477.551"
"102","56.0","35.287","476.327"
"102","57.0","35.273","475.125"
"102","58.0","35.259","473.95"
"102","59.0","35.246","472.809"
"102","60.0","35.232","471.7"
"102","61.0","35.219","470.613"
"102","62.0","35.206","469.554"
"102","63.0","35.192","468.517"
"102","64.0","35.179","467.481"
"102","65.0","35.166","466.461"
"102","66.0","35.153","465.494"
"102","67.0","35.14","464.563"
"102","68.0","35.127","463.562"
"102","69.0","35.115","462.563"
"102","70.0","35.103","461.607"
"102","71.0","35.091","460.674"
"102","72.0","35.079","459.766"
"102","73.0","35.067","458.882"
"102","74.0","35.056","458.034"
"102","75.0","35.045","457.211"
"102","76.0","35.034","456.391"
"102","77.0","35.023","455.577"
"102","78.0","35.012","454.775"
"102","79.0","35.001","453.998"
"102","80.0","34.991","453.234"
"102","81.0","34.98","452.48"
"102","82.0","34.969","451.741"
"102","83.0","34.959","451.003"
"102","84.0","34.949","450.268"
"102","85.0","34.938","449.545"
"102","86.0","34.928","448.833"
"102","87.0","34.918","448.126"
"102","88.0","34.907","447.427"
"102","89.0","34.897","446.736"
"102","90.0","34.887","446.058"
"102","91.0","34.877","445.375"
"102","92.0","34.867","444.49"
"102","93.0","34.858","443.398"
"102","94.0","34.849","442.274"
"102","95.0","34.841","441.14"
"103","0.0","36.196","0.0"
"103","1.0","36.215","761.341"
"103","2.0","36.207","761.812"
"103","3.0","36.199","741.906"
"103","4.0","36.181","710.445"
"103","5.0","36.16","691.662"
"103","6.0","36.139","678.525"
"103","7.0","36.116","666.14"
"103","8.0","36.094","654.39"
"103","9.0","36.07","643.639"
"103","10.0","36.047","633.776"
"103","11.0","36.024","624.641"
"103","12.0","36.001","616.13"
"103","13.0","35.979","608.155"
"103","14.0","35.956","600.716"
"103","15.0","35.934","593.727"
"103","16.0","35.913","587.136"
"103","17.0","35.892","580.951"
"103","18.0","35.871","575.136"
"103","19.0","35.851","569.645"
"103","20.0","35.831","564.626"
"103","21.0","35.811","559.991"
"103","22.0","35.792","555.649"
"103","23.0","35.773","551.53"
"103","24.0","35.754","547.682"
"103","25.0","35.735","544.061"
"103","26.0","35.716","540.598"
"103","27.0","35.698","537.288"
"103","28.0","35.68","534.118"
"103","29.0","35.662","531.074"
"103","30.0","35.645","528.151"
"103","31.0","35.627","525.341"
"103","32.0","35.61","522.63"
"103","33.0","35.593","520.016"
"103","34.0","35.576","517.461"
"103","35.0","35.56","514.991"
"103","36.0","35.543","512.612"
"103","37.0","35.527","510.321"
"103","38.0","35.511","508.099"
"103","39.0","35.494","505.94"
"103","40.0","35.478","503.81"
"103","41.0","35.463","501.741"
"103","42.0","35.447","499.727"
"103","43.0","35.431","497.812"
"103","44.0","35.416","495.943"
"103","45.0","35.4","494.126"
"103","46.0","35.385","492.386"
"103","47.0","35.37","490.713"
"103","48.0","35.355","489.106"
"103","49.0","35.341","487.554"
"103","50.0","35.326","486.056"
"103","51.0","35.312","484.607"
"103","52.0","35.298","483.205"
"103","53.0","35.283","481.847"
"103","54.0","35.269","480.528"
"103","55.0","35.255","479.248"
"103","56.0","35.241","478.011"
"103","57.0","35.227","476.797"
"103","58.0","35.214","475.61"
"103","59.0","35.2","474.455"
"103","60.0","35.186","473.335"
"103","61.0","35.173","472.238"
"103","62.0","35.159","471.169"
"103","63.0","35.146","470.123"
"103","64.0","35.132","469.078"
"103","65.0","35.119","468.047"
"103","66.0","35.106","467.062"
"103","67.0","35.093","466.126"
"103","68.0","35.08","465.077"
"103","69.0","35.067","464.037"
"103","70.0","35.055","463.05"
"103","71.0","35.043","462.086"
"103","72.0","35.031","461.153"
"103","73.0","35.02","460.247"
"103","74.0","35.008","459.376"
"103","75.0","34.997","458.539"
"103","76.0","34.986","457.703"
"103","77.0","34.975","456.876"
"103","78.0","34.964","456.063"
"103","79.0","34.953","455.274"
"103","80.0","34.942","454.498"
"103","81.0","34.931","453.737"
"103","82.0","34.92","452.988"
"103","83.0","34.91","452.242"
"103","84.0","34.899","451.501"
"103","85.0","34.889","450.771"
"103","86.0","34.878","450.05"
"103","87.0","34.868","449.34"
"103","88.0","34.857","448.635"
"103","89.0","34.847","447.94"
"103","90.0","34.837","447.246"
"103","91.0","34.826","446.581"
"103","92.0","34.816","445.601"
"103","93.0","34.807","444.443"
"103","94.0","34.799","443.26"
"103","95.0","34.79","442.074"
"104","0.0","36.196","0.0"
"104","1.0","36.225","768.445"
"104","2.0","36.214","761.044"
"104","3.0","36.205","742.68"
"104","4.0","36.187","711.832"
"104","5.0","36.166","693.08"
"104","6.0","36.144","679.958"
"104","7.0","36.121","667.622"
"104","8.0","36.099","655.903"
"104","9.0","36.075","645.159"
"104","10.0","36.052","635.291"
"104","11.0","36.029","626.143"
"104","12.0","36.006","617.612"
"104","13.0","35.983","609.615"
"104","14.0","35.961","602.152"
"104","15.0","35.939","595.135"
"104","16.0","35.917","588.513"
"104","17.0","35.896","582.298"
"104","18.0","35.875","576.451"
"104","19.0","35.855","570.937"
"104","20.0","35.835","565.905"
"104","21.0","35.815","561.253"
"104","22.0","35.796","556.893"
"104","23.0","35.776","552.756"
"104","24.0","35.757","548.89"
"104","25.0","35.738","545.249"
"104","26.0","35.72","541.767"
"104","27.0","35.702","538.44"
"104","28.0","35.684","535.252"
"104","29.0","35.666","532.191"
"104","30.0","35.648","529.252"
"104","31.0","35.631","526.427"
"104","32.0","35.614","523.701"
"104","33.0","35.597","521.073"
"104","34.0","35.58","518.505"
"104","35.0","35.563","516.023"
"104","36.0","35.547","513.633"
"104","37.0","35.53","511.33"
"104","38.0","35.514","509.098"
"104","39.0","35.498","506.929"
"104","40.0","35.482","504.791"
"104","41.0","35.466","502.715"
"104","42.0","35.45","500.693"
"104","43.0","35.434","498.766"
"104","44.0","35.419","496.883"
"104","45.0","35.404","495.054"
"104","46.0","35.389","493.304"
"104","47.0","35.374","491.619"
"104","48.0","35.359","490.003"
"104","49.0","35.344","488.443"
"104","50.0","35.33","486.936"
"104","51.0","35.315","485.478"
"104","52.0","35.301","484.068"
"104","53.0","35.287","482.703"
"104","54.0","35.272","481.378"
"104","55.0","35.258","480.091"
"104","56.0","35.244","478.848"
"104","57.0","35.231","477.628"
"104","58.0","35.217","476.436"
"104","59.0","35.203","475.275"
"104","60.0","35.19","474.149"
"104","61.0","35.176","473.048"
"104","62.0","35.162","471.975"
"104","63.0","35.149","470.924"
"104","64.0","35.136","469.875"
"104","65.0","35.122","468.838"
"104","66.0","35.109","467.848"
"104","67.0","35.096","466.904"
"104","68.0","35.083","465.832"
"104","69.0","35.07","464.776"
"104","70.0","35.058","463.769"
"104","71.0","35.046","462.789"
"104","72.0","35.034","461.845"
"104","73.0","35.023","460.928"
"104","74.0","35.011","460.049"
"104","75.0","35.0","459.202"
"104","76.0","34.989","458.357"
"104","77.0","34.978","457.524"
"104","78.0","34.967","456.705"
"104","79.0","34.956","455.91"
"104","80.0","34.945","455.131"
"104","81.0","34.934","454.362"
"104","82.0","34.923","453.608"
"104","83.0","34.913","452.858"
"104","84.0","34.902","452.113"
"104","85.0","34.892","451.379"
"104","86.0","34.881","450.658"
"104","87.0","34.871","449.941"
"104","88.0","34.86","449.233"
"104","89.0","34.85","448.536"
"104","90.0","34.84","447.832"
"104","91.0","34.829","447.177"
"104","92.0","34.82","446.148"
"104","93.0","34.81","444.957"
"104","94.0","34.802","443.744"
"104","95.0","34.793","442.532"
"10","0.0","36.192","0.0"
"10","1.0","36.222","771.531"
"10","2.0","36.212","758.443"
"10","3.0","36.204","746.568"
"10","4.0","36.186","717.312"
"10","5.0","36.164","698.38"
"10","6.0","36.142","685.266"
"10","7.0","36.12","673.122"
"10","8.0","36.097","661.519"
"10","9.0","36.074","650.807"
"10","10.0","36.051","640.927"
"10","11.0","36.027","631.734"
"10","12.0","36.004","623.139"
"10","13.0","35.982","615.063"
"10","14.0","35.959","607.513"
"10","15.0","35.937","600.395"
"10","16.0","35.916","593.666"
"10","17.0","35.895","587.342"
"10","18.0","35.874","581.383"
"10","19.0","35.854","575.779"
"10","20.0","35.834","570.707"
"10","21.0","35.814","565.993"
"10","22.0","35.794","561.567"
"10","23.0","35.775","557.368"
"10","24.0","35.756","553.439"
"10","25.0","35.737","549.729"
"10","26.0","35.719","546.186"
"10","27.0","35.7","542.804"
"10","28.0","35.682","539.558"
"10","29.0","35.665","536.441"
"10","30.0","35.647","533.45"
"10","31.0","35.63","530.573"
"10","32.0","35.612","527.801"
"10","33.0","35.595","525.128"
"10","34.0","35.579","522.513"
"10","35.0","35.562","519.997"
"10","36.0","35.545","517.574"
"10","37.0","35.529","515.235"
"10","38.0","35.513","512.972"
"10","39.0","35.497","510.773"
"10","40.0","35.481","508.61"
"10","41.0","35.465","506.508"
"10","42.0","35.449","504.468"
"10","43.0","35.433","502.499"
"10","44.0","35.418","500.564"
"10","45.0","35.402","498.692"
"10","46.0","35.387","496.906"
"10","47.0","35.372","495.18"
"10","48.0","35.357","493.532"
"10","49.0","35.343","491.939"
"10","50.0","35.328","490.402"
"10","51.0","35.314","488.915"
"10","52.0","35.299","487.477"
"10","53.0","35.285","486.088"
"10","54.0","35.271","484.736"
"10","55.0","35.257","483.427"
"10","56.0","35.243","482.162"
"10","57.0","35.229","480.922"
"10","58.0","35.215","479.712"
"10","59.0","35.202","478.528"
"10","60.0","35.188","477.386"
"10","61.0","35.175","476.269"
"10","62.0","35.161","475.182"
"10","63.0","35.148","474.118"
"10","64.0","35.134","473.055"
"10","65.0","35.121","472.0"
"10","66.0","35.108","470.999"
"10","67.0","35.094","470.022"
"10","68.0","35.082","468.861"
"10","69.0","35.069","467.729"
"10","70.0","35.057","466.659"
"10","71.0","35.045","465.621"
"10","72.0","35.033","464.631"
"10","73.0","35.021","463.674"
"10","74.0","35.01","462.752"
"10","75.0","34.998","461.878"
"10","76.0","34.987","461.002"
"10","77.0","34.976","460.147"
"10","78.0","34.965","459.306"
"10","79.0","34.954","458.49"
"10","80.0","34.943","457.69"
"10","81.0","34.933","456.908"
"10","82.0","34.922","456.136"
"10","83.0","34.911","455.375"
"10","84.0","34.901","454.617"
"10","85.0","34.89","453.872"
"10","86.0","34.88","453.134"
"10","87.0","34.869","452.412"
"10","88.0","34.859","451.695"
"10","89.0","34.848","450.991"
"10","90.0","34.838","450.277"
"10","91.0","34.828","449.623"
"10","92.0","34.818","448.402"
"10","93.0","34.809","447.078"
"10","94.0","34.8","445.747"
"10","95.0","34.792","444.424"
"9_sec9_0","0.0","36.738","9.0"
"9_sec9_0","1.0","36.778","288.842"
"9_sec9_0","2.0","36.779","287.217"
"9_sec9_0","3.0","36.727","266.614"
"9_sec9_0","4.0","36.68","257.101"
"9_sec9_0","5.0","36.645","251.419"
"9_sec9_0","6.0","36.612","245.763"
"9_sec9_0","7.0","36.579","240.48"
"9_sec9_0","8.0","36.548","235.722"
"9_sec9_0","9.0","36.517","231.475"
"9_sec9_0","10.0","36.487","227.61"
"9_sec9_0","11.0","36.459","224.055"
"9_sec9_0","12.0","36.431","220.755"
"9_sec9_0","13.0","36.404","217.697"
"9_sec9_0","14.0","36.378","214.864"
"9_sec9_0","15.0","36.352","212.236"
"9_sec9_0","16.0","36.328","209.8"
"9_sec9_0","17.0","36.304","207.515"
"9_sec9_0","18.0","36.281","205.362"
"9_sec9_0","19.0","36.259","203.354"
"9_sec9_0","20.0","36.237","201.475"
"9_sec9_0","21.0","36.216","199.726"
"9_sec9_0","22.0","36.195","198.085"
"9_sec9_0","23.0","36.175","196.532"
"9_sec9_0","24.0","36.156","195.05"
"9_sec9_0","25.0","36.137","193.628"
"9_sec9_0","26.0","36.118","192.266"
"9_sec9_0","27.0","36.099","190.995"
"9_sec9_0","28.0","36.081","189.794"
"9_sec9_0","29.0","36.064","188.664"
"9_sec9_0","30.0","36.046","187.594"
"9_sec9_0","31.0","36.029","186.546"
"9_sec9_0","32.0","36.012","185.525"
"9_sec9_0","33.0","35.996","184.545"
"9_sec9_0","34.0","35.979","183.599"
"9_sec9_0","35.0","35.963","182.674"
"9_sec9_0","36.0","35.947","181.771"
"9_sec9_0","37.0","35.931","180.887"
"9_sec9_0","38.0","35.916","180.025"
"9_sec9_0","39.0","35.901","179.17"
"9_sec9_0","40.0","35.885","178.33"
"9_sec9_0","41.0","35.87","177.486"
"9_sec9_0","42.0","35.855","176.691"
"9_sec9_0","43.0","35.841","175.95"
"9_sec9_0","44.0","35.827","175.243"
"9_sec9_0","45.0","35.812","174.558"
"9_sec9_0","46.0","35.799","173.927"
"9_sec9_0","47.0","35.785","173.325"
"9_sec9_0","48.0","35.771","172.73"
"9_sec9_0","49.0","35.758","172.145"
"9_sec9_0","50.0","35.745","171.578"
"9_sec9_0","51.0","35.732","171.025"
"9_sec9_0","52.0","35.719","170.486"
"9_sec9_0","53.0","35.706","169.989"
"9_sec9_0","54.0","35.694","169.497"
"9_sec9_0","55.0","35.681","169.021"
"9_sec9_0","56.0","35.669","168.55"
"9_sec9_0","57.0","35.657","168.082"
"9_sec9_0","58.0","35.645","167.622"
"9_sec9_0","59.0","35.633","167.167"
"9_sec9_0","60.0","35.621","166.718"
"9_sec9_0","61.0","35.609","166.274"
"9_sec9_0","62.0","35.597","165.833"
"9_sec9_0","63.0","35.586","165.39"
"9_sec9_0","64.0","35.574","164.951"
"9_sec9_0","65.0","35.563","164.54"
"9_sec9_0","66.0","35.551","164.145"
"9_sec9_0","67.0","35.54","163.769"
"9_sec9_0","68.0","35.529","163.463"
"9_sec9_0","69.0","35.519","163.192"
"9_sec9_0","70.0","35.508","162.91"
"9_sec9_0","71.0","35.498","162.622"
"9_sec9_0","72.0","35.488","162.331"
"9_sec9_0","73.0","35.478","162.035"
"9_sec9_0","74.0","35.468","161.735"
"9_sec9_0","75.0","35.459","161.427"
"9_sec9_0","76.0","35.449","161.115"
"9_sec9_0","77.0","35.44","160.811"
"9_sec9_0","78.0","35.431","160.509"
"9_sec9_0","79.0","35.421","160.2"
"9_sec9_0","80.0","35.412","159.889"
"9_sec9_0","81.0","35.403","159.589"
"9_sec9_0","82.0","35.394","159.286"
"9_sec9_0","83.0","35.385","158.985"
"9_sec9_0","84.0","35.376","158.687"
"9_sec9_0","85.0","35.367","158.39"
"9_sec9_0","86.0","35.358","158.095"
"9_sec9_0","87.0","35.35","157.802"
"9_sec9_0","88.0","35.341","157.512"
"9_sec9_0","89.0","35.332","157.226"
"9_sec9_0","90.0","35.324","156.947"
"9_sec9_0","91.0","35.315","156.678"
"9_sec9_0","92.0","35.307","156.422"
"9_sec9_0","93.0","35.299","156.184"
"9_sec9_0","94.0","35.291","155.962"
"9_sec9_0","95.0","35.283","155.763"
"11","0.0","36.696","1.0"
"11","1.0","36.752","285.693"
"11","2.0","36.763","288.197"
"11","3.0","36.713","267.905"
"11","4.0","36.667","258.05"
"11","5.0","36.632","252.233"
"11","6.0","36.599","246.567"
"11","7.0","36.567","241.289"
"11","8.0","36.535","236.5"
"11","9.0","36.505","232.227"
"11","10.0","36.475","228.337"
"11","11.0","36.447","224.759"
"11","12.0","36.419","221.437"
"11","13.0","36.392","218.357"
"11","14.0","36.366","215.502"
"11","15.0","36.341","212.855"
"11","16.0","36.316","210.397"
"11","17.0","36.292","208.094"
"11","18.0","36.269","205.921"
"11","19.0","36.247","203.897"
"11","20.0","36.225","201.998"
"11","21.0","36.204","200.235"
"11","22.0","36.184","198.583"
"11","23.0","36.164","197.016"
"11","24.0","36.144","195.524"
"11","25.0","36.125","194.093"
"11","26.0","36.106","192.721"
"11","27.0","36.088","191.44"
"11","28.0","36.07","190.231"
"11","29.0","36.052","189.092"
"11","30.0","36.034","188.013"
"11","31.0","36.017","186.959"
"11","32.0","36.0","185.931"
"11","33.0","35.984","184.944"
"11","34.0","35.967","183.993"
"11","35.0","35.951","183.061"
"11","36.0","35.935","182.152"
"11","37.0","35.92","181.264"
"11","38.0","35.904","180.396"
"11","39.0","35.889","179.536"
"11","40.0","35.873","178.693"
"11","41.0","35.858","177.843"
"11","42.0","35.843","177.043"
"11","43.0","35.829","176.296"
"11","44.0","35.814","175.583"
"11","45.0","35.8","174.892"
"11","46.0","35.786","174.256"
"11","47.0","35.772","173.649"
"11","48.0","35.759","173.049"
"11","49.0","35.746","172.459"
"11","50.0","35.732","171.888"
"11","51.0","35.719","171.331"
"11","52.0","35.706","170.788"
"11","53.0","35.694","170.288"
"11","54.0","35.681","169.792"
"11","55.0","35.669","169.313"
"11","56.0","35.656","168.84"
"11","57.0","35.644","168.368"
"11","58.0","35.632","167.905"
"11","59.0","35.62","167.448"
"11","60.0","35.608","166.997"
"11","61.0","35.596","166.551"
"11","62.0","35.584","166.108"
"11","63.0","35.572","165.663"
"11","64.0","35.561","165.222"
"11","65.0","35.549","164.808"
"11","66.0","35.538","164.409"
"11","67.0","35.527","164.029"
"11","68.0","35.515","163.716"
"11","69.0","35.505","163.44"
"11","70.0","35.494","163.151"
"11","71.0","35.484","162.858"
"11","72.0","35.474","162.564"
"11","73.0","35.464","162.263"
"11","74.0","35.454","161.961"
"11","75.0","35.444","161.65"
"11","76.0","35.435","161.335"
"11","77.0","35.425","161.03"
"11","78.0","35.416","160.726"
"11","79.0","35.406","160.415"
"11","80.0","35.397","160.103"
"11","81.0","35.388","159.799"
"11","82.0","35.379","159.495"
"11","83.0","35.37","159.192"
"11","84.0","35.361","158.893"
"11","85.0","35.352","158.595"
"11","86.0","35.343","158.299"
"11","87.0","35.334","158.004"
"11","88.0","35.326","157.713"
"11","89.0","35.317","157.425"
"11","90.0","35.308","157.147"
"11","91.0","35.3","156.876"
"11","92.0","35.291","156.618"
"11","93.0","35.283","156.371"
"11","94.0","35.275","156.143"
"11","95.0","35.267","155.936"
"11_sec10_0","0.0","36.696","0.0"
"11_sec10_0","1.0","36.752","285.693"
"11_sec10_0","2.0","36.763","288.197"
"11_sec10_0","3.0","36.713","267.905"
"11_sec10_0","4.0","36.667","258.05"
"11_sec10_0","5.0","36.632","252.233"
"11_sec10_0","6.0","36.599","246.567"
"11_sec10_0","7.0","36.567","241.289"
"11_sec10_0","8.0","36.535","236.5"
"11_sec10_0","9.0","36.505","232.227"
"11_sec10_0","10.0","36.475","228.337"
"11_sec10_0","11.0","36.447","224.759"
"11_sec10_0","12.0","36.419","221.437"
"11_sec10_0","13.0","36.392","218.357"
"11_sec10_0","14.0","36.366","215.502"
"11_sec10_0","15.0","36.341","212.855"
"11_sec10_0","16.0","36.316","210.397"
"11_sec10_0","17.0","36.292","208.094"
"11_sec10_0","18.0","36.269","205.921"
"11_sec10_0","19.0","36.247","203.897"
"11_sec10_0","20.0","36.225","201.998"
"11_sec10_0","21.0","36.204","200.235"
"11_sec10_0","22.0","36.184","198.583"
"11_sec10_0","23.0","36.164","197.016"
"11_sec10_0","24.0","36.144","195.524"
"11_sec10_0","25.0","36.125","194.093"
"11_sec10_0","26.0","36.106","192.721"
"11_sec10_0","27.0","36.088","191.44"
"11_sec10_0","28.0","36.07","190.231"
"11_sec10_0","29.0","36.052","189.092"
"11_sec10_0","30.0","36.034","188.013"
"11_sec10_0","31.0","36.017","186.959"
"11_sec10_0","32.0","36.0","185.931"
"11_sec10_0","33.0","35.984","184.944"
"11_sec10_0","34.0","35.967","183.993"
"11_sec10_0","35.0","35.951","183.061"
"11_sec10_0","36.0","35.935","182.152"
"11_sec10_0","37.0","35.92","181.264"
"11_sec10_0","38.0","35.904","180.396"
"11_sec10_0","39.0","35.889","179.536"
"11_sec10_0","40.0","35.873","178.693"
"11_sec10_0","41.0","35.858","177.843"
"11_sec10_0","42.0","35.843","177.043"
"11_sec10_0","43.0","35.829","176.296"
"11_sec10_0","44.0","35.814","175.583"
"11_sec10_0","45.0","35.8","174.892"
"11_sec10_0","46.0","35.786","174.256"
"11_sec10_0","47.0","35.772","173.649"
"11_sec10_0","48.0","35.759","173.049"
"11_sec10_0","49.0","35.746","172.459"
"11_sec10_0","50.0","35.732","171.888"
"11_sec10_0","51.0","35.719","171.331"
"11_sec10_0","52.0","35.706","170.788"
"11_sec10_0","53.0","35.694","170.288"
"11_sec10_0","54.0","35.681","169.792"
"11_sec10_0","55.0","35.669","169.313"
"11_sec10_0","56.0","35.656","168.84"
"11_sec10_0","57.0","35.644","168.368"
"11_sec10_0","58.0","35.632","167.905"
"11_sec10_0","59.0","35.62","167.448"
"11_sec10_0","60.0","35.608","166.997"
"11_sec10_0","61.0","35.596","166.551"
"11_sec10_0","62.0","35.584","166.108"
"11_sec10_0","63.0","35.572","165.663"
"11_sec10_0","64.0","35.561","165.222"
"11_sec10_0","65.0","35.549","164.808"
"11_sec10_0","66.0","35.538","164.409"
"11_sec10_0","67.0","35.527","164.029"
"11_sec10_0","68.0","35.515","163.716"
"11_sec10_0","69.0","35.505","163.44"
"11_sec10_0","70.0","35.494","163.151"
"11_sec10_0","71.0","35.484","162.858"
"11_sec10_0","72.0","35.474","162.564"
"11_sec10_0","73.0","35.464","162.263"
"11_sec10_0","74.0","35.454","161.961"
"11_sec10_0","75.0","35.444","161.65"
"11_sec10_0","76.0","35.435","161.335"
"11_sec10_0","77.0","35.425","161.03"
"11_sec10_0","78.0","35.416","160.726"
"11_sec10_0","79.0","35.406","160.415"
"11_sec10_0","80.0","35.397","160.103"
"11_sec10_0","81.0","35.388","159.799"
"11_sec10_0","82.0","35.379","159.495"
"11_sec10_0","83.0","35.37","159.192"
"11_sec10_0","84.0","35.361","158.893"
"11_sec10_0","85.0","35.352","158.595"
"11_sec10_0","86.0","35.343","158.299"
"11_sec10_0","87.0","35.334","158.004"
"11_sec10_0","88.0","35.326","157.713"
"11_sec10_0","89.0","35.317","157.425"
"11_sec10_0","90.0","35.308","157.147"
"11_sec10_0","91.0","35.3","156.876"
"11_sec10_0","92.0","35.291","156.618"
"11_sec10_0","93.0","35.283","156.371"
"11_sec10_0","94.0","35.275","156.143"
"11_sec10_0","95.0","35.267","155.936"
"105","0.0","36.662","0.0"
"105","1.0","36.727","270.776"
"105","2.0","36.731","289.385"
"105","3.0","36.685","270.342"
"105","4.0","36.64","259.763"
"105","5.0","36.605","253.721"
"105","6.0","36.573","248.079"
"105","7.0","36.541","242.807"
"105","8.0","36.51","237.966"
"105","9.0","36.48","233.644"
"105","10.0","36.451","229.709"
"105","11.0","36.423","226.09"
"105","12.0","36.395","222.727"
"105","13.0","36.368","219.605"
"105","14.0","36.342","216.711"
"105","15.0","36.317","214.026"
"105","16.0","36.293","211.529"
"105","17.0","36.269","209.189"
"105","18.0","36.246","206.986"
"105","19.0","36.224","204.927"
"105","20.0","36.202","202.998"
"105","21.0","36.181","201.208"
"105","22.0","36.161","199.531"
"105","23.0","36.141","197.944"
"105","24.0","36.121","196.431"
"105","25.0","36.102","194.981"
"105","26.0","36.083","193.592"
"105","27.0","36.065","192.294"
"105","28.0","36.046","191.065"
"105","29.0","36.029","189.912"
"105","30.0","36.011","188.819"
"105","31.0","35.994","187.749"
"105","32.0","35.977","186.709"
"105","33.0","35.96","185.71"
"105","34.0","35.944","184.746"
"105","35.0","35.927","183.804"
"105","36.0","35.911","182.885"
"105","37.0","35.896","181.986"
"105","38.0","35.88","181.11"
"105","39.0","35.864","180.241"
"105","40.0","35.849","179.387"
"105","41.0","35.834","178.53"
"105","42.0","35.819","177.715"
"105","43.0","35.804","176.956"
"105","44.0","35.79","176.233"
"105","45.0","35.776","175.53"
"105","46.0","35.762","174.886"
"105","47.0","35.748","174.269"
"105","48.0","35.734","173.66"
"105","49.0","35.72","173.062"
"105","50.0","35.707","172.482"
"105","51.0","35.694","171.918"
"105","52.0","35.681","171.367"
"105","53.0","35.668","170.86"
"105","54.0","35.655","170.358"
"105","55.0","35.643","169.872"
"105","56.0","35.63","169.394"
"105","57.0","35.618","168.917"
"105","58.0","35.606","168.449"
"105","59.0","35.594","167.987"
"105","60.0","35.581","167.532"
"105","61.0","35.57","167.082"
"105","62.0","35.558","166.635"
"105","63.0","35.546","166.187"
"105","64.0","35.534","165.742"
"105","65.0","35.522","165.322"
"105","66.0","35.511","164.917"
"105","67.0","35.5","164.531"
"105","68.0","35.488","164.206"
"105","69.0","35.477","163.915"
"105","70.0","35.467","163.616"
"105","71.0","35.456","163.315"
"105","72.0","35.446","163.012"
"105","73.0","35.436","162.704"
"105","74.0","35.426","162.396"
"105","75.0","35.416","162.08"
"105","76.0","35.407","161.761"
"105","77.0","35.397","161.452"
"105","78.0","35.388","161.144"
"105","79.0","35.378","160.83"
"105","80.0","35.369","160.513"
"105","81.0","35.359","160.206"
"105","82.0","35.35","159.899"
"105","83.0","35.341","159.593"
"105","84.0","35.332","159.29"
"105","85.0","35.323","158.989"
"105","86.0","35.314","158.69"
"105","87.0","35.305","158.393"
"105","88.0","35.296","158.1"
"105","89.0","35.287","157.81"
"105","90.0","35.279","157.529"
"105","91.0","35.27","157.255"
"105","92.0","35.261","156.992"
"105","93.0","35.253","156.731"
"105","94.0","35.245","156.49"
"105","95.0","35.237","156.268"
"106","0.0","36.642","10.0"
"106","1.0","36.687","262.754"
"106","2.0","36.69","289.685"
"106","3.0","36.647","272.462"
"106","4.0","36.603","261.194"
"106","5.0","36.569","255.001"
"106","6.0","36.538","249.408"
"106","7.0","36.507","244.139"
"106","8.0","36.477","239.258"
"106","9.0","36.447","234.896"
"106","10.0","36.419","230.923"
"106","11.0","36.391","227.268"
"106","12.0","36.364","223.869"
"106","13.0","36.337","220.711"
"106","14.0","36.312","217.782"
"106","15.0","36.287","215.064"
"106","16.0","36.263","212.532"
"106","17.0","36.239","210.161"
"106","18.0","36.217","207.926"
"106","19.0","36.194","205.84"
"106","20.0","36.173","203.881"
"106","21.0","36.152","202.067"
"106","22.0","36.132","200.372"
"106","23.0","36.112","198.763"
"106","24.0","36.092","197.233"
"106","25.0","36.073","195.768"
"106","26.0","36.054","194.362"
"106","27.0","36.036","193.049"
"106","28.0","36.018","191.806"
"106","29.0","36.0","190.638"
"106","30.0","35.983","189.531"
"106","31.0","35.965","188.451"
"106","32.0","35.948","187.397"
"106","33.0","35.932","186.388"
"106","34.0","35.915","185.416"
"106","35.0","35.899","184.463"
"106","36.0","35.883","183.535"
"106","37.0","35.867","182.63"
"106","38.0","35.851","181.744"
"106","39.0","35.836","180.868"
"106","40.0","35.821","180.007"
"106","41.0","35.805","179.142"
"106","42.0","35.79","178.32"
"106","43.0","35.776","177.551"
"106","44.0","35.761","176.818"
"106","45.0","35.747","176.106"
"106","46.0","35.733","175.455"
"106","47.0","35.719","174.83"
"106","48.0","35.705","174.213"
"106","49.0","35.691","173.608"
"106","50.0","35.678","173.021"
"106","51.0","35.665","172.45"
"106","52.0","35.652","171.893"
"106","53.0","35.639","171.376"
"106","54.0","35.626","170.867"
"106","55.0","35.613","170.374"
"106","56.0","35.601","169.889"
"106","57.0","35.588","169.406"
"106","58.0","35.576","168.933"
"106","59.0","35.564","168.465"
"106","60.0","35.552","168.005"
"106","61.0","35.54","167.55"
"106","62.0","35.528","167.098"
"106","63.0","35.516","166.646"
"106","64.0","35.504","166.196"
"106","65.0","35.493","165.769"
"106","66.0","35.481","165.355"
"106","67.0","35.47","164.965"
"106","68.0","35.458","164.63"
"106","69.0","35.447","164.326"
"106","70.0","35.437","164.016"
"106","71.0","35.426","163.706"
"106","72.0","35.416","163.395"
"106","73.0","35.406","163.08"
"106","74.0","35.396","162.766"
"106","75.0","35.386","162.445"
"106","76.0","35.376","162.121"
"106","77.0","35.366","161.808"
"106","78.0","35.357","161.495"
"106","79.0","35.347","161.178"
"106","80.0","35.338","160.858"
"106","81.0","35.329","160.547"
"106","82.0","35.319","160.236"
"106","83.0","35.31","159.927"
"106","84.0","35.301","159.621"
"106","85.0","35.292","159.317"
"106","86.0","35.283","159.016"
"106","87.0","35.274","158.716"
"106","88.0","35.265","158.421"
"106","89.0","35.256","158.129"
"106","90.0","35.248","157.845"
"106","91.0","35.239","157.569"
"106","92.0","35.23","157.302"
"106","93.0","35.222","157.028"
"106","94.0","35.213","156.777"
"106","95.0","35.206","156.54"
"107","0.0","36.611","1.0"
"107","1.0","36.593","268.321"
"107","2.0","36.613","291.113"
"107","3.0","36.575","274.85"
"107","4.0","36.534","262.807"
"107","5.0","36.502","256.536"
"107","6.0","36.472","250.978"
"107","7.0","36.443","245.708"
"107","8.0","36.413","240.783"
"107","9.0","36.385","236.377"
"107","10.0","36.357","232.361"
"107","11.0","36.33","228.665"
"107","12.0","36.304","225.225"
"107","13.0","36.278","222.025"
"107","14.0","36.253","219.054"
"107","15.0","36.228","216.296"
"107","16.0","36.205","213.722"
"107","17.0","36.182","211.311"
"107","18.0","36.159","209.045"
"107","19.0","36.137","206.921"
"107","20.0","36.116","204.931"
"107","21.0","36.095","203.089"
"107","22.0","36.075","201.366"
"107","23.0","36.055","199.735"
"107","24.0","36.036","198.182"
"107","25.0","36.017","196.694"
"107","26.0","35.998","195.272"
"107","27.0","35.98","193.94"
"107","28.0","35.962","192.676"
"107","29.0","35.944","191.492"
"107","30.0","35.926","190.367"
"107","31.0","35.909","189.27"
"107","32.0","35.892","188.202"
"107","33.0","35.876","187.181"
"107","34.0","35.859","186.195"
"107","35.0","35.843","185.231"
"107","36.0","35.827","184.291"
"107","37.0","35.811","183.374"
"107","38.0","35.795","182.48"
"107","39.0","35.78","181.596"
"107","40.0","35.764","180.722"
"107","41.0","35.749","179.851"
"107","42.0","35.734","179.015"
"107","43.0","35.719","178.235"
"107","44.0","35.704","177.492"
"107","45.0","35.69","176.768"
"107","46.0","35.676","176.106"
"107","47.0","35.662","175.472"
"107","48.0","35.648","174.845"
"107","49.0","35.634","174.231"
"107","50.0","35.621","173.636"
"107","51.0","35.608","173.056"
"107","52.0","35.594","172.491"
"107","53.0","35.581","171.964"
"107","54.0","35.569","171.448"
"107","55.0","35.556","170.948"
"107","56.0","35.543","170.457"
"107","57.0","35.531","169.969"
"107","58.0","35.518","169.49"
"107","59.0","35.506","169.017"
"107","60.0","35.494","168.552"
"107","61.0","35.482","168.093"
"107","62.0","35.47","167.637"
"107","63.0","35.458","167.181"
"107","64.0","35.446","166.727"
"107","65.0","35.434","166.293"
"107","66.0","35.423","165.874"
"107","67.0","35.411","165.48"
"107","68.0","35.4","165.134"
"107","69.0","35.388","164.814"
"107","70.0","35.377","164.493"
"107","71.0","35.367","164.173"
"107","72.0","35.356","163.853"
"107","73.0","35.346","163.531"
"107","74.0","35.336","163.209"
"107","75.0","35.326","162.883"
"107","76.0","35.316","162.555"
"107","77.0","35.306","162.236"
"107","78.0","35.296","161.918"
"107","79.0","35.287","161.597"
"107","80.0","35.277","161.272"
"107","81.0","35.268","160.957"
"107","82.0","35.258","160.642"
"107","83.0","35.249","160.33"
"107","84.0","35.24","160.02"
"107","85.0","35.231","159.713"
"107","86.0","35.222","159.408"
"107","87.0","35.213","159.106"
"107","88.0","35.204","158.808"
"107","89.0","35.195","158.514"
"107","90.0","35.186","158.229"
"107","91.0","35.177","157.948"
"107","92.0","35.168","157.676"
"107","93.0","35.159","157.385"
"107","94.0","35.151","157.119"
"107","95.0","35.143","156.865"
"108","0.0","36.583","0.0"
"108","1.0","36.545","272.635"
"108","2.0","36.558","292.391"
"108","3.0","36.525","276.344"
"108","4.0","36.486","263.949"
"108","5.0","36.455","257.676"
"108","6.0","36.427","252.11"
"108","7.0","36.399","246.838"
"108","8.0","36.371","241.889"
"108","9.0","36.343","237.457"
"108","10.0","36.316","233.412"
"108","11.0","36.289","229.689"
"108","12.0","36.263","226.222"
"108","13.0","36.238","222.993"
"108","14.0","36.213","219.991"
"108","15.0","36.189","217.208"
"108","16.0","36.165","214.607"
"108","17.0","36.143","212.17"
"108","18.0","36.12","209.88"
"108","19.0","36.099","207.735"
"108","20.0","36.078","205.72"
"108","21.0","36.057","203.86"
"108","22.0","36.037","202.122"
"108","23.0","36.017","200.473"
"108","24.0","35.997","198.905"
"108","25.0","35.978","197.406"
"108","26.0","35.96","195.971"
"108","27.0","35.941","194.626"
"108","28.0","35.923","193.35"
"108","29.0","35.905","192.149"
"108","30.0","35.888","191.011"
"108","31.0","35.871","189.903"
"108","32.0","35.854","188.822"
"108","33.0","35.837","187.792"
"108","34.0","35.82","186.797"
"108","35.0","35.804","185.822"
"108","36.0","35.788","184.875"
"108","37.0","35.772","183.95"
"108","38.0","35.756","183.047"
"108","39.0","35.741","182.156"
"108","40.0","35.725","181.275"
"108","41.0","35.71","180.395"
"108","42.0","35.695","179.552"
"108","43.0","35.68","178.764"
"108","44.0","35.665","178.012"
"108","45.0","35.651","177.279"
"108","46.0","35.636","176.605"
"108","47.0","35.622","175.961"
"108","48.0","35.609","175.325"
"108","49.0","35.595","174.703"
"108","50.0","35.582","174.099"
"108","51.0","35.568","173.511"
"108","52.0","35.555","172.94"
"108","53.0","35.542","172.403"
"108","54.0","35.529","171.881"
"108","55.0","35.516","171.373"
"108","56.0","35.504","170.876"
"108","57.0","35.491","170.382"
"108","58.0","35.479","169.898"
"108","59.0","35.467","169.42"
"108","60.0","35.454","168.95"
"108","61.0","35.442","168.486"
"108","62.0","35.43","168.026"
"108","63.0","35.418","167.565"
"108","64.0","35.406","167.107"
"108","65.0","35.394","166.667"
"108","66.0","35.383","166.242"
"108","67.0","35.371","165.847"
"108","68.0","35.359","165.494"
"108","69.0","35.348","165.164"
"108","70.0","35.337","164.833"
"108","71.0","35.326","164.505"
"108","72.0","35.316","164.178"
"108","73.0","35.305","163.85"
"108","74.0","35.295","163.524"
"108","75.0","35.285","163.193"
"108","76.0","35.275","162.861"
"108","77.0","35.265","162.537"
"108","78.0","35.255","162.216"
"108","79.0","35.245","161.892"
"108","80.0","35.236","161.565"
"108","81.0","35.226","161.245"
"108","82.0","35.217","160.928"
"108","83.0","35.207","160.613"
"108","84.0","35.198","160.3"
"108","85.0","35.189","159.991"
"108","86.0","35.179","159.684"
"108","87.0","35.17","159.38"
"108","88.0","35.161","159.08"
"108","89.0","35.152","158.784"
"108","90.0","35.143","158.499"
"108","91.0","35.134","158.215"
"108","92.0","35.125","157.939"
"108","93.0","35.116","157.635"
"108","94.0","35.108","157.353"
"108","95.0","35.1","157.086"
"109","0.0","36.558","0.0"
"109","1.0","36.522","277.459"
"109","2.0","36.531","293.28"
"109","3.0","36.502","277.615"
"109","4.0","36.464","265.038"
"109","5.0","36.434","258.713"
"109","6.0","36.406","253.118"
"109","7.0","36.378","247.836"
"109","8.0","36.35","242.871"
"109","9.0","36.323","238.414"
"109","10.0","36.296","234.344"
"109","11.0","36.27","230.598"
"109","12.0","36.244","227.106"
"109","13.0","36.219","223.851"
"109","14.0","36.194","220.822"
"109","15.0","36.17","218.014"
"109","16.0","36.147","215.389"
"109","17.0","36.124","212.928"
"109","18.0","36.102","210.619"
"109","19.0","36.081","208.451"
"109","20.0","36.06","206.417"
"109","21.0","36.039","204.541"
"109","22.0","36.019","202.785"
"109","23.0","35.999","201.122"
"109","24.0","35.98","199.54"
"109","25.0","35.961","198.026"
"109","26.0","35.942","196.582"
"109","27.0","35.924","195.225"
"109","28.0","35.905","193.935"
"109","29.0","35.888","192.721"
"109","30.0","35.87","191.571"
"109","31.0","35.853","190.452"
"109","32.0","35.836","189.362"
"109","33.0","35.819","188.325"
"109","34.0","35.803","187.321"
"109","35.0","35.787","186.339"
"109","36.0","35.771","185.384"
"109","37.0","35.755","184.452"
"109","38.0","35.739","183.543"
"109","39.0","35.723","182.647"
"109","40.0","35.708","181.756"
"109","41.0","35.692","180.872"
"109","42.0","35.677","180.019"
"109","43.0","35.662","179.224"
"109","44.0","35.648","178.465"
"109","45.0","35.633","177.724"
"109","46.0","35.619","177.039"
"109","47.0","35.605","176.389"
"109","48.0","35.591","175.745"
"109","49.0","35.577","175.118"
"109","50.0","35.564","174.508"
"109","51.0","35.55","173.915"
"109","52.0","35.537","173.338"
"109","53.0","35.524","172.795"
"109","54.0","35.511","172.268"
"109","55.0","35.498","171.756"
"109","56.0","35.485","171.254"
"109","57.0","35.473","170.756"
"109","58.0","35.46","170.267"
"109","59.0","35.448","169.786"
"109","60.0","35.436","169.312"
"109","61.0","35.424","168.845"
"109","62.0","35.411","168.382"
"109","63.0","35.399","167.918"
"109","64.0","35.387","167.457"
"109","65.0","35.376","167.014"
"109","66.0","35.364","166.584"
"109","67.0","35.352","166.19"
"109","68.0","35.34","165.83"
"109","69.0","35.329","165.489"
"109","70.0","35.318","165.151"
"109","71.0","35.307","164.816"
"109","72.0","35.296","164.482"
"109","73.0","35.286","164.149"
"109","74.0","35.275","163.817"
"109","75.0","35.265","163.483"
"109","76.0","35.255","163.147"
"109","77.0","35.245","162.819"
"109","78.0","35.235","162.495"
"109","79.0","35.225","162.167"
"109","80.0","35.216","161.837"
"109","81.0","35.206","161.515"
"109","82.0","35.197","161.195"
"109","83.0","35.187","160.877"
"109","84.0","35.178","160.563"
"109","85.0","35.169","160.252"
"109","86.0","35.159","159.942"
"109","87.0","35.15","159.637"
"109","88.0","35.141","159.335"
"109","89.0","35.132","159.038"
"109","90.0","35.123","158.749"
"109","91.0","35.114","158.466"
"109","92.0","35.105","158.185"
"109","93.0","35.096","157.869"
"109","94.0","35.088","157.571"
"109","95.0","35.08","157.293"
"110","0.0","36.53","0.0"
"110","1.0","36.506","285.105"
"110","2.0","36.504","295.213"
"110","3.0","36.478","279.223"
"110","4.0","36.441","266.435"
"110","5.0","36.412","259.973"
"110","6.0","36.384","254.36"
"110","7.0","36.357","249.074"
"110","8.0","36.33","244.098"
"110","9.0","36.303","239.615"
"110","10.0","36.276","235.519"
"110","11.0","36.25","231.746"
"110","12.0","36.225","228.226"
"110","13.0","36.2","224.943"
"110","14.0","36.175","221.882"
"110","15.0","36.152","219.047"
"110","16.0","36.128","216.393"
"110","17.0","36.106","213.903"
"110","18.0","36.084","211.567"
"110","19.0","36.062","209.372"
"110","20.0","36.042","207.312"
"110","21.0","36.021","205.416"
"110","22.0","36.001","203.642"
"110","23.0","35.981","201.958"
"110","24.0","35.962","200.359"
"110","25.0","35.943","198.828"
"110","26.0","35.925","197.371"
"110","27.0","35.906","195.998"
"110","28.0","35.888","194.695"
"110","29.0","35.87","193.461"
"110","30.0","35.853","192.297"
"110","31.0","35.836","191.166"
"110","32.0","35.819","190.062"
"110","33.0","35.802","189.017"
"110","34.0","35.785","188.003"
"110","35.0","35.769","187.011"
"110","36.0","35.753","186.047"
"110","37.0","35.737","185.108"
"110","38.0","35.721","184.19"
"110","39.0","35.706","183.287"
"110","40.0","35.69","182.388"
"110","41.0","35.675","181.495"
"110","42.0","35.66","180.635"
"110","43.0","35.645","179.831"
"110","44.0","35.63","179.064"
"110","45.0","35.615","178.312"
"110","46.0","35.601","177.615"
"110","47.0","35.587","176.955"
"110","48.0","35.573","176.303"
"110","49.0","35.559","175.67"
"110","50.0","35.546","175.053"
"110","51.0","35.532","174.453"
"110","52.0","35.519","173.87"
"110","53.0","35.506","173.319"
"110","54.0","35.493","172.786"
"110","55.0","35.48","172.268"
"110","56.0","35.467","171.761"
"110","57.0","35.455","171.258"
"110","58.0","35.442","170.765"
"110","59.0","35.43","170.279"
"110","60.0","35.417","169.801"
"110","61.0","35.405","169.331"
"110","62.0","35.393","168.864"
"110","63.0","35.381","168.397"
"110","64.0","35.369","167.933"
"110","65.0","35.357","167.484"
"110","66.0","35.345","167.049"
"110","67.0","35.333","166.657"
"110","68.0","35.321","166.29"
"110","69.0","35.31","165.935"
"110","70.0","35.298","165.586"
"110","71.0","35.287","165.241"
"110","72.0","35.277","164.899"
"110","73.0","35.266","164.558"
"110","74.0","35.256","164.22"
"110","75.0","35.245","163.88"
"110","76.0","35.235","163.539"
"110","77.0","35.225","163.206"
"110","78.0","35.215","162.877"
"110","79.0","35.206","162.546"
"110","80.0","35.196","162.212"
"110","81.0","35.186","161.885"
"110","82.0","35.177","161.563"
"110","83.0","35.167","161.241"
"110","84.0","35.158","160.924"
"110","85.0","35.148","160.61"
"110","86.0","35.139","160.298"
"110","87.0","35.13","159.99"
"110","88.0","35.12","159.685"
"110","89.0","35.111","159.388"
"110","90.0","35.102","159.096"
"110","91.0","35.093","158.81"
"110","92.0","35.084","158.524"
"110","93.0","35.075","158.19"
"110","94.0","35.067","157.871"
"110","95.0","35.059","157.577"
"111","0.0","36.498","0.0"
"111","1.0","36.487","289.759"
"111","2.0","36.475","297.003"
"111","3.0","36.452","280.654"
"111","4.0","36.417","267.717"
"111","5.0","36.388","261.087"
"111","6.0","36.362","255.476"
"111","7.0","36.335","250.19"
"111","8.0","36.308","245.208"
"111","9.0","36.281","240.704"
"111","10.0","36.255","236.585"
"111","11.0","36.229","232.79"
"111","12.0","36.204","229.247"
"111","13.0","36.179","225.937"
"111","14.0","36.155","222.851"
"111","15.0","36.131","219.989"
"111","16.0","36.108","217.311"
"111","17.0","36.086","214.794"
"111","18.0","36.064","212.439"
"111","19.0","36.043","210.217"
"111","20.0","36.022","208.137"
"111","21.0","36.002","206.224"
"111","22.0","35.982","204.431"
"111","23.0","35.962","202.733"
"111","24.0","35.943","201.118"
"111","25.0","35.924","199.572"
"111","26.0","35.905","198.105"
"111","27.0","35.887","196.72"
"111","28.0","35.868","195.402"
"111","29.0","35.851","194.154"
"111","30.0","35.833","192.978"
"111","31.0","35.816","191.834"
"111","32.0","35.799","190.721"
"111","33.0","35.782","189.669"
"111","34.0","35.766","188.646"
"111","35.0","35.749","187.646"
"111","36.0","35.733","186.675"
"111","37.0","35.717","185.727"
"111","38.0","35.701","184.804"
"111","39.0","35.685","183.895"
"111","40.0","35.67","182.985"
"111","41.0","35.654","182.087"
"111","42.0","35.639","181.217"
"111","43.0","35.624","180.406"
"111","44.0","35.609","179.63"
"111","45.0","35.595","178.869"
"111","46.0","35.58","178.159"
"111","47.0","35.566","177.492"
"111","48.0","35.552","176.832"
"111","49.0","35.538","176.192"
"111","50.0","35.525","175.568"
"111","51.0","35.511","174.962"
"111","52.0","35.498","174.373"
"111","53.0","35.485","173.814"
"111","54.0","35.471","173.276"
"111","55.0","35.459","172.753"
"111","56.0","35.446","172.24"
"111","57.0","35.433","171.733"
"111","58.0","35.42","171.235"
"111","59.0","35.408","170.745"
"111","60.0","35.395","170.265"
"111","61.0","35.383","169.79"
"111","62.0","35.371","169.321"
"111","63.0","35.358","168.85"
"111","64.0","35.346","168.383"
"111","65.0","35.334","167.93"
"111","66.0","35.322","167.492"
"111","67.0","35.31","167.101"
"111","68.0","35.298","166.727"
"111","69.0","35.287","166.359"
"111","70.0","35.275","166.0"
"111","71.0","35.264","165.645"
"111","72.0","35.253","165.295"
"111","73.0","35.243","164.948"
"111","74.0","35.232","164.604"
"111","75.0","35.222","164.258"
"111","76.0","35.211","163.914"
"111","77.0","35.201","163.575"
"111","78.0","35.191","163.242"
"111","79.0","35.181","162.907"
"111","80.0","35.171","162.571"
"111","81.0","35.162","162.24"
"111","82.0","35.152","161.915"
"111","83.0","35.142","161.591"
"111","84.0","35.133","161.27"
"111","85.0","35.123","160.954"
"111","86.0","35.114","160.64"
"111","87.0","35.104","160.33"
"111","88.0","35.095","160.023"
"111","89.0","35.086","159.724"
"111","90.0","35.076","159.433"
"111","91.0","35.067","159.143"
"111","92.0","35.058","158.851"
"111","93.0","35.049","158.501"
"111","94.0","35.041","158.161"
"111","95.0","35.033","157.851"
"112","0.0","36.478","0.0"
"112","1.0","36.448","293.224"
"112","2.0","36.443","298.902"
"112","3.0","36.424","282.76"
"112","4.0","36.391","269.95"
"112","5.0","36.363","263.043"
"112","6.0","36.337","257.449"
"112","7.0","36.311","252.173"
"112","8.0","36.284","247.19"
"112","9.0","36.258","242.653"
"112","10.0","36.232","238.497"
"112","11.0","36.207","234.663"
"112","12.0","36.182","231.078"
"112","13.0","36.157","227.725"
"112","14.0","36.133","224.591"
"112","15.0","36.11","221.685"
"112","16.0","36.087","218.961"
"112","17.0","36.065","216.4"
"112","18.0","36.043","214.004"
"112","19.0","36.022","211.738"
"112","20.0","36.002","209.622"
"112","21.0","35.981","207.678"
"112","22.0","35.961","205.854"
"112","23.0","35.942","204.126"
"112","24.0","35.923","202.483"
"112","25.0","35.904","200.912"
"112","26.0","35.885","199.426"
"112","27.0","35.867","198.018"
"112","28.0","35.849","196.676"
"112","29.0","35.831","195.4"
"112","30.0","35.813","194.2"
"112","31.0","35.796","193.036"
"112","32.0","35.779","191.902"
"112","33.0","35.763","190.838"
"112","34.0","35.746","189.8"
"112","35.0","35.73","188.783"
"112","36.0","35.713","187.799"
"112","37.0","35.697","186.839"
"112","38.0","35.681","185.901"
"112","39.0","35.666","184.982"
"112","40.0","35.65","184.056"
"112","41.0","35.635","183.145"
"112","42.0","35.619","182.263"
"112","43.0","35.604","181.441"
"112","44.0","35.59","180.65"
"112","45.0","35.575","179.872"
"112","46.0","35.56","179.143"
"112","47.0","35.546","178.46"
"112","48.0","35.532","177.787"
"112","49.0","35.518","177.135"
"112","50.0","35.505","176.499"
"112","51.0","35.491","175.881"
"112","52.0","35.478","175.281"
"112","53.0","35.464","174.709"
"112","54.0","35.451","174.161"
"112","55.0","35.438","173.628"
"112","56.0","35.425","173.105"
"112","57.0","35.412","172.589"
"112","58.0","35.4","172.083"
"112","59.0","35.387","171.586"
"112","60.0","35.375","171.099"
"112","61.0","35.362","170.618"
"112","62.0","35.35","170.143"
"112","63.0","35.338","169.665"
"112","64.0","35.325","169.192"
"112","65.0","35.313","168.731"
"112","66.0","35.301","168.285"
"112","67.0","35.289","167.9"
"112","68.0","35.277","167.512"
"112","69.0","35.265","167.12"
"112","70.0","35.254","166.743"
"112","71.0","35.243","166.371"
"112","72.0","35.232","166.006"
"112","73.0","35.221","165.647"
"112","74.0","35.21","165.292"
"112","75.0","35.2","164.938"
"112","76.0","35.189","164.586"
"112","77.0","35.179","164.239"
"112","78.0","35.169","163.898"
"112","79.0","35.159","163.557"
"112","80.0","35.149","163.214"
"112","81.0","35.139","162.878"
"112","82.0","35.13","162.547"
"112","83.0","35.12","162.217"
"112","84.0","35.11","161.893"
"112","85.0","35.101","161.572"
"112","86.0","35.091","161.252"
"112","87.0","35.082","160.941"
"112","88.0","35.072","160.63"
"112","89.0","35.063","160.328"
"112","90.0","35.053","160.032"
"112","91.0","35.044","159.737"
"112","92.0","35.035","159.434"
"112","93.0","35.026","159.052"
"112","94.0","35.018","158.677"
"112","95.0","35.01","158.338"
"113","0.0","36.461","0.0"
"113","1.0","36.414","294.567"
"113","2.0","36.411","299.984"
"113","3.0","36.395","284.006"
"113","4.0","36.364","271.42"
"113","5.0","36.336","264.352"
"113","6.0","36.311","258.764"
"113","7.0","36.285","253.506"
"113","8.0","36.259","248.529"
"113","9.0","36.233","243.973"
"113","10.0","36.208","239.795"
"113","11.0","36.182","235.936"
"113","12.0","36.158","232.326"
"113","13.0","36.133","228.944"
"113","14.0","36.11","225.779"
"113","15.0","36.086","222.845"
"113","16.0","36.064","220.09"
"113","17.0","36.042","217.498"
"113","18.0","36.02","215.076"
"113","19.0","35.999","212.782"
"113","20.0","35.978","210.641"
"113","21.0","35.958","208.676"
"113","22.0","35.938","206.832"
"113","23.0","35.919","205.085"
"113","24.0","35.9","203.424"
"113","25.0","35.881","201.834"
"113","26.0","35.862","200.337"
"113","27.0","35.844","198.915"
"113","28.0","35.826","197.556"
"113","29.0","35.808","196.263"
"113","30.0","35.79","195.047"
"113","31.0","35.773","193.868"
"113","32.0","35.756","192.724"
"113","33.0","35.739","191.651"
"113","34.0","35.723","190.6"
"113","35.0","35.706","189.574"
"113","36.0","35.69","188.58"
"113","37.0","35.674","187.611"
"113","38.0","35.658","186.665"
"113","39.0","35.642","185.738"
"113","40.0","35.626","184.8"
"113","41.0","35.611","183.88"
"113","42.0","35.595","182.987"
"113","43.0","35.58","182.158"
"113","44.0","35.565","181.356"
"113","45.0","35.55","180.568"
"113","46.0","35.536","179.825"
"113","47.0","35.521","179.132"
"113","48.0","35.507","178.45"
"113","49.0","35.493","177.79"
"113","50.0","35.479","177.146"
"113","51.0","35.466","176.521"
"113","52.0","35.452","175.914"
"113","53.0","35.439","175.334"
"113","54.0","35.425","174.78"
"113","55.0","35.412","174.24"
"113","56.0","35.399","173.712"
"113","57.0","35.386","173.19"
"113","58.0","35.373","172.679"
"113","59.0","35.361","172.178"
"113","60.0","35.348","171.687"
"113","61.0","35.335","171.201"
"113","62.0","35.323","170.722"
"113","63.0","35.31","170.24"
"113","64.0","35.298","169.763"
"113","65.0","35.286","169.298"
"113","66.0","35.273","168.845"
"113","67.0","35.261","168.464"
"113","68.0","35.249","168.065"
"113","69.0","35.237","167.659"
"113","70.0","35.226","167.267"
"113","71.0","35.214","166.884"
"113","72.0","35.203","166.508"
"113","73.0","35.193","166.141"
"113","74.0","35.182","165.78"
"113","75.0","35.171","165.417"
"113","76.0","35.161","165.061"
"113","77.0","35.151","164.707"
"113","78.0","35.14","164.361"
"113","79.0","35.13","164.016"
"113","80.0","35.12","163.671"
"113","81.0","35.11","163.329"
"113","82.0","35.101","162.994"
"113","83.0","35.091","162.661"
"113","84.0","35.081","162.333"
"113","85.0","35.072","162.009"
"113","86.0","35.062","161.689"
"113","87.0","35.052","161.374"
"113","88.0","35.043","161.061"
"113","89.0","35.033","160.756"
"113","90.0","35.024","160.458"
"113","91.0","35.015","160.162"
"113","92.0","35.005","159.849"
"113","93.0","34.996","159.445"
"113","94.0","34.988","159.046"
"113","95.0","34.98","158.686"
"114","0.0","36.436","0.0"
"114","1.0","36.37","295.837"
"114","2.0","36.37","300.086"
"114","3.0","36.356","285.927"
"114","4.0","36.327","273.34"
"114","5.0","36.301","266.045"
"114","6.0","36.277","260.445"
"114","7.0","36.252","255.217"
"114","8.0","36.226","250.25"
"114","9.0","36.201","245.672"
"114","10.0","36.176","241.468"
"114","11.0","36.151","237.577"
"114","12.0","36.126","233.933"
"114","13.0","36.102","230.515"
"114","14.0","36.079","227.309"
"114","15.0","36.056","224.337"
"114","16.0","36.033","221.542"
"114","17.0","36.011","218.91"
"114","18.0","35.99","216.445"
"114","19.0","35.969","214.11"
"114","20.0","35.949","211.935"
"114","21.0","35.928","209.942"
"114","22.0","35.909","208.068"
"114","23.0","35.889","206.294"
"114","24.0","35.87","204.607"
"114","25.0","35.851","202.992"
"114","26.0","35.833","201.475"
"114","27.0","35.814","200.031"
"114","28.0","35.796","198.649"
"114","29.0","35.779","197.33"
"114","30.0","35.761","196.093"
"114","31.0","35.744","194.897"
"114","32.0","35.727","193.739"
"114","33.0","35.71","192.653"
"114","34.0","35.693","191.589"
"114","35.0","35.677","190.549"
"114","36.0","35.661","189.543"
"114","37.0","35.644","188.563"
"114","38.0","35.628","187.605"
"114","39.0","35.612","186.669"
"114","40.0","35.597","185.718"
"114","41.0","35.581","184.787"
"114","42.0","35.566","183.887"
"114","43.0","35.55","183.046"
"114","44.0","35.535","182.231"
"114","45.0","35.52","181.429"
"114","46.0","35.506","180.67"
"114","47.0","35.491","179.964"
"114","48.0","35.477","179.269"
"114","49.0","35.463","178.599"
"114","50.0","35.449","177.945"
"114","51.0","35.435","177.31"
"114","52.0","35.421","176.695"
"114","53.0","35.407","176.105"
"114","54.0","35.394","175.543"
"114","55.0","35.38","174.995"
"114","56.0","35.367","174.458"
"114","57.0","35.354","173.929"
"114","58.0","35.341","173.412"
"114","59.0","35.328","172.905"
"114","60.0","35.315","172.409"
"114","61.0","35.302","171.917"
"114","62.0","35.289","171.433"
"114","63.0","35.277","170.945"
"114","64.0","35.264","170.463"
"114","65.0","35.251","169.992"
"114","66.0","35.239","169.533"
"114","67.0","35.227","169.141"
"114","68.0","35.214","168.724"
"114","69.0","35.203","168.292"
"114","70.0","35.191","167.881"
"114","71.0","35.18","167.479"
"114","72.0","35.169","167.087"
"114","73.0","35.158","166.706"
"114","74.0","35.147","166.33"
"114","75.0","35.136","165.957"
"114","76.0","35.126","165.59"
"114","77.0","35.115","165.226"
"114","78.0","35.105","164.869"
"114","79.0","35.095","164.515"
"114","80.0","35.085","164.16"
"114","81.0","35.075","163.812"
"114","82.0","35.065","163.468"
"114","83.0","35.055","163.128"
"114","84.0","35.045","162.793"
"114","85.0","35.036","162.463"
"114","86.0","35.026","162.134"
"114","87.0","35.016","161.815"
"114","88.0","35.007","161.496"
"114","89.0","34.997","161.185"
"114","90.0","34.988","160.882"
"114","91.0","34.978","160.581"
"114","92.0","34.969","160.252"
"114","93.0","34.96","159.825"
"114","94.0","34.952","159.402"
"114","95.0","34.944","159.021"
"115","0.0","36.373","0.0"
"115","1.0","36.346","288.106"
"115","2.0","36.346","299.012"
"115","3.0","36.333","287.423"
"115","4.0","36.306","274.711"
"115","5.0","36.28","267.196"
"115","6.0","36.256","261.59"
"115","7.0","36.231","256.386"
"115","8.0","36.206","251.433"
"115","9.0","36.181","246.844"
"115","10.0","36.156","242.625"
"115","11.0","36.131","238.717"
"115","12.0","36.107","235.053"
"115","13.0","36.083","231.611"
"115","14.0","36.059","228.382"
"115","15.0","36.036","225.383"
"115","16.0","36.014","222.56"
"115","17.0","35.992","219.903"
"115","18.0","35.971","217.416"
"115","19.0","35.95","215.054"
"115","20.0","35.929","212.86"
"115","21.0","35.909","210.85"
"115","22.0","35.889","208.96"
"115","23.0","35.87","207.17"
"115","24.0","35.85","205.466"
"115","25.0","35.832","203.836"
"115","26.0","35.813","202.302"
"115","27.0","35.795","200.841"
"115","28.0","35.777","199.442"
"115","29.0","35.759","198.105"
"115","30.0","35.741","196.852"
"115","31.0","35.724","195.641"
"115","32.0","35.707","194.472"
"115","33.0","35.69","193.374"
"115","34.0","35.674","192.296"
"115","35.0","35.657","191.245"
"115","36.0","35.641","190.228"
"115","37.0","35.625","189.238"
"115","38.0","35.609","188.27"
"115","39.0","35.593","187.324"
"115","40.0","35.577","186.367"
"115","41.0","35.561","185.429"
"115","42.0","35.546","184.52"
"115","43.0","35.53","183.673"
"115","44.0","35.515","182.849"
"115","45.0","35.5","182.038"
"115","46.0","35.485","181.268"
"115","47.0","35.471","180.553"
"115","48.0","35.456","179.851"
"115","49.0","35.442","179.173"
"115","50.0","35.428","178.514"
"115","51.0","35.414","177.872"
"115","52.0","35.4","177.252"
"115","53.0","35.386","176.655"
"115","54.0","35.372","176.088"
"115","55.0","35.359","175.534"
"115","56.0","35.345","174.993"
"115","57.0","35.332","174.46"
"115","58.0","35.319","173.939"
"115","59.0","35.305","173.429"
"115","60.0","35.292","172.929"
"115","61.0","35.279","172.435"
"115","62.0","35.266","171.948"
"115","63.0","35.253","171.456"
"115","64.0","35.241","170.972"
"115","65.0","35.228","170.496"
"115","66.0","35.215","170.034"
"115","67.0","35.203","169.634"
"115","68.0","35.19","169.207"
"115","69.0","35.178","168.764"
"115","70.0","35.166","168.34"
"115","71.0","35.155","167.927"
"115","72.0","35.144","167.527"
"115","73.0","35.132","167.139"
"115","74.0","35.121","166.758"
"115","75.0","35.111","166.378"
"115","76.0","35.1","166.006"
"115","77.0","35.089","165.636"
"115","78.0","35.079","165.275"
"115","79.0","35.069","164.917"
"115","80.0","35.058","164.561"
"115","81.0","35.048","164.207"
"115","82.0","35.038","163.86"
"115","83.0","35.028","163.517"
"115","84.0","35.018","163.18"
"115","85.0","35.008","162.847"
"115","86.0","34.998","162.517"
"115","87.0","34.989","162.195"
"115","88.0","34.979","161.874"
"115","89.0","34.969","161.562"
"115","90.0","34.959","161.259"
"115","91.0","34.95","160.957"
"115","92.0","34.94","160.615"
"115","93.0","34.931","160.168"
"115","94.0","34.922","159.724"
"115","95.0","34.914","159.325"
"116","0.0","36.336","0.0"
"116","1.0","36.335","274.413"
"116","2.0","36.315","297.825"
"116","3.0","36.304","290.228"
"116","4.0","36.279","277.606"
"116","5.0","36.254","269.481"
"116","6.0","36.231","263.859"
"116","7.0","36.206","258.698"
"116","8.0","36.182","253.773"
"116","9.0","36.157","249.17"
"116","10.0","36.132","244.926"
"116","11.0","36.108","240.982"
"116","12.0","36.084","237.278"
"116","13.0","36.06","233.793"
"116","14.0","36.037","230.516"
"116","15.0","36.014","227.464"
"116","16.0","35.992","224.591"
"116","17.0","35.97","221.883"
"116","18.0","35.949","219.345"
"116","19.0","35.928","216.932"
"116","20.0","35.908","214.709"
"116","21.0","35.888","212.669"
"116","22.0","35.868","210.747"
"116","23.0","35.848","208.928"
"116","24.0","35.829","207.196"
"116","25.0","35.81","205.537"
"116","26.0","35.792","203.969"
"116","27.0","35.773","202.487"
"116","28.0","35.755","201.062"
"116","29.0","35.738","199.697"
"116","30.0","35.72","198.419"
"116","31.0","35.703","197.187"
"116","32.0","35.686","195.994"
"116","33.0","35.669","194.874"
"116","34.0","35.652","193.769"
"116","35.0","35.636","192.694"
"116","36.0","35.619","191.656"
"116","37.0","35.603","190.644"
"116","38.0","35.587","189.656"
"116","39.0","35.571","188.691"
"116","40.0","35.556","187.72"
"116","41.0","35.54","186.763"
"116","42.0","35.524","185.84"
"116","43.0","35.509","184.974"
"116","44.0","35.494","184.126"
"116","45.0","35.478","183.292"
"116","46.0","35.464","182.497"
"116","47.0","35.449","181.763"
"116","48.0","35.434","181.044"
"116","49.0","35.42","180.352"
"116","50.0","35.406","179.679"
"116","51.0","35.392","179.024"
"116","52.0","35.378","178.392"
"116","53.0","35.364","177.782"
"116","54.0","35.35","177.203"
"116","55.0","35.336","176.639"
"116","56.0","35.323","176.088"
"116","57.0","35.309","175.545"
"116","58.0","35.296","175.015"
"116","59.0","35.283","174.499"
"116","60.0","35.269","173.991"
"116","61.0","35.256","173.488"
"116","62.0","35.243","172.994"
"116","63.0","35.23","172.494"
"116","64.0","35.217","172.003"
"116","65.0","35.204","171.519"
"116","66.0","35.192","171.048"
"116","67.0","35.179","170.636"
"116","68.0","35.166","170.187"
"116","69.0","35.154","169.714"
"116","70.0","35.142","169.269"
"116","71.0","35.131","168.835"
"116","72.0","35.119","168.417"
"116","73.0","35.108","168.014"
"116","74.0","35.097","167.617"
"116","75.0","35.086","167.227"
"116","76.0","35.075","166.844"
"116","77.0","35.065","166.464"
"116","78.0","35.054","166.093"
"116","79.0","35.044","165.727"
"116","80.0","35.033","165.361"
"116","81.0","35.023","165.002"
"116","82.0","35.013","164.648"
"116","83.0","35.003","164.298"
"116","84.0","34.993","163.956"
"116","85.0","34.982","163.618"
"116","86.0","34.972","163.282"
"116","87.0","34.963","162.958"
"116","88.0","34.953","162.633"
"116","89.0","34.943","162.318"
"116","90.0","34.933","162.009"
"116","91.0","34.923","161.701"
"116","92.0","34.913","161.334"
"116","93.0","34.904","160.846"
"116","94.0","34.896","160.361"
"116","95.0","34.888","159.927"
"117","0.0","36.316","0.0"
"117","1.0","36.327","278.926"
"117","2.0","36.3","298.289"
"117","3.0","36.291","291.623"
"117","4.0","36.267","279.245"
"117","5.0","36.242","270.76"
"117","6.0","36.219","265.127"
"117","7.0","36.195","259.989"
"117","8.0","36.17","255.079"
"117","9.0","36.146","250.469"
"117","10.0","36.121","246.211"
"117","11.0","36.097","242.249"
"117","12.0","36.073","238.523"
"117","13.0","36.05","235.014"
"117","14.0","36.027","231.71"
"117","15.0","36.004","228.631"
"117","16.0","35.982","225.728"
"117","17.0","35.96","222.993"
"117","18.0","35.939","220.429"
"117","19.0","35.918","217.989"
"117","20.0","35.898","215.75"
"117","21.0","35.878","213.693"
"117","22.0","35.858","211.753"
"117","23.0","35.839","209.917"
"117","24.0","35.819","208.168"
"117","25.0","35.801","206.492"
"117","26.0","35.782","204.905"
"117","27.0","35.764","203.409"
"117","28.0","35.746","201.97"
"117","29.0","35.728","200.588"
"117","30.0","35.71","199.297"
"117","31.0","35.693","198.053"
"117","32.0","35.676","196.845"
"117","33.0","35.659","195.715"
"117","34.0","35.642","194.598"
"117","35.0","35.626","193.513"
"117","36.0","35.61","192.467"
"117","37.0","35.593","191.446"
"117","38.0","35.577","190.449"
"117","39.0","35.561","189.476"
"117","40.0","35.546","188.501"
"117","41.0","35.53","187.534"
"117","42.0","35.514","186.602"
"117","43.0","35.499","185.729"
"117","44.0","35.484","184.869"
"117","45.0","35.468","184.024"
"117","46.0","35.453","183.219"
"117","47.0","35.439","182.475"
"117","48.0","35.424","181.747"
"117","49.0","35.41","181.047"
"117","50.0","35.395","180.367"
"117","51.0","35.381","179.704"
"117","52.0","35.367","179.066"
"117","53.0","35.353","178.448"
"117","54.0","35.34","177.863"
"117","55.0","35.326","177.293"
"117","56.0","35.312","176.737"
"117","57.0","35.299","176.188"
"117","58.0","35.285","175.653"
"117","59.0","35.272","175.133"
"117","60.0","35.259","174.621"
"117","61.0","35.245","174.114"
"117","62.0","35.232","173.614"
"117","63.0","35.219","173.111"
"117","64.0","35.206","172.616"
"117","65.0","35.193","172.127"
"117","66.0","35.18","171.649"
"117","67.0","35.168","171.231"
"117","68.0","35.155","170.768"
"117","69.0","35.143","170.282"
"117","70.0","35.131","169.82"
"117","71.0","35.119","169.374"
"117","72.0","35.108","168.945"
"117","73.0","35.096","168.533"
"117","74.0","35.085","168.132"
"117","75.0","35.074","167.732"
"117","76.0","35.064","167.342"
"117","77.0","35.053","166.956"
"117","78.0","35.042","166.579"
"117","79.0","35.032","166.208"
"117","80.0","35.021","165.841"
"117","81.0","35.011","165.475"
"117","82.0","35.001","165.117"
"117","83.0","34.991","164.764"
"117","84.0","34.98","164.418"
"117","85.0","34.97","164.077"
"117","86.0","34.96","163.742"
"117","87.0","34.95","163.413"
"117","88.0","34.94","163.085"
"117","89.0","34.93","162.768"
"117","90.0","34.921","162.459"
"117","91.0","34.911","162.147"
"117","92.0","34.901","161.761"
"117","93.0","34.892","161.249"
"117","94.0","34.883","160.74"
"117","95.0","34.875","160.284"
"118","0.0","36.268","0.0"
"118","1.0","36.289","292.367"
"118","2.0","36.275","299.441"
"118","3.0","36.265","293.461"
"118","4.0","36.243","281.721"
"118","5.0","36.219","272.84"
"118","6.0","36.196","267.182"
"118","7.0","36.173","262.083"
"118","8.0","36.149","257.189"
"118","9.0","36.125","252.573"
"118","10.0","36.101","248.297"
"118","11.0","36.077","244.306"
"118","12.0","36.053","240.547"
"118","13.0","36.03","237.001"
"118","14.0","36.007","233.656"
"118","15.0","35.985","230.532"
"118","16.0","35.963","227.585"
"118","17.0","35.941","224.806"
"118","18.0","35.92","222.195"
"118","19.0","35.9","219.709"
"118","20.0","35.88","217.448"
"118","21.0","35.86","215.363"
"118","22.0","35.84","213.393"
"118","23.0","35.821","211.532"
"118","24.0","35.801","209.757"
"118","25.0","35.783","208.053"
"118","26.0","35.764","206.436"
"118","27.0","35.746","204.92"
"118","28.0","35.728","203.455"
"118","29.0","35.71","202.05"
"118","30.0","35.692","200.736"
"118","31.0","35.675","199.471"
"118","32.0","35.658","198.244"
"118","33.0","35.641","197.098"
"118","34.0","35.624","195.963"
"118","35.0","35.608","194.863"
"118","36.0","35.592","193.804"
"118","37.0","35.575","192.768"
"118","38.0","35.559","191.759"
"118","39.0","35.543","190.776"
"118","40.0","35.527","189.791"
"118","41.0","35.512","188.814"
"118","42.0","35.496","187.876"
"118","43.0","35.481","186.993"
"118","44.0","35.465","186.114"
"118","45.0","35.45","185.252"
"118","46.0","35.435","184.43"
"118","47.0","35.42","183.672"
"118","48.0","35.406","182.931"
"118","49.0","35.391","182.219"
"118","50.0","35.377","181.526"
"118","51.0","35.362","180.853"
"118","52.0","35.348","180.204"
"118","53.0","35.334","179.574"
"118","54.0","35.32","178.981"
"118","55.0","35.307","178.401"
"118","56.0","35.293","177.837"
"118","57.0","35.279","177.28"
"118","58.0","35.266","176.737"
"118","59.0","35.252","176.212"
"118","60.0","35.239","175.693"
"118","61.0","35.226","175.18"
"118","62.0","35.213","174.673"
"118","63.0","35.199","174.163"
"118","64.0","35.186","173.663"
"118","65.0","35.173","173.166"
"118","66.0","35.16","172.684"
"118","67.0","35.147","172.255"
"118","68.0","35.135","171.767"
"118","69.0","35.122","171.25"
"118","70.0","35.11","170.768"
"118","71.0","35.099","170.301"
"118","72.0","35.087","169.855"
"118","73.0","35.076","169.429"
"118","74.0","35.064","169.011"
"118","75.0","35.053","168.603"
"118","76.0","35.042","168.202"
"118","77.0","35.032","167.807"
"118","78.0","35.021","167.421"
"118","79.0","35.01","167.042"
"118","80.0","35.0","166.665"
"118","81.0","34.989","166.296"
"118","82.0","34.979","165.93"
"118","83.0","34.969","165.573"
"118","84.0","34.959","165.222"
"118","85.0","34.948","164.877"
"118","86.0","34.938","164.536"
"118","87.0","34.928","164.207"
"118","88.0","34.918","163.874"
"118","89.0","34.908","163.554"
"118","90.0","34.898","163.238"
"118","91.0","34.888","162.928"
"118","92.0","34.878","162.501"
"118","93.0","34.869","161.946"
"118","94.0","34.86","161.397"
"118","95.0","34.852","160.904"
"119","0.0","36.231","0.0"
"119","1.0","36.259","304.444"
"119","2.0","36.256","299.226"
"119","3.0","36.245","294.055"
"119","4.0","36.225","283.003"
"119","5.0","36.202","274.048"
"119","6.0","36.179","268.374"
"119","7.0","36.156","263.304"
"119","8.0","36.132","258.423"
"119","9.0","36.109","253.81"
"119","10.0","36.085","249.526"
"119","11.0","36.061","245.519"
"119","12.0","36.038","241.743"
"119","13.0","36.015","238.176"
"119","14.0","35.992","234.809"
"119","15.0","35.97","231.66"
"119","16.0","35.948","228.687"
"119","17.0","35.926","225.884"
"119","18.0","35.905","223.253"
"119","19.0","35.885","220.742"
"119","20.0","35.865","218.468"
"119","21.0","35.845","216.368"
"119","22.0","35.825","214.384"
"119","23.0","35.806","212.506"
"119","24.0","35.787","210.716"
"119","25.0","35.768","208.998"
"119","26.0","35.749","207.363"
"119","27.0","35.731","205.836"
"119","28.0","35.713","204.359"
"119","29.0","35.695","202.938"
"119","30.0","35.678","201.611"
"119","31.0","35.66","200.336"
"119","32.0","35.643","199.096"
"119","33.0","35.626","197.941"
"119","34.0","35.61","196.795"
"119","35.0","35.593","195.686"
"119","36.0","35.577","194.62"
"119","37.0","35.56","193.576"
"119","38.0","35.544","192.558"
"119","39.0","35.528","191.568"
"119","40.0","35.512","190.579"
"119","41.0","35.496","189.594"
"119","42.0","35.481","188.647"
"119","43.0","35.465","187.757"
"119","44.0","35.45","186.867"
"119","45.0","35.435","185.995"
"119","46.0","35.42","185.163"
"119","47.0","35.405","184.397"
"119","48.0","35.39","183.648"
"119","49.0","35.375","182.928"
"119","50.0","35.361","182.228"
"119","51.0","35.347","181.548"
"119","52.0","35.333","180.893"
"119","53.0","35.319","180.256"
"119","54.0","35.305","179.656"
"119","55.0","35.291","179.071"
"119","56.0","35.277","178.501"
"119","57.0","35.263","177.94"
"119","58.0","35.25","177.392"
"119","59.0","35.236","176.863"
"119","60.0","35.223","176.34"
"119","61.0","35.209","175.822"
"119","62.0","35.196","175.311"
"119","63.0","35.183","174.796"
"119","64.0","35.17","174.293"
"119","65.0","35.156","173.792"
"119","66.0","35.143","173.302"
"119","67.0","35.13","172.869"
"119","68.0","35.118","172.364"
"119","69.0","35.105","171.835"
"119","70.0","35.093","171.335"
"119","71.0","35.081","170.856"
"119","72.0","35.07","170.401"
"119","73.0","35.058","169.966"
"119","74.0","35.047","169.544"
"119","75.0","35.036","169.125"
"119","76.0","35.025","168.718"
"119","77.0","35.014","168.318"
"119","78.0","35.003","167.925"
"119","79.0","34.992","167.542"
"119","80.0","34.982","167.165"
"119","81.0","34.971","166.788"
"119","82.0","34.961","166.419"
"119","83.0","34.95","166.058"
"119","84.0","34.94","165.705"
"119","85.0","34.93","165.356"
"119","86.0","34.919","165.017"
"119","87.0","34.909","164.682"
"119","88.0","34.899","164.347"
"119","89.0","34.889","164.025"
"119","90.0","34.879","163.712"
"119","91.0","34.869","163.401"
"119","92.0","34.859","162.945"
"119","93.0","34.85","162.365"
"119","94.0","34.841","161.791"
"119","95.0","34.833","161.276"
"120","0.0","36.204","0.0"
"120","1.0","36.231","314.63"
"120","2.0","36.23","297.677"
"120","3.0","36.22","294.655"
"120","4.0","36.201","284.561"
"120","5.0","36.179","275.565"
"120","6.0","36.157","269.872"
"120","7.0","36.134","264.842"
"120","8.0","36.111","259.98"
"120","9.0","36.087","255.371"
"120","10.0","36.064","251.077"
"120","11.0","36.041","247.052"
"120","12.0","36.018","243.253"
"120","13.0","35.995","239.661"
"120","14.0","35.972","236.266"
"120","15.0","35.95","233.086"
"120","16.0","35.929","230.081"
"120","17.0","35.907","227.246"
"120","18.0","35.887","224.58"
"120","19.0","35.866","222.039"
"120","20.0","35.846","219.75"
"120","21.0","35.826","217.632"
"120","22.0","35.807","215.626"
"120","23.0","35.788","213.731"
"120","24.0","35.768","211.921"
"120","25.0","35.75","210.183"
"120","26.0","35.731","208.529"
"120","27.0","35.713","206.985"
"120","28.0","35.695","205.49"
"120","29.0","35.677","204.055"
"120","30.0","35.66","202.711"
"120","31.0","35.642","201.421"
"120","32.0","35.625","200.169"
"120","33.0","35.608","199.0"
"120","34.0","35.591","197.84"
"120","35.0","35.575","196.721"
"120","36.0","35.558","195.644"
"120","37.0","35.542","194.589"
"120","38.0","35.526","193.563"
"120","39.0","35.51","192.564"
"120","40.0","35.494","191.567"
"120","41.0","35.478","190.574"
"120","42.0","35.462","189.623"
"120","43.0","35.447","188.723"
"120","44.0","35.431","187.816"
"120","45.0","35.416","186.93"
"120","46.0","35.401","186.084"
"120","47.0","35.386","185.306"
"120","48.0","35.371","184.544"
"120","49.0","35.357","183.813"
"120","50.0","35.342","183.103"
"120","51.0","35.328","182.413"
"120","52.0","35.314","181.748"
"120","53.0","35.299","181.101"
"120","54.0","35.285","180.493"
"120","55.0","35.272","179.899"
"120","56.0","35.258","179.322"
"120","57.0","35.244","178.753"
"120","58.0","35.23","178.197"
"120","59.0","35.217","177.663"
"120","60.0","35.203","177.133"
"120","61.0","35.19","176.609"
"120","62.0","35.176","176.092"
"120","63.0","35.163","175.573"
"120","64.0","35.15","175.066"
"120","65.0","35.137","174.559"
"120","66.0","35.123","174.064"
"120","67.0","35.11","173.627"
"120","68.0","35.098","173.1"
"120","69.0","35.085","172.547"
"120","70.0","35.073","172.036"
"120","71.0","35.061","171.542"
"120","72.0","35.049","171.074"
"120","73.0","35.038","170.629"
"120","74.0","35.026","170.192"
"120","75.0","35.015","169.769"
"120","76.0","35.004","169.354"
"120","77.0","34.993","168.947"
"120","78.0","34.982","168.548"
"120","79.0","34.971","168.159"
"120","80.0","34.961","167.773"
"120","81.0","34.95","167.395"
"120","82.0","34.939","167.021"
"120","83.0","34.929","166.656"
"120","84.0","34.918","166.3"
"120","85.0","34.908","165.948"
"120","86.0","34.898","165.602"
"120","87.0","34.887","165.267"
"120","88.0","34.877","164.929"
"120","89.0","34.867","164.604"
"120","90.0","34.857","164.285"
"120","91.0","34.847","163.975"
"120","92.0","34.837","163.478"
"120","93.0","34.828","162.866"
"120","94.0","34.819","162.264"
"120","95.0","34.811","161.722"
"12","0.0","36.195","0.0"
"12","1.0","36.226","311.897"
"12","2.0","36.219","296.639"
"12","3.0","36.21","295.456"
"12","4.0","36.191","285.76"
"12","5.0","36.17","276.707"
"12","6.0","36.148","271.003"
"12","7.0","36.125","266.007"
"12","8.0","36.102","261.164"
"12","9.0","36.079","256.559"
"12","10.0","36.056","252.26"
"12","11.0","36.032","248.221"
"12","12.0","36.009","244.406"
"12","13.0","35.987","240.796"
"12","14.0","35.964","237.38"
"12","15.0","35.942","234.177"
"12","16.0","35.921","231.146"
"12","17.0","35.899","228.287"
"12","18.0","35.879","225.597"
"12","19.0","35.858","223.035"
"12","20.0","35.838","220.734"
"12","21.0","35.819","218.6"
"12","22.0","35.799","216.579"
"12","23.0","35.78","214.667"
"12","24.0","35.761","212.842"
"12","25.0","35.742","211.088"
"12","26.0","35.723","209.418"
"12","27.0","35.705","207.861"
"12","28.0","35.687","206.353"
"12","29.0","35.669","204.903"
"12","30.0","35.652","203.548"
"12","31.0","35.634","202.247"
"12","32.0","35.617","200.983"
"12","33.0","35.6","199.804"
"12","34.0","35.583","198.634"
"12","35.0","35.567","197.505"
"12","36.0","35.55","196.421"
"12","37.0","35.534","195.359"
"12","38.0","35.518","194.324"
"12","39.0","35.501","193.318"
"12","40.0","35.485","192.316"
"12","41.0","35.47","191.315"
"12","42.0","35.454","190.356"
"12","43.0","35.438","189.446"
"12","44.0","35.423","188.528"
"12","45.0","35.407","187.632"
"12","46.0","35.392","186.778"
"12","47.0","35.377","185.991"
"12","48.0","35.363","185.222"
"12","49.0","35.348","184.483"
"12","50.0","35.333","183.766"
"12","51.0","35.319","183.069"
"12","52.0","35.305","182.398"
"12","53.0","35.29","181.745"
"12","54.0","35.276","181.131"
"12","55.0","35.262","180.532"
"12","56.0","35.248","179.95"
"12","57.0","35.235","179.376"
"12","58.0","35.221","178.816"
"12","59.0","35.207","178.276"
"12","60.0","35.194","177.742"
"12","61.0","35.18","177.213"
"12","62.0","35.167","176.691"
"12","63.0","35.153","176.168"
"12","64.0","35.14","175.657"
"12","65.0","35.127","175.144"
"12","66.0","35.113","174.643"
"12","67.0","35.1","174.199"
"12","68.0","35.087","173.654"
"12","69.0","35.075","173.091"
"12","70.0","35.063","172.561"
"12","71.0","35.051","172.055"
"12","72.0","35.039","171.577"
"12","73.0","35.027","171.123"
"12","74.0","35.016","170.683"
"12","75.0","35.005","170.249"
"12","76.0","34.993","169.826"
"12","77.0","34.982","169.414"
"12","78.0","34.971","169.01"
"12","79.0","34.961","168.616"
"12","80.0","34.95","168.231"
"12","81.0","34.939","167.846"
"12","82.0","34.928","167.467"
"12","83.0","34.918","167.1"
"12","84.0","34.907","166.741"
"12","85.0","34.897","166.387"
"12","86.0","34.886","166.042"
"12","87.0","34.876","165.7"
"12","88.0","34.866","165.36"
"12","89.0","34.855","165.033"
"12","90.0","34.845","164.712"
"12","91.0","34.835","164.406"
"12","92.0","34.825","163.877"
"12","93.0","34.816","163.241"
"12","94.0","34.807","162.618"
"12","95.0","34.799","162.056"
"12_sec11_0","0.0","36.195","11.0"
"12_sec11_0","1.0","36.226","311.897"
"12_sec11_0","2.0","36.219","296.639"
"12_sec11_0","3.0","36.21","295.456"
"12_sec11_0","4.0","36.191","285.76"
"12_sec11_0","5.0","36.17","276.707"
"12_sec11_0","6.0","36.148","271.003"
"12_sec11_0","7.0","36.125","266.007"
"12_sec11_0","8.0","36.102","261.164"
"12_sec11_0","9.0","36.079","256.559"
"12_sec11_0","10.0","36.056","252.26"
"12_sec11_0","11.0","36.032","248.221"
"12_sec11_0","12.0","36.009","244.406"
"12_sec11_0","13.0","35.987","240.796"
"12_sec11_0","14.0","35.964","237.38"
"12_sec11_0","15.0","35.942","234.177"
"12_sec11_0","16.0","35.921","231.146"
"12_sec11_0","17.0","35.899","228.287"
"12_sec11_0","18.0","35.879","225.597"
"12_sec11_0","19.0","35.858","223.035"
"12_sec11_0","20.0","35.838","220.734"
"12_sec11_0","21.0","35.819","218.6"
"12_sec11_0","22.0","35.799","216.579"
"12_sec11_0","23.0","35.78","214.667"
"12_sec11_0","24.0","35.761","212.842"
"12_sec11_0","25.0","35.742","211.088"
"12_sec11_0","26.0","35.723","209.418"
"12_sec11_0","27.0","35.705","207.861"
"12_sec11_0","28.0","35.687","206.353"
"12_sec11_0","29.0","35.669","204.903"
"12_sec11_0","30.0","35.652","203.548"
"12_sec11_0","31.0","35.634","202.247"
"12_sec11_0","32.0","35.617","200.983"
"12_sec11_0","33.0","35.6","199.804"
"12_sec11_0","34.0","35.583","198.634"
"12_sec11_0","35.0","35.567","197.505"
"12_sec11_0","36.0","35.55","196.421"
"12_sec11_0","37.0","35.534","195.359"
"12_sec11_0","38.0","35.518","194.324"
"12_sec11_0","39.0","35.501","193.318"
"12_sec11_0","40.0","35.485","192.316"
"12_sec11_0","41.0","35.47","191.315"
"12_sec11_0","42.0","35.454","190.356"
"12_sec11_0","43.0","35.438","189.446"
"12_sec11_0","44.0","35.423","188.528"
"12_sec11_0","45.0","35.407","187.632"
"12_sec11_0","46.0","35.392","186.778"
"12_sec11_0","47.0","35.377","185.991"
"12_sec11_0","48.0","35.363","185.222"
"12_sec11_0","49.0","35.348","184.483"
"12_sec11_0","50.0","35.333","183.766"
"12_sec11_0","51.0","35.319","183.069"
"12_sec11_0","52.0","35.305","182.398"
"12_sec11_0","53.0","35.29","181.745"
"12_sec11_0","54.0","35.276","181.131"
"12_sec11_0","55.0","35.262","180.532"
"12_sec11_0","56.0","35.248","179.95"
"12_sec11_0","57.0","35.235","179.376"
"12_sec11_0","58.0","35.221","178.816"
"12_sec11_0","59.0","35.207","178.276"
"12_sec11_0","60.0","35.194","177.742"
"12_sec11_0","61.0","35.18","177.213"
"12_sec11_0","62.0","35.167","176.691"
"12_sec11_0","63.0","35.153","176.168"
"12_sec11_0","64.0","35.14","175.657"
"12_sec11_0","65.0","35.127","175.144"
"12_sec11_0","66.0","35.113","174.643"
"12_sec11_0","67.0","35.1","174.199"
"12_sec11_0","68.0","35.087","173.654"
"12_sec11_0","69.0","35.075","173.091"
"12_sec11_0","70.0","35.063","172.561"
"12_sec11_0","71.0","35.051","172.055"
"12_sec11_0","72.0","35.039","171.577"
"12_sec11_0","73.0","35.027","171.123"
"12_sec11_0","74.0","35.016","170.683"
"12_sec11_0","75.0","35.005","170.249"
"12_sec11_0","76.0","34.993","169.826"
"12_sec11_0","77.0","34.982","169.414"
"12_sec11_0","78.0","34.971","169.01"
"12_sec11_0","79.0","34.961","168.616"
"12_sec11_0","80.0","34.95","168.231"
"12_sec11_0","81.0","34.939","167.846"
"12_sec11_0","82.0","34.928","167.467"
"12_sec11_0","83.0","34.918","167.1"
"12_sec11_0","84.0","34.907","166.741"
"12_sec11_0","85.0","34.897","166.387"
"12_sec11_0","86.0","34.886","166.042"
"12_sec11_0","87.0","34.876","165.7"
"12_sec11_0","88.0","34.866","165.36"
"12_sec11_0","89.0","34.855","165.033"
"12_sec11_0","90.0","34.845","164.712"
"12_sec11_0","91.0","34.835","164.406"
"12_sec11_0","92.0","34.825","163.877"
"12_sec11_0","93.0","34.816","163.241"
"12_sec11_0","94.0","34.807","162.618"
"12_sec11_0","95.0","34.799","162.056"
"10_sec11_1","0.0","36.192","1.0"
"10_sec11_1","1.0","36.222","309.529"
"10_sec11_1","2.0","36.212","296.034"
"10_sec11_1","3.0","36.204","296.322"
"10_sec11_1","4.0","36.186","286.871"
"10_sec11_1","5.0","36.164","277.758"
"10_sec11_1","6.0","36.142","272.051"
"10_sec11_1","7.0","36.12","267.092"
"10_sec11_1","8.0","36.097","262.27"
"10_sec11_1","9.0","36.074","257.67"
"10_sec11_1","10.0","36.051","253.368"
"10_sec11_1","11.0","36.027","249.32"
"10_sec11_1","12.0","36.004","245.492"
"10_sec11_1","13.0","35.982","241.865"
"10_sec11_1","14.0","35.959","238.432"
"10_sec11_1","15.0","35.937","235.207"
"10_sec11_1","16.0","35.916","232.156"
"10_sec11_1","17.0","35.895","229.273"
"10_sec11_1","18.0","35.874","226.56"
"10_sec11_1","19.0","35.854","223.977"
"10_sec11_1","20.0","35.834","221.669"
"10_sec11_1","21.0","35.814","219.523"
"10_sec11_1","22.0","35.794","217.487"
"10_sec11_1","23.0","35.775","215.565"
"10_sec11_1","24.0","35.756","213.727"
"10_sec11_1","25.0","35.737","211.958"
"10_sec11_1","26.0","35.719","210.277"
"10_sec11_1","27.0","35.7","208.709"
"10_sec11_1","28.0","35.682","207.188"
"10_sec11_1","29.0","35.665","205.728"
"10_sec11_1","30.0","35.647","204.362"
"10_sec11_1","31.0","35.63","203.049"
"10_sec11_1","32.0","35.612","201.777"
"10_sec11_1","33.0","35.595","200.588"
"10_sec11_1","34.0","35.579","199.408"
"10_sec11_1","35.0","35.562","198.273"
"10_sec11_1","36.0","35.545","197.182"
"10_sec11_1","37.0","35.529","196.11"
"10_sec11_1","38.0","35.513","195.07"
"10_sec11_1","39.0","35.497","194.057"
"10_sec11_1","40.0","35.481","193.048"
"10_sec11_1","41.0","35.465","192.044"
"10_sec11_1","42.0","35.449","191.084"
"10_sec11_1","43.0","35.433","190.165"
"10_sec11_1","44.0","35.418","189.236"
"10_sec11_1","45.0","35.402","188.331"
"10_sec11_1","46.0","35.387","187.47"
"10_sec11_1","47.0","35.372","186.674"
"10_sec11_1","48.0","35.357","185.898"
"10_sec11_1","49.0","35.343","185.153"
"10_sec11_1","50.0","35.328","184.43"
"10_sec11_1","51.0","35.314","183.727"
"10_sec11_1","52.0","35.299","183.05"
"10_sec11_1","53.0","35.285","182.392"
"10_sec11_1","54.0","35.271","181.774"
"10_sec11_1","55.0","35.257","181.169"
"10_sec11_1","56.0","35.243","180.583"
"10_sec11_1","57.0","35.229","180.005"
"10_sec11_1","58.0","35.215","179.441"
"10_sec11_1","59.0","35.202","178.897"
"10_sec11_1","60.0","35.188","178.359"
"10_sec11_1","61.0","35.175","177.827"
"10_sec11_1","62.0","35.161","177.302"
"10_sec11_1","63.0","35.148","176.776"
"10_sec11_1","64.0","35.134","176.262"
"10_sec11_1","65.0","35.121","175.745"
"10_sec11_1","66.0","35.108","175.244"
"10_sec11_1","67.0","35.094","174.794"
"10_sec11_1","68.0","35.082","174.232"
"10_sec11_1","69.0","35.069","173.65"
"10_sec11_1","70.0","35.057","173.112"
"10_sec11_1","71.0","35.045","172.594"
"10_sec11_1","72.0","35.033","172.108"
"10_sec11_1","73.0","35.021","171.646"
"10_sec11_1","74.0","35.01","171.193"
"10_sec11_1","75.0","34.998","170.757"
"10_sec11_1","76.0","34.987","170.329"
"10_sec11_1","77.0","34.976","169.912"
"10_sec11_1","78.0","34.965","169.504"
"10_sec11_1","79.0","34.954","169.106"
"10_sec11_1","80.0","34.943","168.712"
"10_sec11_1","81.0","34.933","168.328"
"10_sec11_1","82.0","34.922","167.946"
"10_sec11_1","83.0","34.911","167.576"
"10_sec11_1","84.0","34.901","167.215"
"10_sec11_1","85.0","34.89","166.858"
"10_sec11_1","86.0","34.88","166.506"
"10_sec11_1","87.0","34.869","166.167"
"10_sec11_1","88.0","34.859","165.825"
"10_sec11_1","89.0","34.848","165.496"
"10_sec11_1","90.0","34.838","165.169"
"10_sec11_1","91.0","34.828","164.864"
"10_sec11_1","92.0","34.818","164.299"
"10_sec11_1","93.0","34.809","163.638"
"10_sec11_1","94.0","34.8","162.993"
"10_sec11_1","95.0","34.792","162.409"
"10_sec12_0","0.0","36.192","0.0"
"10_sec12_0","1.0","36.222","1081.06"
"10_sec12_0","2.0","36.212","1054.476"
"10_sec12_0","3.0","36.204","1042.89"
"10_sec12_0","4.0","36.186","1004.184"
"10_sec12_0","5.0","36.164","976.138"
"10_sec12_0","6.0","36.142","957.317"
"10_sec12_0","7.0","36.12","940.213"
"10_sec12_0","8.0","36.097","923.789"
"10_sec12_0","9.0","36.074","908.477"
"10_sec12_0","10.0","36.051","894.295"
"10_sec12_0","11.0","36.027","881.053"
"10_sec12_0","12.0","36.004","868.632"
"10_sec12_0","13.0","35.982","856.928"
"10_sec12_0","14.0","35.959","845.946"
"10_sec12_0","15.0","35.937","835.602"
"10_sec12_0","16.0","35.916","825.821"
"10_sec12_0","17.0","35.895","816.615"
"10_sec12_0","18.0","35.874","807.942"
"10_sec12_0","19.0","35.854","799.756"
"10_sec12_0","20.0","35.834","792.377"
"10_sec12_0","21.0","35.814","785.517"
"10_sec12_0","22.0","35.794","779.054"
"10_sec12_0","23.0","35.775","772.932"
"10_sec12_0","24.0","35.756","767.165"
"10_sec12_0","25.0","35.737","761.687"
"10_sec12_0","26.0","35.719","756.464"
"10_sec12_0","27.0","35.7","751.513"
"10_sec12_0","28.0","35.682","746.745"
"10_sec12_0","29.0","35.665","742.17"
"10_sec12_0","30.0","35.647","737.812"
"10_sec12_0","31.0","35.63","733.622"
"10_sec12_0","32.0","35.612","729.579"
"10_sec12_0","33.0","35.595","725.716"
"10_sec12_0","34.0","35.579","721.921"
"10_sec12_0","35.0","35.562","718.27"
"10_sec12_0","36.0","35.545","714.755"
"10_sec12_0","37.0","35.529","711.345"
"10_sec12_0","38.0","35.513","708.042"
"10_sec12_0","39.0","35.497","704.83"
"10_sec12_0","40.0","35.481","701.658"
"10_sec12_0","41.0","35.465","698.551"
"10_sec12_0","42.0","35.449","695.552"
"10_sec12_0","43.0","35.433","692.664"
"10_sec12_0","44.0","35.418","689.8"
"10_sec12_0","45.0","35.402","687.024"
"10_sec12_0","46.0","35.387","684.376"
"10_sec12_0","47.0","35.372","681.855"
"10_sec12_0","48.0","35.357","679.43"
"10_sec12_0","49.0","35.343","677.093"
"10_sec12_0","50.0","35.328","674.832"
"10_sec12_0","51.0","35.314","672.642"
"10_sec12_0","52.0","35.299","670.526"
"10_sec12_0","53.0","35.285","668.48"
"10_sec12_0","54.0","35.271","666.51"
"10_sec12_0","55.0","35.257","664.596"
"10_sec12_0","56.0","35.243","662.745"
"10_sec12_0","57.0","35.229","660.927"
"10_sec12_0","58.0","35.215","659.153"
"10_sec12_0","59.0","35.202","657.425"
"10_sec12_0","60.0","35.188","655.745"
"10_sec12_0","61.0","35.175","654.096"
"10_sec12_0","62.0","35.161","652.484"
"10_sec12_0","63.0","35.148","650.894"
"10_sec12_0","64.0","35.134","649.317"
"10_sec12_0","65.0","35.121","647.745"
"10_sec12_0","66.0","35.108","646.243"
"10_sec12_0","67.0","35.094","644.816"
"10_sec12_0","68.0","35.082","643.093"
"10_sec12_0","69.0","35.069","641.379"
"10_sec12_0","70.0","35.057","639.771"
"10_sec12_0","71.0","35.045","638.216"
"10_sec12_0","72.0","35.033","636.739"
"10_sec12_0","73.0","35.021","635.319"
"10_sec12_0","74.0","35.01","633.945"
"10_sec12_0","75.0","34.998","632.635"
"10_sec12_0","76.0","34.987","631.331"
"10_sec12_0","77.0","34.976","630.059"
"10_sec12_0","78.0","34.965","628.81"
"10_sec12_0","79.0","34.954","627.596"
"10_sec12_0","80.0","34.943","626.403"
"10_sec12_0","81.0","34.933","625.236"
"10_sec12_0","82.0","34.922","624.082"
"10_sec12_0","83.0","34.911","622.951"
"10_sec12_0","84.0","34.901","621.831"
"10_sec12_0","85.0","34.89","620.73"
"10_sec12_0","86.0","34.88","619.64"
"10_sec12_0","87.0","34.869","618.579"
"10_sec12_0","88.0","34.859","617.52"
"10_sec12_0","89.0","34.848","616.487"
"10_sec12_0","90.0","34.838","615.446"
"10_sec12_0","91.0","34.828","614.486"
"10_sec12_0","92.0","34.818","612.7"
"10_sec12_0","93.0","34.809","610.716"
"10_sec12_0","94.0","34.8","608.74"
"10_sec12_0","95.0","34.792","606.833"
"121","0.0","36.159","0.0"
"121","1.0","36.188","1074.307"
"121","2.0","36.183","1048.236"
"121","3.0","36.177","1046.111"
"121","4.0","36.16","1010.595"
"121","5.0","36.139","982.413"
"121","6.0","36.118","963.551"
"121","7.0","36.096","946.654"
"121","8.0","36.074","930.383"
"121","9.0","36.051","915.125"
"121","10.0","36.028","900.935"
"121","11.0","36.005","887.632"
"121","12.0","35.983","875.137"
"121","13.0","35.96","863.352"
"121","14.0","35.938","852.258"
"121","15.0","35.917","841.787"
"121","16.0","35.895","831.876"
"121","17.0","35.874","822.536"
"121","18.0","35.854","813.748"
"121","19.0","35.834","805.442"
"121","20.0","35.814","798.008"
"121","21.0","35.794","791.072"
"121","22.0","35.775","784.53"
"121","23.0","35.756","778.329"
"121","24.0","35.737","772.482"
"121","25.0","35.718","766.923"
"121","26.0","35.699","761.62"
"121","27.0","35.681","756.599"
"121","28.0","35.663","751.766"
"121","29.0","35.645","747.12"
"121","30.0","35.628","742.7"
"121","31.0","35.61","738.452"
"121","32.0","35.593","734.349"
"121","33.0","35.576","730.43"
"121","34.0","35.559","726.585"
"121","35.0","35.543","722.885"
"121","36.0","35.526","719.331"
"121","37.0","35.51","715.881"
"121","38.0","35.494","712.535"
"121","39.0","35.478","709.288"
"121","40.0","35.462","706.088"
"121","41.0","35.446","702.946"
"121","42.0","35.43","699.912"
"121","43.0","35.414","696.983"
"121","44.0","35.399","694.055"
"121","45.0","35.383","691.228"
"121","46.0","35.368","688.537"
"121","47.0","35.353","685.966"
"121","48.0","35.338","683.503"
"121","49.0","35.323","681.126"
"121","50.0","35.309","678.829"
"121","51.0","35.294","676.603"
"121","52.0","35.28","674.454"
"121","53.0","35.266","672.379"
"121","54.0","35.252","670.379"
"121","55.0","35.237","668.436"
"121","56.0","35.223","666.558"
"121","57.0","35.209","664.716"
"121","58.0","35.196","662.919"
"121","59.0","35.182","661.165"
"121","60.0","35.168","659.464"
"121","61.0","35.155","657.796"
"121","62.0","35.141","656.166"
"121","63.0","35.127","654.558"
"121","64.0","35.114","652.964"
"121","65.0","35.101","651.37"
"121","66.0","35.087","649.837"
"121","67.0","35.074","648.374"
"121","68.0","35.061","646.549"
"121","69.0","35.048","644.758"
"121","70.0","35.036","643.064"
"121","71.0","35.024","641.44"
"121","72.0","35.012","639.908"
"121","73.0","35.0","638.44"
"121","74.0","34.989","637.031"
"121","75.0","34.977","635.672"
"121","76.0","34.966","634.332"
"121","77.0","34.955","633.032"
"121","78.0","34.944","631.757"
"121","79.0","34.933","630.516"
"121","80.0","34.922","629.311"
"121","81.0","34.911","628.113"
"121","82.0","34.9","626.938"
"121","83.0","34.89","625.791"
"121","84.0","34.879","624.656"
"121","85.0","34.869","623.54"
"121","86.0","34.858","622.446"
"121","87.0","34.847","621.362"
"121","88.0","34.837","620.291"
"121","89.0","34.827","619.248"
"121","90.0","34.816","618.236"
"121","91.0","34.806","617.219"
"121","92.0","34.796","615.23"
"121","93.0","34.787","613.092"
"121","94.0","34.778","610.976"
"121","95.0","34.77","608.952"
"122","0.0","36.134","12.0"
"122","1.0","36.154","1045.92"
"122","2.0","36.154","1046.748"
"122","3.0","36.149","1047.496"
"122","4.0","36.134","1014.02"
"122","5.0","36.114","986.009"
"122","6.0","36.093","967.134"
"122","7.0","36.072","950.356"
"122","8.0","36.05","934.194"
"122","9.0","36.028","918.967"
"122","10.0","36.006","904.78"
"122","11.0","35.983","891.458"
"122","12.0","35.961","878.925"
"122","13.0","35.939","867.086"
"122","14.0","35.917","855.94"
"122","15.0","35.896","845.399"
"122","16.0","35.875","835.422"
"122","17.0","35.854","826.007"
"122","18.0","35.834","817.15"
"122","19.0","35.814","808.78"
"122","20.0","35.794","801.325"
"122","21.0","35.775","794.349"
"122","22.0","35.755","787.762"
"122","23.0","35.736","781.522"
"122","24.0","35.717","775.633"
"122","25.0","35.699","770.027"
"122","26.0","35.68","764.685"
"122","27.0","35.662","759.626"
"122","28.0","35.644","754.753"
"122","29.0","35.626","750.071"
"122","30.0","35.609","745.615"
"122","31.0","35.591","741.33"
"122","32.0","35.574","737.196"
"122","33.0","35.557","733.245"
"122","34.0","35.541","729.367"
"122","35.0","35.524","725.642"
"122","36.0","35.507","722.063"
"122","37.0","35.491","718.585"
"122","38.0","35.475","715.216"
"122","39.0","35.459","711.947"
"122","40.0","35.443","708.726"
"122","41.0","35.427","705.565"
"122","42.0","35.411","702.516"
"122","43.0","35.395","699.56"
"122","44.0","35.38","696.595"
"122","45.0","35.364","693.736"
"122","46.0","35.349","691.02"
"122","47.0","35.334","688.419"
"122","48.0","35.319","685.932"
"122","49.0","35.305","683.532"
"122","50.0","35.29","681.213"
"122","51.0","35.275","678.966"
"122","52.0","35.261","676.798"
"122","53.0","35.247","674.707"
"122","54.0","35.232","672.689"
"122","55.0","35.218","670.73"
"122","56.0","35.204","668.837"
"122","57.0","35.19","666.983"
"122","58.0","35.176","665.172"
"122","59.0","35.163","663.403"
"122","60.0","35.149","661.691"
"122","61.0","35.135","660.013"
"122","62.0","35.122","658.373"
"122","63.0","35.108","656.755"
"122","64.0","35.094","655.152"
"122","65.0","35.081","653.546"
"122","66.0","35.068","651.999"
"122","67.0","35.054","650.515"
"122","68.0","35.041","648.63"
"122","69.0","35.029","646.78"
"122","70.0","35.016","645.051"
"122","71.0","35.004","643.387"
"122","72.0","34.992","641.823"
"122","73.0","34.98","640.327"
"122","74.0","34.969","638.88"
"122","75.0","34.957","637.511"
"122","76.0","34.946","636.15"
"122","77.0","34.935","634.833"
"122","78.0","34.924","633.543"
"122","79.0","34.913","632.287"
"122","80.0","34.902","631.06"
"122","81.0","34.891","629.859"
"122","82.0","34.88","628.671"
"122","83.0","34.869","627.516"
"122","84.0","34.859","626.372"
"122","85.0","34.848","625.247"
"122","86.0","34.837","624.135"
"122","87.0","34.827","623.053"
"122","88.0","34.816","621.976"
"122","89.0","34.806","620.928"
"122","90.0","34.795","619.897"
"122","91.0","34.785","618.855"
"122","92.0","34.775","616.743"
"122","93.0","34.766","614.512"
"122","94.0","34.757","612.318"
"122","95.0","34.749","610.217"
"123","0.0","36.101","1.0"
"123","1.0","36.113","1021.944"
"123","2.0","36.12","1048.941"
"123","3.0","36.116","1049.625"
"123","4.0","36.103","1016.672"
"123","5.0","36.084","989.133"
"123","6.0","36.064","970.313"
"123","7.0","36.044","953.635"
"123","8.0","36.023","937.582"
"123","9.0","36.001","922.401"
"123","10.0","35.979","908.219"
"123","11.0","35.957","894.874"
"123","12.0","35.935","882.309"
"123","13.0","35.913","870.432"
"123","14.0","35.892","859.232"
"123","15.0","35.871","848.637"
"123","16.0","35.85","838.596"
"123","17.0","35.83","829.124"
"123","18.0","35.809","820.198"
"123","19.0","35.79","811.795"
"123","20.0","35.77","804.322"
"123","21.0","35.751","797.311"
"123","22.0","35.731","790.688"
"123","23.0","35.712","784.413"
"123","24.0","35.694","778.486"
"123","25.0","35.675","772.841"
"123","26.0","35.657","767.464"
"123","27.0","35.639","762.37"
"123","28.0","35.621","757.465"
"123","29.0","35.603","752.75"
"123","30.0","35.585","748.262"
"123","31.0","35.568","743.945"
"123","32.0","35.551","739.784"
"123","33.0","35.534","735.802"
"123","34.0","35.517","731.897"
"123","35.0","35.5","728.149"
"123","36.0","35.484","724.549"
"123","37.0","35.468","721.049"
"123","38.0","35.451","717.66"
"123","39.0","35.435","714.372"
"123","40.0","35.419","711.135"
"123","41.0","35.403","707.959"
"123","42.0","35.387","704.895"
"123","43.0","35.372","701.91"
"123","44.0","35.356","698.911"
"123","45.0","35.341","696.026"
"123","46.0","35.325","693.285"
"123","47.0","35.31","690.657"
"123","48.0","35.295","688.15"
"123","49.0","35.281","685.728"
"123","50.0","35.266","683.389"
"123","51.0","35.251","681.123"
"123","52.0","35.237","678.938"
"123","53.0","35.222","676.832"
"123","54.0","35.208","674.799"
"123","55.0","35.194","672.825"
"123","56.0","35.18","670.916"
"123","57.0","35.166","669.049"
"123","58.0","35.152","667.225"
"123","59.0","35.138","665.442"
"123","60.0","35.124","663.719"
"123","61.0","35.11","662.029"
"123","62.0","35.096","660.379"
"123","63.0","35.083","658.752"
"123","64.0","35.069","657.139"
"123","65.0","35.056","655.524"
"123","66.0","35.042","653.961"
"123","67.0","35.029","652.445"
"123","68.0","35.016","650.506"
"123","69.0","35.003","648.624"
"123","70.0","34.99","646.843"
"123","71.0","34.978","645.144"
"123","72.0","34.966","643.552"
"123","73.0","34.954","642.03"
"123","74.0","34.943","640.571"
"123","75.0","34.931","639.17"
"123","76.0","34.92","637.791"
"123","77.0","34.908","636.46"
"123","78.0","34.897","635.157"
"123","79.0","34.886","633.888"
"123","80.0","34.875","632.66"
"123","81.0","34.864","631.438"
"123","82.0","34.853","630.24"
"123","83.0","34.842","629.077"
"123","84.0","34.831","627.926"
"123","85.0","34.82","626.793"
"123","86.0","34.81","625.685"
"123","87.0","34.799","624.586"
"123","88.0","34.788","623.503"
"123","89.0","34.778","622.45"
"123","90.0","34.767","621.402"
"123","91.0","34.757","620.332"
"123","92.0","34.747","618.113"
"123","93.0","34.738","615.798"
"123","94.0","34.729","613.527"
"123","95.0","34.721","611.362"
"124","0.0","36.06","0.0"
"124","1.0","36.087","1030.612"
"124","2.0","36.088","1047.414"
"124","3.0","36.086","1052.73"
"124","4.0","36.074","1020.172"
"124","5.0","36.056","993.532"
"124","6.0","36.037","974.887"
"124","7.0","36.017","958.378"
"124","8.0","35.997","942.499"
"124","9.0","35.975","927.402"
"124","10.0","35.954","913.244"
"124","11.0","35.932","899.884"
"124","12.0","35.911","887.284"
"124","13.0","35.889","875.357"
"124","14.0","35.868","864.087"
"124","15.0","35.847","853.408"
"124","16.0","35.827","843.284"
"124","17.0","35.807","833.72"
"124","18.0","35.787","824.692"
"124","19.0","35.767","816.244"
"124","20.0","35.748","808.741"
"124","21.0","35.729","801.68"
"124","22.0","35.709","795.002"
"124","23.0","35.69","788.676"
"124","24.0","35.672","782.692"
"124","25.0","35.653","776.99"
"124","26.0","35.635","771.562"
"124","27.0","35.617","766.414"
"124","28.0","35.599","761.46"
"124","29.0","35.581","756.7"
"124","30.0","35.564","752.166"
"124","31.0","35.546","747.805"
"124","32.0","35.529","743.604"
"124","33.0","35.512","739.576"
"124","34.0","35.495","735.635"
"124","35.0","35.479","731.854"
"124","36.0","35.462","728.223"
"124","37.0","35.446","724.692"
"124","38.0","35.43","721.274"
"124","39.0","35.413","717.958"
"124","40.0","35.397","714.699"
"124","41.0","35.381","711.501"
"124","42.0","35.365","708.424"
"124","43.0","35.35","705.396"
"124","44.0","35.334","702.352"
"124","45.0","35.319","699.429"
"124","46.0","35.303","696.649"
"124","47.0","35.288","693.984"
"124","48.0","35.273","691.447"
"124","49.0","35.258","688.995"
"124","50.0","35.244","686.628"
"124","51.0","35.229","684.334"
"124","52.0","35.214","682.125"
"124","53.0","35.2","679.997"
"124","54.0","35.185","677.94"
"124","55.0","35.171","675.945"
"124","56.0","35.157","674.015"
"124","57.0","35.143","672.128"
"124","58.0","35.129","670.285"
"124","59.0","35.115","668.484"
"124","60.0","35.101","666.743"
"124","61.0","35.087","665.039"
"124","62.0","35.073","663.374"
"124","63.0","35.059","661.733"
"124","64.0","35.046","660.105"
"124","65.0","35.032","658.478"
"124","66.0","35.018","656.915"
"124","67.0","35.005","655.334"
"124","68.0","34.992","653.317"
"124","69.0","34.979","651.362"
"124","70.0","34.966","649.532"
"124","71.0","34.954","647.781"
"124","72.0","34.942","646.148"
"124","73.0","34.93","644.59"
"124","74.0","34.918","643.086"
"124","75.0","34.906","641.666"
"124","76.0","34.895","640.261"
"124","77.0","34.883","638.909"
"124","78.0","34.872","637.586"
"124","79.0","34.861","636.3"
"124","80.0","34.85","635.044"
"124","81.0","34.838","633.817"
"124","82.0","34.827","632.603"
"124","83.0","34.816","631.43"
"124","84.0","34.806","630.267"
"124","85.0","34.795","629.125"
"124","86.0","34.784","627.995"
"124","87.0","34.773","626.896"
"124","88.0","34.762","625.806"
"124","89.0","34.751","624.747"
"124","90.0","34.741","623.695"
"124","91.0","34.73","622.518"
"124","92.0","34.72","620.126"
"124","93.0","34.711","617.687"
"124","94.0","34.703","615.307"
"124","95.0","34.695","613.042"
"125","0.0","36.039","0.0"
"125","1.0","36.082","1020.782"
"125","2.0","36.084","1044.104"
"125","3.0","36.082","1054.742"
"125","4.0","36.071","1023.439"
"125","5.0","36.053","997.487"
"125","6.0","36.034","979.036"
"125","7.0","36.014","962.694"
"125","8.0","35.994","946.975"
"125","9.0","35.972","931.964"
"125","10.0","35.951","917.835"
"125","11.0","35.929","904.471"
"125","12.0","35.908","891.842"
"125","13.0","35.886","879.874"
"125","14.0","35.865","868.544"
"125","15.0","35.844","857.798"
"125","16.0","35.824","847.605"
"125","17.0","35.804","837.964"
"125","18.0","35.784","828.882"
"125","19.0","35.764","820.387"
"125","20.0","35.745","812.858"
"125","21.0","35.725","805.76"
"125","22.0","35.706","799.038"
"125","23.0","35.687","792.669"
"125","24.0","35.669","786.64"
"125","25.0","35.65","780.889"
"125","26.0","35.632","775.419"
"125","27.0","35.614","770.227"
"125","28.0","35.596","765.232"
"125","29.0","35.578","760.434"
"125","30.0","35.561","755.861"
"125","31.0","35.543","751.458"
"125","32.0","35.526","747.223"
"125","33.0","35.509","743.154"
"125","34.0","35.492","739.181"
"125","35.0","35.476","735.371"
"125","36.0","35.459","731.713"
"125","37.0","35.442","728.155"
"125","38.0","35.426","724.71"
"125","39.0","35.41","721.37"
"125","40.0","35.394","718.088"
"125","41.0","35.378","714.872"
"125","42.0","35.362","711.767"
"125","43.0","35.346","708.705"
"125","44.0","35.33","705.621"
"125","45.0","35.315","702.662"
"125","46.0","35.3","699.847"
"125","47.0","35.285","697.151"
"125","48.0","35.27","694.588"
"125","49.0","35.255","692.111"
"125","50.0","35.24","689.719"
"125","51.0","35.225","687.403"
"125","52.0","35.211","685.174"
"125","53.0","35.196","683.028"
"125","54.0","35.182","680.952"
"125","55.0","35.167","678.94"
"125","56.0","35.153","676.993"
"125","57.0","35.139","675.091"
"125","58.0","35.125","673.234"
"125","59.0","35.111","671.417"
"125","60.0","35.097","669.663"
"125","61.0","35.083","667.947"
"125","62.0","35.069","666.271"
"125","63.0","35.055","664.62"
"125","64.0","35.042","662.981"
"125","65.0","35.028","661.343"
"125","66.0","35.014","659.762"
"125","67.0","35.001","658.121"
"125","68.0","34.987","656.032"
"125","69.0","34.975","654.03"
"125","70.0","34.962","652.131"
"125","71.0","34.95","650.332"
"125","72.0","34.937","648.661"
"125","73.0","34.925","647.068"
"125","74.0","34.914","645.544"
"125","75.0","34.902","644.084"
"125","76.0","34.89","642.655"
"125","77.0","34.879","641.282"
"125","78.0","34.868","639.942"
"125","79.0","34.856","638.638"
"125","80.0","34.845","637.38"
"125","81.0","34.834","636.125"
"125","82.0","34.823","634.898"
"125","83.0","34.812","633.714"
"125","84.0","34.801","632.542"
"125","85.0","34.79","631.39"
"125","86.0","34.779","630.263"
"125","87.0","34.768","629.142"
"125","88.0","34.757","628.046"
"125","89.0","34.747","626.982"
"125","90.0","34.736","625.961"
"125","91.0","34.725","624.646"
"125","92.0","34.715","622.089"
"125","93.0","34.706","619.526"
"125","94.0","34.698","617.041"
"125","95.0","34.69","614.681"
"126","0.0","36.02","0.0"
"126","1.0","36.066","945.744"
"126","2.0","36.077","1048.322"
"126","3.0","36.077","1058.321"
"126","4.0","36.065","1030.836"
"126","5.0","36.047","1006.143"
"126","6.0","36.028","988.181"
"126","7.0","36.009","972.22"
"126","8.0","35.988","956.859"
"126","9.0","35.967","942.039"
"126","10.0","35.945","927.979"
"126","11.0","35.924","914.612"
"126","12.0","35.903","901.922"
"126","13.0","35.881","889.864"
"126","14.0","35.86","878.414"
"126","15.0","35.839","867.526"
"126","16.0","35.819","857.178"
"126","17.0","35.799","847.376"
"126","18.0","35.779","838.127"
"126","19.0","35.759","829.566"
"126","20.0","35.74","821.977"
"126","21.0","35.721","814.795"
"126","22.0","35.702","807.983"
"126","23.0","35.683","801.521"
"126","24.0","35.664","795.389"
"126","25.0","35.645","789.537"
"126","26.0","35.627","783.974"
"126","27.0","35.609","778.683"
"126","28.0","35.591","773.601"
"126","29.0","35.573","768.719"
"126","30.0","35.556","764.055"
"126","31.0","35.538","759.565"
"126","32.0","35.521","755.255"
"126","33.0","35.504","751.092"
"126","34.0","35.487","747.05"
"126","35.0","35.471","743.176"
"126","36.0","35.454","739.458"
"126","37.0","35.438","735.841"
"126","38.0","35.421","732.34"
"126","39.0","35.405","728.944"
"126","40.0","35.389","725.617"
"126","41.0","35.373","722.365"
"126","42.0","35.357","719.217"
"126","43.0","35.341","716.073"
"126","44.0","35.326","712.903"
"126","45.0","35.31","709.867"
"126","46.0","35.295","706.975"
"126","47.0","35.28","704.212"
"126","48.0","35.265","701.592"
"126","49.0","35.25","699.059"
"126","50.0","35.235","696.614"
"126","51.0","35.22","694.248"
"126","52.0","35.206","691.977"
"126","53.0","35.191","689.791"
"126","54.0","35.177","687.675"
"126","55.0","35.162","685.624"
"126","56.0","35.148","683.638"
"126","57.0","35.134","681.702"
"126","58.0","35.12","679.813"
"126","59.0","35.106","677.963"
"126","60.0","35.092","676.178"
"126","61.0","35.078","674.438"
"126","62.0","35.064","672.736"
"126","63.0","35.05","671.062"
"126","64.0","35.036","669.396"
"126","65.0","35.022","667.74"
"126","66.0","35.009","666.124"
"126","67.0","34.995","664.357"
"126","68.0","34.982","662.11"
"126","69.0","34.969","659.964"
"126","70.0","34.956","657.951"
"126","71.0","34.944","656.045"
"126","72.0","34.932","654.287"
"126","73.0","34.92","652.618"
"126","74.0","34.908","651.014"
"126","75.0","34.896","649.5"
"126","76.0","34.885","648.017"
"126","77.0","34.873","646.601"
"126","78.0","34.862","645.222"
"126","79.0","34.85","643.881"
"126","80.0","34.839","642.577"
"126","81.0","34.828","641.303"
"126","82.0","34.817","640.046"
"126","83.0","34.806","638.838"
"126","84.0","34.795","637.645"
"126","85.0","34.784","636.474"
"126","86.0","34.773","635.317"
"126","87.0","34.762","634.186"
"126","88.0","34.751","633.078"
"126","89.0","34.74","632.001"
"126","90.0","34.73","630.93"
"126","91.0","34.719","629.389"
"126","92.0","34.709","626.463"
"126","93.0","34.7","623.622"
"126","94.0","34.692","620.902"
"126","95.0","34.683","618.331"
"127","0.0","35.991","0.0"
"127","1.0","36.054","946.493"
"127","2.0","36.068","1058.251"
"127","3.0","36.067","1060.501"
"127","4.0","36.056","1037.958"
"127","5.0","36.038","1014.626"
"127","6.0","36.02","997.246"
"127","7.0","36.0","981.692"
"127","8.0","35.98","966.69"
"127","9.0","35.959","952.072"
"127","10.0","35.937","938.085"
"127","11.0","35.916","924.713"
"127","12.0","35.894","911.972"
"127","13.0","35.873","899.834"
"127","14.0","35.852","888.25"
"127","15.0","35.832","877.222"
"127","16.0","35.811","866.725"
"127","17.0","35.791","856.763"
"127","18.0","35.771","847.326"
"127","19.0","35.752","838.743"
"127","20.0","35.732","831.103"
"127","21.0","35.713","823.837"
"127","22.0","35.694","816.933"
"127","23.0","35.675","810.385"
"127","24.0","35.656","804.147"
"127","25.0","35.638","798.189"
"127","26.0","35.62","792.536"
"127","27.0","35.602","787.143"
"127","28.0","35.584","781.971"
"127","29.0","35.566","777.009"
"127","30.0","35.548","772.25"
"127","31.0","35.531","767.669"
"127","32.0","35.514","763.289"
"127","33.0","35.497","759.029"
"127","34.0","35.48","754.914"
"127","35.0","35.463","750.981"
"127","36.0","35.447","747.199"
"127","37.0","35.43","743.52"
"127","38.0","35.414","739.966"
"127","39.0","35.398","736.514"
"127","40.0","35.381","733.139"
"127","41.0","35.365","729.855"
"127","42.0","35.349","726.668"
"127","43.0","35.334","723.427"
"127","44.0","35.318","720.174"
"127","45.0","35.302","717.062"
"127","46.0","35.287","714.094"
"127","47.0","35.272","711.264"
"127","48.0","35.257","708.589"
"127","49.0","35.242","706.003"
"127","50.0","35.227","703.505"
"127","51.0","35.212","701.09"
"127","52.0","35.198","698.778"
"127","53.0","35.183","696.554"
"127","54.0","35.169","694.396"
"127","55.0","35.154","692.31"
"127","56.0","35.14","690.286"
"127","57.0","35.126","688.317"
"127","58.0","35.111","686.396"
"127","59.0","35.097","684.516"
"127","60.0","35.083","682.7"
"127","61.0","35.069","680.935"
"127","62.0","35.055","679.209"
"127","63.0","35.041","677.512"
"127","64.0","35.028","675.821"
"127","65.0","35.014","674.145"
"127","66.0","35.0","672.501"
"127","67.0","34.986","670.584"
"127","68.0","34.973","668.179"
"127","69.0","34.96","665.913"
"127","70.0","34.947","663.762"
"127","71.0","34.935","661.751"
"127","72.0","34.923","659.908"
"127","73.0","34.911","658.163"
"127","74.0","34.899","656.504"
"127","75.0","34.887","654.911"
"127","76.0","34.876","653.374"
"127","77.0","34.864","651.913"
"127","78.0","34.853","650.494"
"127","79.0","34.841","649.116"
"127","80.0","34.83","647.789"
"127","81.0","34.819","646.47"
"127","82.0","34.808","645.182"
"127","83.0","34.796","643.949"
"127","84.0","34.785","642.735"
"127","85.0","34.774","641.543"
"127","86.0","34.763","640.377"
"127","87.0","34.752","639.213"
"127","88.0","34.742","638.093"
"127","89.0","34.731","637.001"
"127","90.0","34.72","635.875"
"127","91.0","34.709","634.1"
"127","92.0","34.699","630.807"
"127","93.0","34.69","627.686"
"127","94.0","34.682","624.732"
"127","95.0","34.674","621.952"
"128","0.0","35.972","0.0"
"128","1.0","36.043","961.057"
"128","2.0","36.054","1064.707"
"128","3.0","36.053","1062.201"
"128","4.0","36.042","1042.584"
"128","5.0","36.025","1020.307"
"128","6.0","36.006","1003.371"
"128","7.0","35.987","988.127"
"128","8.0","35.967","973.366"
"128","9.0","35.946","958.887"
"128","10.0","35.925","944.949"
"128","11.0","35.904","931.574"
"128","12.0","35.883","918.797"
"128","13.0","35.862","906.601"
"128","14.0","35.841","894.932"
"128","15.0","35.82","883.811"
"128","16.0","35.8","873.205"
"128","17.0","35.78","863.137"
"128","18.0","35.76","853.57"
"128","19.0","35.741","844.967"
"128","20.0","35.722","837.285"
"128","21.0","35.702","829.961"
"128","22.0","35.683","822.995"
"128","23.0","35.664","816.385"
"128","24.0","35.646","810.073"
"128","25.0","35.627","804.046"
"128","26.0","35.609","798.328"
"128","27.0","35.591","792.866"
"128","28.0","35.573","787.634"
"128","29.0","35.555","782.615"
"128","30.0","35.538","777.793"
"128","31.0","35.521","773.15"
"128","32.0","35.503","768.72"
"128","33.0","35.486","764.394"
"128","34.0","35.47","760.231"
"128","35.0","35.453","756.255"
"128","36.0","35.436","752.429"
"128","37.0","35.42","748.71"
"128","38.0","35.403","745.118"
"128","39.0","35.387","741.629"
"128","40.0","35.371","738.223"
"128","41.0","35.355","734.915"
"128","42.0","35.339","731.708"
"128","43.0","35.323","728.403"
"128","44.0","35.307","725.092"
"128","45.0","35.292","721.929"
"128","46.0","35.276","718.91"
"128","47.0","35.261","716.037"
"128","48.0","35.246","713.324"
"128","49.0","35.231","710.7"
"128","50.0","35.216","708.166"
"128","51.0","35.202","705.719"
"128","52.0","35.187","703.377"
"128","53.0","35.172","701.127"
"128","54.0","35.158","698.944"
"128","55.0","35.143","696.832"
"128","56.0","35.129","694.782"
"128","57.0","35.115","692.791"
"128","58.0","35.1","690.848"
"128","59.0","35.086","688.948"
"128","60.0","35.072","687.111"
"128","61.0","35.058","685.326"
"128","62.0","35.044","683.581"
"128","63.0","35.03","681.866"
"128","64.0","35.016","680.155"
"128","65.0","35.003","678.465"
"128","66.0","34.989","676.825"
"128","67.0","34.975","674.782"
"128","68.0","34.962","672.269"
"128","69.0","34.949","669.9"
"128","70.0","34.936","667.676"
"128","71.0","34.924","665.593"
"128","72.0","34.912","663.691"
"128","73.0","34.899","661.894"
"128","74.0","34.888","660.177"
"128","75.0","34.876","658.548"
"128","76.0","34.864","656.975"
"128","77.0","34.853","655.484"
"128","78.0","34.841","654.038"
"128","79.0","34.83","652.634"
"128","80.0","34.818","651.272"
"128","81.0","34.807","649.94"
"128","82.0","34.796","648.633"
"128","83.0","34.785","647.383"
"128","84.0","34.774","646.154"
"128","85.0","34.763","644.948"
"128","86.0","34.752","643.758"
"128","87.0","34.741","642.588"
"128","88.0","34.73","641.461"
"128","89.0","34.719","640.357"
"128","90.0","34.708","639.261"
"128","91.0","34.697","637.218"
"128","92.0","34.688","633.688"
"128","93.0","34.679","630.38"
"128","94.0","34.67","627.27"
"128","95.0","34.662","624.349"
"129","0.0","35.952","0.0"
"129","1.0","36.009","934.075"
"129","2.0","36.026","1067.352"
"129","3.0","36.026","1064.216"
"129","4.0","36.016","1045.645"
"129","5.0","36.0","1024.271"
"129","6.0","35.982","1007.701"
"129","7.0","35.963","992.695"
"129","8.0","35.944","978.106"
"129","9.0","35.923","963.727"
"129","10.0","35.903","949.834"
"129","11.0","35.882","936.468"
"129","12.0","35.861","923.668"
"129","13.0","35.84","911.43"
"129","14.0","35.82","899.704"
"129","15.0","35.8","888.518"
"129","16.0","35.78","877.843"
"129","17.0","35.76","867.697"
"129","18.0","35.74","858.077"
"129","19.0","35.721","849.441"
"129","20.0","35.702","841.733"
"129","21.0","35.683","834.372"
"129","22.0","35.664","827.364"
"129","23.0","35.645","820.71"
"129","24.0","35.627","814.351"
"129","25.0","35.609","808.275"
"129","26.0","35.59","802.514"
"129","27.0","35.573","797.006"
"129","28.0","35.555","791.732"
"129","29.0","35.537","786.674"
"129","30.0","35.52","781.81"
"129","31.0","35.502","777.123"
"129","32.0","35.485","772.659"
"129","33.0","35.468","768.292"
"129","34.0","35.451","764.093"
"129","35.0","35.435","760.089"
"129","36.0","35.418","756.234"
"129","37.0","35.402","752.485"
"129","38.0","35.385","748.868"
"129","39.0","35.369","745.352"
"129","40.0","35.353","741.922"
"129","41.0","35.337","738.598"
"129","42.0","35.321","735.36"
"129","43.0","35.305","732.013"
"129","44.0","35.289","728.661"
"129","45.0","35.274","725.461"
"129","46.0","35.258","722.407"
"129","47.0","35.243","719.502"
"129","48.0","35.228","716.76"
"129","49.0","35.213","714.112"
"129","50.0","35.198","711.553"
"129","51.0","35.184","709.082"
"129","52.0","35.169","706.715"
"129","53.0","35.154","704.443"
"129","54.0","35.14","702.235"
"129","55.0","35.125","700.101"
"129","56.0","35.111","698.029"
"129","57.0","35.097","696.016"
"129","58.0","35.082","694.055"
"129","59.0","35.068","692.135"
"129","60.0","35.054","690.278"
"129","61.0","35.04","688.477"
"129","62.0","35.026","686.716"
"129","63.0","35.012","684.986"
"129","64.0","34.998","683.259"
"129","65.0","34.984","681.556"
"129","66.0","34.97","679.896"
"129","67.0","34.957","677.757"
"129","68.0","34.943","675.169"
"129","69.0","34.93","672.745"
"129","70.0","34.918","670.446"
"129","71.0","34.905","668.312"
"129","72.0","34.893","666.36"
"129","73.0","34.881","664.521"
"129","74.0","34.869","662.779"
"129","75.0","34.857","661.1"
"129","76.0","34.846","659.498"
"129","77.0","34.834","657.981"
"129","78.0","34.823","656.511"
"129","79.0","34.811","655.085"
"129","80.0","34.8","653.714"
"129","81.0","34.789","652.349"
"129","82.0","34.777","651.023"
"129","83.0","34.766","649.757"
"129","84.0","34.755","648.514"
"129","85.0","34.744","647.293"
"129","86.0","34.733","646.101"
"129","87.0","34.722","644.902"
"129","88.0","34.711","643.767"
"129","89.0","34.7","642.65"
"129","90.0","34.689","641.582"
"129","91.0","34.679","639.314"
"129","92.0","34.669","635.633"
"129","93.0","34.66","632.192"
"129","94.0","34.652","628.976"
"129","95.0","34.644","625.959"
"130","0.0","35.916","0.0"
"130","1.0","35.966","934.581"
"130","2.0","35.988","1070.948"
"130","3.0","35.986","1065.212"
"130","4.0","35.978","1048.141"
"130","5.0","35.963","1027.782"
"130","6.0","35.946","1011.564"
"130","7.0","35.928","996.733"
"130","8.0","35.909","982.296"
"130","9.0","35.889","968.02"
"130","10.0","35.869","954.165"
"130","11.0","35.849","940.797"
"130","12.0","35.829","927.977"
"130","13.0","35.809","915.709"
"130","14.0","35.789","903.926"
"130","15.0","35.769","892.679"
"130","16.0","35.749","881.94"
"130","17.0","35.73","871.724"
"130","18.0","35.711","862.04"
"130","19.0","35.692","853.392"
"130","20.0","35.673","845.643"
"130","21.0","35.654","838.235"
"130","22.0","35.636","831.179"
"130","23.0","35.617","824.473"
"130","24.0","35.599","818.058"
"130","25.0","35.581","811.93"
"130","26.0","35.563","806.115"
"130","27.0","35.545","800.555"
"130","28.0","35.527","795.233"
"130","29.0","35.51","790.127"
"130","30.0","35.492","785.214"
"130","31.0","35.475","780.48"
"130","32.0","35.458","775.974"
"130","33.0","35.441","771.574"
"130","34.0","35.424","767.348"
"130","35.0","35.408","763.318"
"130","36.0","35.391","759.435"
"130","37.0","35.375","755.663"
"130","38.0","35.358","752.021"
"130","39.0","35.342","748.481"
"130","40.0","35.326","745.032"
"130","41.0","35.31","741.692"
"130","42.0","35.294","738.436"
"130","43.0","35.278","735.05"
"130","44.0","35.262","731.663"
"130","45.0","35.247","728.431"
"130","46.0","35.231","725.347"
"130","47.0","35.216","722.414"
"130","48.0","35.201","719.644"
"130","49.0","35.186","716.968"
"130","50.0","35.171","714.383"
"130","51.0","35.156","711.89"
"130","52.0","35.141","709.499"
"130","53.0","35.127","707.207"
"130","54.0","35.112","704.98"
"130","55.0","35.098","702.827"
"130","56.0","35.083","700.736"
"130","57.0","35.069","698.706"
"130","58.0","35.054","696.728"
"130","59.0","35.04","694.792"
"130","60.0","35.026","692.919"
"130","61.0","35.012","691.103"
"130","62.0","34.998","689.328"
"130","63.0","34.984","687.586"
"130","64.0","34.97","685.848"
"130","65.0","34.956","684.136"
"130","66.0","34.942","682.453"
"130","67.0","34.928","680.24"
"130","68.0","34.915","677.596"
"130","69.0","34.902","675.105"
"130","70.0","34.889","672.77"
"130","71.0","34.876","670.596"
"130","72.0","34.864","668.606"
"130","73.0","34.852","666.737"
"130","74.0","34.84","664.956"
"130","75.0","34.828","663.262"
"130","76.0","34.816","661.641"
"130","77.0","34.805","660.105"
"130","78.0","34.793","658.62"
"130","79.0","34.782","657.18"
"130","80.0","34.77","655.782"
"130","81.0","34.759","654.415"
"130","82.0","34.748","653.078"
"130","83.0","34.736","651.801"
"130","84.0","34.725","650.55"
"130","85.0","34.714","649.321"
"130","86.0","34.703","648.109"
"130","87.0","34.692","646.913"
"130","88.0","34.681","645.774"
"130","89.0","34.67","644.65"
"130","90.0","34.658","643.523"
"130","91.0","34.648","641.095"
"130","92.0","34.639","637.293"
"130","93.0","34.63","633.741"
"130","94.0","34.622","630.437"
"130","95.0","34.614","627.338"
"13","0.0","35.889","0.0"
"13","1.0","35.946","950.994"
"13","2.0","35.965","1075.928"
"13","3.0","35.963","1065.183"
"13","4.0","35.955","1050.03"
"13","5.0","35.941","1030.552"
"13","6.0","35.925","1014.563"
"13","7.0","35.907","999.877"
"13","8.0","35.888","985.568"
"13","9.0","35.869","971.375"
"13","10.0","35.849","957.555"
"13","11.0","35.829","944.196"
"13","12.0","35.809","931.368"
"13","13.0","35.789","919.073"
"13","14.0","35.77","907.256"
"13","15.0","35.75","895.973"
"13","16.0","35.731","885.185"
"13","17.0","35.711","874.926"
"13","18.0","35.693","865.18"
"13","19.0","35.674","856.557"
"13","20.0","35.655","848.785"
"13","21.0","35.636","841.352"
"13","22.0","35.618","834.269"
"13","23.0","35.599","827.539"
"13","24.0","35.581","821.09"
"13","25.0","35.563","814.929"
"13","26.0","35.545","809.088"
"13","27.0","35.527","803.496"
"13","28.0","35.51","798.144"
"13","29.0","35.492","793.013"
"13","30.0","35.475","788.069"
"13","31.0","35.458","783.306"
"13","32.0","35.441","778.779"
"13","33.0","35.424","774.36"
"13","34.0","35.407","770.11"
"13","35.0","35.39","766.063"
"13","36.0","35.373","762.158"
"13","37.0","35.357","758.366"
"13","38.0","35.341","754.707"
"13","39.0","35.324","751.147"
"13","40.0","35.308","747.683"
"13","41.0","35.292","744.332"
"13","42.0","35.276","741.056"
"13","43.0","35.26","737.63"
"13","44.0","35.244","734.217"
"13","45.0","35.229","730.96"
"13","46.0","35.213","727.851"
"13","47.0","35.198","724.896"
"13","48.0","35.183","722.102"
"13","49.0","35.168","719.41"
"13","50.0","35.153","716.808"
"13","51.0","35.138","714.301"
"13","52.0","35.123","711.894"
"13","53.0","35.108","709.588"
"13","54.0","35.093","707.348"
"13","55.0","35.079","705.184"
"13","56.0","35.064","703.081"
"13","57.0","35.05","701.041"
"13","58.0","35.035","699.052"
"13","59.0","35.021","697.105"
"13","60.0","35.007","695.223"
"13","61.0","34.992","693.399"
"13","62.0","34.978","691.616"
"13","63.0","34.964","689.866"
"13","64.0","34.95","688.123"
"13","65.0","34.936","686.405"
"13","66.0","34.922","684.697"
"13","67.0","34.908","682.401"
"13","68.0","34.895","679.712"
"13","69.0","34.882","677.186"
"13","70.0","34.869","674.8"
"13","71.0","34.856","672.593"
"13","72.0","34.844","670.573"
"13","73.0","34.832","668.677"
"13","74.0","34.82","666.885"
"13","75.0","34.808","665.158"
"13","76.0","34.796","663.521"
"13","77.0","34.784","661.97"
"13","78.0","34.773","660.472"
"13","79.0","34.761","659.02"
"13","80.0","34.749","657.621"
"13","81.0","34.738","656.231"
"13","82.0","34.727","654.886"
"13","83.0","34.715","653.601"
"13","84.0","34.704","652.342"
"13","85.0","34.693","651.106"
"13","86.0","34.681","649.898"
"13","87.0","34.67","648.683"
"13","88.0","34.659","647.539"
"13","89.0","34.648","646.41"
"13","90.0","34.637","645.236"
"13","91.0","34.626","642.628"
"13","92.0","34.617","638.726"
"13","93.0","34.608","635.079"
"13","94.0","34.6","631.695"
"13","95.0","34.593","628.532"
"13_sec13_0","0.0","35.889","0.0"
"13_sec13_0","1.0","35.946","950.994"
"13_sec13_0","2.0","35.965","1075.928"
"13_sec13_0","3.0","35.963","1065.183"
"13_sec13_0","4.0","35.955","1050.03"
"13_sec13_0","5.0","35.941","1030.552"
"13_sec13_0","6.0","35.925","1014.563"
"13_sec13_0","7.0","35.907","999.877"
"13_sec13_0","8.0","35.888","985.568"
"13_sec13_0","9.0","35.869","971.375"
"13_sec13_0","10.0","35.849","957.555"
"13_sec13_0","11.0","35.829","944.196"
"13_sec13_0","12.0","35.809","931.368"
"13_sec13_0","13.0","35.789","919.073"
"13_sec13_0","14.0","35.77","907.256"
"13_sec13_0","15.0","35.75","895.973"
"13_sec13_0","16.0","35.731","885.185"
"13_sec13_0","17.0","35.711","874.926"
"13_sec13_0","18.0","35.693","865.18"
"13_sec13_0","19.0","35.674","856.557"
"13_sec13_0","20.0","35.655","848.785"
"13_sec13_0","21.0","35.636","841.352"
"13_sec13_0","22.0","35.618","834.269"
"13_sec13_0","23.0","35.599","827.539"
"13_sec13_0","24.0","35.581","821.09"
"13_sec13_0","25.0","35.563","814.929"
"13_sec13_0","26.0","35.545","809.088"
"13_sec13_0","27.0","35.527","803.496"
"13_sec13_0","28.0","35.51","798.144"
"13_sec13_0","29.0","35.492","793.013"
"13_sec13_0","30.0","35.475","788.069"
"13_sec13_0","31.0","35.458","783.306"
"13_sec13_0","32.0","35.441","778.779"
"13_sec13_0","33.0","35.424","774.36"
"13_sec13_0","34.0","35.407","770.11"
"13_sec13_0","35.0","35.39","766.063"
"13_sec13_0","36.0","35.373","762.158"
"13_sec13_0","37.0","35.357","758.366"
"13_sec13_0","38.0","35.341","754.707"
"13_sec13_0","39.0","35.324","751.147"
"13_sec13_0","40.0","35.308","747.683"
"13_sec13_0","41.0","35.292","744.332"
"13_sec13_0","42.0","35.276","741.056"
"13_sec13_0","43.0","35.26","737.63"
"13_sec13_0","44.0","35.244","734.217"
"13_sec13_0","45.0","35.229","730.96"
"13_sec13_0","46.0","35.213","727.851"
"13_sec13_0","47.0","35.198","724.896"
"13_sec13_0","48.0","35.183","722.102"
"13_sec13_0","49.0","35.168","719.41"
"13_sec13_0","50.0","35.153","716.808"
"13_sec13_0","51.0","35.138","714.301"
"13_sec13_0","52.0","35.123","711.894"
"13_sec13_0","53.0","35.108","709.588"
"13_sec13_0","54.0","35.093","707.348"
"13_sec13_0","55.0","35.079","705.184"
"13_sec13_0","56.0","35.064","703.081"
"13_sec13_0","57.0","35.05","701.041"
"13_sec13_0","58.0","35.035","699.052"
"13_sec13_0","59.0","35.021","697.105"
"13_sec13_0","60.0","35.007","695.223"
"13_sec13_0","61.0","34.992","693.399"
"13_sec13_0","62.0","34.978","691.616"
"13_sec13_0","63.0","34.964","689.866"
"13_sec13_0","64.0","34.95","688.123"
"13_sec13_0","65.0","34.936","686.405"
"13_sec13_0","66.0","34.922","684.697"
"13_sec13_0","67.0","34.908","682.401"
"13_sec13_0","68.0","34.895","679.712"
"13_sec13_0","69.0","34.882","677.186"
"13_sec13_0","70.0","34.869","674.8"
"13_sec13_0","71.0","34.856","672.593"
"13_sec13_0","72.0","34.844","670.573"
"13_sec13_0","73.0","34.832","668.677"
"13_sec13_0","74.0","34.82","666.885"
"13_sec13_0","75.0","34.808","665.158"
"13_sec13_0","76.0","34.796","663.521"
"13_sec13_0","77.0","34.784","661.97"
"13_sec13_0","78.0","34.773","660.472"
"13_sec13_0","79.0","34.761","659.02"
"13_sec13_0","80.0","34.749","657.621"
"13_sec13_0","81.0","34.738","656.231"
"13_sec13_0","82.0","34.727","654.886"
"13_sec13_0","83.0","34.715","653.601"
"13_sec13_0","84.0","34.704","652.342"
"13_sec13_0","85.0","34.693","651.106"
"13_sec13_0","86.0","34.681","649.898"
"13_sec13_0","87.0","34.67","648.683"
"13_sec13_0","88.0","34.659","647.539"
"13_sec13_0","89.0","34.648","646.41"
"13_sec13_0","90.0","34.637","645.236"
"13_sec13_0","91.0","34.626","642.628"
"13_sec13_0","92.0","34.617","638.726"
"13_sec13_0","93.0","34.608","635.079"
"13_sec13_0","94.0","34.6","631.695"
"13_sec13_0","95.0","34.593","628.532"
"131","0.0","35.872","0.0"
"131","1.0","35.92","920.886"
"131","2.0","35.935","1076.627"
"131","3.0","35.934","1065.792"
"131","4.0","35.928","1053.409"
"131","5.0","35.915","1035.569"
"131","6.0","35.899","1019.863"
"131","7.0","35.882","1005.491"
"131","8.0","35.864","991.415"
"131","9.0","35.845","977.376"
"131","10.0","35.826","963.62"
"131","11.0","35.806","950.273"
"131","12.0","35.787","937.429"
"131","13.0","35.767","925.091"
"131","14.0","35.748","913.201"
"131","15.0","35.729","901.847"
"131","16.0","35.71","890.965"
"131","17.0","35.691","880.62"
"131","18.0","35.672","870.743"
"131","19.0","35.654","862.18"
"131","20.0","35.635","854.359"
"131","21.0","35.617","846.877"
"131","22.0","35.598","839.742"
"131","23.0","35.58","832.968"
"131","24.0","35.562","826.457"
"131","25.0","35.544","820.239"
"131","26.0","35.526","814.35"
"131","27.0","35.508","808.699"
"131","28.0","35.491","803.292"
"131","29.0","35.474","798.118"
"131","30.0","35.456","793.115"
"131","31.0","35.439","788.301"
"131","32.0","35.422","783.737"
"131","33.0","35.405","779.279"
"131","34.0","35.389","774.986"
"131","35.0","35.372","770.907"
"131","36.0","35.356","766.959"
"131","37.0","35.339","763.13"
"131","38.0","35.323","759.443"
"131","39.0","35.306","755.845"
"131","40.0","35.29","752.353"
"131","41.0","35.274","748.987"
"131","42.0","35.258","745.694"
"131","43.0","35.242","742.187"
"131","44.0","35.227","738.727"
"131","45.0","35.211","735.427"
"131","46.0","35.196","732.279"
"131","47.0","35.18","729.286"
"131","48.0","35.165","726.456"
"131","49.0","35.15","723.732"
"131","50.0","35.135","721.1"
"131","51.0","35.12","718.568"
"131","52.0","35.105","716.134"
"131","53.0","35.091","713.804"
"131","54.0","35.076","711.543"
"131","55.0","35.061","709.357"
"131","56.0","35.047","707.233"
"131","57.0","35.032","705.174"
"131","58.0","35.018","703.166"
"131","59.0","35.003","701.201"
"131","60.0","34.989","699.299"
"131","61.0","34.975","697.456"
"131","62.0","34.961","695.654"
"131","63.0","34.946","693.886"
"131","64.0","34.932","692.13"
"131","65.0","34.918","690.397"
"131","66.0","34.904","688.7"
"131","67.0","34.89","686.197"
"131","68.0","34.877","683.421"
"131","69.0","34.864","680.805"
"131","70.0","34.851","678.354"
"131","71.0","34.839","676.091"
"131","72.0","34.826","674.015"
"131","73.0","34.814","672.073"
"131","74.0","34.802","670.232"
"131","75.0","34.79","668.471"
"131","76.0","34.778","666.807"
"131","77.0","34.766","665.228"
"131","78.0","34.755","663.707"
"131","79.0","34.743","662.233"
"131","80.0","34.732","660.803"
"131","81.0","34.72","659.398"
"131","82.0","34.709","658.039"
"131","83.0","34.697","656.737"
"131","84.0","34.686","655.465"
"131","85.0","34.675","654.216"
"131","86.0","34.663","652.984"
"131","87.0","34.652","651.761"
"131","88.0","34.641","650.604"
"131","89.0","34.63","649.462"
"131","90.0","34.619","648.304"
"131","91.0","34.608","645.238"
"131","92.0","34.599","641.146"
"131","93.0","34.591","637.34"
"131","94.0","34.583","633.827"
"131","95.0","34.575","630.546"
"132","0.0","35.859","13.0"
"132","1.0","35.895","895.012"
"132","2.0","35.915","1072.597"
"132","3.0","35.914","1066.268"
"132","4.0","35.909","1055.108"
"132","5.0","35.896","1038.09"
"132","6.0","35.881","1022.5"
"132","7.0","35.864","1008.317"
"132","8.0","35.846","994.37"
"132","9.0","35.828","980.428"
"132","10.0","35.809","966.715"
"132","11.0","35.79","953.38"
"132","12.0","35.77","940.539"
"132","13.0","35.751","928.195"
"132","14.0","35.732","916.276"
"132","15.0","35.713","904.896"
"132","16.0","35.694","893.975"
"132","17.0","35.676","883.594"
"132","18.0","35.657","873.671"
"132","19.0","35.639","865.151"
"132","20.0","35.62","857.313"
"132","21.0","35.602","849.812"
"132","22.0","35.584","842.647"
"132","23.0","35.566","835.848"
"132","24.0","35.548","829.304"
"132","25.0","35.53","823.052"
"132","26.0","35.512","817.138"
"132","27.0","35.494","811.455"
"132","28.0","35.477","806.017"
"132","29.0","35.46","800.818"
"132","30.0","35.443","795.783"
"132","31.0","35.426","790.939"
"132","32.0","35.409","786.355"
"132","33.0","35.392","781.876"
"132","34.0","35.375","777.557"
"132","35.0","35.359","773.462"
"132","36.0","35.342","769.489"
"132","37.0","35.326","765.637"
"132","38.0","35.31","761.939"
"132","39.0","35.293","758.324"
"132","40.0","35.277","754.815"
"132","41.0","35.261","751.444"
"132","42.0","35.245","748.137"
"132","43.0","35.229","744.584"
"132","44.0","35.213","741.099"
"132","45.0","35.198","737.778"
"132","46.0","35.183","734.609"
"132","47.0","35.167","731.597"
"132","48.0","35.152","728.746"
"132","49.0","35.137","726.007"
"132","50.0","35.122","723.359"
"132","51.0","35.107","720.814"
"132","52.0","35.092","718.366"
"132","53.0","35.078","716.024"
"132","54.0","35.063","713.751"
"132","55.0","35.048","711.555"
"132","56.0","35.034","709.419"
"132","57.0","35.019","707.35"
"132","58.0","35.005","705.333"
"132","59.0","34.99","703.359"
"132","60.0","34.976","701.446"
"132","61.0","34.962","699.596"
"132","62.0","34.947","697.786"
"132","63.0","34.933","696.011"
"132","64.0","34.919","694.25"
"132","65.0","34.905","692.511"
"132","66.0","34.891","690.823"
"132","67.0","34.877","688.197"
"132","68.0","34.864","685.375"
"132","69.0","34.851","682.731"
"132","70.0","34.838","680.231"
"132","71.0","34.825","677.942"
"132","72.0","34.813","675.839"
"132","73.0","34.801","673.874"
"132","74.0","34.789","672.025"
"132","75.0","34.777","670.231"
"132","76.0","34.765","668.554"
"132","77.0","34.753","666.963"
"132","78.0","34.741","665.43"
"132","79.0","34.73","663.946"
"132","80.0","34.718","662.516"
"132","81.0","34.707","661.088"
"132","82.0","34.695","659.723"
"132","83.0","34.684","658.414"
"132","84.0","34.672","657.136"
"132","85.0","34.661","655.88"
"132","86.0","34.65","654.655"
"132","87.0","34.639","653.411"
"132","88.0","34.627","652.248"
"132","89.0","34.616","651.101"
"132","90.0","34.605","649.994"
"132","91.0","34.595","646.626"
"132","92.0","34.586","642.433"
"132","93.0","34.578","638.545"
"132","94.0","34.57","634.964"
"132","95.0","34.562","631.62"
"133","0.0","35.844","1.0"
"133","1.0","35.869","879.469"
"133","2.0","35.894","1071.056"
"133","3.0","35.892","1066.289"
"133","4.0","35.887","1056.873"
"133","5.0","35.875","1040.596"
"133","6.0","35.86","1025.205"
"133","7.0","35.844","1011.244"
"133","8.0","35.826","997.437"
"133","9.0","35.808","983.592"
"133","10.0","35.79","969.929"
"133","11.0","35.771","956.62"
"133","12.0","35.752","943.787"
"133","13.0","35.733","931.429"
"133","14.0","35.714","919.485"
"133","15.0","35.695","908.081"
"133","16.0","35.677","897.123"
"133","17.0","35.659","886.708"
"133","18.0","35.64","876.738"
"133","19.0","35.622","868.266"
"133","20.0","35.604","860.411"
"133","21.0","35.586","852.89"
"133","22.0","35.567","845.699"
"133","23.0","35.549","838.879"
"133","24.0","35.532","832.306"
"133","25.0","35.514","826.027"
"133","26.0","35.496","820.089"
"133","27.0","35.479","814.378"
"133","28.0","35.461","808.913"
"133","29.0","35.444","803.692"
"133","30.0","35.427","798.628"
"133","31.0","35.41","793.76"
"133","32.0","35.393","789.157"
"133","33.0","35.377","784.658"
"133","34.0","35.36","780.319"
"133","35.0","35.344","776.209"
"133","36.0","35.327","772.215"
"133","37.0","35.311","768.346"
"133","38.0","35.294","764.637"
"133","39.0","35.278","761.003"
"133","40.0","35.262","757.48"
"133","41.0","35.246","754.099"
"133","42.0","35.23","750.779"
"133","43.0","35.214","747.18"
"133","44.0","35.199","743.669"
"133","45.0","35.183","740.324"
"133","46.0","35.168","737.134"
"133","47.0","35.152","734.102"
"133","48.0","35.137","731.23"
"133","49.0","35.122","728.475"
"133","50.0","35.107","725.811"
"133","51.0","35.092","723.252"
"133","52.0","35.078","720.789"
"133","53.0","35.063","718.432"
"133","54.0","35.048","716.146"
"133","55.0","35.033","713.938"
"133","56.0","35.019","711.79"
"133","57.0","35.004","709.711"
"133","58.0","34.99","707.681"
"133","59.0","34.975","705.697"
"133","60.0","34.961","703.773"
"133","61.0","34.947","701.914"
"133","62.0","34.932","700.095"
"133","63.0","34.918","698.312"
"133","64.0","34.904","696.544"
"133","65.0","34.89","694.798"
"133","66.0","34.876","693.117"
"133","67.0","34.862","690.358"
"133","68.0","34.849","687.488"
"133","69.0","34.836","684.796"
"133","70.0","34.823","682.265"
"133","71.0","34.81","679.947"
"133","72.0","34.798","677.816"
"133","73.0","34.786","675.827"
"133","74.0","34.774","673.948"
"133","75.0","34.762","672.142"
"133","76.0","34.75","670.452"
"133","77.0","34.738","668.847"
"133","78.0","34.726","667.302"
"133","79.0","34.715","665.807"
"133","80.0","34.703","664.359"
"133","81.0","34.692","662.926"
"133","82.0","34.68","661.556"
"133","83.0","34.669","660.239"
"133","84.0","34.657","658.954"
"133","85.0","34.646","657.693"
"133","86.0","34.634","656.452"
"133","87.0","34.623","655.208"
"133","88.0","34.612","654.039"
"133","89.0","34.601","652.887"
"133","90.0","34.589","651.819"
"133","91.0","34.58","648.099"
"133","92.0","34.571","643.802"
"133","93.0","34.562","639.828"
"133","94.0","34.555","636.178"
"133","95.0","34.547","632.764"
"134","0.0","35.829","0.0"
"134","1.0","35.86","882.34"
"134","2.0","35.879","1070.815"
"134","3.0","35.876","1065.702"
"134","4.0","35.871","1058.434"
"134","5.0","35.86","1042.719"
"134","6.0","35.845","1027.543"
"134","7.0","35.829","1013.763"
"134","8.0","35.812","1000.08"
"134","9.0","35.794","986.322"
"134","10.0","35.776","972.704"
"134","11.0","35.757","959.416"
"134","12.0","35.738","946.589"
"134","13.0","35.72","934.223"
"134","14.0","35.701","922.259"
"134","15.0","35.682","910.834"
"134","16.0","35.664","899.843"
"134","17.0","35.646","889.4"
"134","18.0","35.628","879.417"
"134","19.0","35.61","870.974"
"134","20.0","35.592","863.107"
"134","21.0","35.573","855.569"
"134","22.0","35.555","848.354"
"134","23.0","35.538","841.518"
"134","24.0","35.52","834.922"
"134","25.0","35.502","828.619"
"134","26.0","35.485","822.662"
"134","27.0","35.467","816.925"
"134","28.0","35.45","811.434"
"134","29.0","35.433","806.192"
"134","30.0","35.416","801.103"
"134","31.0","35.399","796.211"
"134","32.0","35.382","791.591"
"134","33.0","35.365","787.075"
"134","34.0","35.349","782.715"
"134","35.0","35.332","778.591"
"134","36.0","35.316","774.578"
"134","37.0","35.3","770.69"
"134","38.0","35.283","766.971"
"134","39.0","35.267","763.319"
"134","40.0","35.251","759.78"
"134","41.0","35.235","756.392"
"134","42.0","35.219","753.051"
"134","43.0","35.203","749.412"
"134","44.0","35.188","745.877"
"134","45.0","35.172","742.511"
"134","46.0","35.157","739.302"
"134","47.0","35.141","736.252"
"134","48.0","35.126","733.363"
"134","49.0","35.111","730.59"
"134","50.0","35.096","727.913"
"134","51.0","35.081","725.341"
"134","52.0","35.066","722.865"
"134","53.0","35.052","720.495"
"134","54.0","35.037","718.2"
"134","55.0","35.022","715.98"
"134","56.0","35.008","713.822"
"134","57.0","34.993","711.733"
"134","58.0","34.979","709.693"
"134","59.0","34.964","707.7"
"134","60.0","34.95","705.766"
"134","61.0","34.935","703.898"
"134","62.0","34.921","702.071"
"134","63.0","34.907","700.28"
"134","64.0","34.892","698.507"
"134","65.0","34.878","696.754"
"134","66.0","34.864","695.061"
"134","67.0","34.85","692.188"
"134","68.0","34.837","689.28"
"134","69.0","34.824","686.564"
"134","70.0","34.811","683.992"
"134","71.0","34.799","681.652"
"134","72.0","34.787","679.497"
"134","73.0","34.774","677.489"
"134","74.0","34.762","675.603"
"134","75.0","34.75","673.768"
"134","76.0","34.738","672.068"
"134","77.0","34.726","670.451"
"134","78.0","34.715","668.897"
"134","79.0","34.703","667.393"
"134","80.0","34.691","665.945"
"134","81.0","34.68","664.493"
"134","82.0","34.668","663.119"
"134","83.0","34.657","661.796"
"134","84.0","34.645","660.506"
"134","85.0","34.634","659.24"
"134","86.0","34.622","658.003"
"134","87.0","34.611","656.742"
"134","88.0","34.6","655.57"
"134","89.0","34.588","654.413"
"134","90.0","34.577","653.364"
"134","91.0","34.567","649.336"
"134","92.0","34.559","644.96"
"134","93.0","34.55","640.916"
"134","94.0","34.543","637.201"
"134","95.0","34.535","633.735"
"135","0.0","35.816","0.0"
"135","1.0","35.855","893.327"
"135","2.0","35.866","1067.224"
"135","3.0","35.863","1064.66"
"135","4.0","35.859","1060.026"
"135","5.0","35.848","1044.91"
"135","6.0","35.833","1029.982"
"135","7.0","35.817","1016.394"
"135","8.0","35.8","1002.842"
"135","9.0","35.783","989.185"
"135","10.0","35.765","975.619"
"135","11.0","35.746","962.357"
"135","12.0","35.728","949.541"
"135","13.0","35.709","937.174"
"135","14.0","35.691","925.193"
"135","15.0","35.672","913.741"
"135","16.0","35.654","902.715"
"135","17.0","35.636","892.238"
"135","18.0","35.618","882.239"
"135","19.0","35.6","873.823"
"135","20.0","35.582","865.934"
"135","21.0","35.564","858.377"
"135","22.0","35.546","851.142"
"135","23.0","35.528","844.281"
"135","24.0","35.511","837.657"
"135","25.0","35.493","831.332"
"135","26.0","35.476","825.348"
"135","27.0","35.458","819.581"
"135","28.0","35.441","814.068"
"135","29.0","35.424","808.8"
"135","30.0","35.407","803.686"
"135","31.0","35.39","798.777"
"135","32.0","35.373","794.137"
"135","33.0","35.357","789.606"
"135","34.0","35.34","785.231"
"135","35.0","35.324","781.091"
"135","36.0","35.307","777.06"
"135","37.0","35.291","773.16"
"135","38.0","35.275","769.427"
"135","39.0","35.258","765.76"
"135","40.0","35.242","762.211"
"135","41.0","35.226","758.812"
"135","42.0","35.21","755.449"
"135","43.0","35.194","751.773"
"135","44.0","35.179","748.216"
"135","45.0","35.163","744.83"
"135","46.0","35.148","741.603"
"135","47.0","35.133","738.536"
"135","48.0","35.118","735.629"
"135","49.0","35.102","732.844"
"135","50.0","35.087","730.153"
"135","51.0","35.073","727.569"
"135","52.0","35.058","725.083"
"135","53.0","35.043","722.702"
"135","54.0","35.028","720.395"
"135","55.0","35.013","718.166"
"135","56.0","34.999","715.999"
"135","57.0","34.984","713.902"
"135","58.0","34.97","711.852"
"135","59.0","34.955","709.851"
"135","60.0","34.941","707.908"
"135","61.0","34.926","706.035"
"135","62.0","34.912","704.2"
"135","63.0","34.898","702.403"
"135","64.0","34.883","700.625"
"135","65.0","34.869","698.867"
"135","66.0","34.855","697.158"
"135","67.0","34.841","694.169"
"135","68.0","34.828","691.225"
"135","69.0","34.815","688.47"
"135","70.0","34.802","685.871"
"135","71.0","34.79","683.506"
"135","72.0","34.777","681.327"
"135","73.0","34.765","679.299"
"135","74.0","34.753","677.387"
"135","75.0","34.741","675.541"
"135","76.0","34.729","673.831"
"135","77.0","34.717","672.202"
"135","78.0","34.705","670.638"
"135","79.0","34.694","669.126"
"135","80.0","34.682","667.661"
"135","81.0","34.67","666.205"
"135","82.0","34.659","664.828"
"135","83.0","34.647","663.499"
"135","84.0","34.636","662.203"
"135","85.0","34.624","660.932"
"135","86.0","34.613","659.683"
"135","87.0","34.602","658.422"
"135","88.0","34.59","657.246"
"135","89.0","34.579","656.085"
"135","90.0","34.568","655.013"
"135","91.0","34.558","650.666"
"135","92.0","34.549","646.208"
"135","93.0","34.541","642.088"
"135","94.0","34.533","638.306"
"135","95.0","34.526","634.784"
"136","0.0","35.798","0.0"
"136","1.0","35.834","869.054"
"136","2.0","35.853","1056.302"
"136","3.0","35.85","1063.642"
"136","4.0","35.846","1062.762"
"136","5.0","35.835","1048.857"
"136","6.0","35.821","1034.388"
"136","7.0","35.805","1021.174"
"136","8.0","35.788","1007.858"
"136","9.0","35.771","994.373"
"136","10.0","35.753","980.903"
"136","11.0","35.735","967.692"
"136","12.0","35.717","954.897"
"136","13.0","35.698","942.519"
"136","14.0","35.68","930.502"
"136","15.0","35.662","919.001"
"136","16.0","35.644","907.935"
"136","17.0","35.626","897.399"
"136","18.0","35.608","887.414"
"136","19.0","35.59","879.059"
"136","20.0","35.572","871.147"
"136","21.0","35.554","863.566"
"136","22.0","35.536","856.299"
"136","23.0","35.518","849.409"
"136","24.0","35.501","842.745"
"136","25.0","35.483","836.386"
"136","26.0","35.466","830.366"
"136","27.0","35.448","824.556"
"136","28.0","35.431","819.007"
"136","29.0","35.414","813.703"
"136","30.0","35.397","808.553"
"136","31.0","35.38","803.611"
"136","32.0","35.364","798.939"
"136","33.0","35.347","794.382"
"136","34.0","35.33","789.979"
"136","35.0","35.314","785.813"
"136","36.0","35.298","781.749"
"136","37.0","35.281","777.826"
"136","38.0","35.265","774.073"
"136","39.0","35.249","770.379"
"136","40.0","35.233","766.809"
"136","41.0","35.217","763.394"
"136","42.0","35.201","759.986"
"136","43.0","35.185","756.243"
"136","44.0","35.169","752.649"
"136","45.0","35.154","749.228"
"136","46.0","35.138","745.969"
"136","47.0","35.123","742.871"
"136","48.0","35.108","739.934"
"136","49.0","35.093","737.123"
"136","50.0","35.078","734.409"
"136","51.0","35.063","731.805"
"136","52.0","35.048","729.299"
"136","53.0","35.033","726.897"
"136","54.0","35.018","724.575"
"136","55.0","35.004","722.328"
"136","56.0","34.989","720.145"
"136","57.0","34.974","718.033"
"136","58.0","34.96","715.967"
"136","59.0","34.945","713.953"
"136","60.0","34.931","711.996"
"136","61.0","34.916","710.11"
"136","62.0","34.902","708.264"
"136","63.0","34.888","706.455"
"136","64.0","34.873","704.67"
"136","65.0","34.859","702.903"
"136","66.0","34.845","701.109"
"136","67.0","34.831","697.931"
"136","68.0","34.818","694.922"
"136","69.0","34.805","692.109"
"136","70.0","34.792","689.442"
"136","71.0","34.78","687.031"
"136","72.0","34.767","684.805"
"136","73.0","34.755","682.737"
"136","74.0","34.743","680.798"
"136","75.0","34.731","678.911"
"136","76.0","34.719","677.18"
"136","77.0","34.707","675.528"
"136","78.0","34.695","673.945"
"136","79.0","34.683","672.414"
"136","80.0","34.672","670.937"
"136","81.0","34.66","669.456"
"136","82.0","34.648","668.07"
"136","83.0","34.637","666.728"
"136","84.0","34.625","665.422"
"136","85.0","34.614","664.141"
"136","86.0","34.602","662.887"
"136","87.0","34.591","661.606"
"136","88.0","34.58","660.42"
"136","89.0","34.568","659.25"
"136","90.0","34.557","658.007"
"136","91.0","34.547","653.163"
"136","92.0","34.539","648.543"
"136","93.0","34.531","644.278"
"136","94.0","34.523","640.377"
"136","95.0","34.516","636.747"
"137","0.0","35.791","0.0"
"137","1.0","35.824","838.34"
"137","2.0","35.849","1051.355"
"137","3.0","35.846","1063.904"
"137","4.0","35.841","1064.501"
"137","5.0","35.83","1051.515"
"137","6.0","35.816","1037.35"
"137","7.0","35.8","1024.401"
"137","8.0","35.784","1011.251"
"137","9.0","35.766","997.887"
"137","10.0","35.749","984.485"
"137","11.0","35.73","971.313"
"137","12.0","35.712","958.536"
"137","13.0","35.694","946.156"
"137","14.0","35.676","934.126"
"137","15.0","35.658","922.604"
"137","16.0","35.64","911.5"
"137","17.0","35.622","900.938"
"137","18.0","35.604","890.958"
"137","19.0","35.586","882.651"
"137","20.0","35.568","874.721"
"137","21.0","35.55","867.124"
"137","22.0","35.532","859.839"
"137","23.0","35.515","852.927"
"137","24.0","35.497","846.239"
"137","25.0","35.479","839.86"
"137","26.0","35.462","833.815"
"137","27.0","35.445","827.976"
"137","28.0","35.427","822.406"
"137","29.0","35.41","817.078"
"137","30.0","35.393","811.902"
"137","31.0","35.377","806.94"
"137","32.0","35.36","802.248"
"137","33.0","35.343","797.673"
"137","34.0","35.327","793.255"
"137","35.0","35.31","789.071"
"137","36.0","35.294","784.987"
"137","37.0","35.278","781.052"
"137","38.0","35.261","777.284"
"137","39.0","35.245","773.573"
"137","40.0","35.229","769.993"
"137","41.0","35.213","766.567"
"137","42.0","35.197","763.126"
"137","43.0","35.181","759.341"
"137","44.0","35.166","755.723"
"137","45.0","35.15","752.28"
"137","46.0","35.135","749.001"
"137","47.0","35.119","745.884"
"137","48.0","35.104","742.927"
"137","49.0","35.089","740.1"
"137","50.0","35.074","737.37"
"137","51.0","35.059","734.753"
"137","52.0","35.044","732.234"
"137","53.0","35.029","729.82"
"137","54.0","35.015","727.486"
"137","55.0","35.0","725.23"
"137","56.0","34.985","723.036"
"137","57.0","34.971","720.914"
"137","58.0","34.956","718.839"
"137","59.0","34.941","716.815"
"137","60.0","34.927","714.848"
"137","61.0","34.913","712.955"
"137","62.0","34.898","711.1"
"137","63.0","34.884","709.285"
"137","64.0","34.869","707.495"
"137","65.0","34.855","705.722"
"137","66.0","34.841","703.854"
"137","67.0","34.827","700.56"
"137","68.0","34.814","697.506"
"137","69.0","34.801","694.642"
"137","70.0","34.788","691.94"
"137","71.0","34.776","689.498"
"137","72.0","34.763","687.24"
"137","73.0","34.751","685.147"
"137","74.0","34.739","683.177"
"137","75.0","34.727","681.274"
"137","76.0","34.715","679.529"
"137","77.0","34.703","677.862"
"137","78.0","34.691","676.266"
"137","79.0","34.679","674.724"
"137","80.0","34.668","673.227"
"137","81.0","34.656","671.742"
"137","82.0","34.644","670.351"
"137","83.0","34.633","669.001"
"137","84.0","34.621","667.688"
"137","85.0","34.61","666.4"
"137","86.0","34.598","665.133"
"137","87.0","34.587","663.851"
"137","88.0","34.575","662.659"
"137","89.0","34.564","661.484"
"137","90.0","34.553","660.065"
"137","91.0","34.543","654.91"
"137","92.0","34.535","650.182"
"137","93.0","34.527","645.817"
"137","94.0","34.519","641.826"
"137","95.0","34.512","638.128"
"138","0.0","35.781","0.0"
"138","1.0","35.815","846.539"
"138","2.0","35.836","1054.747"
"138","3.0","35.834","1064.846"
"138","4.0","35.829","1067.031"
"138","5.0","35.818","1055.494"
"138","6.0","35.804","1041.777"
"138","7.0","35.789","1029.226"
"138","8.0","35.773","1016.329"
"138","9.0","35.755","1003.145"
"138","10.0","35.738","989.846"
"138","11.0","35.72","976.731"
"138","12.0","35.702","963.98"
"138","13.0","35.684","951.594"
"138","14.0","35.666","939.536"
"138","15.0","35.648","927.975"
"138","16.0","35.63","916.824"
"138","17.0","35.612","906.212"
"138","18.0","35.595","896.265"
"138","19.0","35.577","888.018"
"138","20.0","35.559","880.061"
"138","21.0","35.541","872.438"
"138","22.0","35.523","865.123"
"138","23.0","35.505","858.181"
"138","24.0","35.488","851.456"
"138","25.0","35.47","845.041"
"138","26.0","35.453","838.957"
"138","27.0","35.436","833.071"
"138","28.0","35.419","827.46"
"138","29.0","35.402","822.095"
"138","30.0","35.385","816.879"
"138","31.0","35.368","811.88"
"138","32.0","35.351","807.155"
"138","33.0","35.335","802.553"
"138","34.0","35.318","798.104"
"138","35.0","35.302","793.894"
"138","36.0","35.285","789.777"
"138","37.0","35.269","785.814"
"138","38.0","35.253","782.026"
"138","39.0","35.237","778.286"
"138","40.0","35.22","774.682"
"138","41.0","35.204","771.242"
"138","42.0","35.188","767.738"
"138","43.0","35.173","763.89"
"138","44.0","35.157","760.237"
"138","45.0","35.142","756.76"
"138","46.0","35.126","753.452"
"138","47.0","35.111","750.305"
"138","48.0","35.096","747.317"
"138","49.0","35.081","744.467"
"138","50.0","35.066","741.714"
"138","51.0","35.051","739.076"
"138","52.0","35.036","736.537"
"138","53.0","35.021","734.102"
"138","54.0","35.006","731.751"
"138","55.0","34.991","729.476"
"138","56.0","34.977","727.265"
"138","57.0","34.962","725.127"
"138","58.0","34.947","723.036"
"138","59.0","34.933","720.997"
"138","60.0","34.918","719.015"
"138","61.0","34.904","717.109"
"138","62.0","34.89","715.241"
"138","63.0","34.875","713.413"
"138","64.0","34.861","711.614"
"138","65.0","34.846","709.83"
"138","66.0","34.832","707.849"
"138","67.0","34.819","704.375"
"138","68.0","34.805","701.252"
"138","69.0","34.792","698.33"
"138","70.0","34.78","695.561"
"138","71.0","34.767","693.072"
"138","72.0","34.755","690.768"
"138","73.0","34.742","688.636"
"138","74.0","34.73","686.636"
"138","75.0","34.718","684.696"
"138","76.0","34.706","682.929"
"138","77.0","34.694","681.239"
"138","78.0","34.682","679.623"
"138","79.0","34.671","678.064"
"138","80.0","34.659","676.554"
"138","81.0","34.647","675.046"
"138","82.0","34.636","673.646"
"138","83.0","34.624","672.284"
"138","84.0","34.613","670.961"
"138","85.0","34.601","669.664"
"138","86.0","34.59","668.389"
"138","87.0","34.578","667.091"
"138","88.0","34.567","665.89"
"138","89.0","34.555","664.706"
"138","90.0","34.544","663.023"
"138","91.0","34.535","657.403"
"138","92.0","34.526","652.512"
"138","93.0","34.518","648.003"
"138","94.0","34.511","643.898"
"138","95.0","34.504","640.09"
"139","0.0","35.765","0.0"
"139","1.0","35.791","872.03"
"139","2.0","35.811","1060.641"
"139","3.0","35.807","1065.942"
"139","4.0","35.803","1069.213"
"139","5.0","35.793","1058.905"
"139","6.0","35.78","1045.619"
"139","7.0","35.765","1033.397"
"139","8.0","35.749","1020.729"
"139","9.0","35.732","1007.704"
"139","10.0","35.715","994.5"
"139","11.0","35.697","981.438"
"139","12.0","35.68","968.717"
"139","13.0","35.662","956.334"
"139","14.0","35.644","944.255"
"139","15.0","35.627","932.659"
"139","16.0","35.609","921.479"
"139","17.0","35.592","910.824"
"139","18.0","35.574","900.931"
"139","19.0","35.557","892.743"
"139","20.0","35.539","884.765"
"139","21.0","35.521","877.123"
"139","22.0","35.504","869.79"
"139","23.0","35.486","862.822"
"139","24.0","35.469","856.067"
"139","25.0","35.451","849.629"
"139","26.0","35.434","843.513"
"139","27.0","35.417","837.592"
"139","28.0","35.4","831.956"
"139","29.0","35.383","826.558"
"139","30.0","35.366","821.313"
"139","31.0","35.35","816.292"
"139","32.0","35.333","811.539"
"139","33.0","35.316","806.916"
"139","34.0","35.3","802.45"
"139","35.0","35.283","798.218"
"139","36.0","35.267","794.076"
"139","37.0","35.251","790.099"
"139","38.0","35.235","786.292"
"139","39.0","35.219","782.532"
"139","40.0","35.202","778.917"
"139","41.0","35.186","775.462"
"139","42.0","35.17","771.914"
"139","43.0","35.155","768.011"
"139","44.0","35.139","764.329"
"139","45.0","35.124","760.825"
"139","46.0","35.108","757.491"
"139","47.0","35.093","754.32"
"139","48.0","35.078","751.307"
"139","49.0","35.063","748.437"
"139","50.0","35.048","745.666"
"139","51.0","35.033","743.011"
"139","52.0","35.018","740.455"
"139","53.0","35.003","738.004"
"139","54.0","34.988","735.639"
"139","55.0","34.974","733.35"
"139","56.0","34.959","731.127"
"139","57.0","34.944","728.976"
"139","58.0","34.93","726.871"
"139","59.0","34.915","724.82"
"139","60.0","34.901","722.828"
"139","61.0","34.886","720.911"
"139","62.0","34.872","719.033"
"139","63.0","34.857","717.196"
"139","64.0","34.843","715.391"
"139","65.0","34.828","713.6"
"139","66.0","34.814","711.497"
"139","67.0","34.801","707.862"
"139","68.0","34.787","704.678"
"139","69.0","34.775","701.692"
"139","70.0","34.762","698.878"
"139","71.0","34.749","696.348"
"139","72.0","34.737","694.004"
"139","73.0","34.725","691.839"
"139","74.0","34.712","689.802"
"139","75.0","34.7","687.839"
"139","76.0","34.688","686.054"
"139","77.0","34.676","684.344"
"139","78.0","34.665","682.712"
"139","79.0","34.653","681.138"
"139","80.0","34.641","679.604"
"139","81.0","34.629","678.088"
"139","82.0","34.618","676.681"
"139","83.0","34.606","675.308"
"139","84.0","34.594","673.976"
"139","85.0","34.583","672.671"
"139","86.0","34.571","671.38"
"139","87.0","34.56","670.078"
"139","88.0","34.548","668.868"
"139","89.0","34.537","667.677"
"139","90.0","34.526","665.713"
"139","91.0","34.517","659.66"
"139","92.0","34.508","654.629"
"139","93.0","34.5","649.999"
"139","94.0","34.493","645.774"
"139","95.0","34.486","641.885"
"140","0.0","35.757","0.0"
"140","1.0","35.771","866.652"
"140","2.0","35.793","1059.281"
"140","3.0","35.789","1066.326"
"140","4.0","35.784","1070.175"
"140","5.0","35.775","1060.362"
"140","6.0","35.761","1047.296"
"140","7.0","35.747","1035.215"
"140","8.0","35.731","1022.649"
"140","9.0","35.715","1009.691"
"140","10.0","35.698","996.529"
"140","11.0","35.681","983.496"
"140","12.0","35.663","970.788"
"140","13.0","35.646","958.404"
"140","14.0","35.629","946.325"
"140","15.0","35.611","934.718"
"140","16.0","35.594","923.523"
"140","17.0","35.577","912.852"
"140","18.0","35.56","902.994"
"140","19.0","35.542","894.831"
"140","20.0","35.525","886.845"
"140","21.0","35.507","879.195"
"140","22.0","35.49","871.855"
"140","23.0","35.472","864.876"
"140","24.0","35.455","858.109"
"140","25.0","35.438","851.661"
"140","26.0","35.421","845.531"
"140","27.0","35.404","839.596"
"140","28.0","35.387","833.947"
"140","29.0","35.37","828.537"
"140","30.0","35.353","823.278"
"140","31.0","35.336","818.247"
"140","32.0","35.32","813.484"
"140","33.0","35.303","808.851"
"140","34.0","35.287","804.377"
"140","35.0","35.271","800.135"
"140","36.0","35.254","795.983"
"140","37.0","35.238","791.998"
"140","38.0","35.222","788.183"
"140","39.0","35.206","784.414"
"140","40.0","35.19","780.793"
"140","41.0","35.174","777.332"
"140","42.0","35.158","773.751"
"140","43.0","35.142","769.825"
"140","44.0","35.127","766.131"
"140","45.0","35.111","762.614"
"140","46.0","35.096","759.27"
"140","47.0","35.081","756.088"
"140","48.0","35.066","753.064"
"140","49.0","35.051","750.185"
"140","50.0","35.036","747.407"
"140","51.0","35.021","744.744"
"140","52.0","35.006","742.181"
"140","53.0","34.991","739.722"
"140","54.0","34.976","737.351"
"140","55.0","34.961","735.056"
"140","56.0","34.947","732.828"
"140","57.0","34.932","730.671"
"140","58.0","34.917","728.56"
"140","59.0","34.903","726.504"
"140","60.0","34.888","724.507"
"140","61.0","34.874","722.585"
"140","62.0","34.859","720.703"
"140","63.0","34.845","718.862"
"140","64.0","34.83","717.054"
"140","65.0","34.816","715.26"
"140","66.0","34.802","713.092"
"140","67.0","34.788","709.394"
"140","68.0","34.775","706.184"
"140","69.0","34.762","703.177"
"140","70.0","34.75","700.337"
"140","71.0","34.737","697.791"
"140","72.0","34.725","695.43"
"140","73.0","34.712","693.251"
"140","74.0","34.7","691.202"
"140","75.0","34.688","689.226"
"140","76.0","34.676","687.432"
"140","77.0","34.664","685.714"
"140","78.0","34.652","684.075"
"140","79.0","34.641","682.494"
"140","80.0","34.629","680.957"
"140","81.0","34.617","679.431"
"140","82.0","34.605","678.021"
"140","83.0","34.594","676.644"
"140","84.0","34.582","675.308"
"140","85.0","34.571","673.998"
"140","86.0","34.559","672.706"
"140","87.0","34.548","671.397"
"140","88.0","34.536","670.183"
"140","89.0","34.525","668.989"
"140","90.0","34.514","666.849"
"140","91.0","34.505","660.63"
"140","92.0","34.496","655.533"
"140","93.0","34.489","650.851"
"140","94.0","34.481","646.582"
"140","95.0","34.475","642.652"
"141","0.0","35.743","0.0"
"141","1.0","35.753","857.174"
"141","2.0","35.774","1055.988"
"141","3.0","35.771","1066.397"
"141","4.0","35.766","1071.274"
"141","5.0","35.757","1062.098"
"141","6.0","35.744","1049.349"
"141","7.0","35.73","1037.438"
"141","8.0","35.714","1024.991"
"141","9.0","35.698","1012.117"
"141","10.0","35.682","999.006"
"141","11.0","35.665","986.005"
"141","12.0","35.648","973.314"
"141","13.0","35.631","960.93"
"141","14.0","35.614","948.843"
"141","15.0","35.596","937.225"
"141","16.0","35.579","926.016"
"141","17.0","35.563","915.328"
"141","18.0","35.546","905.52"
"141","19.0","35.528","897.381"
"141","20.0","35.511","889.387"
"141","21.0","35.493","881.73"
"141","22.0","35.476","874.384"
"141","23.0","35.459","867.39"
"141","24.0","35.441","860.611"
"141","25.0","35.424","854.153"
"141","26.0","35.407","848.005"
"141","27.0","35.39","842.054"
"141","28.0","35.373","836.393"
"141","29.0","35.357","830.966"
"141","30.0","35.34","825.691"
"141","31.0","35.323","820.652"
"141","32.0","35.307","815.873"
"141","33.0","35.29","811.228"
"141","34.0","35.274","806.747"
"141","35.0","35.258","802.491"
"141","36.0","35.241","798.326"
"141","37.0","35.225","794.334"
"141","38.0","35.209","790.507"
"141","39.0","35.193","786.727"
"141","40.0","35.177","783.101"
"141","41.0","35.161","779.63"
"141","42.0","35.145","776.017"
"141","43.0","35.129","772.067"
"141","44.0","35.114","768.357"
"141","45.0","35.099","764.824"
"141","46.0","35.083","761.467"
"141","47.0","35.068","758.273"
"141","48.0","35.053","755.237"
"141","49.0","35.038","752.346"
"141","50.0","35.023","749.559"
"141","51.0","35.008","746.886"
"141","52.0","34.993","744.314"
"141","53.0","34.978","741.847"
"141","54.0","34.963","739.47"
"141","55.0","34.948","737.165"
"141","56.0","34.934","734.929"
"141","57.0","34.919","732.765"
"141","58.0","34.904","730.648"
"141","59.0","34.89","728.585"
"141","60.0","34.875","726.583"
"141","61.0","34.861","724.655"
"141","62.0","34.846","722.767"
"141","63.0","34.832","720.921"
"141","64.0","34.817","719.109"
"141","65.0","34.803","717.31"
"141","66.0","34.788","715.033"
"141","67.0","34.775","711.266"
"141","68.0","34.762","708.025"
"141","69.0","34.749","704.985"
"141","70.0","34.736","702.124"
"141","71.0","34.724","699.557"
"141","72.0","34.711","697.176"
"141","73.0","34.699","694.98"
"141","74.0","34.687","692.912"
"141","75.0","34.675","690.926"
"141","76.0","34.663","689.122"
"141","77.0","34.651","687.395"
"141","78.0","34.639","685.747"
"141","79.0","34.627","684.159"
"141","80.0","34.615","682.609"
"141","81.0","34.604","681.08"
"141","82.0","34.592","679.666"
"141","83.0","34.58","678.284"
"141","84.0","34.569","676.943"
"141","85.0","34.557","675.629"
"141","86.0","34.546","674.327"
"141","87.0","34.534","673.018"
"141","88.0","34.522","671.799"
"141","89.0","34.511","670.602"
"141","90.0","34.5","668.215"
"141","91.0","34.491","661.815"
"141","92.0","34.483","656.64"
"141","93.0","34.476","651.894"
"141","94.0","34.468","647.569"
"141","95.0","34.462","643.595"
"4_sec13_12","0.0","35.733","0.0"
"4_sec13_12","1.0","35.735","865.6"
"4_sec13_12","2.0","35.755","1056.362"
"4_sec13_12","3.0","35.755","1066.768"
"4_sec13_12","4.0","35.75","1072.341"
"4_sec13_12","5.0","35.741","1063.961"
"4_sec13_12","6.0","35.728","1051.617"
"4_sec13_12","7.0","35.714","1039.898"
"4_sec13_12","8.0","35.699","1027.58"
"4_sec13_12","9.0","35.683","1014.805"
"4_sec13_12","10.0","35.667","1001.758"
"4_sec13_12","11.0","35.651","988.794"
"4_sec13_12","12.0","35.634","976.125"
"4_sec13_12","13.0","35.617","963.744"
"4_sec13_12","14.0","35.6","951.657"
"4_sec13_12","15.0","35.583","940.02"
"4_sec13_12","16.0","35.566","928.798"
"4_sec13_12","17.0","35.55","918.085"
"4_sec13_12","18.0","35.533","908.374"
"4_sec13_12","19.0","35.516","900.246"
"4_sec13_12","20.0","35.498","892.244"
"4_sec13_12","21.0","35.481","884.576"
"4_sec13_12","22.0","35.464","877.221"
"4_sec13_12","23.0","35.446","870.209"
"4_sec13_12","24.0","35.429","863.413"
"4_sec13_12","25.0","35.412","856.943"
"4_sec13_12","26.0","35.395","850.772"
"4_sec13_12","27.0","35.378","844.802"
"4_sec13_12","28.0","35.362","839.128"
"4_sec13_12","29.0","35.345","833.682"
"4_sec13_12","30.0","35.328","828.393"
"4_sec13_12","31.0","35.312","823.345"
"4_sec13_12","32.0","35.295","818.549"
"4_sec13_12","33.0","35.279","813.892"
"4_sec13_12","34.0","35.262","809.406"
"4_sec13_12","35.0","35.246","805.135"
"4_sec13_12","36.0","35.23","800.957"
"4_sec13_12","37.0","35.214","796.96"
"4_sec13_12","38.0","35.198","793.119"
"4_sec13_12","39.0","35.182","789.33"
"4_sec13_12","40.0","35.166","785.7"
"4_sec13_12","41.0","35.15","782.218"
"4_sec13_12","42.0","35.134","778.549"
"4_sec13_12","43.0","35.118","774.577"
"4_sec13_12","44.0","35.103","770.851"
"4_sec13_12","45.0","35.087","767.303"
"4_sec13_12","46.0","35.072","763.934"
"4_sec13_12","47.0","35.057","760.726"
"4_sec13_12","48.0","35.042","757.676"
"4_sec13_12","49.0","35.027","754.774"
"4_sec13_12","50.0","35.012","751.978"
"4_sec13_12","51.0","34.997","749.296"
"4_sec13_12","52.0","34.982","746.715"
"4_sec13_12","53.0","34.967","744.239"
"4_sec13_12","54.0","34.952","741.853"
"4_sec13_12","55.0","34.937","739.542"
"4_sec13_12","56.0","34.922","737.299"
"4_sec13_12","57.0","34.908","735.127"
"4_sec13_12","58.0","34.893","733.002"
"4_sec13_12","59.0","34.878","730.933"
"4_sec13_12","60.0","34.864","728.924"
"4_sec13_12","61.0","34.849","726.99"
"4_sec13_12","62.0","34.835","725.096"
"4_sec13_12","63.0","34.82","723.245"
"4_sec13_12","64.0","34.806","721.429"
"4_sec13_12","65.0","34.791","719.627"
"4_sec13_12","66.0","34.777","717.217"
"4_sec13_12","67.0","34.764","713.389"
"4_sec13_12","68.0","34.751","710.112"
"4_sec13_12","69.0","34.738","707.038"
"4_sec13_12","70.0","34.725","704.153"
"4_sec13_12","71.0","34.713","701.563"
"4_sec13_12","72.0","34.7","699.161"
"4_sec13_12","73.0","34.688","696.947"
"4_sec13_12","74.0","34.676","694.86"
"4_sec13_12","75.0","34.664","692.862"
"4_sec13_12","76.0","34.652","691.046"
"4_sec13_12","77.0","34.64","689.309"
"4_sec13_12","78.0","34.628","687.652"
"4_sec13_12","79.0","34.616","686.056"
"4_sec13_12","80.0","34.604","684.494"
"4_sec13_12","81.0","34.593","682.961"
"4_sec13_12","82.0","34.581","681.542"
"4_sec13_12","83.0","34.569","680.154"
"4_sec13_12","84.0","34.558","678.808"
"4_sec13_12","85.0","34.546","677.491"
"4_sec13_12","86.0","34.534","676.181"
"4_sec13_12","87.0","34.523","674.87"
"4_sec13_12","88.0","34.511","673.647"
"4_sec13_12","89.0","34.5","672.445"
"4_sec13_12","90.0","34.489","669.698"
"4_sec13_12","91.0","34.48","663.139"
"4_sec13_12","92.0","34.472","657.871"
"4_sec13_12","93.0","34.465","653.053"
"4_sec13_12","94.0","34.458","648.669"
"4_sec13_12","95.0","34.451","644.645"
"7_sec14_0","0.0","37.422","0.0"
"7_sec14_0","1.0","37.523","684.192"
"7_sec14_0","2.0","37.382","958.184"
"7_sec14_0","3.0","37.302","860.878"
"7_sec14_0","4.0","37.265","790.814"
"7_sec14_0","5.0","37.226","799.862"
"7_sec14_0","6.0","37.186","810.161"
"7_sec14_0","7.0","37.148","816.023"
"7_sec14_0","8.0","37.113","818.71"
"7_sec14_0","9.0","37.079","820.747"
"7_sec14_0","10.0","37.048","822.942"
"7_sec14_0","11.0","37.018","824.545"
"7_sec14_0","12.0","36.99","825.593"
"7_sec14_0","13.0","36.963","826.244"
"7_sec14_0","14.0","36.937","826.573"
"7_sec14_0","15.0","36.912","826.662"
"7_sec14_0","16.0","36.889","826.386"
"7_sec14_0","17.0","36.866","825.924"
"7_sec14_0","18.0","36.844","825.43"
"7_sec14_0","19.0","36.824","824.663"
"7_sec14_0","20.0","36.804","824.05"
"7_sec14_0","21.0","36.785","823.074"
"7_sec14_0","22.0","36.766","822.043"
"7_sec14_0","23.0","36.748","820.856"
"7_sec14_0","24.0","36.731","819.628"
"7_sec14_0","25.0","36.714","818.354"
"7_sec14_0","26.0","36.697","817.011"
"7_sec14_0","27.0","36.681","815.548"
"7_sec14_0","28.0","36.666","814.001"
"7_sec14_0","29.0","36.651","812.423"
"7_sec14_0","30.0","36.636","810.823"
"7_sec14_0","31.0","36.621","809.205"
"7_sec14_0","32.0","36.607","807.567"
"7_sec14_0","33.0","36.593","805.912"
"7_sec14_0","34.0","36.579","804.241"
"7_sec14_0","35.0","36.566","802.555"
"7_sec14_0","36.0","36.552","800.859"
"7_sec14_0","37.0","36.539","799.129"
"7_sec14_0","38.0","36.527","797.363"
"7_sec14_0","39.0","36.514","795.585"
"7_sec14_0","40.0","36.501","793.817"
"7_sec14_0","41.0","36.489","792.055"
"7_sec14_0","42.0","36.477","790.945"
"7_sec14_0","43.0","36.466","790.443"
"7_sec14_0","44.0","36.454","789.95"
"7_sec14_0","45.0","36.443","789.429"
"7_sec14_0","46.0","36.432","788.902"
"7_sec14_0","47.0","36.422","788.327"
"7_sec14_0","48.0","36.412","787.728"
"7_sec14_0","49.0","36.401","787.109"
"7_sec14_0","50.0","36.391","786.476"
"7_sec14_0","51.0","36.382","785.831"
"7_sec14_0","52.0","36.372","785.173"
"7_sec14_0","53.0","36.363","784.515"
"7_sec14_0","54.0","36.354","783.917"
"7_sec14_0","55.0","36.344","783.39"
"7_sec14_0","56.0","36.335","782.762"
"7_sec14_0","57.0","36.327","782.105"
"7_sec14_0","58.0","36.318","781.438"
"7_sec14_0","59.0","36.309","780.771"
"7_sec14_0","60.0","36.301","780.097"
"7_sec14_0","61.0","36.292","779.418"
"7_sec14_0","62.0","36.284","778.739"
"7_sec14_0","63.0","36.276","778.046"
"7_sec14_0","64.0","36.267","777.358"
"7_sec14_0","65.0","36.259","776.58"
"7_sec14_0","66.0","36.251","775.661"
"7_sec14_0","67.0","36.243","774.656"
"7_sec14_0","68.0","36.235","773.39"
"7_sec14_0","69.0","36.227","772.147"
"7_sec14_0","70.0","36.219","771.006"
"7_sec14_0","71.0","36.211","769.866"
"7_sec14_0","72.0","36.203","768.76"
"7_sec14_0","73.0","36.196","767.686"
"7_sec14_0","74.0","36.188","766.633"
"7_sec14_0","75.0","36.18","765.723"
"7_sec14_0","76.0","36.173","764.767"
"7_sec14_0","77.0","36.165","763.792"
"7_sec14_0","78.0","36.158","762.818"
"7_sec14_0","79.0","36.15","761.812"
"7_sec14_0","80.0","36.143","760.833"
"7_sec14_0","81.0","36.136","759.862"
"7_sec14_0","82.0","36.128","758.888"
"7_sec14_0","83.0","36.121","757.914"
"7_sec14_0","84.0","36.114","756.938"
"7_sec14_0","85.0","36.107","755.97"
"7_sec14_0","86.0","36.1","755.007"
"7_sec14_0","87.0","36.093","754.047"
"7_sec14_0","88.0","36.086","753.089"
"7_sec14_0","89.0","36.079","752.132"
"7_sec14_0","90.0","36.072","751.553"
"7_sec14_0","91.0","36.066","751.392"
"7_sec14_0","92.0","36.06","751.254"
"7_sec14_0","93.0","36.053","751.021"
"7_sec14_0","94.0","36.047","750.711"
"7_sec14_0","95.0","36.042","750.382"
"142","0.0","37.419","0.0"
"142","1.0","37.535","721.21"
"142","2.0","37.376","991.357"
"142","3.0","37.302","861.883"
"142","4.0","37.258","800.299"
"142","5.0","37.219","812.46"
"142","6.0","37.179","821.835"
"142","7.0","37.141","826.601"
"142","8.0","37.105","828.597"
"142","9.0","37.072","830.052"
"142","10.0","37.04","831.765"
"142","11.0","37.01","832.931"
"142","12.0","36.982","833.57"
"142","13.0","36.955","833.838"
"142","14.0","36.929","833.83"
"142","15.0","36.904","833.605"
"142","16.0","36.88","833.046"
"142","17.0","36.857","832.316"
"142","18.0","36.836","831.551"
"142","19.0","36.815","830.528"
"142","20.0","36.795","829.675"
"142","21.0","36.775","828.503"
"142","22.0","36.757","827.295"
"142","23.0","36.739","825.938"
"142","24.0","36.721","824.554"
"142","25.0","36.704","823.132"
"142","26.0","36.688","821.65"
"142","27.0","36.671","820.069"
"142","28.0","36.656","818.408"
"142","29.0","36.641","816.719"
"142","30.0","36.626","815.018"
"142","31.0","36.611","813.309"
"142","32.0","36.597","811.583"
"142","33.0","36.583","809.845"
"142","34.0","36.569","808.1"
"142","35.0","36.555","806.339"
"142","36.0","36.542","804.577"
"142","37.0","36.529","802.789"
"142","38.0","36.516","800.965"
"142","39.0","36.503","799.133"
"142","40.0","36.491","797.316"
"142","41.0","36.478","795.503"
"142","42.0","36.466","794.245"
"142","43.0","36.455","793.652"
"142","44.0","36.443","793.084"
"142","45.0","36.432","792.487"
"142","46.0","36.421","791.884"
"142","47.0","36.411","791.244"
"142","48.0","36.4","790.58"
"142","49.0","36.39","789.903"
"142","50.0","36.38","789.214"
"142","51.0","36.37","788.516"
"142","52.0","36.361","787.81"
"142","53.0","36.351","787.107"
"142","54.0","36.342","786.477"
"142","55.0","36.333","785.919"
"142","56.0","36.323","785.256"
"142","57.0","36.314","784.563"
"142","58.0","36.306","783.862"
"142","59.0","36.297","783.163"
"142","60.0","36.288","782.457"
"142","61.0","36.28","781.751"
"142","62.0","36.271","781.045"
"142","63.0","36.263","780.327"
"142","64.0","36.255","779.616"
"142","65.0","36.247","778.823"
"142","66.0","36.239","777.901"
"142","67.0","36.231","776.912"
"142","68.0","36.222","775.64"
"142","69.0","36.214","774.384"
"142","70.0","36.206","773.212"
"142","71.0","36.198","772.055"
"142","72.0","36.19","770.929"
"142","73.0","36.183","769.831"
"142","74.0","36.175","768.768"
"142","75.0","36.167","767.845"
"142","76.0","36.16","766.871"
"142","77.0","36.152","765.879"
"142","78.0","36.144","764.886"
"142","79.0","36.137","763.858"
"142","80.0","36.13","762.868"
"142","81.0","36.122","761.877"
"142","82.0","36.115","760.888"
"142","83.0","36.108","759.898"
"142","84.0","36.101","758.907"
"142","85.0","36.094","757.925"
"142","86.0","36.086","756.955"
"142","87.0","36.079","755.976"
"142","88.0","36.072","755.004"
"142","89.0","36.066","754.035"
"142","90.0","36.059","753.383"
"142","91.0","36.052","753.179"
"142","92.0","36.046","753.004"
"142","93.0","36.04","752.718"
"142","94.0","36.033","752.352"
"142","95.0","36.028","751.966"
"143","0.0","37.416","0.0"
"143","1.0","37.501","870.192"
"143","2.0","37.372","1027.789"
"143","3.0","37.3","869.833"
"143","4.0","37.252","811.687"
"143","5.0","37.212","829.546"
"143","6.0","37.172","838.36"
"143","7.0","37.134","840.824"
"143","8.0","37.098","841.905"
"143","9.0","37.065","842.683"
"143","10.0","37.033","843.707"
"143","11.0","37.003","844.264"
"143","12.0","36.974","844.351"
"143","13.0","36.947","844.105"
"143","14.0","36.921","843.623"
"143","15.0","36.896","842.974"
"143","16.0","36.872","842.026"
"143","17.0","36.849","840.934"
"143","18.0","36.827","839.799"
"143","19.0","36.806","838.424"
"143","20.0","36.786","837.248"
"143","21.0","36.767","835.812"
"143","22.0","36.748","834.356"
"143","23.0","36.73","832.774"
"143","24.0","36.712","831.177"
"143","25.0","36.695","829.557"
"143","26.0","36.679","827.896"
"143","27.0","36.663","826.157"
"143","28.0","36.647","824.341"
"143","29.0","36.631","822.511"
"143","30.0","36.616","820.677"
"143","31.0","36.602","818.843"
"143","32.0","36.587","817.003"
"143","33.0","36.573","815.158"
"143","34.0","36.56","813.31"
"143","35.0","36.546","811.455"
"143","36.0","36.533","809.606"
"143","37.0","36.52","807.738"
"143","38.0","36.507","805.841"
"143","39.0","36.494","803.938"
"143","40.0","36.481","802.052"
"143","41.0","36.469","800.178"
"143","42.0","36.457","798.75"
"143","43.0","36.445","798.034"
"143","44.0","36.434","797.369"
"143","45.0","36.422","796.667"
"143","46.0","36.411","795.965"
"143","47.0","36.401","795.237"
"143","48.0","36.39","794.49"
"143","49.0","36.38","793.731"
"143","50.0","36.37","792.967"
"143","51.0","36.36","792.199"
"143","52.0","36.35","791.426"
"143","53.0","36.341","790.66"
"143","54.0","36.332","789.986"
"143","55.0","36.322","789.375"
"143","56.0","36.313","788.658"
"143","57.0","36.304","787.912"
"143","58.0","36.295","787.16"
"143","59.0","36.287","786.413"
"143","60.0","36.278","785.663"
"143","61.0","36.269","784.911"
"143","62.0","36.261","784.165"
"143","63.0","36.253","783.407"
"143","64.0","36.244","782.66"
"143","65.0","36.236","781.842"
"143","66.0","36.228","780.906"
"143","67.0","36.22","779.926"
"143","68.0","36.212","778.646"
"143","69.0","36.204","777.358"
"143","70.0","36.196","776.153"
"143","71.0","36.188","774.969"
"143","72.0","36.18","773.812"
"143","73.0","36.172","772.679"
"143","74.0","36.164","771.59"
"143","75.0","36.156","770.657"
"143","76.0","36.149","769.656"
"143","77.0","36.141","768.637"
"143","78.0","36.134","767.612"
"143","79.0","36.126","766.556"
"143","80.0","36.119","765.535"
"143","81.0","36.111","764.525"
"143","82.0","36.104","763.513"
"143","83.0","36.097","762.501"
"143","84.0","36.09","761.487"
"143","85.0","36.083","760.483"
"143","86.0","36.075","759.485"
"143","87.0","36.068","758.492"
"143","88.0","36.061","757.5"
"143","89.0","36.054","756.512"
"143","90.0","36.048","755.769"
"143","91.0","36.041","755.503"
"143","92.0","36.035","755.275"
"143","93.0","36.028","754.918"
"143","94.0","36.022","754.475"
"143","95.0","36.016","754.014"
"144","0.0","37.412","14.0"
"144","1.0","37.492","926.23"
"144","2.0","37.362","1056.879"
"144","3.0","37.296","883.714"
"144","4.0","37.245","821.676"
"144","5.0","37.206","843.226"
"144","6.0","37.166","852.499"
"144","7.0","37.127","852.926"
"144","8.0","37.091","853.268"
"144","9.0","37.058","853.492"
"144","10.0","37.026","853.903"
"144","11.0","36.996","853.933"
"144","12.0","36.967","853.542"
"144","13.0","36.939","852.849"
"144","14.0","36.913","851.969"
"144","15.0","36.888","850.954"
"144","16.0","36.864","849.676"
"144","17.0","36.841","848.277"
"144","18.0","36.819","846.819"
"144","19.0","36.798","845.152"
"144","20.0","36.778","843.697"
"144","21.0","36.759","842.036"
"144","22.0","36.74","840.37"
"144","23.0","36.722","838.594"
"144","24.0","36.704","836.815"
"144","25.0","36.687","835.03"
"144","26.0","36.67","833.212"
"144","27.0","36.654","831.338"
"144","28.0","36.638","829.394"
"144","29.0","36.623","827.438"
"144","30.0","36.608","825.491"
"144","31.0","36.593","823.553"
"144","32.0","36.579","821.614"
"144","33.0","36.565","819.677"
"144","34.0","36.551","817.745"
"144","35.0","36.537","815.805"
"144","36.0","36.524","813.883"
"144","37.0","36.511","811.949"
"144","38.0","36.498","809.986"
"144","39.0","36.485","808.024"
"144","40.0","36.472","806.081"
"144","41.0","36.46","804.15"
"144","42.0","36.448","802.572"
"144","43.0","36.436","801.752"
"144","44.0","36.424","801.002"
"144","45.0","36.413","800.211"
"144","46.0","36.402","799.425"
"144","47.0","36.392","798.621"
"144","48.0","36.381","797.8"
"144","49.0","36.371","796.975"
"144","50.0","36.361","796.148"
"144","51.0","36.351","795.321"
"144","52.0","36.341","794.492"
"144","53.0","36.332","793.673"
"144","54.0","36.322","792.961"
"144","55.0","36.313","792.311"
"144","56.0","36.304","791.553"
"144","57.0","36.295","790.765"
"144","58.0","36.286","789.973"
"144","59.0","36.277","789.189"
"144","60.0","36.268","788.402"
"144","61.0","36.26","787.618"
"144","62.0","36.251","786.841"
"144","63.0","36.243","786.052"
"144","64.0","36.235","785.275"
"144","65.0","36.226","784.44"
"144","66.0","36.218","783.499"
"144","67.0","36.21","782.524"
"144","68.0","36.202","781.243"
"144","69.0","36.194","779.94"
"144","70.0","36.186","778.7"
"144","71.0","36.178","777.497"
"144","72.0","36.17","776.316"
"144","73.0","36.162","775.158"
"144","74.0","36.154","774.062"
"144","75.0","36.146","773.109"
"144","76.0","36.139","772.087"
"144","77.0","36.131","771.047"
"144","78.0","36.123","769.996"
"144","79.0","36.116","768.92"
"144","80.0","36.108","767.883"
"144","81.0","36.101","766.85"
"144","82.0","36.094","765.821"
"144","83.0","36.087","764.791"
"144","84.0","36.079","763.76"
"144","85.0","36.072","762.738"
"144","86.0","36.065","761.731"
"144","87.0","36.058","760.715"
"144","88.0","36.051","759.707"
"144","89.0","36.044","758.703"
"144","90.0","36.037","757.89"
"144","91.0","36.031","757.567"
"144","92.0","36.024","757.298"
"144","93.0","36.018","756.88"
"144","94.0","36.012","756.37"
"144","95.0","36.006","755.842"
"145","0.0","37.407","1.0"
"145","1.0","37.491","1025.167"
"145","2.0","37.348","1102.984"
"145","3.0","37.291","895.457"
"145","4.0","37.239","834.214"
"145","5.0","37.199","858.922"
"145","6.0","37.158","869.014"
"145","7.0","37.12","867.585"
"145","8.0","37.084","867.05"
"145","9.0","37.05","866.604"
"145","10.0","37.018","866.297"
"145","11.0","36.988","865.702"
"145","12.0","36.959","864.739"
"145","13.0","36.932","863.517"
"145","14.0","36.905","862.151"
"145","15.0","36.88","860.687"
"145","16.0","36.856","859.013"
"145","17.0","36.833","857.239"
"145","18.0","36.811","855.386"
"145","19.0","36.79","853.357"
"145","20.0","36.77","851.565"
"145","21.0","36.75","849.638"
"145","22.0","36.731","847.709"
"145","23.0","36.713","845.701"
"145","24.0","36.695","843.703"
"145","25.0","36.678","841.709"
"145","26.0","36.661","839.706"
"145","27.0","36.645","837.669"
"145","28.0","36.629","835.564"
"145","29.0","36.614","833.464"
"145","30.0","36.599","831.381"
"145","31.0","36.584","829.315"
"145","32.0","36.57","827.26"
"145","33.0","36.556","825.213"
"145","34.0","36.542","823.176"
"145","35.0","36.528","821.143"
"145","36.0","36.515","819.13"
"145","37.0","36.501","817.113"
"145","38.0","36.488","815.077"
"145","39.0","36.476","813.045"
"145","40.0","36.463","811.032"
"145","41.0","36.451","809.039"
"145","42.0","36.438","807.311"
"145","43.0","36.426","806.361"
"145","44.0","36.415","805.506"
"145","45.0","36.404","804.608"
"145","46.0","36.393","803.719"
"145","47.0","36.382","802.824"
"145","48.0","36.371","801.917"
"145","49.0","36.361","801.008"
"145","50.0","36.351","800.105"
"145","51.0","36.341","799.204"
"145","52.0","36.331","798.307"
"145","53.0","36.322","797.423"
"145","54.0","36.312","796.67"
"145","55.0","36.303","795.968"
"145","56.0","36.294","795.159"
"145","57.0","36.284","794.319"
"145","58.0","36.275","793.478"
"145","59.0","36.267","792.648"
"145","60.0","36.258","791.819"
"145","61.0","36.249","790.991"
"145","62.0","36.241","790.176"
"145","63.0","36.232","789.35"
"145","64.0","36.224","788.533"
"145","65.0","36.216","787.678"
"145","66.0","36.208","786.725"
"145","67.0","36.199","785.747"
"145","68.0","36.191","784.473"
"145","69.0","36.183","783.139"
"145","70.0","36.175","781.868"
"145","71.0","36.167","780.644"
"145","72.0","36.159","779.433"
"145","73.0","36.151","778.246"
"145","74.0","36.143","777.129"
"145","75.0","36.135","776.163"
"145","76.0","36.128","775.115"
"145","77.0","36.12","774.05"
"145","78.0","36.112","772.967"
"145","79.0","36.105","771.865"
"145","80.0","36.097","770.798"
"145","81.0","36.09","769.748"
"145","82.0","36.083","768.696"
"145","83.0","36.075","767.645"
"145","84.0","36.068","766.594"
"145","85.0","36.061","765.55"
"145","86.0","36.054","764.515"
"145","87.0","36.047","763.487"
"145","88.0","36.04","762.461"
"145","89.0","36.033","761.438"
"145","90.0","36.026","760.544"
"145","91.0","36.019","760.146"
"145","92.0","36.013","759.826"
"145","93.0","36.006","759.329"
"145","94.0","36.0","758.736"
"145","95.0","35.994","758.127"
"14","0.0","37.402","0.0"
"14","1.0","37.458","1121.835"
"14","2.0","37.338","1111.101"
"14","3.0","37.283","903.369"
"14","4.0","37.231","848.607"
"14","5.0","37.191","875.037"
"14","6.0","37.15","885.294"
"14","7.0","37.111","882.77"
"14","8.0","37.075","881.218"
"14","9.0","37.041","880.004"
"14","10.0","37.009","878.984"
"14","11.0","36.979","877.754"
"14","12.0","36.95","876.194"
"14","13.0","36.922","874.426"
"14","14.0","36.896","872.565"
"14","15.0","36.87","870.643"
"14","16.0","36.846","868.558"
"14","17.0","36.823","866.402"
"14","18.0","36.801","864.141"
"14","19.0","36.78","861.753"
"14","20.0","36.759","859.602"
"14","21.0","36.74","857.413"
"14","22.0","36.721","855.221"
"14","23.0","36.703","852.972"
"14","24.0","36.685","850.748"
"14","25.0","36.668","848.549"
"14","26.0","36.651","846.351"
"14","27.0","36.635","844.146"
"14","28.0","36.619","841.884"
"14","29.0","36.604","839.631"
"14","30.0","36.588","837.41"
"14","31.0","36.574","835.218"
"14","32.0","36.559","833.04"
"14","33.0","36.545","830.882"
"14","34.0","36.531","828.743"
"14","35.0","36.517","826.609"
"14","36.0","36.504","824.504"
"14","37.0","36.491","822.405"
"14","38.0","36.478","820.289"
"14","39.0","36.465","818.184"
"14","40.0","36.452","816.103"
"14","41.0","36.44","814.041"
"14","42.0","36.427","812.153"
"14","43.0","36.416","811.072"
"14","44.0","36.404","810.107"
"14","45.0","36.393","809.098"
"14","46.0","36.382","808.104"
"14","47.0","36.371","807.115"
"14","48.0","36.36","806.118"
"14","49.0","36.35","805.125"
"14","50.0","36.34","804.143"
"14","51.0","36.33","803.168"
"14","52.0","36.32","802.201"
"14","53.0","36.31","801.249"
"14","54.0","36.301","800.454"
"14","55.0","36.291","799.699"
"14","56.0","36.282","798.837"
"14","57.0","36.273","797.944"
"14","58.0","36.264","797.054"
"14","59.0","36.255","796.176"
"14","60.0","36.246","795.302"
"14","61.0","36.238","794.432"
"14","62.0","36.229","793.575"
"14","63.0","36.221","792.711"
"14","64.0","36.212","791.857"
"14","65.0","36.204","790.979"
"14","66.0","36.196","790.014"
"14","67.0","36.188","789.017"
"14","68.0","36.179","787.762"
"14","69.0","36.171","786.408"
"14","70.0","36.163","785.095"
"14","71.0","36.155","783.848"
"14","72.0","36.147","782.608"
"14","73.0","36.139","781.393"
"14","74.0","36.131","780.273"
"14","75.0","36.124","779.275"
"14","76.0","36.116","778.201"
"14","77.0","36.108","777.11"
"14","78.0","36.1","775.994"
"14","79.0","36.093","774.866"
"14","80.0","36.085","773.78"
"14","81.0","36.078","772.701"
"14","82.0","36.071","771.627"
"14","83.0","36.063","770.554"
"14","84.0","36.056","769.481"
"14","85.0","36.049","768.415"
"14","86.0","36.042","767.367"
"14","87.0","36.035","766.312"
"14","88.0","36.028","765.266"
"14","89.0","36.021","764.225"
"14","90.0","36.014","763.266"
"14","91.0","36.007","762.796"
"14","92.0","36.0","762.409"
"14","93.0","35.994","761.832"
"14","94.0","35.988","761.156"
"14","95.0","35.982","760.462"
"14_sec15_0","0.0","37.402","15.0"
"14_sec15_0","1.0","37.458","845.126"
"14_sec15_0","2.0","37.338","636.36"
"14_sec15_0","3.0","37.283","531.128"
"14_sec15_0","4.0","37.231","503.08"
"14_sec15_0","5.0","37.191","519.665"
"14_sec15_0","6.0","37.15","524.19"
"14_sec15_0","7.0","37.111","522.609"
"14_sec15_0","8.0","37.075","521.841"
"14_sec15_0","9.0","37.041","521.001"
"14_sec15_0","10.0","37.009","520.6"
"14_sec15_0","11.0","36.979","519.963"
"14_sec15_0","12.0","36.95","519.224"
"14_sec15_0","13.0","36.922","518.41"
"14_sec15_0","14.0","36.896","517.505"
"14_sec15_0","15.0","36.87","516.564"
"14_sec15_0","16.0","36.846","515.577"
"14_sec15_0","17.0","36.823","514.567"
"14_sec15_0","18.0","36.801","513.433"
"14_sec15_0","19.0","36.78","512.302"
"14_sec15_0","20.0","36.759","511.343"
"14_sec15_0","21.0","36.74","510.373"
"14_sec15_0","22.0","36.721","509.42"
"14_sec15_0","23.0","36.703","508.426"
"14_sec15_0","24.0","36.685","507.463"
"14_sec15_0","25.0","36.668","506.518"
"14_sec15_0","26.0","36.651","505.579"
"14_sec15_0","27.0","36.635","504.645"
"14_sec15_0","28.0","36.619","503.696"
"14_sec15_0","29.0","36.604","502.748"
"14_sec15_0","30.0","36.588","501.828"
"14_sec15_0","31.0","36.574","500.919"
"14_sec15_0","32.0","36.559","500.021"
"14_sec15_0","33.0","36.545","499.137"
"14_sec15_0","34.0","36.531","498.262"
"14_sec15_0","35.0","36.517","497.387"
"14_sec15_0","36.0","36.504","496.526"
"14_sec15_0","37.0","36.491","495.67"
"14_sec15_0","38.0","36.478","494.803"
"14_sec15_0","39.0","36.465","493.947"
"14_sec15_0","40.0","36.452","493.106"
"14_sec15_0","41.0","36.44","492.272"
"14_sec15_0","42.0","36.427","491.537"
"14_sec15_0","43.0","36.416","491.232"
"14_sec15_0","44.0","36.404","490.992"
"14_sec15_0","45.0","36.393","490.72"
"14_sec15_0","46.0","36.382","490.464"
"14_sec15_0","47.0","36.371","490.203"
"14_sec15_0","48.0","36.36","489.939"
"14_sec15_0","49.0","36.35","489.676"
"14_sec15_0","50.0","36.34","489.424"
"14_sec15_0","51.0","36.33","489.173"
"14_sec15_0","52.0","36.32","488.925"
"14_sec15_0","53.0","36.31","488.684"
"14_sec15_0","54.0","36.301","488.371"
"14_sec15_0","55.0","36.291","488.078"
"14_sec15_0","56.0","36.282","487.711"
"14_sec15_0","57.0","36.273","487.318"
"14_sec15_0","58.0","36.264","486.932"
"14_sec15_0","59.0","36.255","486.555"
"14_sec15_0","60.0","36.246","486.181"
"14_sec15_0","61.0","36.238","485.81"
"14_sec15_0","62.0","36.229","485.447"
"14_sec15_0","63.0","36.221","485.081"
"14_sec15_0","64.0","36.212","484.724"
"14_sec15_0","65.0","36.204","484.355"
"14_sec15_0","66.0","36.196","483.934"
"14_sec15_0","67.0","36.188","483.5"
"14_sec15_0","68.0","36.179","482.908"
"14_sec15_0","69.0","36.171","482.25"
"14_sec15_0","70.0","36.163","481.618"
"14_sec15_0","71.0","36.155","480.998"
"14_sec15_0","72.0","36.147","480.381"
"14_sec15_0","73.0","36.139","479.779"
"14_sec15_0","74.0","36.131","479.176"
"14_sec15_0","75.0","36.124","478.519"
"14_sec15_0","76.0","36.116","477.801"
"14_sec15_0","77.0","36.108","477.08"
"14_sec15_0","78.0","36.1","476.381"
"14_sec15_0","79.0","36.093","475.699"
"14_sec15_0","80.0","36.085","475.041"
"14_sec15_0","81.0","36.078","474.396"
"14_sec15_0","82.0","36.071","473.755"
"14_sec15_0","83.0","36.063","473.121"
"14_sec15_0","84.0","36.056","472.491"
"14_sec15_0","85.0","36.049","471.866"
"14_sec15_0","86.0","36.042","471.255"
"14_sec15_0","87.0","36.035","470.642"
"14_sec15_0","88.0","36.028","470.035"
"14_sec15_0","89.0","36.021","469.433"
"14_sec15_0","90.0","36.014","468.88"
"14_sec15_0","91.0","36.007","468.62"
"14_sec15_0","92.0","36.0","468.393"
"14_sec15_0","93.0","35.994","468.03"
"14_sec15_0","94.0","35.988","467.622"
"14_sec15_0","95.0","35.982","467.206"
"146","0.0","37.397","1.0"
"146","1.0","37.445","803.14"
"146","2.0","37.331","624.7"
"146","3.0","37.274","537.846"
"146","4.0","37.223","510.132"
"146","5.0","37.183","525.434"
"146","6.0","37.141","529.912"
"146","7.0","37.102","528.118"
"146","8.0","37.066","526.941"
"146","9.0","37.032","525.805"
"146","10.0","37.0","525.141"
"146","11.0","36.969","524.268"
"146","12.0","36.94","523.305"
"146","13.0","36.912","522.29"
"146","14.0","36.886","521.207"
"146","15.0","36.86","520.096"
"146","16.0","36.836","518.96"
"146","17.0","36.813","517.81"
"146","18.0","36.791","516.524"
"146","19.0","36.769","515.261"
"146","20.0","36.749","514.172"
"146","21.0","36.729","513.11"
"146","22.0","36.71","512.057"
"146","23.0","36.692","510.979"
"146","24.0","36.674","509.933"
"146","25.0","36.657","508.911"
"146","26.0","36.64","507.905"
"146","27.0","36.624","506.909"
"146","28.0","36.608","505.9"
"146","29.0","36.593","504.901"
"146","30.0","36.577","503.93"
"146","31.0","36.563","502.973"
"146","32.0","36.548","502.034"
"146","33.0","36.534","501.109"
"146","34.0","36.52","500.195"
"146","35.0","36.506","499.286"
"146","36.0","36.493","498.392"
"146","37.0","36.479","497.503"
"146","38.0","36.466","496.611"
"146","39.0","36.453","495.728"
"146","40.0","36.441","494.86"
"146","41.0","36.428","494.004"
"146","42.0","36.416","493.223"
"146","43.0","36.404","492.871"
"146","44.0","36.392","492.592"
"146","45.0","36.381","492.28"
"146","46.0","36.37","491.988"
"146","47.0","36.359","491.693"
"146","48.0","36.348","491.397"
"146","49.0","36.338","491.105"
"146","50.0","36.327","490.825"
"146","51.0","36.317","490.547"
"146","52.0","36.307","490.275"
"146","53.0","36.298","490.011"
"146","54.0","36.288","489.683"
"146","55.0","36.279","489.37"
"146","56.0","36.269","488.984"
"146","57.0","36.26","488.572"
"146","58.0","36.251","488.169"
"146","59.0","36.242","487.774"
"146","60.0","36.234","487.385"
"146","61.0","36.225","486.998"
"146","62.0","36.216","486.62"
"146","63.0","36.208","486.241"
"146","64.0","36.199","485.871"
"146","65.0","36.191","485.493"
"146","66.0","36.183","485.069"
"146","67.0","36.174","484.625"
"146","68.0","36.166","484.039"
"146","69.0","36.158","483.368"
"146","70.0","36.15","482.727"
"146","71.0","36.142","482.099"
"146","72.0","36.134","481.472"
"146","73.0","36.126","480.859"
"146","74.0","36.118","480.248"
"146","75.0","36.11","479.586"
"146","76.0","36.102","478.859"
"146","77.0","36.095","478.129"
"146","78.0","36.087","477.418"
"146","79.0","36.079","476.728"
"146","80.0","36.072","476.055"
"146","81.0","36.064","475.407"
"146","82.0","36.057","474.758"
"146","83.0","36.05","474.116"
"146","84.0","36.042","473.478"
"146","85.0","36.035","472.846"
"146","86.0","36.028","472.222"
"146","87.0","36.021","471.607"
"146","88.0","36.014","470.993"
"146","89.0","36.007","470.385"
"146","90.0","36.0","469.809"
"146","91.0","35.993","469.525"
"146","92.0","35.986","469.273"
"146","93.0","35.98","468.882"
"146","94.0","35.974","468.444"
"146","95.0","35.968","468.0"
"147","0.0","37.391","0.0"
"147","1.0","37.424","776.251"
"147","2.0","37.315","620.07"
"147","3.0","37.263","553.099"
"147","4.0","37.212","523.37"
"147","5.0","37.171","533.716"
"147","6.0","37.128","538.163"
"147","7.0","37.09","536.203"
"147","8.0","37.053","534.434"
"147","9.0","37.019","532.886"
"147","10.0","36.987","531.841"
"147","11.0","36.956","530.631"
"147","12.0","36.927","529.345"
"147","13.0","36.899","528.045"
"147","14.0","36.872","526.698"
"147","15.0","36.847","525.345"
"147","16.0","36.823","523.99"
"147","17.0","36.8","522.641"
"147","18.0","36.777","521.138"
"147","19.0","36.756","519.688"
"147","20.0","36.735","518.403"
"147","21.0","36.716","517.208"
"147","22.0","36.697","516.015"
"147","23.0","36.678","514.809"
"147","24.0","36.66","513.645"
"147","25.0","36.643","512.514"
"147","26.0","36.626","511.405"
"147","27.0","36.61","510.318"
"147","28.0","36.594","509.225"
"147","29.0","36.578","508.146"
"147","30.0","36.563","507.101"
"147","31.0","36.548","506.077"
"147","32.0","36.534","505.073"
"147","33.0","36.52","504.088"
"147","34.0","36.505","503.12"
"147","35.0","36.492","502.158"
"147","36.0","36.478","501.214"
"147","37.0","36.465","500.282"
"147","38.0","36.452","499.348"
"147","39.0","36.439","498.427"
"147","40.0","36.426","497.523"
"147","41.0","36.414","496.63"
"147","42.0","36.401","495.78"
"147","43.0","36.389","495.357"
"147","44.0","36.377","495.017"
"147","45.0","36.366","494.647"
"147","46.0","36.355","494.3"
"147","47.0","36.344","493.956"
"147","48.0","36.333","493.613"
"147","49.0","36.323","493.276"
"147","50.0","36.312","492.955"
"147","51.0","36.302","492.638"
"147","52.0","36.292","492.329"
"147","53.0","36.283","492.03"
"147","54.0","36.273","491.681"
"147","55.0","36.263","491.337"
"147","56.0","36.254","490.922"
"147","57.0","36.245","490.483"
"147","58.0","36.236","490.053"
"147","59.0","36.227","489.634"
"147","60.0","36.218","489.222"
"147","61.0","36.209","488.812"
"147","62.0","36.201","488.412"
"147","63.0","36.192","488.013"
"147","64.0","36.184","487.623"
"147","65.0","36.175","487.232"
"147","66.0","36.167","486.801"
"147","67.0","36.159","486.342"
"147","68.0","36.15","485.762"
"147","69.0","36.142","485.083"
"147","70.0","36.134","484.42"
"147","71.0","36.126","483.78"
"147","72.0","36.118","483.138"
"147","73.0","36.11","482.51"
"147","74.0","36.102","481.897"
"147","75.0","36.094","481.216"
"147","76.0","36.086","480.476"
"147","77.0","36.079","479.732"
"147","78.0","36.071","479.004"
"147","79.0","36.063","478.301"
"147","80.0","36.056","477.621"
"147","81.0","36.048","476.955"
"147","82.0","36.041","476.294"
"147","83.0","36.034","475.641"
"147","84.0","36.026","474.991"
"147","85.0","36.019","474.348"
"147","86.0","36.012","473.718"
"147","87.0","36.005","473.087"
"147","88.0","35.998","472.463"
"147","89.0","35.991","471.845"
"147","90.0","35.984","471.248"
"147","91.0","35.977","470.923"
"147","92.0","35.97","470.632"
"147","93.0","35.964","470.196"
"147","94.0","35.958","469.714"
"147","95.0","35.952","469.226"
"148","0.0","37.388","0.0"
"148","1.0","37.377","798.126"
"148","2.0","37.3","624.74"
"148","3.0","37.256","559.708"
"148","4.0","37.205","529.296"
"148","5.0","37.163","537.215"
"148","6.0","37.12","541.516"
"148","7.0","37.082","539.51"
"148","8.0","37.045","537.486"
"148","9.0","37.011","535.764"
"148","10.0","36.978","534.56"
"148","11.0","36.947","533.211"
"148","12.0","36.918","531.792"
"148","13.0","36.89","530.372"
"148","14.0","36.864","528.917"
"148","15.0","36.838","527.464"
"148","16.0","36.814","526.019"
"148","17.0","36.791","524.585"
"148","18.0","36.768","522.989"
"148","19.0","36.747","521.46"
"148","20.0","36.726","520.097"
"148","21.0","36.707","518.847"
"148","22.0","36.688","517.594"
"148","23.0","36.669","516.338"
"148","24.0","36.651","515.125"
"148","25.0","36.634","513.947"
"148","26.0","36.617","512.797"
"148","27.0","36.601","511.673"
"148","28.0","36.585","510.544"
"148","29.0","36.569","509.434"
"148","30.0","36.554","508.359"
"148","31.0","36.539","507.306"
"148","32.0","36.525","506.277"
"148","33.0","36.51","505.268"
"148","34.0","36.496","504.275"
"148","35.0","36.482","503.293"
"148","36.0","36.469","502.329"
"148","37.0","36.456","501.378"
"148","38.0","36.442","500.428"
"148","39.0","36.429","499.492"
"148","40.0","36.417","498.571"
"148","41.0","36.404","497.666"
"148","42.0","36.392","496.792"
"148","43.0","36.38","496.342"
"148","44.0","36.368","495.978"
"148","45.0","36.356","495.584"
"148","46.0","36.345","495.215"
"148","47.0","36.334","494.851"
"148","48.0","36.323","494.489"
"148","49.0","36.313","494.135"
"148","50.0","36.303","493.796"
"148","51.0","36.292","493.464"
"148","52.0","36.283","493.141"
"148","53.0","36.273","492.827"
"148","54.0","36.263","492.469"
"148","55.0","36.254","492.112"
"148","56.0","36.244","491.686"
"148","57.0","36.235","491.236"
"148","58.0","36.226","490.795"
"148","59.0","36.217","490.366"
"148","60.0","36.208","489.943"
"148","61.0","36.199","489.526"
"148","62.0","36.191","489.116"
"148","63.0","36.182","488.71"
"148","64.0","36.174","488.311"
"148","65.0","36.165","487.916"
"148","66.0","36.157","487.482"
"148","67.0","36.149","487.019"
"148","68.0","36.14","486.439"
"148","69.0","36.132","485.75"
"148","70.0","36.124","485.085"
"148","71.0","36.116","484.44"
"148","72.0","36.108","483.792"
"148","73.0","36.1","483.158"
"148","74.0","36.092","482.537"
"148","75.0","36.084","481.854"
"148","76.0","36.076","481.109"
"148","77.0","36.068","480.359"
"148","78.0","36.061","479.625"
"148","79.0","36.053","478.916"
"148","80.0","36.046","478.225"
"148","81.0","36.038","477.56"
"148","82.0","36.031","476.894"
"148","83.0","36.023","476.236"
"148","84.0","36.016","475.582"
"148","85.0","36.009","474.934"
"148","86.0","36.002","474.294"
"148","87.0","35.995","473.664"
"148","88.0","35.987","473.036"
"148","89.0","35.98","472.413"
"148","90.0","35.973","471.803"
"148","91.0","35.967","471.462"
"148","92.0","35.96","471.157"
"148","93.0","35.953","470.705"
"148","94.0","35.947","470.204"
"148","95.0","35.941","469.699"
"149","0.0","37.383","0.0"
"149","1.0","37.337","783.454"
"149","2.0","37.287","630.74"
"149","3.0","37.25","570.102"
"149","4.0","37.198","538.806"
"149","5.0","37.154","543.271"
"149","6.0","37.111","546.933"
"149","7.0","37.073","544.834"
"149","8.0","37.036","542.375"
"149","9.0","37.002","540.365"
"149","10.0","36.969","538.896"
"149","11.0","36.939","537.315"
"149","12.0","36.909","535.678"
"149","13.0","36.881","534.067"
"149","14.0","36.855","532.44"
"149","15.0","36.829","530.826"
"149","16.0","36.805","529.24"
"149","17.0","36.781","527.669"
"149","18.0","36.759","525.935"
"149","19.0","36.738","524.28"
"149","20.0","36.717","522.795"
"149","21.0","36.697","521.46"
"149","22.0","36.678","520.114"
"149","23.0","36.66","518.775"
"149","24.0","36.642","517.484"
"149","25.0","36.624","516.237"
"149","26.0","36.607","515.019"
"149","27.0","36.591","513.837"
"149","28.0","36.575","512.654"
"149","29.0","36.559","511.491"
"149","30.0","36.544","510.368"
"149","31.0","36.529","509.272"
"149","32.0","36.515","508.201"
"149","33.0","36.5","507.153"
"149","34.0","36.486","506.125"
"149","35.0","36.472","505.108"
"149","36.0","36.459","504.112"
"149","37.0","36.445","503.133"
"149","38.0","36.432","502.156"
"149","39.0","36.419","501.194"
"149","40.0","36.406","500.252"
"149","41.0","36.394","499.321"
"149","42.0","36.381","498.409"
"149","43.0","36.369","497.913"
"149","44.0","36.357","497.511"
"149","45.0","36.346","497.079"
"149","46.0","36.335","496.674"
"149","47.0","36.324","496.279"
"149","48.0","36.313","495.888"
"149","49.0","36.302","495.504"
"149","50.0","36.292","495.139"
"149","51.0","36.282","494.782"
"149","52.0","36.272","494.435"
"149","53.0","36.262","494.098"
"149","54.0","36.252","493.727"
"149","55.0","36.243","493.349"
"149","56.0","36.233","492.904"
"149","57.0","36.224","492.436"
"149","58.0","36.215","491.979"
"149","59.0","36.206","491.534"
"149","60.0","36.197","491.097"
"149","61.0","36.188","490.665"
"149","62.0","36.179","490.24"
"149","63.0","36.171","489.821"
"149","64.0","36.162","489.411"
"149","65.0","36.154","489.007"
"149","66.0","36.145","488.561"
"149","67.0","36.137","488.092"
"149","68.0","36.129","487.514"
"149","69.0","36.121","486.822"
"149","70.0","36.112","486.141"
"149","71.0","36.104","485.488"
"149","72.0","36.096","484.83"
"149","73.0","36.088","484.186"
"149","74.0","36.08","483.565"
"149","75.0","36.072","482.866"
"149","76.0","36.065","482.114"
"149","77.0","36.057","481.355"
"149","78.0","36.049","480.611"
"149","79.0","36.042","479.893"
"149","80.0","36.034","479.2"
"149","81.0","36.027","478.522"
"149","82.0","36.019","477.848"
"149","83.0","36.012","477.182"
"149","84.0","36.004","476.521"
"149","85.0","35.997","475.866"
"149","86.0","35.99","475.225"
"149","87.0","35.983","474.583"
"149","88.0","35.976","473.949"
"149","89.0","35.969","473.319"
"149","90.0","35.962","472.691"
"149","91.0","35.955","472.328"
"149","92.0","35.948","472.001"
"149","93.0","35.942","471.518"
"149","94.0","35.935","470.988"
"149","95.0","35.929","470.455"
"150","0.0","37.377","0.0"
"150","1.0","37.303","733.789"
"150","2.0","37.27","642.551"
"150","3.0","37.236","581.301"
"150","4.0","37.185","550.186"
"150","5.0","37.14","551.834"
"150","6.0","37.097","554.113"
"150","7.0","37.059","551.835"
"150","8.0","37.022","548.857"
"150","9.0","36.987","546.49"
"150","10.0","36.955","544.676"
"150","11.0","36.924","542.803"
"150","12.0","36.894","540.888"
"150","13.0","36.866","539.024"
"150","14.0","36.84","537.17"
"150","15.0","36.814","535.347"
"150","16.0","36.79","533.57"
"150","17.0","36.766","531.822"
"150","18.0","36.744","529.898"
"150","19.0","36.722","528.07"
"150","20.0","36.702","526.428"
"150","21.0","36.682","524.977"
"150","22.0","36.663","523.505"
"150","23.0","36.644","522.058"
"150","24.0","36.626","520.667"
"150","25.0","36.609","519.322"
"150","26.0","36.592","518.019"
"150","27.0","36.575","516.758"
"150","28.0","36.559","515.501"
"150","29.0","36.544","514.271"
"150","30.0","36.528","513.086"
"150","31.0","36.513","511.929"
"150","32.0","36.499","510.805"
"150","33.0","36.484","509.706"
"150","34.0","36.47","508.629"
"150","35.0","36.456","507.569"
"150","36.0","36.443","506.531"
"150","37.0","36.429","505.512"
"150","38.0","36.416","504.501"
"150","39.0","36.403","503.506"
"150","40.0","36.39","502.53"
"150","41.0","36.378","501.57"
"150","42.0","36.365","500.62"
"150","43.0","36.353","500.056"
"150","44.0","36.341","499.602"
"150","45.0","36.33","499.12"
"150","46.0","36.318","498.668"
"150","47.0","36.307","498.231"
"150","48.0","36.296","497.798"
"150","49.0","36.286","497.377"
"150","50.0","36.275","496.976"
"150","51.0","36.265","496.585"
"150","52.0","36.255","496.206"
"150","53.0","36.245","495.839"
"150","54.0","36.235","495.448"
"150","55.0","36.226","495.041"
"150","56.0","36.216","494.571"
"150","57.0","36.207","494.08"
"150","58.0","36.198","493.6"
"150","59.0","36.189","493.133"
"150","60.0","36.18","492.675"
"150","61.0","36.171","492.224"
"150","62.0","36.162","491.78"
"150","63.0","36.154","491.344"
"150","64.0","36.145","490.917"
"150","65.0","36.137","490.502"
"150","66.0","36.128","490.055"
"150","67.0","36.12","489.57"
"150","68.0","36.112","488.991"
"150","69.0","36.103","488.282"
"150","70.0","36.095","487.593"
"150","71.0","36.087","486.929"
"150","72.0","36.079","486.258"
"150","73.0","36.071","485.602"
"150","74.0","36.063","484.967"
"150","75.0","36.055","484.259"
"150","76.0","36.047","483.496"
"150","77.0","36.039","482.726"
"150","78.0","36.032","481.967"
"150","79.0","36.024","481.238"
"150","80.0","36.017","480.529"
"150","81.0","36.009","479.847"
"150","82.0","36.002","479.163"
"150","83.0","35.994","478.487"
"150","84.0","35.987","477.816"
"150","85.0","35.98","477.151"
"150","86.0","35.972","476.495"
"150","87.0","35.965","475.85"
"150","88.0","35.958","475.207"
"150","89.0","35.951","474.569"
"150","90.0","35.944","473.923"
"150","91.0","35.937","473.519"
"150","92.0","35.93","473.157"
"150","93.0","35.924","472.635"
"150","94.0","35.918","472.067"
"150","95.0","35.912","471.495"
"151","0.0","37.373","0.0"
"151","1.0","37.273","702.62"
"151","2.0","37.263","661.476"
"151","3.0","37.23","585.101"
"151","4.0","37.178","555.377"
"151","5.0","37.133","556.889"
"151","6.0","37.09","558.244"
"151","7.0","37.052","555.763"
"151","8.0","37.015","552.533"
"151","9.0","36.981","549.981"
"151","10.0","36.948","547.96"
"151","11.0","36.917","545.91"
"151","12.0","36.887","543.835"
"151","13.0","36.859","541.828"
"151","14.0","36.832","539.842"
"151","15.0","36.807","537.895"
"151","16.0","36.782","536.011"
"151","17.0","36.759","534.165"
"151","18.0","36.736","532.133"
"151","19.0","36.715","530.209"
"151","20.0","36.694","528.478"
"151","21.0","36.674","526.96"
"151","22.0","36.655","525.417"
"151","23.0","36.637","523.908"
"151","24.0","36.619","522.459"
"151","25.0","36.601","521.061"
"151","26.0","36.584","519.707"
"151","27.0","36.568","518.4"
"151","28.0","36.552","517.104"
"151","29.0","36.536","515.834"
"151","30.0","36.521","514.614"
"151","31.0","36.506","513.426"
"151","32.0","36.491","512.268"
"151","33.0","36.476","511.139"
"151","34.0","36.462","510.036"
"151","35.0","36.448","508.949"
"151","36.0","36.435","507.886"
"151","37.0","36.421","506.846"
"151","38.0","36.408","505.813"
"151","39.0","36.395","504.8"
"151","40.0","36.382","503.807"
"151","41.0","36.37","502.828"
"151","42.0","36.357","501.856"
"151","43.0","36.345","501.254"
"151","44.0","36.333","500.77"
"151","45.0","36.321","500.259"
"151","46.0","36.31","499.78"
"151","47.0","36.299","499.32"
"151","48.0","36.288","498.863"
"151","49.0","36.277","498.421"
"151","50.0","36.267","497.999"
"151","51.0","36.257","497.589"
"151","52.0","36.246","497.192"
"151","53.0","36.237","496.808"
"151","54.0","36.227","496.406"
"151","55.0","36.217","495.982"
"151","56.0","36.208","495.497"
"151","57.0","36.198","494.993"
"151","58.0","36.189","494.5"
"151","59.0","36.18","494.022"
"151","60.0","36.171","493.552"
"151","61.0","36.162","493.09"
"151","62.0","36.153","492.635"
"151","63.0","36.145","492.19"
"151","64.0","36.136","491.753"
"151","65.0","36.128","491.332"
"151","66.0","36.119","490.878"
"151","67.0","36.111","490.386"
"151","68.0","36.102","489.804"
"151","69.0","36.094","489.094"
"151","70.0","36.086","488.392"
"151","71.0","36.078","487.721"
"151","72.0","36.07","487.043"
"151","73.0","36.062","486.38"
"151","74.0","36.054","485.746"
"151","75.0","36.046","485.024"
"151","76.0","36.038","484.254"
"151","77.0","36.03","483.477"
"151","78.0","36.022","482.712"
"151","79.0","36.015","481.976"
"151","80.0","36.007","481.268"
"151","81.0","36.0","480.573"
"151","82.0","35.992","479.883"
"151","83.0","35.985","479.201"
"151","84.0","35.977","478.525"
"151","85.0","35.97","477.856"
"151","86.0","35.963","477.2"
"151","87.0","35.956","476.545"
"151","88.0","35.949","475.896"
"151","89.0","35.941","475.253"
"151","90.0","35.934","474.613"
"151","91.0","35.928","474.18"
"151","92.0","35.921","473.798"
"151","93.0","35.914","473.254"
"151","94.0","35.908","472.661"
"151","95.0","35.902","472.071"
"152","0.0","37.369","0.0"
"152","1.0","37.226","547.997"
"152","2.0","37.249","713.373"
"152","3.0","37.221","590.443"
"152","4.0","37.17","563.051"
"152","5.0","37.125","566.637"
"152","6.0","37.082","566.464"
"152","7.0","37.043","563.457"
"152","8.0","37.007","559.822"
"152","9.0","36.972","556.946"
"152","10.0","36.939","554.509"
"152","11.0","36.908","552.119"
"152","12.0","36.879","549.737"
"152","13.0","36.851","547.446"
"152","14.0","36.824","545.206"
"152","15.0","36.798","543.021"
"152","16.0","36.774","540.928"
"152","17.0","36.75","538.887"
"152","18.0","36.728","536.634"
"152","19.0","36.706","534.516"
"152","20.0","36.686","532.618"
"152","21.0","36.666","530.961"
"152","22.0","36.646","529.275"
"152","23.0","36.628","527.644"
"152","24.0","36.61","526.08"
"152","25.0","36.592","524.575"
"152","26.0","36.575","523.122"
"152","27.0","36.559","521.725"
"152","28.0","36.543","520.347"
"152","29.0","36.527","519.002"
"152","30.0","36.512","517.711"
"152","31.0","36.497","516.456"
"152","32.0","36.482","515.236"
"152","33.0","36.468","514.05"
"152","34.0","36.453","512.892"
"152","35.0","36.44","511.755"
"152","36.0","36.426","510.646"
"152","37.0","36.412","509.562"
"152","38.0","36.399","508.489"
"152","39.0","36.386","507.439"
"152","40.0","36.373","506.41"
"152","41.0","36.361","505.397"
"152","42.0","36.348","504.392"
"152","43.0","36.336","503.713"
"152","44.0","36.324","503.168"
"152","45.0","36.312","502.598"
"152","46.0","36.301","502.067"
"152","47.0","36.29","501.559"
"152","48.0","36.279","501.056"
"152","49.0","36.268","500.571"
"152","50.0","36.258","500.108"
"152","51.0","36.247","499.66"
"152","52.0","36.237","499.228"
"152","53.0","36.227","498.81"
"152","54.0","36.218","498.386"
"152","55.0","36.208","497.925"
"152","56.0","36.198","497.412"
"152","57.0","36.189","496.881"
"152","58.0","36.18","496.363"
"152","59.0","36.171","495.86"
"152","60.0","36.162","495.368"
"152","61.0","36.153","494.883"
"152","62.0","36.144","494.407"
"152","63.0","36.135","493.942"
"152","64.0","36.127","493.488"
"152","65.0","36.118","493.052"
"152","66.0","36.11","492.587"
"152","67.0","36.101","492.09"
"152","68.0","36.093","491.499"
"152","69.0","36.085","490.771"
"152","70.0","36.076","490.059"
"152","71.0","36.068","489.375"
"152","72.0","36.06","488.683"
"152","73.0","36.052","488.005"
"152","74.0","36.044","487.352"
"152","75.0","36.036","486.62"
"152","76.0","36.028","485.839"
"152","77.0","36.021","485.049"
"152","78.0","36.013","484.268"
"152","79.0","36.005","483.519"
"152","80.0","35.998","482.794"
"152","81.0","35.99","482.094"
"152","82.0","35.983","481.392"
"152","83.0","35.975","480.699"
"152","84.0","35.968","480.012"
"152","85.0","35.961","479.332"
"152","86.0","35.953","478.659"
"152","87.0","35.946","478.0"
"152","88.0","35.939","477.342"
"152","89.0","35.932","476.687"
"152","90.0","35.925","476.029"
"152","91.0","35.918","475.563"
"152","92.0","35.911","475.126"
"152","93.0","35.905","474.536"
"152","94.0","35.898","473.9"
"152","95.0","35.892","473.265"
"153","0.0","37.365","0.0"
"153","1.0","37.157","450.496"
"153","2.0","37.222","736.593"
"153","3.0","37.209","595.894"
"153","4.0","37.159","566.814"
"153","5.0","37.113","572.022"
"153","6.0","37.071","571.341"
"153","7.0","37.032","568.004"
"153","8.0","36.995","564.15"
"153","9.0","36.961","561.104"
"153","10.0","36.928","558.414"
"153","11.0","36.897","555.817"
"153","12.0","36.867","553.252"
"153","13.0","36.839","550.793"
"153","14.0","36.812","548.396"
"153","15.0","36.787","546.073"
"153","16.0","36.762","543.848"
"153","17.0","36.739","541.692"
"153","18.0","36.716","539.309"
"153","19.0","36.695","537.077"
"153","20.0","36.674","535.081"
"153","21.0","36.654","533.34"
"153","22.0","36.635","531.569"
"153","23.0","36.616","529.864"
"153","24.0","36.598","528.231"
"153","25.0","36.581","526.662"
"153","26.0","36.564","525.15"
"153","27.0","36.547","523.699"
"153","28.0","36.531","522.273"
"153","29.0","36.516","520.882"
"153","30.0","36.5","519.55"
"153","31.0","36.485","518.254"
"153","32.0","36.471","516.997"
"153","33.0","36.456","515.777"
"153","34.0","36.442","514.586"
"153","35.0","36.428","513.42"
"153","36.0","36.414","512.283"
"153","37.0","36.401","511.172"
"153","38.0","36.388","510.076"
"153","39.0","36.375","509.003"
"153","40.0","36.362","507.952"
"153","41.0","36.349","506.918"
"153","42.0","36.337","505.894"
"153","43.0","36.324","505.167"
"153","44.0","36.312","504.583"
"153","45.0","36.301","503.98"
"153","46.0","36.289","503.416"
"153","47.0","36.278","502.88"
"153","48.0","36.267","502.349"
"153","49.0","36.257","501.838"
"153","50.0","36.246","501.351"
"153","51.0","36.236","500.88"
"153","52.0","36.226","500.425"
"153","53.0","36.216","499.987"
"153","54.0","36.206","499.548"
"153","55.0","36.196","499.067"
"153","56.0","36.187","498.536"
"153","57.0","36.177","497.989"
"153","58.0","36.168","497.456"
"153","59.0","36.159","496.938"
"153","60.0","36.15","496.432"
"153","61.0","36.141","495.934"
"153","62.0","36.132","495.445"
"153","63.0","36.123","494.969"
"153","64.0","36.115","494.504"
"153","65.0","36.106","494.059"
"153","66.0","36.098","493.585"
"153","67.0","36.089","493.082"
"153","68.0","36.081","492.485"
"153","69.0","36.073","491.755"
"153","70.0","36.064","491.03"
"153","71.0","36.056","490.337"
"153","72.0","36.048","489.637"
"153","73.0","36.04","488.95"
"153","74.0","36.032","488.294"
"153","75.0","36.024","487.548"
"153","76.0","36.016","486.759"
"153","77.0","36.009","485.962"
"153","78.0","36.001","485.172"
"153","79.0","35.993","484.416"
"153","80.0","35.986","483.69"
"153","81.0","35.978","482.977"
"153","82.0","35.971","482.269"
"153","83.0","35.963","481.568"
"153","84.0","35.956","480.875"
"153","85.0","35.949","480.188"
"153","86.0","35.941","479.515"
"153","87.0","35.934","478.845"
"153","88.0","35.927","478.181"
"153","89.0","35.92","477.52"
"153","90.0","35.913","476.857"
"153","91.0","35.906","476.371"
"153","92.0","35.899","475.905"
"153","93.0","35.893","475.289"
"153","94.0","35.887","474.623"
"153","95.0","35.881","473.965"
"154","0.0","37.361","0.0"
"154","1.0","37.134","401.12"
"154","2.0","37.198","751.519"
"154","3.0","37.198","603.25"
"154","4.0","37.149","570.399"
"154","5.0","37.103","576.842"
"154","6.0","37.06","576.009"
"154","7.0","37.022","572.367"
"154","8.0","36.985","568.284"
"154","9.0","36.95","565.065"
"154","10.0","36.917","562.131"
"154","11.0","36.886","559.335"
"154","12.0","36.857","556.591"
"154","13.0","36.829","553.967"
"154","14.0","36.802","551.425"
"154","15.0","36.776","548.96"
"154","16.0","36.752","546.617"
"154","17.0","36.728","544.335"
"154","18.0","36.706","541.83"
"154","19.0","36.684","539.49"
"154","20.0","36.663","537.402"
"154","21.0","36.643","535.578"
"154","22.0","36.624","533.725"
"154","23.0","36.606","531.949"
"154","24.0","36.587","530.248"
"154","25.0","36.57","528.615"
"154","26.0","36.553","527.046"
"154","27.0","36.537","525.542"
"154","28.0","36.52","524.068"
"154","29.0","36.505","522.632"
"154","30.0","36.489","521.26"
"154","31.0","36.474","519.925"
"154","32.0","36.46","518.631"
"154","33.0","36.445","517.378"
"154","34.0","36.431","516.155"
"154","35.0","36.417","514.959"
"154","36.0","36.403","513.794"
"154","37.0","36.39","512.658"
"154","38.0","36.377","511.538"
"154","39.0","36.364","510.443"
"154","40.0","36.351","509.371"
"154","41.0","36.338","508.316"
"154","42.0","36.325","507.284"
"154","43.0","36.313","506.512"
"154","44.0","36.301","505.892"
"154","45.0","36.289","505.259"
"154","46.0","36.278","504.666"
"154","47.0","36.267","504.103"
"154","48.0","36.256","503.547"
"154","49.0","36.245","503.013"
"154","50.0","36.235","502.503"
"154","51.0","36.224","502.011"
"154","52.0","36.214","501.537"
"154","53.0","36.204","501.08"
"154","54.0","36.194","500.629"
"154","55.0","36.184","500.127"
"154","56.0","36.175","499.579"
"154","57.0","36.166","499.019"
"154","58.0","36.156","498.472"
"154","59.0","36.147","497.94"
"154","60.0","36.138","497.421"
"154","61.0","36.129","496.911"
"154","62.0","36.12","496.41"
"154","63.0","36.112","495.923"
"154","64.0","36.103","495.449"
"154","65.0","36.094","494.996"
"154","66.0","36.086","494.52"
"154","67.0","36.077","494.009"
"154","68.0","36.069","493.405"
"154","69.0","36.061","492.663"
"154","70.0","36.052","491.935"
"154","71.0","36.044","491.235"
"154","72.0","36.036","490.526"
"154","73.0","36.028","489.833"
"154","74.0","36.02","489.162"
"154","75.0","36.012","488.412"
"154","76.0","36.004","487.617"
"154","77.0","35.997","486.812"
"154","78.0","35.989","486.015"
"154","79.0","35.981","485.251"
"154","80.0","35.974","484.513"
"154","81.0","35.966","483.799"
"154","82.0","35.959","483.085"
"154","83.0","35.951","482.378"
"154","84.0","35.944","481.678"
"154","85.0","35.937","480.986"
"154","86.0","35.929","480.301"
"154","87.0","35.922","479.631"
"154","88.0","35.915","478.961"
"154","89.0","35.908","478.294"
"154","90.0","35.901","477.623"
"154","91.0","35.894","477.117"
"154","92.0","35.887","476.619"
"154","93.0","35.881","475.978"
"154","94.0","35.874","475.288"
"154","95.0","35.868","474.606"
"155","0.0","37.359","0.0"
"155","1.0","37.133","384.936"
"155","2.0","37.182","763.197"
"155","3.0","37.187","610.416"
"155","4.0","37.139","574.463"
"155","5.0","37.092","581.439"
"155","6.0","37.05","580.576"
"155","7.0","37.011","576.669"
"155","8.0","36.974","572.343"
"155","9.0","36.94","568.957"
"155","10.0","36.907","565.792"
"155","11.0","36.876","562.802"
"155","12.0","36.846","559.886"
"155","13.0","36.818","557.105"
"155","14.0","36.791","554.414"
"155","15.0","36.766","551.82"
"155","16.0","36.741","549.355"
"155","17.0","36.718","546.955"
"155","18.0","36.695","544.337"
"155","19.0","36.674","541.894"
"155","20.0","36.653","539.717"
"155","21.0","36.633","537.809"
"155","22.0","36.614","535.875"
"155","23.0","36.595","534.029"
"155","24.0","36.577","532.263"
"155","25.0","36.56","530.569"
"155","26.0","36.543","528.945"
"155","27.0","36.526","527.39"
"155","28.0","36.51","525.868"
"155","29.0","36.494","524.391"
"155","30.0","36.479","522.979"
"155","31.0","36.464","521.606"
"155","32.0","36.449","520.278"
"155","33.0","36.435","518.993"
"155","34.0","36.421","517.738"
"155","35.0","36.407","516.514"
"155","36.0","36.393","515.323"
"155","37.0","36.38","514.161"
"155","38.0","36.366","513.02"
"155","39.0","36.353","511.904"
"155","40.0","36.34","510.81"
"155","41.0","36.328","509.737"
"155","42.0","36.315","508.688"
"155","43.0","36.303","507.876"
"155","44.0","36.291","507.219"
"155","45.0","36.279","506.557"
"155","46.0","36.268","505.933"
"155","47.0","36.256","505.342"
"155","48.0","36.245","504.759"
"155","49.0","36.235","504.202"
"155","50.0","36.224","503.668"
"155","51.0","36.214","503.155"
"155","52.0","36.204","502.661"
"155","53.0","36.194","502.186"
"155","54.0","36.184","501.719"
"155","55.0","36.174","501.197"
"155","56.0","36.164","500.633"
"155","57.0","36.155","500.057"
"155","58.0","36.146","499.496"
"155","59.0","36.137","498.951"
"155","60.0","36.128","498.419"
"155","61.0","36.119","497.897"
"155","62.0","36.11","497.384"
"155","63.0","36.101","496.886"
"155","64.0","36.092","496.402"
"155","65.0","36.084","495.941"
"155","66.0","36.075","495.457"
"155","67.0","36.067","494.939"
"155","68.0","36.058","494.326"
"155","69.0","36.05","493.583"
"155","70.0","36.042","492.842"
"155","71.0","36.034","492.133"
"155","72.0","36.026","491.417"
"155","73.0","36.018","490.715"
"155","74.0","36.01","490.041"
"155","75.0","36.002","489.277"
"155","76.0","35.994","488.474"
"155","77.0","35.986","487.661"
"155","78.0","35.978","486.857"
"155","79.0","35.971","486.086"
"155","80.0","35.963","485.347"
"155","81.0","35.956","484.62"
"155","82.0","35.948","483.9"
"155","83.0","35.941","483.186"
"155","84.0","35.933","482.481"
"155","85.0","35.926","481.783"
"155","86.0","35.919","481.097"
"155","87.0","35.912","480.415"
"155","88.0","35.904","479.74"
"155","89.0","35.897","479.068"
"155","90.0","35.89","478.399"
"155","91.0","35.883","477.871"
"155","92.0","35.877","477.339"
"155","93.0","35.87","476.673"
"155","94.0","35.864","475.958"
"155","95.0","35.858","475.252"
"156","0.0","37.357","0.0"
"156","1.0","37.139","402.738"
"156","2.0","37.181","766.443"
"156","3.0","37.182","613.819"
"156","4.0","37.134","576.972"
"156","5.0","37.087","583.679"
"156","6.0","37.045","582.796"
"156","7.0","37.006","578.78"
"156","8.0","36.969","574.324"
"156","9.0","36.935","570.854"
"156","10.0","36.902","567.579"
"156","11.0","36.87","564.493"
"156","12.0","36.841","561.493"
"156","13.0","36.813","558.635"
"156","14.0","36.786","555.874"
"156","15.0","36.76","553.215"
"156","16.0","36.736","550.691"
"156","17.0","36.712","548.23"
"156","18.0","36.69","545.557"
"156","19.0","36.668","543.063"
"156","20.0","36.648","540.84"
"156","21.0","36.628","538.891"
"156","22.0","36.608","536.918"
"156","23.0","36.59","535.037"
"156","24.0","36.572","533.238"
"156","25.0","36.554","531.516"
"156","26.0","36.537","529.862"
"156","27.0","36.521","528.282"
"156","28.0","36.505","526.739"
"156","29.0","36.489","525.24"
"156","30.0","36.473","523.808"
"156","31.0","36.458","522.418"
"156","32.0","36.444","521.071"
"156","33.0","36.429","519.77"
"156","34.0","36.415","518.501"
"156","35.0","36.401","517.262"
"156","36.0","36.387","516.058"
"156","37.0","36.374","514.885"
"156","38.0","36.361","513.731"
"156","39.0","36.348","512.605"
"156","40.0","36.335","511.502"
"156","41.0","36.322","510.418"
"156","42.0","36.309","509.364"
"156","43.0","36.297","508.534"
"156","44.0","36.285","507.859"
"156","45.0","36.273","507.182"
"156","46.0","36.262","506.544"
"156","47.0","36.251","505.94"
"156","48.0","36.24","505.344"
"156","49.0","36.229","504.775"
"156","50.0","36.218","504.23"
"156","51.0","36.208","503.707"
"156","52.0","36.198","503.203"
"156","53.0","36.188","502.719"
"156","54.0","36.178","502.246"
"156","55.0","36.168","501.713"
"156","56.0","36.159","501.142"
"156","57.0","36.149","500.559"
"156","58.0","36.14","499.991"
"156","59.0","36.131","499.439"
"156","60.0","36.122","498.901"
"156","61.0","36.113","498.372"
"156","62.0","36.104","497.853"
"156","63.0","36.095","497.35"
"156","64.0","36.086","496.862"
"156","65.0","36.078","496.396"
"156","66.0","36.069","495.912"
"156","67.0","36.061","495.392"
"156","68.0","36.052","494.773"
"156","69.0","36.044","494.022"
"156","70.0","36.036","493.283"
"156","71.0","36.028","492.569"
"156","72.0","36.019","491.849"
"156","73.0","36.011","491.144"
"156","74.0","36.003","490.461"
"156","75.0","35.995","489.697"
"156","76.0","35.988","488.89"
"156","77.0","35.98","488.074"
"156","78.0","35.972","487.266"
"156","79.0","35.965","486.491"
"156","80.0","35.957","485.745"
"156","81.0","35.949","485.02"
"156","82.0","35.942","484.296"
"156","83.0","35.934","483.579"
"156","84.0","35.927","482.871"
"156","85.0","35.92","482.17"
"156","86.0","35.913","481.477"
"156","87.0","35.905","480.798"
"156","88.0","35.898","480.12"
"156","89.0","35.891","479.444"
"156","90.0","35.884","478.774"
"156","91.0","35.877","478.235"
"156","92.0","35.87","477.688"
"156","93.0","35.864","477.009"
"156","94.0","35.858","476.28"
"156","95.0","35.852","475.565"
"157","0.0","37.353","0.0"
"157","1.0","37.158","525.258"
"157","2.0","37.175","761.139"
"157","3.0","37.172","621.711"
"157","4.0","37.123","585.445"
"157","5.0","37.076","589.665"
"157","6.0","37.033","588.6"
"157","7.0","36.994","584.365"
"157","8.0","36.958","579.559"
"157","9.0","36.923","575.837"
"157","10.0","36.89","572.276"
"157","11.0","36.859","568.941"
"157","12.0","36.829","565.713"
"157","13.0","36.801","562.646"
"157","14.0","36.774","559.7"
"157","15.0","36.749","556.867"
"157","16.0","36.724","554.19"
"157","17.0","36.7","551.559"
"157","18.0","36.678","548.747"
"157","19.0","36.656","546.119"
"157","20.0","36.636","543.784"
"157","21.0","36.616","541.725"
"157","22.0","36.597","539.649"
"157","23.0","36.578","537.679"
"157","24.0","36.56","535.797"
"157","25.0","36.542","533.997"
"157","26.0","36.525","532.273"
"157","27.0","36.509","530.628"
"157","28.0","36.493","529.025"
"157","29.0","36.477","527.472"
"157","30.0","36.461","525.99"
"157","31.0","36.446","524.551"
"157","32.0","36.432","523.16"
"157","33.0","36.417","521.818"
"157","34.0","36.403","520.51"
"157","35.0","36.389","519.235"
"157","36.0","36.375","517.997"
"157","37.0","36.362","516.792"
"157","38.0","36.349","515.61"
"157","39.0","36.335","514.456"
"157","40.0","36.323","513.327"
"157","41.0","36.31","512.219"
"157","42.0","36.297","511.138"
"157","43.0","36.285","510.266"
"157","44.0","36.273","509.543"
"157","45.0","36.261","508.828"
"157","46.0","36.249","508.151"
"157","47.0","36.238","507.512"
"157","48.0","36.227","506.884"
"157","49.0","36.216","506.284"
"157","50.0","36.206","505.71"
"157","51.0","36.195","505.16"
"157","52.0","36.185","504.631"
"157","53.0","36.175","504.123"
"157","54.0","36.165","503.631"
"157","55.0","36.155","503.071"
"157","56.0","36.146","502.478"
"157","57.0","36.136","501.877"
"157","58.0","36.127","501.29"
"157","59.0","36.118","500.722"
"157","60.0","36.109","500.167"
"157","61.0","36.1","499.622"
"157","62.0","36.091","499.088"
"157","63.0","36.082","498.572"
"157","64.0","36.073","498.072"
"157","65.0","36.065","497.595"
"157","66.0","36.056","497.097"
"157","67.0","36.048","496.572"
"157","68.0","36.039","495.941"
"157","69.0","36.031","495.186"
"157","70.0","36.023","494.433"
"157","71.0","36.014","493.707"
"157","72.0","36.006","492.978"
"157","73.0","35.998","492.263"
"157","74.0","35.99","491.574"
"157","75.0","35.982","490.792"
"157","76.0","35.974","489.975"
"157","77.0","35.967","489.15"
"157","78.0","35.959","488.334"
"157","79.0","35.951","487.549"
"157","80.0","35.944","486.799"
"157","81.0","35.936","486.061"
"157","82.0","35.929","485.329"
"157","83.0","35.921","484.605"
"157","84.0","35.914","483.888"
"157","85.0","35.907","483.18"
"157","86.0","35.899","482.484"
"157","87.0","35.892","481.793"
"157","88.0","35.885","481.108"
"157","89.0","35.878","480.425"
"157","90.0","35.871","479.747"
"157","91.0","35.864","479.195"
"157","92.0","35.857","478.597"
"157","93.0","35.85","477.885"
"157","94.0","35.844","477.126"
"157","95.0","35.838","476.379"
"158","0.0","37.348","0.0"
"158","1.0","37.174","672.192"
"158","2.0","37.172","731.143"
"158","3.0","37.16","630.328"
"158","4.0","37.11","599.724"
"158","5.0","37.062","598.689"
"158","6.0","37.02","596.886"
"158","7.0","36.981","592.371"
"158","8.0","36.944","587.074"
"158","9.0","36.909","582.974"
"158","10.0","36.876","579.019"
"158","11.0","36.845","575.324"
"158","12.0","36.816","571.774"
"158","13.0","36.787","568.421"
"158","14.0","36.761","565.203"
"158","15.0","36.735","562.134"
"158","16.0","36.71","559.232"
"158","17.0","36.687","556.36"
"158","18.0","36.664","553.342"
"158","19.0","36.643","550.539"
"158","20.0","36.622","548.044"
"158","21.0","36.602","545.828"
"158","22.0","36.583","543.608"
"158","23.0","36.564","541.512"
"158","24.0","36.546","539.511"
"158","25.0","36.528","537.601"
"158","26.0","36.511","535.776"
"158","27.0","36.495","534.039"
"158","28.0","36.479","532.35"
"158","29.0","36.463","530.721"
"158","30.0","36.447","529.165"
"158","31.0","36.432","527.657"
"158","32.0","36.418","526.202"
"158","33.0","36.403","524.8"
"158","34.0","36.389","523.436"
"158","35.0","36.375","522.11"
"158","36.0","36.361","520.823"
"158","37.0","36.348","519.571"
"158","38.0","36.334","518.349"
"158","39.0","36.321","517.156"
"158","40.0","36.308","515.989"
"158","41.0","36.295","514.847"
"158","42.0","36.283","513.734"
"158","43.0","36.27","512.804"
"158","44.0","36.258","512.011"
"158","45.0","36.246","511.242"
"158","46.0","36.235","510.509"
"158","47.0","36.224","509.818"
"158","48.0","36.213","509.143"
"158","49.0","36.202","508.499"
"158","50.0","36.191","507.883"
"158","51.0","36.181","507.294"
"158","52.0","36.17","506.728"
"158","53.0","36.16","506.186"
"158","54.0","36.15","505.665"
"158","55.0","36.14","505.065"
"158","56.0","36.131","504.442"
"158","57.0","36.121","503.814"
"158","58.0","36.112","503.202"
"158","59.0","36.103","502.608"
"158","60.0","36.093","502.03"
"158","61.0","36.084","501.462"
"158","62.0","36.076","500.907"
"158","63.0","36.067","500.37"
"158","64.0","36.058","499.854"
"158","65.0","36.049","499.36"
"158","66.0","36.041","498.851"
"158","67.0","36.032","498.312"
"158","68.0","36.024","497.662"
"158","69.0","36.015","496.892"
"158","70.0","36.007","496.13"
"158","71.0","35.999","495.387"
"158","72.0","35.991","494.644"
"158","73.0","35.983","493.915"
"158","74.0","35.975","493.208"
"158","75.0","35.967","492.409"
"158","76.0","35.959","491.575"
"158","77.0","35.951","490.737"
"158","78.0","35.943","489.908"
"158","79.0","35.936","489.111"
"158","80.0","35.928","488.346"
"158","81.0","35.92","487.599"
"158","82.0","35.913","486.855"
"158","83.0","35.905","486.119"
"158","84.0","35.898","485.391"
"158","85.0","35.891","484.672"
"158","86.0","35.883","483.962"
"158","87.0","35.876","483.265"
"158","88.0","35.869","482.569"
"158","89.0","35.862","481.875"
"158","90.0","35.855","481.177"
"158","91.0","35.848","480.607"
"158","92.0","35.841","479.942"
"158","93.0","35.835","479.18"
"158","94.0","35.828","478.372"
"158","95.0","35.822","477.584"
"159","0.0","37.345","0.0"
"159","1.0","37.168","695.953"
"159","2.0","37.174","710.825"
"159","3.0","37.156","636.937"
"159","4.0","37.106","610.482"
"159","5.0","37.058","605.698"
"159","6.0","37.015","603.043"
"159","7.0","36.976","598.273"
"159","8.0","36.94","592.621"
"159","9.0","36.905","588.221"
"159","10.0","36.872","583.977"
"159","11.0","36.841","580.024"
"159","12.0","36.811","576.237"
"159","13.0","36.783","572.666"
"159","14.0","36.756","569.255"
"159","15.0","36.73","566.002"
"159","16.0","36.706","562.941"
"159","17.0","36.682","559.877"
"159","18.0","36.66","556.713"
"159","19.0","36.638","553.78"
"159","20.0","36.617","551.168"
"159","21.0","36.597","548.834"
"159","22.0","36.578","546.509"
"159","23.0","36.559","544.32"
"159","24.0","36.541","542.23"
"159","25.0","36.524","540.239"
"159","26.0","36.507","538.34"
"159","27.0","36.49","536.534"
"159","28.0","36.474","534.781"
"159","29.0","36.458","533.096"
"159","30.0","36.443","531.486"
"159","31.0","36.428","529.928"
"159","32.0","36.413","528.426"
"159","33.0","36.398","526.981"
"159","34.0","36.384","525.575"
"159","35.0","36.37","524.211"
"159","36.0","36.356","522.889"
"159","37.0","36.343","521.603"
"159","38.0","36.33","520.351"
"159","39.0","36.316","519.129"
"159","40.0","36.303","517.935"
"159","41.0","36.291","516.768"
"159","42.0","36.278","515.632"
"159","43.0","36.266","514.662"
"159","44.0","36.253","513.816"
"159","45.0","36.242","513.008"
"159","46.0","36.23","512.235"
"159","47.0","36.219","511.506"
"159","48.0","36.208","510.796"
"159","49.0","36.197","510.121"
"159","50.0","36.186","509.474"
"159","51.0","36.176","508.856"
"159","52.0","36.165","508.263"
"159","53.0","36.155","507.696"
"159","54.0","36.145","507.155"
"159","55.0","36.135","506.526"
"159","56.0","36.126","505.88"
"159","57.0","36.116","505.233"
"159","58.0","36.107","504.602"
"159","59.0","36.098","503.99"
"159","60.0","36.088","503.394"
"159","61.0","36.079","502.809"
"159","62.0","36.071","502.238"
"159","63.0","36.062","501.687"
"159","64.0","36.053","501.159"
"159","65.0","36.044","500.653"
"159","66.0","36.036","500.135"
"159","67.0","36.027","499.582"
"159","68.0","36.019","498.919"
"159","69.0","36.01","498.143"
"159","70.0","36.002","497.369"
"159","71.0","35.994","496.613"
"159","72.0","35.986","495.86"
"159","73.0","35.977","495.121"
"159","74.0","35.969","494.408"
"159","75.0","35.961","493.587"
"159","76.0","35.954","492.743"
"159","77.0","35.946","491.895"
"159","78.0","35.938","491.056"
"159","79.0","35.93","490.25"
"159","80.0","35.923","489.48"
"159","81.0","35.915","488.721"
"159","82.0","35.908","487.968"
"159","83.0","35.9","487.223"
"159","84.0","35.893","486.488"
"159","85.0","35.886","485.761"
"159","86.0","35.878","485.046"
"159","87.0","35.871","484.338"
"159","88.0","35.864","483.635"
"159","89.0","35.857","482.932"
"159","90.0","35.85","482.227"
"159","91.0","35.842","481.633"
"159","92.0","35.836","480.922"
"159","93.0","35.829","480.122"
"159","94.0","35.823","479.279"
"159","95.0","35.817","478.459"
"160","0.0","37.342","0.0"
"160","1.0","37.154","646.971"
"160","2.0","37.173","707.051"
"160","3.0","37.15","650.166"
"160","4.0","37.101","625.96"
"160","5.0","37.052","616.523"
"160","6.0","37.01","612.416"
"160","7.0","36.971","607.149"
"160","8.0","36.934","600.985"
"160","9.0","36.899","596.132"
"160","10.0","36.866","591.454"
"160","11.0","36.835","587.116"
"160","12.0","36.805","582.979"
"160","13.0","36.777","579.087"
"160","14.0","36.75","575.381"
"160","15.0","36.725","571.867"
"160","16.0","36.7","568.555"
"160","17.0","36.676","565.223"
"160","18.0","36.654","561.835"
"160","19.0","36.632","558.705"
"160","20.0","36.612","555.914"
"160","21.0","36.592","553.404"
"160","22.0","36.572","550.925"
"160","23.0","36.554","548.595"
"160","24.0","36.536","546.374"
"160","25.0","36.518","544.262"
"160","26.0","36.501","542.25"
"160","27.0","36.484","540.343"
"160","28.0","36.468","538.496"
"160","29.0","36.452","536.725"
"160","30.0","36.437","535.036"
"160","31.0","36.422","533.403"
"160","32.0","36.407","531.831"
"160","33.0","36.393","530.321"
"160","34.0","36.378","528.854"
"160","35.0","36.364","527.433"
"160","36.0","36.351","526.058"
"160","37.0","36.337","524.723"
"160","38.0","36.324","523.425"
"160","39.0","36.311","522.162"
"160","40.0","36.298","520.927"
"160","41.0","36.285","519.723"
"160","42.0","36.272","518.551"
"160","43.0","36.26","517.518"
"160","44.0","36.248","516.595"
"160","45.0","36.236","515.725"
"160","46.0","36.224","514.892"
"160","47.0","36.213","514.106"
"160","48.0","36.202","513.344"
"160","49.0","36.191","512.621"
"160","50.0","36.18","511.929"
"160","51.0","36.17","511.268"
"160","52.0","36.159","510.634"
"160","53.0","36.149","510.03"
"160","54.0","36.139","509.45"
"160","55.0","36.129","508.781"
"160","56.0","36.12","508.102"
"160","57.0","36.11","507.425"
"160","58.0","36.101","506.765"
"160","59.0","36.092","506.126"
"160","60.0","36.082","505.504"
"160","61.0","36.073","504.894"
"160","62.0","36.064","504.299"
"160","63.0","36.056","503.726"
"160","64.0","36.047","503.18"
"160","65.0","36.038","502.655"
"160","66.0","36.03","502.125"
"160","67.0","36.021","501.555"
"160","68.0","36.013","500.869"
"160","69.0","36.004","500.078"
"160","70.0","35.996","499.292"
"160","71.0","35.988","498.517"
"160","72.0","35.979","497.748"
"160","73.0","35.971","496.995"
"160","74.0","35.963","496.264"
"160","75.0","35.955","495.42"
"160","76.0","35.947","494.557"
"160","77.0","35.94","493.695"
"160","78.0","35.932","492.841"
"160","79.0","35.924","492.023"
"160","80.0","35.917","491.238"
"160","81.0","35.909","490.468"
"160","82.0","35.902","489.701"
"160","83.0","35.894","488.944"
"160","84.0","35.887","488.196"
"160","85.0","35.879","487.458"
"160","86.0","35.872","486.728"
"160","87.0","35.865","486.011"
"160","88.0","35.858","485.296"
"160","89.0","35.85","484.581"
"160","90.0","35.843","483.874"
"160","91.0","35.836","483.236"
"160","92.0","35.83","482.45"
"160","93.0","35.823","481.589"
"160","94.0","35.817","480.695"
"160","95.0","35.811","479.825"
"161","0.0","37.339","0.0"
"161","1.0","37.134","590.634"
"161","2.0","37.17","716.465"
"161","3.0","37.142","660.265"
"161","4.0","37.094","637.06"
"161","5.0","37.044","624.693"
"161","6.0","37.003","619.464"
"161","7.0","36.964","613.762"
"161","8.0","36.927","607.22"
"161","9.0","36.892","602.028"
"161","10.0","36.859","597.02"
"161","11.0","36.828","592.396"
"161","12.0","36.799","587.997"
"161","13.0","36.77","583.863"
"161","14.0","36.743","579.94"
"161","15.0","36.718","576.222"
"161","16.0","36.693","572.731"
"161","17.0","36.67","569.192"
"161","18.0","36.647","565.643"
"161","19.0","36.626","562.361"
"161","20.0","36.605","559.438"
"161","21.0","36.585","556.795"
"161","22.0","36.566","554.2"
"161","23.0","36.547","551.766"
"161","24.0","36.529","549.447"
"161","25.0","36.511","547.244"
"161","26.0","36.494","545.149"
"161","27.0","36.478","543.165"
"161","28.0","36.462","541.247"
"161","29.0","36.446","539.414"
"161","30.0","36.43","537.664"
"161","31.0","36.415","535.974"
"161","32.0","36.4","534.351"
"161","33.0","36.386","532.792"
"161","34.0","36.372","531.278"
"161","35.0","36.358","529.816"
"161","36.0","36.344","528.401"
"161","37.0","36.33","527.027"
"161","38.0","36.317","525.696"
"161","39.0","36.304","524.401"
"161","40.0","36.291","523.136"
"161","41.0","36.278","521.905"
"161","42.0","36.265","520.707"
"161","43.0","36.253","519.629"
"161","44.0","36.241","518.649"
"161","45.0","36.229","517.733"
"161","46.0","36.217","516.855"
"161","47.0","36.206","516.027"
"161","48.0","36.195","515.226"
"161","49.0","36.184","514.467"
"161","50.0","36.173","513.739"
"161","51.0","36.163","513.046"
"161","52.0","36.153","512.383"
"161","53.0","36.142","511.75"
"161","54.0","36.132","511.145"
"161","55.0","36.123","510.443"
"161","56.0","36.113","509.739"
"161","57.0","36.103","509.04"
"161","58.0","36.094","508.36"
"161","59.0","36.085","507.7"
"161","60.0","36.075","507.058"
"161","61.0","36.066","506.429"
"161","62.0","36.057","505.816"
"161","63.0","36.049","505.227"
"161","64.0","36.04","504.668"
"161","65.0","36.031","504.129"
"161","66.0","36.023","503.583"
"161","67.0","36.014","503.002"
"161","68.0","36.005","502.299"
"161","69.0","35.997","501.499"
"161","70.0","35.989","500.702"
"161","71.0","35.981","499.913"
"161","72.0","35.972","499.133"
"161","73.0","35.964","498.37"
"161","74.0","35.956","497.628"
"161","75.0","35.948","496.762"
"161","76.0","35.94","495.886"
"161","77.0","35.933","495.012"
"161","78.0","35.925","494.148"
"161","79.0","35.917","493.32"
"161","80.0","35.91","492.528"
"161","81.0","35.902","491.746"
"161","82.0","35.894","490.969"
"161","83.0","35.887","490.202"
"161","84.0","35.88","489.446"
"161","85.0","35.872","488.698"
"161","86.0","35.865","487.963"
"161","87.0","35.858","487.235"
"161","88.0","35.85","486.512"
"161","89.0","35.843","485.787"
"161","90.0","35.836","485.076"
"161","91.0","35.829","484.406"
"161","92.0","35.822","483.568"
"161","93.0","35.816","482.662"
"161","94.0","35.81","481.728"
"161","95.0","35.804","480.824"
"15","0.0","37.337","0.0"
"15","1.0","37.127","567.575"
"15","2.0","37.168","727.159"
"15","3.0","37.134","668.173"
"15","4.0","37.088","647.966"
"15","5.0","37.037","633.509"
"15","6.0","36.996","627.171"
"15","7.0","36.957","620.931"
"15","8.0","36.92","613.953"
"15","9.0","36.885","608.405"
"15","10.0","36.853","603.018"
"15","11.0","36.821","598.065"
"15","12.0","36.792","593.372"
"15","13.0","36.764","588.967"
"15","14.0","36.737","584.797"
"15","15.0","36.711","580.858"
"15","16.0","36.687","577.16"
"15","17.0","36.663","573.399"
"15","18.0","36.641","569.662"
"15","19.0","36.619","566.218"
"15","20.0","36.598","563.146"
"15","21.0","36.578","560.355"
"15","22.0","36.559","557.641"
"15","23.0","36.54","555.092"
"15","24.0","36.522","552.669"
"15","25.0","36.505","550.371"
"15","26.0","36.488","548.185"
"15","27.0","36.471","546.12"
"15","28.0","36.455","544.129"
"15","29.0","36.439","542.225"
"15","30.0","36.424","540.412"
"15","31.0","36.409","538.663"
"15","32.0","36.394","536.983"
"15","33.0","36.379","535.372"
"15","34.0","36.365","533.811"
"15","35.0","36.351","532.301"
"15","36.0","36.337","530.845"
"15","37.0","36.324","529.432"
"15","38.0","36.31","528.063"
"15","39.0","36.297","526.734"
"15","40.0","36.284","525.438"
"15","41.0","36.271","524.174"
"15","42.0","36.259","522.943"
"15","43.0","36.246","521.815"
"15","44.0","36.234","520.774"
"15","45.0","36.222","519.808"
"15","46.0","36.211","518.881"
"15","47.0","36.199","518.007"
"15","48.0","36.188","517.165"
"15","49.0","36.177","516.367"
"15","50.0","36.167","515.602"
"15","51.0","36.156","514.874"
"15","52.0","36.146","514.178"
"15","53.0","36.136","513.515"
"15","54.0","36.126","512.877"
"15","55.0","36.116","512.144"
"15","56.0","36.106","511.412"
"15","57.0","36.096","510.689"
"15","58.0","36.087","509.985"
"15","59.0","36.078","509.303"
"15","60.0","36.069","508.64"
"15","61.0","36.06","507.99"
"15","62.0","36.051","507.358"
"15","63.0","36.042","506.752"
"15","64.0","36.033","506.177"
"15","65.0","36.024","505.622"
"15","66.0","36.016","505.063"
"15","67.0","36.007","504.468"
"15","68.0","35.999","503.746"
"15","69.0","35.99","502.936"
"15","70.0","35.982","502.127"
"15","71.0","35.974","501.323"
"15","72.0","35.965","500.531"
"15","73.0","35.957","499.757"
"15","74.0","35.949","499.0"
"15","75.0","35.941","498.116"
"15","76.0","35.933","497.226"
"15","77.0","35.926","496.341"
"15","78.0","35.918","495.466"
"15","79.0","35.91","494.628"
"15","80.0","35.903","493.826"
"15","81.0","35.895","493.033"
"15","82.0","35.887","492.246"
"15","83.0","35.88","491.47"
"15","84.0","35.873","490.703"
"15","85.0","35.865","489.947"
"15","86.0","35.858","489.2"
"15","87.0","35.851","488.465"
"15","88.0","35.843","487.733"
"15","89.0","35.836","486.998"
"15","90.0","35.829","486.273"
"15","91.0","35.822","485.581"
"15","92.0","35.815","484.687"
"15","93.0","35.809","483.735"
"15","94.0","35.803","482.764"
"15","95.0","35.797","481.823"
"14_sec16_0","0.0","37.402","16.0"
"14_sec16_0","1.0","37.458","276.709"
"14_sec16_0","2.0","37.338","474.741"
"14_sec16_0","3.0","37.283","372.242"
"14_sec16_0","4.0","37.231","345.527"
"14_sec16_0","5.0","37.191","355.372"
"14_sec16_0","6.0","37.15","361.104"
"14_sec16_0","7.0","37.111","360.16"
"14_sec16_0","8.0","37.075","359.377"
"14_sec16_0","9.0","37.041","359.002"
"14_sec16_0","10.0","37.009","358.383"
"14_sec16_0","11.0","36.979","357.791"
"14_sec16_0","12.0","36.95","356.97"
"14_sec16_0","13.0","36.922","356.016"
"14_sec16_0","14.0","36.896","355.06"
"14_sec16_0","15.0","36.87","354.079"
"14_sec16_0","16.0","36.846","352.981"
"14_sec16_0","17.0","36.823","351.835"
"14_sec16_0","18.0","36.801","350.708"
"14_sec16_0","19.0","36.78","349.451"
"14_sec16_0","20.0","36.759","348.259"
"14_sec16_0","21.0","36.74","347.039"
"14_sec16_0","22.0","36.721","345.8"
"14_sec16_0","23.0","36.703","344.546"
"14_sec16_0","24.0","36.685","343.286"
"14_sec16_0","25.0","36.668","342.031"
"14_sec16_0","26.0","36.651","340.772"
"14_sec16_0","27.0","36.635","339.501"
"14_sec16_0","28.0","36.619","338.189"
"14_sec16_0","29.0","36.604","336.882"
"14_sec16_0","30.0","36.588","335.583"
"14_sec16_0","31.0","36.574","334.298"
"14_sec16_0","32.0","36.559","333.019"
"14_sec16_0","33.0","36.545","331.745"
"14_sec16_0","34.0","36.531","330.48"
"14_sec16_0","35.0","36.517","329.222"
"14_sec16_0","36.0","36.504","327.978"
"14_sec16_0","37.0","36.491","326.736"
"14_sec16_0","38.0","36.478","325.486"
"14_sec16_0","39.0","36.465","324.237"
"14_sec16_0","40.0","36.452","322.998"
"14_sec16_0","41.0","36.44","321.769"
"14_sec16_0","42.0","36.427","320.616"
"14_sec16_0","43.0","36.416","319.84"
"14_sec16_0","44.0","36.404","319.115"
"14_sec16_0","45.0","36.393","318.378"
"14_sec16_0","46.0","36.382","317.64"
"14_sec16_0","47.0","36.371","316.913"
"14_sec16_0","48.0","36.36","316.18"
"14_sec16_0","49.0","36.35","315.45"
"14_sec16_0","50.0","36.34","314.72"
"14_sec16_0","51.0","36.33","313.996"
"14_sec16_0","52.0","36.32","313.276"
"14_sec16_0","53.0","36.31","312.565"
"14_sec16_0","54.0","36.301","312.083"
"14_sec16_0","55.0","36.291","311.621"
"14_sec16_0","56.0","36.282","311.126"
"14_sec16_0","57.0","36.273","310.626"
"14_sec16_0","58.0","36.264","310.121"
"14_sec16_0","59.0","36.255","309.622"
"14_sec16_0","60.0","36.246","309.12"
"14_sec16_0","61.0","36.238","308.622"
"14_sec16_0","62.0","36.229","308.129"
"14_sec16_0","63.0","36.221","307.63"
"14_sec16_0","64.0","36.212","307.134"
"14_sec16_0","65.0","36.204","306.624"
"14_sec16_0","66.0","36.196","306.08"
"14_sec16_0","67.0","36.188","305.517"
"14_sec16_0","68.0","36.179","304.854"
"14_sec16_0","69.0","36.171","304.158"
"14_sec16_0","70.0","36.163","303.477"
"14_sec16_0","71.0","36.155","302.85"
"14_sec16_0","72.0","36.147","302.227"
"14_sec16_0","73.0","36.139","301.614"
"14_sec16_0","74.0","36.131","301.096"
"14_sec16_0","75.0","36.124","300.755"
"14_sec16_0","76.0","36.116","300.4"
"14_sec16_0","77.0","36.108","300.03"
"14_sec16_0","78.0","36.1","299.613"
"14_sec16_0","79.0","36.093","299.166"
"14_sec16_0","80.0","36.085","298.739"
"14_sec16_0","81.0","36.078","298.305"
"14_sec16_0","82.0","36.071","297.872"
"14_sec16_0","83.0","36.063","297.432"
"14_sec16_0","84.0","36.056","296.99"
"14_sec16_0","85.0","36.049","296.549"
"14_sec16_0","86.0","36.042","296.112"
"14_sec16_0","87.0","36.035","295.671"
"14_sec16_0","88.0","36.028","295.231"
"14_sec16_0","89.0","36.021","294.792"
"14_sec16_0","90.0","36.014","294.385"
"14_sec16_0","91.0","36.007","294.175"
"14_sec16_0","92.0","36.0","294.016"
"14_sec16_0","93.0","35.994","293.802"
"14_sec16_0","94.0","35.988","293.533"
"14_sec16_0","95.0","35.982","293.256"
"16","0.0","37.398","1.0"
"16","1.0","37.463","277.413"
"16","2.0","37.33","472.35"
"16","3.0","37.279","373.185"
"16","4.0","37.227","347.882"
"16","5.0","37.187","357.742"
"16","6.0","37.145","363.393"
"16","7.0","37.106","362.366"
"16","8.0","37.07","361.419"
"16","9.0","37.036","360.922"
"16","10.0","37.004","360.204"
"16","11.0","36.973","359.519"
"16","12.0","36.944","358.61"
"16","13.0","36.916","357.579"
"16","14.0","36.89","356.549"
"16","15.0","36.865","355.501"
"16","16.0","36.84","354.343"
"16","17.0","36.817","353.142"
"16","18.0","36.795","351.955"
"16","19.0","36.774","350.647"
"16","20.0","36.753","349.403"
"16","21.0","36.734","348.146"
"16","22.0","36.715","346.868"
"16","23.0","36.696","345.579"
"16","24.0","36.679","344.287"
"16","25.0","36.661","343.001"
"16","26.0","36.645","341.715"
"16","27.0","36.628","340.42"
"16","28.0","36.612","339.084"
"16","29.0","36.597","337.756"
"16","30.0","36.582","336.437"
"16","31.0","36.567","335.133"
"16","32.0","36.553","333.837"
"16","33.0","36.538","332.547"
"16","34.0","36.524","331.266"
"16","35.0","36.511","329.994"
"16","36.0","36.497","328.736"
"16","37.0","36.484","327.481"
"16","38.0","36.471","326.221"
"16","39.0","36.458","324.961"
"16","40.0","36.445","323.711"
"16","41.0","36.433","322.474"
"16","42.0","36.42","321.303"
"16","43.0","36.409","320.509"
"16","44.0","36.397","319.767"
"16","45.0","36.386","319.015"
"16","46.0","36.374","318.262"
"16","47.0","36.364","317.521"
"16","48.0","36.353","316.776"
"16","49.0","36.343","316.033"
"16","50.0","36.332","315.292"
"16","51.0","36.322","314.557"
"16","52.0","36.312","313.827"
"16","53.0","36.303","313.107"
"16","54.0","36.293","312.619"
"16","55.0","36.284","312.149"
"16","56.0","36.275","311.647"
"16","57.0","36.265","311.14"
"16","58.0","36.256","310.628"
"16","59.0","36.247","310.121"
"16","60.0","36.239","309.614"
"16","61.0","36.23","309.109"
"16","62.0","36.221","308.61"
"16","63.0","36.213","308.106"
"16","64.0","36.204","307.604"
"16","65.0","36.196","307.091"
"16","66.0","36.188","306.544"
"16","67.0","36.18","305.978"
"16","68.0","36.171","305.318"
"16","69.0","36.163","304.615"
"16","70.0","36.155","303.933"
"16","71.0","36.147","303.302"
"16","72.0","36.139","302.675"
"16","73.0","36.131","302.058"
"16","74.0","36.123","301.537"
"16","75.0","36.115","301.194"
"16","76.0","36.108","300.835"
"16","77.0","36.1","300.462"
"16","78.0","36.092","300.04"
"16","79.0","36.085","299.589"
"16","80.0","36.077","299.156"
"16","81.0","36.07","298.721"
"16","82.0","36.062","298.285"
"16","83.0","36.055","297.842"
"16","84.0","36.048","297.397"
"16","85.0","36.04","296.952"
"16","86.0","36.033","296.509"
"16","87.0","36.026","296.068"
"16","88.0","36.019","295.626"
"16","89.0","36.012","295.184"
"16","90.0","36.005","294.767"
"16","91.0","35.998","294.547"
"16","92.0","35.991","294.379"
"16","93.0","35.985","294.154"
"16","94.0","35.979","293.872"
"16","95.0","35.973","293.584"
"16_sec17_0","0.0","37.398","0.0"
"16_sec17_0","1.0","37.463","277.413"
"16_sec17_0","2.0","37.33","472.35"
"16_sec17_0","3.0","37.279","373.185"
"16_sec17_0","4.0","37.227","347.882"
"16_sec17_0","5.0","37.187","357.742"
"16_sec17_0","6.0","37.145","363.393"
"16_sec17_0","7.0","37.106","362.366"
"16_sec17_0","8.0","37.07","361.419"
"16_sec17_0","9.0","37.036","360.922"
"16_sec17_0","10.0","37.004","360.204"
"16_sec17_0","11.0","36.973","359.519"
"16_sec17_0","12.0","36.944","358.61"
"16_sec17_0","13.0","36.916","357.579"
"16_sec17_0","14.0","36.89","356.549"
"16_sec17_0","15.0","36.865","355.501"
"16_sec17_0","16.0","36.84","354.343"
"16_sec17_0","17.0","36.817","353.142"
"16_sec17_0","18.0","36.795","351.955"
"16_sec17_0","19.0","36.774","350.647"
"16_sec17_0","20.0","36.753","349.403"
"16_sec17_0","21.0","36.734","348.146"
"16_sec17_0","22.0","36.715","346.868"
"16_sec17_0","23.0","36.696","345.579"
"16_sec17_0","24.0","36.679","344.287"
"16_sec17_0","25.0","36.661","343.001"
"16_sec17_0","26.0","36.645","341.715"
"16_sec17_0","27.0","36.628","340.42"
"16_sec17_0","28.0","36.612","339.084"
"16_sec17_0","29.0","36.597","337.756"
"16_sec17_0","30.0","36.582","336.437"
"16_sec17_0","31.0","36.567","335.133"
"16_sec17_0","32.0","36.553","333.837"
"16_sec17_0","33.0","36.538","332.547"
"16_sec17_0","34.0","36.524","331.266"
"16_sec17_0","35.0","36.511","329.994"
"16_sec17_0","36.0","36.497","328.736"
"16_sec17_0","37.0","36.484","327.481"
"16_sec17_0","38.0","36.471","326.221"
"16_sec17_0","39.0","36.458","324.961"
"16_sec17_0","40.0","36.445","323.711"
"16_sec17_0","41.0","36.433","322.474"
"16_sec17_0","42.0","36.42","321.303"
"16_sec17_0","43.0","36.409","320.509"
"16_sec17_0","44.0","36.397","319.767"
"16_sec17_0","45.0","36.386","319.015"
"16_sec17_0","46.0","36.374","318.262"
"16_sec17_0","47.0","36.364","317.521"
"16_sec17_0","48.0","36.353","316.776"
"16_sec17_0","49.0","36.343","316.033"
"16_sec17_0","50.0","36.332","315.292"
"16_sec17_0","51.0","36.322","314.557"
"16_sec17_0","52.0","36.312","313.827"
"16_sec17_0","53.0","36.303","313.107"
"16_sec17_0","54.0","36.293","312.619"
"16_sec17_0","55.0","36.284","312.149"
"16_sec17_0","56.0","36.275","311.647"
"16_sec17_0","57.0","36.265","311.14"
"16_sec17_0","58.0","36.256","310.628"
"16_sec17_0","59.0","36.247","310.121"
"16_sec17_0","60.0","36.239","309.614"
"16_sec17_0","61.0","36.23","309.109"
"16_sec17_0","62.0","36.221","308.61"
"16_sec17_0","63.0","36.213","308.106"
"16_sec17_0","64.0","36.204","307.604"
"16_sec17_0","65.0","36.196","307.091"
"16_sec17_0","66.0","36.188","306.544"
"16_sec17_0","67.0","36.18","305.978"
"16_sec17_0","68.0","36.171","305.318"
"16_sec17_0","69.0","36.163","304.615"
"16_sec17_0","70.0","36.155","303.933"
"16_sec17_0","71.0","36.147","303.302"
"16_sec17_0","72.0","36.139","302.675"
"16_sec17_0","73.0","36.131","302.058"
"16_sec17_0","74.0","36.123","301.537"
"16_sec17_0","75.0","36.115","301.194"
"16_sec17_0","76.0","36.108","300.835"
"16_sec17_0","77.0","36.1","300.462"
"16_sec17_0","78.0","36.092","300.04"
"16_sec17_0","79.0","36.085","299.589"
"16_sec17_0","80.0","36.077","299.156"
"16_sec17_0","81.0","36.07","298.721"
"16_sec17_0","82.0","36.062","298.285"
"16_sec17_0","83.0","36.055","297.842"
"16_sec17_0","84.0","36.048","297.397"
"16_sec17_0","85.0","36.04","296.952"
"16_sec17_0","86.0","36.033","296.509"
"16_sec17_0","87.0","36.026","296.068"
"16_sec17_0","88.0","36.019","295.626"
"16_sec17_0","89.0","36.012","295.184"
"16_sec17_0","90.0","36.005","294.767"
"16_sec17_0","91.0","35.998","294.547"
"16_sec17_0","92.0","35.991","294.379"
"16_sec17_0","93.0","35.985","294.154"
"16_sec17_0","94.0","35.979","293.872"
"16_sec17_0","95.0","35.973","293.584"
"162","0.0","37.391","0.0"
"162","1.0","37.471","341.44"
"162","2.0","37.317","476.683"
"162","3.0","37.269","373.387"
"162","4.0","37.219","354.37"
"162","5.0","37.177","363.509"
"162","6.0","37.134","368.681"
"162","7.0","37.096","367.614"
"162","8.0","37.059","366.271"
"162","9.0","37.025","365.447"
"162","10.0","36.992","364.512"
"162","11.0","36.961","363.607"
"162","12.0","36.932","362.49"
"162","13.0","36.904","361.274"
"162","14.0","36.877","360.074"
"162","15.0","36.852","358.867"
"162","16.0","36.827","357.57"
"162","17.0","36.804","356.236"
"162","18.0","36.781","354.907"
"162","19.0","36.76","353.479"
"162","20.0","36.739","352.111"
"162","21.0","36.719","350.767"
"162","22.0","36.7","349.398"
"162","23.0","36.682","348.027"
"162","24.0","36.664","346.657"
"162","25.0","36.646","345.301"
"162","26.0","36.629","343.95"
"162","27.0","36.613","342.596"
"162","28.0","36.597","341.206"
"162","29.0","36.581","339.826"
"162","30.0","36.566","338.46"
"162","31.0","36.551","337.112"
"162","32.0","36.536","335.775"
"162","33.0","36.522","334.445"
"162","34.0","36.508","333.13"
"162","35.0","36.494","331.823"
"162","36.0","36.48","330.533"
"162","37.0","36.467","329.25"
"162","38.0","36.454","327.962"
"162","39.0","36.441","326.678"
"162","40.0","36.428","325.405"
"162","41.0","36.415","324.144"
"162","42.0","36.403","322.926"
"162","43.0","36.391","322.087"
"162","44.0","36.379","321.309"
"162","45.0","36.367","320.519"
"162","46.0","36.356","319.73"
"162","47.0","36.345","318.958"
"162","48.0","36.334","318.182"
"162","49.0","36.324","317.411"
"162","50.0","36.313","316.643"
"162","51.0","36.303","315.883"
"162","52.0","36.293","315.13"
"162","53.0","36.283","314.387"
"162","54.0","36.274","313.878"
"162","55.0","36.264","313.389"
"162","56.0","36.255","312.869"
"162","57.0","36.246","312.344"
"162","58.0","36.237","311.815"
"162","59.0","36.228","311.292"
"162","60.0","36.219","310.77"
"162","61.0","36.21","310.251"
"162","62.0","36.202","309.737"
"162","63.0","36.193","309.22"
"162","64.0","36.185","308.707"
"162","65.0","36.176","308.184"
"162","66.0","36.168","307.63"
"162","67.0","36.16","307.058"
"162","68.0","36.152","306.402"
"162","69.0","36.144","305.694"
"162","70.0","36.135","304.999"
"162","71.0","36.127","304.36"
"162","72.0","36.119","303.723"
"162","73.0","36.111","303.096"
"162","74.0","36.104","302.58"
"162","75.0","36.096","302.225"
"162","76.0","36.088","301.856"
"162","77.0","36.08","301.474"
"162","78.0","36.072","301.043"
"162","79.0","36.065","300.584"
"162","80.0","36.057","300.144"
"162","81.0","36.05","299.699"
"162","82.0","36.042","299.255"
"162","83.0","36.035","298.804"
"162","84.0","36.027","298.351"
"162","85.0","36.02","297.899"
"162","86.0","36.013","297.452"
"162","87.0","36.006","297.001"
"162","88.0","35.999","296.552"
"162","89.0","35.991","296.104"
"162","90.0","35.984","295.663"
"162","91.0","35.978","295.427"
"162","92.0","35.971","295.234"
"162","93.0","35.964","294.981"
"162","94.0","35.958","294.672"
"162","95.0","35.952","294.355"
"163","0.0","37.386","17.0"
"163","1.0","37.453","492.138"
"163","2.0","37.309","497.048"
"163","3.0","37.261","379.522"
"163","4.0","37.21","367.02"
"163","5.0","37.168","373.022"
"163","6.0","37.125","376.97"
"163","7.0","37.086","376.046"
"163","8.0","37.049","374.103"
"163","9.0","37.014","372.716"
"163","10.0","36.981","371.443"
"163","11.0","36.95","370.179"
"163","12.0","36.921","368.719"
"163","13.0","36.892","367.202"
"163","14.0","36.865","365.73"
"163","15.0","36.84","364.266"
"163","16.0","36.815","362.738"
"163","17.0","36.791","361.194"
"163","18.0","36.769","359.631"
"163","19.0","36.747","358.002"
"163","20.0","36.726","356.436"
"163","21.0","36.706","354.951"
"163","22.0","36.687","353.433"
"163","23.0","36.668","351.928"
"163","24.0","36.65","350.433"
"163","25.0","36.633","348.96"
"163","26.0","36.616","347.502"
"163","27.0","36.599","346.051"
"163","28.0","36.583","344.572"
"163","29.0","36.567","343.109"
"163","30.0","36.552","341.666"
"163","31.0","36.537","340.245"
"163","32.0","36.522","338.841"
"163","33.0","36.508","337.45"
"163","34.0","36.493","336.074"
"163","35.0","36.479","334.715"
"163","36.0","36.466","333.373"
"163","37.0","36.452","332.041"
"163","38.0","36.439","330.712"
"163","39.0","36.426","329.387"
"163","40.0","36.413","328.074"
"163","41.0","36.4","326.777"
"163","42.0","36.388","325.502"
"163","43.0","36.375","324.59"
"163","44.0","36.364","323.75"
"163","45.0","36.352","322.9"
"163","46.0","36.34","322.055"
"163","47.0","36.329","321.231"
"163","48.0","36.318","320.406"
"163","49.0","36.308","319.59"
"163","50.0","36.297","318.779"
"163","51.0","36.287","317.979"
"163","52.0","36.277","317.188"
"163","53.0","36.267","316.409"
"163","54.0","36.257","315.825"
"163","55.0","36.248","315.282"
"163","56.0","36.239","314.715"
"163","57.0","36.229","314.142"
"163","58.0","36.22","313.569"
"163","59.0","36.212","313.003"
"163","60.0","36.203","312.439"
"163","61.0","36.194","311.881"
"163","62.0","36.185","311.329"
"163","63.0","36.177","310.777"
"163","64.0","36.169","310.228"
"163","65.0","36.16","309.677"
"163","66.0","36.152","309.102"
"163","67.0","36.144","308.5"
"163","68.0","36.136","307.83"
"163","69.0","36.127","307.091"
"163","70.0","36.119","306.372"
"163","71.0","36.111","305.706"
"163","72.0","36.103","305.041"
"163","73.0","36.095","304.387"
"163","74.0","36.088","303.859"
"163","75.0","36.08","303.479"
"163","76.0","36.072","303.085"
"163","77.0","36.064","302.677"
"163","78.0","36.056","302.231"
"163","79.0","36.049","301.758"
"163","80.0","36.041","301.3"
"163","81.0","36.034","300.845"
"163","82.0","36.026","300.388"
"163","83.0","36.019","299.924"
"163","84.0","36.011","299.458"
"163","85.0","36.004","298.994"
"163","86.0","35.997","298.531"
"163","87.0","35.989","298.072"
"163","88.0","35.982","297.611"
"163","89.0","35.975","297.152"
"163","90.0","35.968","296.694"
"163","91.0","35.961","296.419"
"163","92.0","35.954","296.202"
"163","93.0","35.948","295.912"
"163","94.0","35.941","295.565"
"163","95.0","35.935","295.216"
"164","0.0","37.38","1.0"
"164","1.0","37.434","492.14"
"164","2.0","37.305","511.506"
"164","3.0","37.256","391.942"
"164","4.0","37.205","375.454"
"164","5.0","37.161","379.085"
"164","6.0","37.118","382.117"
"164","7.0","37.079","381.248"
"164","8.0","37.042","378.985"
"164","9.0","37.007","377.27"
"164","10.0","36.974","375.789"
"164","11.0","36.943","374.299"
"164","12.0","36.913","372.631"
"164","13.0","36.885","370.929"
"164","14.0","36.858","369.288"
"164","15.0","36.832","367.662"
"164","16.0","36.807","365.995"
"164","17.0","36.784","364.317"
"164","18.0","36.761","362.614"
"164","19.0","36.739","360.858"
"164","20.0","36.719","359.172"
"164","21.0","36.699","357.597"
"164","22.0","36.679","355.988"
"164","23.0","36.66","354.399"
"164","24.0","36.642","352.826"
"164","25.0","36.625","351.281"
"164","26.0","36.608","349.756"
"164","27.0","36.591","348.245"
"164","28.0","36.575","346.712"
"164","29.0","36.559","345.197"
"164","30.0","36.544","343.707"
"164","31.0","36.529","342.242"
"164","32.0","36.514","340.796"
"164","33.0","36.499","339.366"
"164","34.0","36.485","337.955"
"164","35.0","36.471","336.561"
"164","36.0","36.457","335.187"
"164","37.0","36.444","333.828"
"164","38.0","36.431","332.471"
"164","39.0","36.417","331.121"
"164","40.0","36.404","329.786"
"164","41.0","36.392","328.465"
"164","42.0","36.379","327.157"
"164","43.0","36.367","326.198"
"164","44.0","36.355","325.319"
"164","45.0","36.343","324.431"
"164","46.0","36.332","323.55"
"164","47.0","36.321","322.695"
"164","48.0","36.31","321.84"
"164","49.0","36.299","320.994"
"164","50.0","36.288","320.157"
"164","51.0","36.278","319.331"
"164","52.0","36.268","318.517"
"164","53.0","36.258","317.714"
"164","54.0","36.248","317.088"
"164","55.0","36.239","316.523"
"164","56.0","36.23","315.939"
"164","57.0","36.22","315.348"
"164","58.0","36.211","314.759"
"164","59.0","36.202","314.177"
"164","60.0","36.193","313.599"
"164","61.0","36.185","313.026"
"164","62.0","36.176","312.46"
"164","63.0","36.168","311.894"
"164","64.0","36.159","311.334"
"164","65.0","36.151","310.774"
"164","66.0","36.143","310.192"
"164","67.0","36.134","309.582"
"164","68.0","36.126","308.912"
"164","69.0","36.118","308.168"
"164","70.0","36.11","307.439"
"164","71.0","36.102","306.763"
"164","72.0","36.094","306.089"
"164","73.0","36.086","305.425"
"164","74.0","36.078","304.909"
"164","75.0","36.07","304.516"
"164","76.0","36.062","304.113"
"164","77.0","36.054","303.696"
"164","78.0","36.046","303.249"
"164","79.0","36.039","302.768"
"164","80.0","36.031","302.305"
"164","81.0","36.023","301.838"
"164","82.0","36.016","301.373"
"164","83.0","36.008","300.901"
"164","84.0","36.001","300.428"
"164","85.0","35.994","299.956"
"164","86.0","35.986","299.49"
"164","87.0","35.979","299.02"
"164","88.0","35.972","298.554"
"164","89.0","35.965","298.087"
"164","90.0","35.958","297.622"
"164","91.0","35.951","297.319"
"164","92.0","35.944","297.078"
"164","93.0","35.937","296.757"
"164","94.0","35.931","296.382"
"164","95.0","35.925","296.003"
"165","0.0","37.376","0.0"
"165","1.0","37.403","453.75"
"165","2.0","37.298","515.926"
"165","3.0","37.253","404.052"
"165","4.0","37.201","381.808"
"165","5.0","37.157","384.122"
"165","6.0","37.114","386.351"
"165","7.0","37.075","385.383"
"165","8.0","37.038","382.883"
"165","9.0","37.003","380.93"
"165","10.0","36.97","379.273"
"165","11.0","36.938","377.602"
"165","12.0","36.909","375.768"
"165","13.0","36.88","373.917"
"165","14.0","36.853","372.144"
"165","15.0","36.827","370.391"
"165","16.0","36.803","368.61"
"165","17.0","36.779","366.827"
"165","18.0","36.756","365.003"
"165","19.0","36.734","363.15"
"165","20.0","36.714","361.369"
"165","21.0","36.694","359.721"
"165","22.0","36.674","358.037"
"165","23.0","36.655","356.381"
"165","24.0","36.637","354.746"
"165","25.0","36.62","353.142"
"165","26.0","36.603","351.564"
"165","27.0","36.586","350.003"
"165","28.0","36.57","348.427"
"165","29.0","36.554","346.871"
"165","30.0","36.539","345.343"
"165","31.0","36.523","343.842"
"165","32.0","36.509","342.363"
"165","33.0","36.494","340.902"
"165","34.0","36.48","339.461"
"165","35.0","36.466","338.041"
"165","36.0","36.452","336.642"
"165","37.0","36.439","335.259"
"165","38.0","36.425","333.88"
"165","39.0","36.412","332.511"
"165","40.0","36.399","331.156"
"165","41.0","36.386","329.817"
"165","42.0","36.374","328.488"
"165","43.0","36.361","327.489"
"165","44.0","36.349","326.579"
"165","45.0","36.338","325.66"
"165","46.0","36.326","324.752"
"165","47.0","36.315","323.87"
"165","48.0","36.304","322.99"
"165","49.0","36.293","322.122"
"165","50.0","36.283","321.263"
"165","51.0","36.273","320.417"
"165","52.0","36.262","319.583"
"165","53.0","36.253","318.763"
"165","54.0","36.243","318.101"
"165","55.0","36.233","317.52"
"165","56.0","36.224","316.922"
"165","57.0","36.215","316.317"
"165","58.0","36.206","315.714"
"165","59.0","36.197","315.12"
"165","60.0","36.188","314.529"
"165","61.0","36.179","313.945"
"165","62.0","36.17","313.368"
"165","63.0","36.162","312.792"
"165","64.0","36.153","312.222"
"165","65.0","36.145","311.656"
"165","66.0","36.137","311.068"
"165","67.0","36.128","310.455"
"165","68.0","36.12","309.783"
"165","69.0","36.112","309.029"
"165","70.0","36.104","308.298"
"165","71.0","36.096","307.615"
"165","72.0","36.088","306.933"
"165","73.0","36.08","306.262"
"165","74.0","36.072","305.752"
"165","75.0","36.064","305.354"
"165","76.0","36.056","304.944"
"165","77.0","36.048","304.519"
"165","78.0","36.04","304.07"
"165","79.0","36.033","303.583"
"165","80.0","36.025","303.109"
"165","81.0","36.017","302.641"
"165","82.0","36.01","302.168"
"165","83.0","36.002","301.69"
"165","84.0","35.995","301.212"
"165","85.0","35.987","300.734"
"165","86.0","35.98","300.258"
"165","87.0","35.973","299.787"
"165","88.0","35.966","299.314"
"165","89.0","35.958","298.843"
"165","90.0","35.951","298.361"
"165","91.0","35.944","298.044"
"165","92.0","35.937","297.784"
"165","93.0","35.931","297.438"
"165","94.0","35.924","297.037"
"165","95.0","35.918","296.636"
"166","0.0","37.373","0.0"
"166","1.0","37.346","421.821"
"166","2.0","37.289","511.557"
"166","3.0","37.25","414.644"
"166","4.0","37.198","388.358"
"166","5.0","37.152","390.34"
"166","6.0","37.109","391.573"
"166","7.0","37.07","390.217"
"166","8.0","37.033","387.423"
"166","9.0","36.998","385.212"
"166","10.0","36.965","383.336"
"166","11.0","36.933","381.448"
"166","12.0","36.904","379.425"
"166","13.0","36.875","377.4"
"166","14.0","36.848","375.469"
"166","15.0","36.822","373.567"
"166","16.0","36.797","371.653"
"166","17.0","36.774","369.747"
"166","18.0","36.751","367.786"
"166","19.0","36.729","365.82"
"166","20.0","36.708","363.929"
"166","21.0","36.688","362.195"
"166","22.0","36.669","360.425"
"166","23.0","36.65","358.691"
"166","24.0","36.632","356.984"
"166","25.0","36.614","355.313"
"166","26.0","36.597","353.673"
"166","27.0","36.58","352.055"
"166","28.0","36.564","350.429"
"166","29.0","36.548","348.825"
"166","30.0","36.533","347.253"
"166","31.0","36.518","345.711"
"166","32.0","36.503","344.193"
"166","33.0","36.488","342.696"
"166","34.0","36.474","341.223"
"166","35.0","36.46","339.771"
"166","36.0","36.446","338.342"
"166","37.0","36.433","336.932"
"166","38.0","36.42","335.528"
"166","39.0","36.406","334.136"
"166","40.0","36.393","332.76"
"166","41.0","36.381","331.399"
"166","42.0","36.368","330.048"
"166","43.0","36.356","329.001"
"166","44.0","36.344","328.053"
"166","45.0","36.332","327.099"
"166","46.0","36.32","326.158"
"166","47.0","36.309","325.246"
"166","48.0","36.298","324.338"
"166","49.0","36.288","323.441"
"166","50.0","36.277","322.557"
"166","51.0","36.267","321.687"
"166","52.0","36.256","320.831"
"166","53.0","36.246","319.989"
"166","54.0","36.237","319.289"
"166","55.0","36.227","318.687"
"166","56.0","36.218","318.073"
"166","57.0","36.209","317.451"
"166","58.0","36.199","316.833"
"166","59.0","36.19","316.223"
"166","60.0","36.182","315.62"
"166","61.0","36.173","315.021"
"166","62.0","36.164","314.43"
"166","63.0","36.156","313.843"
"166","64.0","36.147","313.261"
"166","65.0","36.139","312.686"
"166","66.0","36.13","312.089"
"166","67.0","36.122","311.47"
"166","68.0","36.114","310.796"
"166","69.0","36.106","310.038"
"166","70.0","36.098","309.297"
"166","71.0","36.089","308.606"
"166","72.0","36.081","307.914"
"166","73.0","36.073","307.235"
"166","74.0","36.065","306.741"
"166","75.0","36.057","306.328"
"166","76.0","36.05","305.908"
"166","77.0","36.042","305.476"
"166","78.0","36.034","305.024"
"166","79.0","36.026","304.529"
"166","80.0","36.018","304.051"
"166","81.0","36.011","303.571"
"166","82.0","36.003","303.09"
"166","83.0","35.996","302.605"
"166","84.0","35.988","302.12"
"166","85.0","35.981","301.635"
"166","86.0","35.973","301.156"
"166","87.0","35.966","300.675"
"166","88.0","35.959","300.196"
"166","89.0","35.952","299.718"
"166","90.0","35.944","299.23"
"166","91.0","35.937","298.892"
"166","92.0","35.931","298.607"
"166","93.0","35.924","298.23"
"166","94.0","35.918","297.801"
"166","95.0","35.911","297.373"
"167","0.0","37.37","0.0"
"167","1.0","37.289","347.163"
"167","2.0","37.275","517.121"
"167","3.0","37.244","422.058"
"167","4.0","37.192","393.772"
"167","5.0","37.145","396.452"
"167","6.0","37.102","396.794"
"167","7.0","37.063","394.871"
"167","8.0","37.026","391.809"
"167","9.0","36.991","389.377"
"167","10.0","36.958","387.274"
"167","11.0","36.926","385.178"
"167","12.0","36.896","382.97"
"167","13.0","36.868","380.774"
"167","14.0","36.841","378.692"
"167","15.0","36.815","376.643"
"167","16.0","36.79","374.602"
"167","17.0","36.766","372.577"
"167","18.0","36.743","370.481"
"167","19.0","36.722","368.402"
"167","20.0","36.701","366.407"
"167","21.0","36.681","364.586"
"167","22.0","36.661","362.732"
"167","23.0","36.642","360.923"
"167","24.0","36.624","359.146"
"167","25.0","36.607","357.41"
"167","26.0","36.589","355.71"
"167","27.0","36.573","354.036"
"167","28.0","36.557","352.361"
"167","29.0","36.541","350.712"
"167","30.0","36.525","349.097"
"167","31.0","36.51","347.514"
"167","32.0","36.495","345.96"
"167","33.0","36.481","344.429"
"167","34.0","36.466","342.922"
"167","35.0","36.452","341.441"
"167","36.0","36.439","339.983"
"167","37.0","36.425","338.547"
"167","38.0","36.412","337.12"
"167","39.0","36.399","335.705"
"167","40.0","36.386","334.307"
"167","41.0","36.373","332.927"
"167","42.0","36.36","331.557"
"167","43.0","36.348","330.462"
"167","44.0","36.336","329.48"
"167","45.0","36.324","328.491"
"167","46.0","36.313","327.518"
"167","47.0","36.301","326.577"
"167","48.0","36.29","325.641"
"167","49.0","36.28","324.718"
"167","50.0","36.269","323.81"
"167","51.0","36.259","322.918"
"167","52.0","36.248","322.04"
"167","53.0","36.238","321.178"
"167","54.0","36.229","320.44"
"167","55.0","36.219","319.819"
"167","56.0","36.21","319.189"
"167","57.0","36.2","318.551"
"167","58.0","36.191","317.919"
"167","59.0","36.182","317.294"
"167","60.0","36.173","316.676"
"167","61.0","36.165","316.066"
"167","62.0","36.156","315.462"
"167","63.0","36.147","314.863"
"167","64.0","36.139","314.27"
"167","65.0","36.13","313.688"
"167","66.0","36.122","313.09"
"167","67.0","36.114","312.462"
"167","68.0","36.106","311.785"
"167","69.0","36.097","311.016"
"167","70.0","36.089","310.273"
"167","71.0","36.081","309.573"
"167","72.0","36.073","308.873"
"167","73.0","36.065","308.186"
"167","74.0","36.057","307.701"
"167","75.0","36.049","307.282"
"167","76.0","36.041","306.853"
"167","77.0","36.033","306.412"
"167","78.0","36.025","305.958"
"167","79.0","36.017","305.456"
"167","80.0","36.01","304.965"
"167","81.0","36.002","304.483"
"167","82.0","35.994","303.994"
"167","83.0","35.987","303.502"
"167","84.0","35.979","303.01"
"167","85.0","35.972","302.519"
"167","86.0","35.965","302.029"
"167","87.0","35.957","301.545"
"167","88.0","35.95","301.06"
"167","89.0","35.943","300.576"
"167","90.0","35.936","300.086"
"167","91.0","35.929","299.721"
"167","92.0","35.922","299.41"
"167","93.0","35.915","299.003"
"167","94.0","35.909","298.547"
"167","95.0","35.902","298.092"
"168","0.0","37.367","0.0"
"168","1.0","37.223","266.11"
"168","2.0","37.247","548.039"
"168","3.0","37.237","431.396"
"168","4.0","37.182","399.53"
"168","5.0","37.135","403.305"
"168","6.0","37.093","402.795"
"168","7.0","37.053","400.14"
"168","8.0","37.016","396.818"
"168","9.0","36.981","394.163"
"168","10.0","36.947","391.787"
"168","11.0","36.915","389.444"
"168","12.0","36.885","387.025"
"168","13.0","36.857","384.64"
"168","14.0","36.829","382.379"
"168","15.0","36.803","380.164"
"168","16.0","36.778","377.974"
"168","17.0","36.754","375.812"
"168","18.0","36.732","373.564"
"168","19.0","36.71","371.354"
"168","20.0","36.689","369.244"
"168","21.0","36.668","367.321"
"168","22.0","36.649","365.37"
"168","23.0","36.63","363.473"
"168","24.0","36.612","361.616"
"168","25.0","36.594","359.806"
"168","26.0","36.577","358.037"
"168","27.0","36.56","356.298"
"168","28.0","36.544","354.567"
"168","29.0","36.528","352.863"
"168","30.0","36.512","351.199"
"168","31.0","36.497","349.57"
"168","32.0","36.482","347.971"
"168","33.0","36.467","346.4"
"168","34.0","36.453","344.856"
"168","35.0","36.439","343.339"
"168","36.0","36.425","341.848"
"168","37.0","36.411","340.381"
"168","38.0","36.398","338.925"
"168","39.0","36.385","337.485"
"168","40.0","36.372","336.062"
"168","41.0","36.359","334.657"
"168","42.0","36.346","333.265"
"168","43.0","36.334","332.118"
"168","44.0","36.321","331.095"
"168","45.0","36.31","330.065"
"168","46.0","36.298","329.058"
"168","47.0","36.287","328.083"
"168","48.0","36.276","327.115"
"168","49.0","36.265","326.162"
"168","50.0","36.254","325.227"
"168","51.0","36.244","324.308"
"168","52.0","36.233","323.406"
"168","53.0","36.223","322.521"
"168","54.0","36.213","321.744"
"168","55.0","36.204","321.1"
"168","56.0","36.194","320.452"
"168","57.0","36.185","319.796"
"168","58.0","36.176","319.147"
"168","59.0","36.166","318.506"
"168","60.0","36.157","317.873"
"168","61.0","36.148","317.247"
"168","62.0","36.14","316.628"
"168","63.0","36.131","316.016"
"168","64.0","36.122","315.411"
"168","65.0","36.114","314.82"
"168","66.0","36.105","314.211"
"168","67.0","36.097","313.576"
"168","68.0","36.089","312.896"
"168","69.0","36.08","312.122"
"168","70.0","36.072","311.369"
"168","71.0","36.064","310.66"
"168","72.0","36.056","309.95"
"168","73.0","36.048","309.253"
"168","74.0","36.04","308.779"
"168","75.0","36.032","308.343"
"168","76.0","36.024","307.904"
"168","77.0","36.016","307.453"
"168","78.0","36.008","306.995"
"168","79.0","36.001","306.486"
"168","80.0","35.993","305.99"
"168","81.0","35.985","305.496"
"168","82.0","35.978","304.999"
"168","83.0","35.97","304.498"
"168","84.0","35.963","303.999"
"168","85.0","35.956","303.501"
"168","86.0","35.948","303.008"
"168","87.0","35.941","302.513"
"168","88.0","35.934","302.021"
"168","89.0","35.927","301.53"
"168","90.0","35.919","301.037"
"168","91.0","35.912","300.645"
"168","92.0","35.906","300.31"
"168","93.0","35.899","299.868"
"168","94.0","35.893","299.379"
"168","95.0","35.887","298.897"
"169","0.0","37.364","0.0"
"169","1.0","37.205","280.616"
"169","2.0","37.227","591.499"
"169","3.0","37.229","443.696"
"169","4.0","37.174","405.596"
"169","5.0","37.127","410.478"
"169","6.0","37.085","409.383"
"169","7.0","37.045","406.007"
"169","8.0","37.008","402.453"
"169","9.0","36.972","399.558"
"169","10.0","36.939","396.872"
"169","11.0","36.907","394.254"
"169","12.0","36.877","391.6"
"169","13.0","36.848","388.998"
"169","14.0","36.821","386.54"
"169","15.0","36.794","384.137"
"169","16.0","36.769","381.783"
"169","17.0","36.745","379.465"
"169","18.0","36.722","377.044"
"169","19.0","36.7","374.692"
"169","20.0","36.679","372.457"
"169","21.0","36.659","370.419"
"169","22.0","36.639","368.358"
"169","23.0","36.62","366.364"
"169","24.0","36.602","364.418"
"169","25.0","36.584","362.524"
"169","26.0","36.567","360.678"
"169","27.0","36.55","358.867"
"169","28.0","36.533","357.073"
"169","29.0","36.517","355.31"
"169","30.0","36.502","353.592"
"169","31.0","36.486","351.911"
"169","32.0","36.471","350.264"
"169","33.0","36.457","348.649"
"169","34.0","36.442","347.063"
"169","35.0","36.428","345.508"
"169","36.0","36.414","343.98"
"169","37.0","36.401","342.48"
"169","38.0","36.387","340.993"
"169","39.0","36.374","339.524"
"169","40.0","36.361","338.074"
"169","41.0","36.348","336.643"
"169","42.0","36.335","335.231"
"169","43.0","36.322","334.026"
"169","44.0","36.31","332.957"
"169","45.0","36.298","331.883"
"169","46.0","36.287","330.836"
"169","47.0","36.275","329.822"
"169","48.0","36.264","328.818"
"169","49.0","36.253","327.831"
"169","50.0","36.242","326.865"
"169","51.0","36.232","325.916"
"169","52.0","36.221","324.987"
"169","53.0","36.211","324.075"
"169","54.0","36.201","323.255"
"169","55.0","36.192","322.585"
"169","56.0","36.182","321.917"
"169","57.0","36.173","321.24"
"169","58.0","36.163","320.571"
"169","59.0","36.154","319.911"
"169","60.0","36.145","319.261"
"169","61.0","36.136","318.618"
"169","62.0","36.127","317.983"
"169","63.0","36.118","317.356"
"169","64.0","36.11","316.737"
"169","65.0","36.101","316.135"
"169","66.0","36.092","315.515"
"169","67.0","36.084","314.875"
"169","68.0","36.076","314.191"
"169","69.0","36.067","313.401"
"169","70.0","36.059","312.645"
"169","71.0","36.051","311.925"
"169","72.0","36.042","311.204"
"169","73.0","36.034","310.497"
"169","74.0","36.026","309.987"
"169","75.0","36.018","309.528"
"169","76.0","36.011","309.061"
"169","77.0","36.003","308.585"
"169","78.0","35.995","308.107"
"169","79.0","35.988","307.577"
"169","80.0","35.98","307.051"
"169","81.0","35.973","306.539"
"169","82.0","35.965","306.019"
"169","83.0","35.958","305.497"
"169","84.0","35.951","304.976"
"169","85.0","35.943","304.457"
"169","86.0","35.936","303.939"
"169","87.0","35.929","303.429"
"169","88.0","35.922","302.918"
"169","89.0","35.915","302.408"
"169","90.0","35.908","301.886"
"169","91.0","35.901","301.468"
"169","92.0","35.894","301.095"
"169","93.0","35.887","300.611"
"169","94.0","35.881","300.089"
"169","95.0","35.875","299.569"
"170","0.0","37.36","0.0"
"170","1.0","37.215","324.84"
"170","2.0","37.207","619.681"
"170","3.0","37.215","457.297"
"170","4.0","37.163","412.69"
"170","5.0","37.116","418.377"
"170","6.0","37.073","417.209"
"170","7.0","37.033","413.158"
"170","8.0","36.995","409.309"
"170","9.0","36.96","406.1"
"170","10.0","36.926","403.042"
"170","11.0","36.894","400.08"
"170","12.0","36.864","397.133"
"170","13.0","36.835","394.272"
"170","14.0","36.808","391.569"
"170","15.0","36.781","388.937"
"170","16.0","36.756","386.381"
"170","17.0","36.732","383.876"
"170","18.0","36.709","381.247"
"170","19.0","36.687","378.716"
"170","20.0","36.666","376.331"
"170","21.0","36.646","374.151"
"170","22.0","36.626","371.959"
"170","23.0","36.607","369.846"
"170","24.0","36.588","367.791"
"170","25.0","36.571","365.796"
"170","26.0","36.553","363.856"
"170","27.0","36.536","361.957"
"170","28.0","36.52","360.085"
"170","29.0","36.504","358.251"
"170","30.0","36.488","356.467"
"170","31.0","36.473","354.724"
"170","32.0","36.458","353.019"
"170","33.0","36.443","351.349"
"170","34.0","36.429","349.714"
"170","35.0","36.415","348.111"
"170","36.0","36.401","346.539"
"170","37.0","36.387","344.997"
"170","38.0","36.373","343.474"
"170","39.0","36.36","341.97"
"170","40.0","36.347","340.487"
"170","41.0","36.334","339.024"
"170","42.0","36.321","337.584"
"170","43.0","36.309","336.317"
"170","44.0","36.296","335.189"
"170","45.0","36.284","334.059"
"170","46.0","36.273","332.965"
"170","47.0","36.261","331.905"
"170","48.0","36.25","330.857"
"170","49.0","36.239","329.828"
"170","50.0","36.228","328.824"
"170","51.0","36.218","327.84"
"170","52.0","36.207","326.877"
"170","53.0","36.197","325.933"
"170","54.0","36.187","325.063"
"170","55.0","36.177","324.365"
"170","56.0","36.168","323.671"
"170","57.0","36.158","322.968"
"170","58.0","36.149","322.276"
"170","59.0","36.139","321.593"
"170","60.0","36.13","320.922"
"170","61.0","36.121","320.259"
"170","62.0","36.112","319.603"
"170","63.0","36.103","318.958"
"170","64.0","36.095","318.322"
"170","65.0","36.086","317.707"
"170","66.0","36.077","317.079"
"170","67.0","36.069","316.424"
"170","68.0","36.06","315.731"
"170","69.0","36.052","314.933"
"170","70.0","36.044","314.156"
"170","71.0","36.035","313.419"
"170","72.0","36.027","312.681"
"170","73.0","36.019","311.957"
"170","74.0","36.011","311.413"
"170","75.0","36.003","310.93"
"170","76.0","35.995","310.447"
"170","77.0","35.988","309.956"
"170","78.0","35.98","309.467"
"170","79.0","35.972","308.926"
"170","80.0","35.965","308.39"
"170","81.0","35.957","307.86"
"170","82.0","35.95","307.326"
"170","83.0","35.942","306.79"
"170","84.0","35.935","306.258"
"170","85.0","35.928","305.726"
"170","86.0","35.921","305.201"
"170","87.0","35.913","304.675"
"170","88.0","35.906","304.152"
"170","89.0","35.899","303.63"
"170","90.0","35.892","303.106"
"170","91.0","35.885","302.652"
"170","92.0","35.878","302.241"
"170","93.0","35.872","301.708"
"170","94.0","35.865","301.142"
"170","95.0","35.859","300.585"
"171","0.0","37.359","0.0"
"171","1.0","37.217","344.709"
"171","2.0","37.213","612.4"
"171","3.0","37.214","461.415"
"171","4.0","37.162","417.161"
"171","5.0","37.115","422.342"
"171","6.0","37.071","421.336"
"171","7.0","37.031","417.032"
"171","8.0","36.994","413.001"
"171","9.0","36.958","409.594"
"171","10.0","36.925","406.349"
"171","11.0","36.893","403.208"
"171","12.0","36.862","400.103"
"171","13.0","36.834","397.103"
"171","14.0","36.806","394.269"
"171","15.0","36.78","391.513"
"171","16.0","36.755","388.85"
"171","17.0","36.731","386.244"
"171","18.0","36.708","383.502"
"171","19.0","36.685","380.871"
"171","20.0","36.664","378.406"
"171","21.0","36.644","376.15"
"171","22.0","36.624","373.887"
"171","23.0","36.605","371.709"
"171","24.0","36.587","369.596"
"171","25.0","36.569","367.547"
"171","26.0","36.552","365.556"
"171","27.0","36.535","363.608"
"171","28.0","36.518","361.695"
"171","29.0","36.502","359.821"
"171","30.0","36.486","358.002"
"171","31.0","36.471","356.225"
"171","32.0","36.456","354.488"
"171","33.0","36.441","352.789"
"171","34.0","36.427","351.126"
"171","35.0","36.413","349.497"
"171","36.0","36.399","347.901"
"171","37.0","36.385","346.338"
"171","38.0","36.372","344.793"
"171","39.0","36.358","343.27"
"171","40.0","36.345","341.769"
"171","41.0","36.332","340.289"
"171","42.0","36.319","338.835"
"171","43.0","36.307","337.539"
"171","44.0","36.294","336.377"
"171","45.0","36.282","335.217"
"171","46.0","36.271","334.099"
"171","47.0","36.259","333.013"
"171","48.0","36.248","331.943"
"171","49.0","36.237","330.892"
"171","50.0","36.226","329.868"
"171","51.0","36.216","328.865"
"171","52.0","36.205","327.884"
"171","53.0","36.195","326.923"
"171","54.0","36.185","326.029"
"171","55.0","36.175","325.314"
"171","56.0","36.166","324.606"
"171","57.0","36.156","323.889"
"171","58.0","36.147","323.185"
"171","59.0","36.137","322.49"
"171","60.0","36.128","321.808"
"171","61.0","36.119","321.134"
"171","62.0","36.11","320.467"
"171","63.0","36.101","319.813"
"171","64.0","36.093","319.168"
"171","65.0","36.084","318.546"
"171","66.0","36.075","317.916"
"171","67.0","36.067","317.254"
"171","68.0","36.058","316.554"
"171","69.0","36.05","315.744"
"171","70.0","36.042","314.965"
"171","71.0","36.033","314.22"
"171","72.0","36.025","313.476"
"171","73.0","36.017","312.745"
"171","74.0","36.009","312.177"
"171","75.0","36.001","311.691"
"171","76.0","35.993","311.2"
"171","77.0","35.986","310.703"
"171","78.0","35.978","310.208"
"171","79.0","35.97","309.663"
"171","80.0","35.963","309.116"
"171","81.0","35.955","308.585"
"171","82.0","35.948","308.044"
"171","83.0","35.94","307.502"
"171","84.0","35.933","306.964"
"171","85.0","35.926","306.427"
"171","86.0","35.918","305.892"
"171","87.0","35.911","305.365"
"171","88.0","35.904","304.837"
"171","89.0","35.897","304.31"
"171","90.0","35.89","303.783"
"171","91.0","35.883","303.311"
"171","92.0","35.876","302.876"
"171","93.0","35.869","302.316"
"171","94.0","35.863","301.729"
"171","95.0","35.857","301.151"
"172","0.0","37.358","0.0"
"172","1.0","37.215","438.011"
"172","2.0","37.214","571.9"
"172","3.0","37.209","463.09"
"172","4.0","37.159","426.004"
"172","5.0","37.111","428.455"
"172","6.0","37.068","427.571"
"172","7.0","37.028","423.002"
"172","8.0","36.99","418.641"
"172","9.0","36.955","414.886"
"172","10.0","36.921","411.354"
"172","11.0","36.889","407.932"
"172","12.0","36.859","404.578"
"172","13.0","36.83","401.361"
"172","14.0","36.803","398.322"
"172","15.0","36.776","395.374"
"172","16.0","36.751","392.541"
"172","17.0","36.727","389.783"
"172","18.0","36.704","386.866"
"172","19.0","36.682","384.083"
"172","20.0","36.661","381.498"
"172","21.0","36.641","379.128"
"172","22.0","36.621","376.761"
"172","23.0","36.602","374.489"
"172","24.0","36.583","372.289"
"172","25.0","36.566","370.159"
"172","26.0","36.548","368.094"
"172","27.0","36.531","366.076"
"172","28.0","36.515","364.099"
"172","29.0","36.499","362.17"
"172","30.0","36.483","360.298"
"172","31.0","36.468","358.471"
"172","32.0","36.453","356.687"
"172","33.0","36.438","354.946"
"172","34.0","36.424","353.243"
"172","35.0","36.409","351.577"
"172","36.0","36.396","349.946"
"172","37.0","36.382","348.349"
"172","38.0","36.368","346.774"
"172","39.0","36.355","345.224"
"172","40.0","36.342","343.696"
"172","41.0","36.329","342.191"
"172","42.0","36.316","340.708"
"172","43.0","36.303","339.373"
"172","44.0","36.291","338.161"
"172","45.0","36.279","336.956"
"172","46.0","36.267","335.802"
"172","47.0","36.256","334.679"
"172","48.0","36.245","333.574"
"172","49.0","36.234","332.491"
"172","50.0","36.223","331.436"
"172","51.0","36.212","330.405"
"172","52.0","36.202","329.398"
"172","53.0","36.192","328.412"
"172","54.0","36.182","327.48"
"172","55.0","36.172","326.742"
"172","56.0","36.162","326.013"
"172","57.0","36.153","325.276"
"172","58.0","36.143","324.554"
"172","59.0","36.134","323.841"
"172","60.0","36.125","323.141"
"172","61.0","36.116","322.452"
"172","62.0","36.107","321.769"
"172","63.0","36.098","321.1"
"172","64.0","36.089","320.443"
"172","65.0","36.081","319.81"
"172","66.0","36.072","319.164"
"172","67.0","36.064","318.5"
"172","68.0","36.055","317.789"
"172","69.0","36.047","316.975"
"172","70.0","36.038","316.18"
"172","71.0","36.03","315.423"
"172","72.0","36.022","314.669"
"172","73.0","36.014","313.928"
"172","74.0","36.006","313.335"
"172","75.0","35.998","312.835"
"172","76.0","35.99","312.333"
"172","77.0","35.982","311.827"
"172","78.0","35.975","311.325"
"172","79.0","35.967","310.774"
"172","80.0","35.959","310.223"
"172","81.0","35.952","309.679"
"172","82.0","35.944","309.128"
"172","83.0","35.937","308.579"
"172","84.0","35.93","308.032"
"172","85.0","35.922","307.488"
"172","86.0","35.915","306.95"
"172","87.0","35.908","306.411"
"172","88.0","35.901","305.876"
"172","89.0","35.893","305.341"
"172","90.0","35.886","304.807"
"172","91.0","35.879","304.321"
"172","92.0","35.873","303.847"
"172","93.0","35.866","303.248"
"172","94.0","35.86","302.629"
"172","95.0","35.854","302.019"
"173","0.0","37.355","0.0"
"173","1.0","37.229","549.648"
"173","2.0","37.221","523.14"
"173","3.0","37.199","465.988"
"173","4.0","37.151","438.103"
"173","5.0","37.102","435.421"
"173","6.0","37.059","434.231"
"173","7.0","37.019","429.589"
"173","8.0","36.981","424.832"
"173","9.0","36.946","420.659"
"173","10.0","36.912","416.811"
"173","11.0","36.88","413.073"
"173","12.0","36.85","409.434"
"173","13.0","36.821","405.974"
"173","14.0","36.794","402.705"
"173","15.0","36.768","399.542"
"173","16.0","36.743","396.519"
"173","17.0","36.719","393.587"
"173","18.0","36.696","390.468"
"173","19.0","36.674","387.536"
"173","20.0","36.652","384.825"
"173","21.0","36.632","382.332"
"173","22.0","36.612","379.856"
"173","23.0","36.593","377.481"
"173","24.0","36.575","375.189"
"173","25.0","36.557","372.973"
"173","26.0","36.54","370.826"
"173","27.0","36.523","368.733"
"173","28.0","36.506","366.691"
"173","29.0","36.49","364.699"
"173","30.0","36.475","362.772"
"173","31.0","36.459","360.892"
"173","32.0","36.444","359.058"
"173","33.0","36.43","357.271"
"173","34.0","36.415","355.526"
"173","35.0","36.401","353.818"
"173","36.0","36.387","352.149"
"173","37.0","36.373","350.517"
"173","38.0","36.36","348.909"
"173","39.0","36.346","347.329"
"173","40.0","36.333","345.773"
"173","41.0","36.32","344.24"
"173","42.0","36.307","342.734"
"173","43.0","36.295","341.356"
"173","44.0","36.283","340.09"
"173","45.0","36.271","338.836"
"173","46.0","36.259","337.643"
"173","47.0","36.247","336.479"
"173","48.0","36.236","335.337"
"173","49.0","36.225","334.218"
"173","50.0","36.214","333.131"
"173","51.0","36.204","332.069"
"173","52.0","36.193","331.033"
"173","53.0","36.183","330.02"
"173","54.0","36.173","329.051"
"173","55.0","36.163","328.287"
"173","56.0","36.154","327.534"
"173","57.0","36.144","326.775"
"173","58.0","36.135","326.033"
"173","59.0","36.125","325.301"
"173","60.0","36.116","324.584"
"173","61.0","36.107","323.876"
"173","62.0","36.098","323.177"
"173","63.0","36.089","322.493"
"173","64.0","36.081","321.822"
"173","65.0","36.072","321.177"
"173","66.0","36.063","320.521"
"173","67.0","36.055","319.852"
"173","68.0","36.046","319.127"
"173","69.0","36.038","318.298"
"173","70.0","36.029","317.496"
"173","71.0","36.021","316.728"
"173","72.0","36.013","315.963"
"173","73.0","36.005","315.211"
"173","74.0","35.997","314.583"
"173","75.0","35.989","314.077"
"173","76.0","35.981","313.563"
"173","77.0","35.973","313.047"
"173","78.0","35.966","312.536"
"173","79.0","35.958","311.98"
"173","80.0","35.95","311.414"
"173","81.0","35.943","310.866"
"173","82.0","35.935","310.305"
"173","83.0","35.928","309.747"
"173","84.0","35.92","309.192"
"173","85.0","35.913","308.64"
"173","86.0","35.906","308.09"
"173","87.0","35.899","307.548"
"173","88.0","35.891","307.005"
"173","89.0","35.884","306.462"
"173","90.0","35.877","305.909"
"173","91.0","35.87","305.415"
"173","92.0","35.863","304.895"
"173","93.0","35.857","304.255"
"173","94.0","35.851","303.598"
"173","95.0","35.845","302.956"
"174","0.0","37.351","0.0"
"174","1.0","37.229","549.125"
"174","2.0","37.224","502.396"
"174","3.0","37.192","473.189"
"174","4.0","37.143","449.209"
"174","5.0","37.094","441.709"
"174","6.0","37.051","439.855"
"174","7.0","37.011","435.294"
"174","8.0","36.973","430.157"
"174","9.0","36.938","425.592"
"174","10.0","36.904","421.474"
"174","11.0","36.872","417.462"
"174","12.0","36.842","413.577"
"174","13.0","36.813","409.903"
"174","14.0","36.786","406.435"
"174","15.0","36.76","403.096"
"174","16.0","36.735","399.915"
"174","17.0","36.711","396.838"
"174","18.0","36.688","393.561"
"174","19.0","36.666","390.494"
"174","20.0","36.644","387.672"
"174","21.0","36.624","385.066"
"174","22.0","36.604","382.493"
"174","23.0","36.585","380.027"
"174","24.0","36.567","377.653"
"174","25.0","36.549","375.36"
"174","26.0","36.532","373.144"
"174","27.0","36.515","370.985"
"174","28.0","36.498","368.884"
"174","29.0","36.482","366.841"
"174","30.0","36.467","364.864"
"174","31.0","36.451","362.937"
"174","32.0","36.436","361.061"
"174","33.0","36.422","359.234"
"174","34.0","36.407","357.45"
"174","35.0","36.393","355.708"
"174","36.0","36.379","354.007"
"174","37.0","36.365","352.343"
"174","38.0","36.352","350.707"
"174","39.0","36.338","349.103"
"174","40.0","36.325","347.521"
"174","41.0","36.312","345.965"
"174","42.0","36.3","344.433"
"174","43.0","36.287","343.018"
"174","44.0","36.275","341.705"
"174","45.0","36.263","340.413"
"174","46.0","36.251","339.184"
"174","47.0","36.239","337.985"
"174","48.0","36.228","336.811"
"174","49.0","36.217","335.663"
"174","50.0","36.206","334.549"
"174","51.0","36.196","333.461"
"174","52.0","36.185","332.401"
"174","53.0","36.175","331.365"
"174","54.0","36.165","330.366"
"174","55.0","36.155","329.578"
"174","56.0","36.146","328.805"
"174","57.0","36.136","328.028"
"174","58.0","36.127","327.269"
"174","59.0","36.117","326.52"
"174","60.0","36.108","325.787"
"174","61.0","36.099","325.065"
"174","62.0","36.09","324.351"
"174","63.0","36.081","323.654"
"174","64.0","36.072","322.972"
"174","65.0","36.064","322.315"
"174","66.0","36.055","321.652"
"174","67.0","36.046","320.975"
"174","68.0","36.038","320.236"
"174","69.0","36.029","319.403"
"174","70.0","36.021","318.586"
"174","71.0","36.013","317.808"
"174","72.0","36.005","317.035"
"174","73.0","35.996","316.273"
"174","74.0","35.988","315.626"
"174","75.0","35.98","315.106"
"174","76.0","35.973","314.581"
"174","77.0","35.965","314.057"
"174","78.0","35.957","313.537"
"174","79.0","35.949","312.976"
"174","80.0","35.942","312.407"
"174","81.0","35.934","311.846"
"174","82.0","35.927","311.276"
"174","83.0","35.919","310.711"
"174","84.0","35.912","310.149"
"174","85.0","35.905","309.59"
"174","86.0","35.897","309.037"
"174","87.0","35.89","308.484"
"174","88.0","35.883","307.933"
"174","89.0","35.876","307.383"
"174","90.0","35.869","306.828"
"174","91.0","35.862","306.321"
"174","92.0","35.855","305.758"
"174","93.0","35.848","305.083"
"174","94.0","35.842","304.398"
"174","95.0","35.836","303.727"
"175","0.0","37.347","0.0"
"175","1.0","37.196","489.797"
"175","2.0","37.226","494.518"
"175","3.0","37.189","485.288"
"175","4.0","37.138","460.71"
"175","5.0","37.087","449.715"
"175","6.0","37.045","446.77"
"175","7.0","37.005","442.122"
"175","8.0","36.967","436.625"
"175","9.0","36.932","431.643"
"175","10.0","36.898","427.223"
"175","11.0","36.866","422.899"
"175","12.0","36.836","418.736"
"175","13.0","36.807","414.825"
"175","14.0","36.78","411.13"
"175","15.0","36.754","407.581"
"175","16.0","36.728","404.21"
"175","17.0","36.704","400.948"
"175","18.0","36.681","397.482"
"175","19.0","36.659","394.252"
"175","20.0","36.638","391.291"
"175","21.0","36.618","388.545"
"175","22.0","36.598","385.857"
"175","23.0","36.579","383.277"
"175","24.0","36.561","380.801"
"175","25.0","36.543","378.414"
"175","26.0","36.525","376.109"
"175","27.0","36.509","373.866"
"175","28.0","36.492","371.693"
"175","29.0","36.476","369.581"
"175","30.0","36.46","367.544"
"175","31.0","36.445","365.558"
"175","32.0","36.43","363.626"
"175","33.0","36.415","361.749"
"175","34.0","36.401","359.918"
"175","35.0","36.387","358.13"
"175","36.0","36.373","356.388"
"175","37.0","36.359","354.686"
"175","38.0","36.346","353.013"
"175","39.0","36.332","351.377"
"175","40.0","36.319","349.764"
"175","41.0","36.306","348.178"
"175","42.0","36.293","346.621"
"175","43.0","36.281","345.158"
"175","44.0","36.268","343.787"
"175","45.0","36.256","342.446"
"175","46.0","36.245","341.172"
"175","47.0","36.233","339.928"
"175","48.0","36.222","338.714"
"175","49.0","36.211","337.528"
"175","50.0","36.2","336.379"
"175","51.0","36.189","335.258"
"175","52.0","36.179","334.166"
"175","53.0","36.169","333.102"
"175","54.0","36.159","332.069"
"175","55.0","36.149","331.249"
"175","56.0","36.139","330.449"
"175","57.0","36.129","329.648"
"175","58.0","36.12","328.867"
"175","59.0","36.111","328.098"
"175","60.0","36.101","327.345"
"175","61.0","36.092","326.604"
"175","62.0","36.083","325.871"
"175","63.0","36.074","325.157"
"175","64.0","36.066","324.461"
"175","65.0","36.057","323.789"
"175","66.0","36.048","323.115"
"175","67.0","36.04","322.433"
"175","68.0","36.031","321.674"
"175","69.0","36.023","320.826"
"175","70.0","36.014","320.002"
"175","71.0","36.006","319.21"
"175","72.0","35.998","318.426"
"175","73.0","35.99","317.653"
"175","74.0","35.982","316.973"
"175","75.0","35.974","316.443"
"175","76.0","35.966","315.906"
"175","77.0","35.958","315.372"
"175","78.0","35.95","314.84"
"175","79.0","35.943","314.273"
"175","80.0","35.935","313.689"
"175","81.0","35.927","313.123"
"175","82.0","35.92","312.542"
"175","83.0","35.912","311.966"
"175","84.0","35.905","311.395"
"175","85.0","35.898","310.827"
"175","86.0","35.89","310.261"
"175","87.0","35.883","309.704"
"175","88.0","35.876","309.145"
"175","89.0","35.869","308.586"
"175","90.0","35.861","308.028"
"175","91.0","35.854","307.499"
"175","92.0","35.848","306.879"
"175","93.0","35.841","306.159"
"175","94.0","35.835","305.436"
"175","95.0","35.829","304.729"
"176","0.0","37.345","0.0"
"176","1.0","37.179","477.01"
"176","2.0","37.22","490.08"
"176","3.0","37.186","497.466"
"176","4.0","37.133","470.125"
"176","5.0","37.082","458.381"
"176","6.0","37.04","454.174"
"176","7.0","37.0","449.029"
"176","8.0","36.962","443.216"
"176","9.0","36.927","437.838"
"176","10.0","36.893","433.101"
"176","11.0","36.861","428.457"
"176","12.0","36.831","424.013"
"176","13.0","36.802","419.85"
"176","14.0","36.775","415.924"
"176","15.0","36.749","412.162"
"176","16.0","36.724","408.594"
"176","17.0","36.7","405.134"
"176","18.0","36.677","401.483"
"176","19.0","36.655","398.089"
"176","20.0","36.634","394.985"
"176","21.0","36.613","392.095"
"176","22.0","36.594","389.29"
"176","23.0","36.575","386.597"
"176","24.0","36.556","384.018"
"176","25.0","36.539","381.534"
"176","26.0","36.521","379.141"
"176","27.0","36.504","376.814"
"176","28.0","36.488","374.567"
"176","29.0","36.472","372.388"
"176","30.0","36.456","370.287"
"176","31.0","36.441","368.241"
"176","32.0","36.426","366.254"
"176","33.0","36.411","364.326"
"176","34.0","36.397","362.447"
"176","35.0","36.383","360.615"
"176","36.0","36.369","358.831"
"176","37.0","36.355","357.089"
"176","38.0","36.341","355.381"
"176","39.0","36.328","353.711"
"176","40.0","36.315","352.066"
"176","41.0","36.302","350.45"
"176","42.0","36.289","348.861"
"176","43.0","36.277","347.35"
"176","44.0","36.264","345.921"
"176","45.0","36.252","344.531"
"176","46.0","36.241","343.209"
"176","47.0","36.229","341.92"
"176","48.0","36.218","340.665"
"176","49.0","36.207","339.441"
"176","50.0","36.196","338.256"
"176","51.0","36.185","337.101"
"176","52.0","36.175","335.977"
"176","53.0","36.165","334.883"
"176","54.0","36.155","333.819"
"176","55.0","36.145","332.964"
"176","56.0","36.135","332.136"
"176","57.0","36.125","331.312"
"176","58.0","36.116","330.509"
"176","59.0","36.107","329.718"
"176","60.0","36.097","328.945"
"176","61.0","36.088","328.184"
"176","62.0","36.079","327.433"
"176","63.0","36.07","326.702"
"176","64.0","36.062","325.991"
"176","65.0","36.053","325.304"
"176","66.0","36.044","324.613"
"176","67.0","36.036","323.927"
"176","68.0","36.027","323.147"
"176","69.0","36.019","322.294"
"176","70.0","36.01","321.453"
"176","71.0","36.002","320.647"
"176","72.0","35.994","319.853"
"176","73.0","35.986","319.067"
"176","74.0","35.978","318.363"
"176","75.0","35.97","317.816"
"176","76.0","35.962","317.266"
"176","77.0","35.954","316.72"
"176","78.0","35.946","316.178"
"176","79.0","35.939","315.603"
"176","80.0","35.931","315.013"
"176","81.0","35.923","314.433"
"176","82.0","35.916","313.84"
"176","83.0","35.908","313.255"
"176","84.0","35.901","312.674"
"176","85.0","35.893","312.097"
"176","86.0","35.886","311.526"
"176","87.0","35.879","310.956"
"176","88.0","35.872","310.388"
"176","89.0","35.865","309.819"
"176","90.0","35.857","309.251"
"176","91.0","35.85","308.709"
"176","92.0","35.844","308.033"
"176","93.0","35.837","307.263"
"176","94.0","35.831","306.501"
"176","95.0","35.825","305.758"
"177","0.0","37.342","0.0"
"177","1.0","37.173","523.028"
"177","2.0","37.208","496.751"
"177","3.0","37.178","512.514"
"177","4.0","37.126","482.059"
"177","5.0","37.074","471.503"
"177","6.0","37.032","465.502"
"177","7.0","36.992","459.038"
"177","8.0","36.955","452.628"
"177","9.0","36.919","446.639"
"177","10.0","36.886","441.344"
"177","11.0","36.854","436.161"
"177","12.0","36.824","431.259"
"177","13.0","36.795","426.66"
"177","14.0","36.768","422.315"
"177","15.0","36.742","418.177"
"177","16.0","36.717","414.266"
"177","17.0","36.693","410.462"
"177","18.0","36.67","406.508"
"177","19.0","36.648","402.848"
"177","20.0","36.627","399.51"
"177","21.0","36.607","396.385"
"177","22.0","36.587","393.386"
"177","23.0","36.568","390.508"
"177","24.0","36.55","387.761"
"177","25.0","36.532","385.121"
"177","26.0","36.515","382.586"
"177","27.0","36.498","380.144"
"177","28.0","36.482","377.796"
"177","29.0","36.466","375.524"
"177","30.0","36.45","373.337"
"177","31.0","36.435","371.209"
"177","32.0","36.42","369.147"
"177","33.0","36.405","367.149"
"177","34.0","36.391","365.203"
"177","35.0","36.376","363.31"
"177","36.0","36.363","361.469"
"177","37.0","36.349","359.671"
"177","38.0","36.335","357.912"
"177","39.0","36.322","356.196"
"177","40.0","36.309","354.505"
"177","41.0","36.296","352.847"
"177","42.0","36.283","351.22"
"177","43.0","36.271","349.646"
"177","44.0","36.258","348.147"
"177","45.0","36.246","346.697"
"177","46.0","36.235","345.317"
"177","47.0","36.223","343.973"
"177","48.0","36.212","342.67"
"177","49.0","36.201","341.403"
"177","50.0","36.19","340.177"
"177","51.0","36.18","338.984"
"177","52.0","36.169","337.825"
"177","53.0","36.159","336.698"
"177","54.0","36.149","335.6"
"177","55.0","36.139","334.706"
"177","56.0","36.129","333.848"
"177","57.0","36.12","332.997"
"177","58.0","36.11","332.169"
"177","59.0","36.101","331.354"
"177","60.0","36.092","330.558"
"177","61.0","36.082","329.775"
"177","62.0","36.073","329.003"
"177","63.0","36.065","328.252"
"177","64.0","36.056","327.525"
"177","65.0","36.047","326.821"
"177","66.0","36.038","326.119"
"177","67.0","36.03","325.42"
"177","68.0","36.021","324.616"
"177","69.0","36.013","323.748"
"177","70.0","36.004","322.899"
"177","71.0","35.996","322.076"
"177","72.0","35.988","321.27"
"177","73.0","35.98","320.471"
"177","74.0","35.972","319.732"
"177","75.0","35.964","319.175"
"177","76.0","35.956","318.611"
"177","77.0","35.948","318.053"
"177","78.0","35.94","317.498"
"177","79.0","35.932","316.914"
"177","80.0","35.925","316.308"
"177","81.0","35.917","315.72"
"177","82.0","35.91","315.117"
"177","83.0","35.902","314.522"
"177","84.0","35.895","313.932"
"177","85.0","35.887","313.346"
"177","86.0","35.88","312.763"
"177","87.0","35.873","312.188"
"177","88.0","35.866","311.612"
"177","89.0","35.858","311.034"
"177","90.0","35.851","310.449"
"177","91.0","35.844","309.897"
"177","92.0","35.837","309.163"
"177","93.0","35.831","308.347"
"177","94.0","35.825","307.548"
"177","95.0","35.819","306.768"
"178","0.0","37.341","0.0"
"178","1.0","37.158","550.63"
"178","2.0","37.189","502.13"
"178","3.0","37.162","517.573"
"178","4.0","37.111","487.848"
"178","5.0","37.059","478.17"
"178","6.0","37.018","471.606"
"178","7.0","36.979","464.476"
"178","8.0","36.941","457.77"
"178","9.0","36.906","451.525"
"178","10.0","36.873","445.954"
"178","11.0","36.841","440.507"
"178","12.0","36.811","435.384"
"178","13.0","36.783","430.576"
"178","14.0","36.756","426.046"
"178","15.0","36.73","421.737"
"178","16.0","36.705","417.67"
"178","17.0","36.681","413.698"
"178","18.0","36.659","409.602"
"178","19.0","36.637","405.818"
"178","20.0","36.616","402.368"
"178","21.0","36.596","399.129"
"178","22.0","36.576","396.037"
"178","23.0","36.558","393.07"
"178","24.0","36.539","390.239"
"178","25.0","36.522","387.524"
"178","26.0","36.505","384.918"
"178","27.0","36.488","382.412"
"178","28.0","36.472","380.006"
"178","29.0","36.456","377.68"
"178","30.0","36.44","375.443"
"178","31.0","36.425","373.268"
"178","32.0","36.41","371.162"
"178","33.0","36.395","369.123"
"178","34.0","36.381","367.14"
"178","35.0","36.367","365.21"
"178","36.0","36.353","363.336"
"178","37.0","36.34","361.507"
"178","38.0","36.326","359.719"
"178","39.0","36.313","357.976"
"178","40.0","36.3","356.26"
"178","41.0","36.287","354.577"
"178","42.0","36.274","352.928"
"178","43.0","36.262","351.315"
"178","44.0","36.249","349.772"
"178","45.0","36.237","348.284"
"178","46.0","36.226","346.867"
"178","47.0","36.214","345.488"
"178","48.0","36.203","344.155"
"178","49.0","36.192","342.857"
"178","50.0","36.182","341.604"
"178","51.0","36.171","340.384"
"178","52.0","36.161","339.2"
"178","53.0","36.15","338.05"
"178","54.0","36.14","336.931"
"178","55.0","36.13","336.008"
"178","56.0","36.121","335.129"
"178","57.0","36.111","334.26"
"178","58.0","36.102","333.414"
"178","59.0","36.092","332.583"
"178","60.0","36.083","331.772"
"178","61.0","36.074","330.972"
"178","62.0","36.065","330.186"
"178","63.0","36.056","329.422"
"178","64.0","36.048","328.683"
"178","65.0","36.039","327.967"
"178","66.0","36.03","327.254"
"178","67.0","36.022","326.544"
"178","68.0","36.013","325.723"
"178","69.0","36.005","324.855"
"178","70.0","35.996","323.991"
"178","71.0","35.988","323.158"
"178","72.0","35.98","322.343"
"178","73.0","35.972","321.535"
"178","74.0","35.964","320.779"
"178","75.0","35.956","320.208"
"178","76.0","35.948","319.634"
"178","77.0","35.94","319.068"
"178","78.0","35.932","318.504"
"178","79.0","35.925","317.914"
"178","80.0","35.917","317.304"
"178","81.0","35.909","316.704"
"178","82.0","35.902","316.092"
"178","83.0","35.894","315.49"
"178","84.0","35.887","314.893"
"178","85.0","35.88","314.3"
"178","86.0","35.872","313.713"
"178","87.0","35.865","313.128"
"178","88.0","35.858","312.545"
"178","89.0","35.851","311.959"
"178","90.0","35.843","311.371"
"178","91.0","35.836","310.798"
"178","92.0","35.83","310.025"
"178","93.0","35.823","309.173"
"178","94.0","35.817","308.343"
"178","95.0","35.811","307.537"
"179","0.0","37.34","0.0"
"179","1.0","37.151","546.495"
"179","2.0","37.169","505.532"
"179","3.0","37.142","524.059"
"179","4.0","37.094","503.113"
"179","5.0","37.042","494.007"
"179","6.0","37.002","486.725"
"179","7.0","36.963","478.158"
"179","8.0","36.926","470.56"
"179","9.0","36.891","463.629"
"179","10.0","36.858","457.273"
"179","11.0","36.827","451.105"
"179","12.0","36.798","445.375"
"179","13.0","36.769","440.007"
"179","14.0","36.742","434.966"
"179","15.0","36.717","430.202"
"179","16.0","36.692","425.714"
"179","17.0","36.669","421.297"
"179","18.0","36.646","416.832"
"179","19.0","36.625","412.718"
"179","20.0","36.604","408.977"
"179","21.0","36.584","405.443"
"179","22.0","36.565","402.106"
"179","23.0","36.546","398.908"
"179","24.0","36.528","395.864"
"179","25.0","36.51","392.952"
"179","26.0","36.493","390.165"
"179","27.0","36.477","387.493"
"179","28.0","36.46","384.934"
"179","29.0","36.445","382.469"
"179","30.0","36.429","380.101"
"179","31.0","36.414","377.803"
"179","32.0","36.399","375.582"
"179","33.0","36.385","373.437"
"179","34.0","36.371","371.354"
"179","35.0","36.357","369.331"
"179","36.0","36.343","367.37"
"179","37.0","36.329","365.457"
"179","38.0","36.316","363.593"
"179","39.0","36.303","361.778"
"179","40.0","36.29","359.995"
"179","41.0","36.277","358.247"
"179","42.0","36.264","356.533"
"179","43.0","36.252","354.828"
"179","44.0","36.24","353.179"
"179","45.0","36.228","351.601"
"179","46.0","36.216","350.096"
"179","47.0","36.205","348.634"
"179","48.0","36.194","347.225"
"179","49.0","36.183","345.856"
"179","50.0","36.172","344.536"
"179","51.0","36.161","343.253"
"179","52.0","36.151","342.009"
"179","53.0","36.141","340.804"
"179","54.0","36.131","339.632"
"179","55.0","36.121","338.646"
"179","56.0","36.111","337.715"
"179","57.0","36.102","336.802"
"179","58.0","36.093","335.914"
"179","59.0","36.083","335.042"
"179","60.0","36.074","334.191"
"179","61.0","36.065","333.355"
"179","62.0","36.056","332.533"
"179","63.0","36.047","331.736"
"179","64.0","36.038","330.969"
"179","65.0","36.03","330.223"
"179","66.0","36.021","329.488"
"179","67.0","36.013","328.751"
"179","68.0","36.004","327.889"
"179","69.0","35.996","327.001"
"179","70.0","35.987","326.117"
"179","71.0","35.979","325.257"
"179","72.0","35.971","324.419"
"179","73.0","35.963","323.589"
"179","74.0","35.955","322.787"
"179","75.0","35.947","322.196"
"179","76.0","35.939","321.597"
"179","77.0","35.931","321.009"
"179","78.0","35.923","320.424"
"179","79.0","35.916","319.815"
"179","80.0","35.908","319.182"
"179","81.0","35.901","318.565"
"179","82.0","35.893","317.933"
"179","83.0","35.886","317.312"
"179","84.0","35.878","316.696"
"179","85.0","35.871","316.085"
"179","86.0","35.864","315.477"
"179","87.0","35.856","314.876"
"179","88.0","35.849","314.276"
"179","89.0","35.842","313.672"
"179","90.0","35.835","313.073"
"179","91.0","35.828","312.451"
"179","92.0","35.821","311.598"
"179","93.0","35.815","310.678"
"179","94.0","35.808","309.791"
"179","95.0","35.802","308.93"
"17","0.0","37.338","0.0"
"17","1.0","37.151","542.826"
"17","2.0","37.168","509.056"
"17","3.0","37.138","525.608"
"17","4.0","37.091","507.924"
"17","5.0","37.04","498.648"
"17","6.0","36.999","491.164"
"17","7.0","36.96","482.273"
"17","8.0","36.923","474.426"
"17","9.0","36.888","467.307"
"17","10.0","36.856","460.733"
"17","11.0","36.824","454.371"
"17","12.0","36.795","448.477"
"17","13.0","36.767","442.955"
"17","14.0","36.74","437.776"
"17","15.0","36.714","432.884"
"17","16.0","36.689","428.281"
"17","17.0","36.666","423.736"
"17","18.0","36.643","419.169"
"17","19.0","36.622","414.962"
"17","20.0","36.601","411.137"
"17","21.0","36.581","407.52"
"17","22.0","36.562","404.112"
"17","23.0","36.543","400.849"
"17","24.0","36.525","397.746"
"17","25.0","36.508","394.777"
"17","26.0","36.49","391.939"
"17","27.0","36.474","389.221"
"17","28.0","36.458","386.618"
"17","29.0","36.442","384.114"
"17","30.0","36.426","381.709"
"17","31.0","36.411","379.377"
"17","32.0","36.396","377.124"
"17","33.0","36.382","374.949"
"17","34.0","36.368","372.838"
"17","35.0","36.354","370.789"
"17","36.0","36.34","368.804"
"17","37.0","36.326","366.867"
"17","38.0","36.313","364.982"
"17","39.0","36.3","363.149"
"17","40.0","36.287","361.345"
"17","41.0","36.274","359.58"
"17","42.0","36.261","357.851"
"17","43.0","36.249","356.117"
"17","44.0","36.237","354.435"
"17","45.0","36.225","352.828"
"17","46.0","36.213","351.295"
"17","47.0","36.202","349.807"
"17","48.0","36.191","348.375"
"17","49.0","36.18","346.984"
"17","50.0","36.169","345.642"
"17","51.0","36.159","344.339"
"17","52.0","36.148","343.076"
"17","53.0","36.138","341.854"
"17","54.0","36.128","340.668"
"17","55.0","36.118","339.66"
"17","56.0","36.109","338.713"
"17","57.0","36.099","337.787"
"17","58.0","36.09","336.885"
"17","59.0","36.08","336.0"
"17","60.0","36.071","335.138"
"17","61.0","36.062","334.289"
"17","62.0","36.053","333.456"
"17","63.0","36.044","332.649"
"17","64.0","36.035","331.874"
"17","65.0","36.027","331.119"
"17","66.0","36.018","330.373"
"17","67.0","36.01","329.628"
"17","68.0","36.001","328.754"
"17","69.0","35.993","327.865"
"17","70.0","35.984","326.97"
"17","71.0","35.976","326.103"
"17","72.0","35.968","325.258"
"17","73.0","35.96","324.421"
"17","74.0","35.952","323.609"
"17","75.0","35.944","323.006"
"17","76.0","35.936","322.4"
"17","77.0","35.928","321.804"
"17","78.0","35.92","321.213"
"17","79.0","35.913","320.598"
"17","80.0","35.905","319.963"
"17","81.0","35.898","319.337"
"17","82.0","35.89","318.699"
"17","83.0","35.883","318.071"
"17","84.0","35.875","317.45"
"17","85.0","35.868","316.833"
"17","86.0","35.861","316.223"
"17","87.0","35.853","315.615"
"17","88.0","35.846","315.009"
"17","89.0","35.839","314.399"
"17","90.0","35.832","313.797"
"17","91.0","35.825","313.157"
"17","92.0","35.818","312.273"
"17","93.0","35.812","311.325"
"17","94.0","35.805","310.414"
"17","95.0","35.799","309.533"
"17_sec18_0","0.0","37.338","18.0"
"17_sec18_0","1.0","37.151","542.826"
"17_sec18_0","2.0","37.168","509.056"
"17_sec18_0","3.0","37.138","525.608"
"17_sec18_0","4.0","37.091","507.924"
"17_sec18_0","5.0","37.04","498.648"
"17_sec18_0","6.0","36.999","491.164"
"17_sec18_0","7.0","36.96","482.273"
"17_sec18_0","8.0","36.923","474.426"
"17_sec18_0","9.0","36.888","467.307"
"17_sec18_0","10.0","36.856","460.733"
"17_sec18_0","11.0","36.824","454.371"
"17_sec18_0","12.0","36.795","448.477"
"17_sec18_0","13.0","36.767","442.955"
"17_sec18_0","14.0","36.74","437.776"
"17_sec18_0","15.0","36.714","432.884"
"17_sec18_0","16.0","36.689","428.281"
"17_sec18_0","17.0","36.666","423.736"
"17_sec18_0","18.0","36.643","419.169"
"17_sec18_0","19.0","36.622","414.962"
"17_sec18_0","20.0","36.601","411.137"
"17_sec18_0","21.0","36.581","407.52"
"17_sec18_0","22.0","36.562","404.112"
"17_sec18_0","23.0","36.543","400.849"
"17_sec18_0","24.0","36.525","397.746"
"17_sec18_0","25.0","36.508","394.777"
"17_sec18_0","26.0","36.49","391.939"
"17_sec18_0","27.0","36.474","389.221"
"17_sec18_0","28.0","36.458","386.618"
"17_sec18_0","29.0","36.442","384.114"
"17_sec18_0","30.0","36.426","381.709"
"17_sec18_0","31.0","36.411","379.377"
"17_sec18_0","32.0","36.396","377.124"
"17_sec18_0","33.0","36.382","374.949"
"17_sec18_0","34.0","36.368","372.838"
"17_sec18_0","35.0","36.354","370.789"
"17_sec18_0","36.0","36.34","368.804"
"17_sec18_0","37.0","36.326","366.867"
"17_sec18_0","38.0","36.313","364.982"
"17_sec18_0","39.0","36.3","363.149"
"17_sec18_0","40.0","36.287","361.345"
"17_sec18_0","41.0","36.274","359.58"
"17_sec18_0","42.0","36.261","357.851"
"17_sec18_0","43.0","36.249","356.117"
"17_sec18_0","44.0","36.237","354.435"
"17_sec18_0","45.0","36.225","352.828"
"17_sec18_0","46.0","36.213","351.295"
"17_sec18_0","47.0","36.202","349.807"
"17_sec18_0","48.0","36.191","348.375"
"17_sec18_0","49.0","36.18","346.984"
"17_sec18_0","50.0","36.169","345.642"
"17_sec18_0","51.0","36.159","344.339"
"17_sec18_0","52.0","36.148","343.076"
"17_sec18_0","53.0","36.138","341.854"
"17_sec18_0","54.0","36.128","340.668"
"17_sec18_0","55.0","36.118","339.66"
"17_sec18_0","56.0","36.109","338.713"
"17_sec18_0","57.0","36.099","337.787"
"17_sec18_0","58.0","36.09","336.885"
"17_sec18_0","59.0","36.08","336.0"
"17_sec18_0","60.0","36.071","335.138"
"17_sec18_0","61.0","36.062","334.289"
"17_sec18_0","62.0","36.053","333.456"
"17_sec18_0","63.0","36.044","332.649"
"17_sec18_0","64.0","36.035","331.874"
"17_sec18_0","65.0","36.027","331.119"
"17_sec18_0","66.0","36.018","330.373"
"17_sec18_0","67.0","36.01","329.628"
"17_sec18_0","68.0","36.001","328.754"
"17_sec18_0","69.0","35.993","327.865"
"17_sec18_0","70.0","35.984","326.97"
"17_sec18_0","71.0","35.976","326.103"
"17_sec18_0","72.0","35.968","325.258"
"17_sec18_0","73.0","35.96","324.421"
"17_sec18_0","74.0","35.952","323.609"
"17_sec18_0","75.0","35.944","323.006"
"17_sec18_0","76.0","35.936","322.4"
"17_sec18_0","77.0","35.928","321.804"
"17_sec18_0","78.0","35.92","321.213"
"17_sec18_0","79.0","35.913","320.598"
"17_sec18_0","80.0","35.905","319.963"
"17_sec18_0","81.0","35.898","319.337"
"17_sec18_0","82.0","35.89","318.699"
"17_sec18_0","83.0","35.883","318.071"
"17_sec18_0","84.0","35.875","317.45"
"17_sec18_0","85.0","35.868","316.833"
"17_sec18_0","86.0","35.861","316.223"
"17_sec18_0","87.0","35.853","315.615"
"17_sec18_0","88.0","35.846","315.009"
"17_sec18_0","89.0","35.839","314.399"
"17_sec18_0","90.0","35.832","313.797"
"17_sec18_0","91.0","35.825","313.157"
"17_sec18_0","92.0","35.818","312.273"
"17_sec18_0","93.0","35.812","311.325"
"17_sec18_0","94.0","35.805","310.414"
"17_sec18_0","95.0","35.799","309.533"
"15_sec18_1","0.0","37.337","1.0"
"15_sec18_1","1.0","37.127","553.35"
"15_sec18_1","2.0","37.168","517.001"
"15_sec18_1","3.0","37.134","528.976"
"15_sec18_1","4.0","37.088","514.862"
"15_sec18_1","5.0","37.037","504.989"
"15_sec18_1","6.0","36.996","496.932"
"15_sec18_1","7.0","36.957","487.648"
"15_sec18_1","8.0","36.92","479.487"
"15_sec18_1","9.0","36.885","472.129"
"15_sec18_1","10.0","36.853","465.281"
"15_sec18_1","11.0","36.821","458.678"
"15_sec18_1","12.0","36.792","452.57"
"15_sec18_1","13.0","36.764","446.849"
"15_sec18_1","14.0","36.737","441.49"
"15_sec18_1","15.0","36.711","436.435"
"15_sec18_1","16.0","36.687","431.681"
"15_sec18_1","17.0","36.663","426.971"
"15_sec18_1","18.0","36.641","422.264"
"15_sec18_1","19.0","36.619","417.939"
"15_sec18_1","20.0","36.598","414.006"
"15_sec18_1","21.0","36.578","410.279"
"15_sec18_1","22.0","36.559","406.782"
"15_sec18_1","23.0","36.54","403.433"
"15_sec18_1","24.0","36.522","400.25"
"15_sec18_1","25.0","36.505","397.209"
"15_sec18_1","26.0","36.488","394.303"
"15_sec18_1","27.0","36.471","391.523"
"15_sec18_1","28.0","36.455","388.865"
"15_sec18_1","29.0","36.439","386.307"
"15_sec18_1","30.0","36.424","383.854"
"15_sec18_1","31.0","36.409","381.477"
"15_sec18_1","32.0","36.394","379.181"
"15_sec18_1","33.0","36.379","376.967"
"15_sec18_1","34.0","36.365","374.819"
"15_sec18_1","35.0","36.351","372.733"
"15_sec18_1","36.0","36.337","370.715"
"15_sec18_1","37.0","36.324","368.748"
"15_sec18_1","38.0","36.31","366.834"
"15_sec18_1","39.0","36.297","364.974"
"15_sec18_1","40.0","36.284","363.146"
"15_sec18_1","41.0","36.271","361.356"
"15_sec18_1","42.0","36.259","359.603"
"15_sec18_1","43.0","36.246","357.831"
"15_sec18_1","44.0","36.234","356.102"
"15_sec18_1","45.0","36.222","354.457"
"15_sec18_1","46.0","36.211","352.887"
"15_sec18_1","47.0","36.199","351.364"
"15_sec18_1","48.0","36.188","349.9"
"15_sec18_1","49.0","36.177","348.48"
"15_sec18_1","50.0","36.167","347.109"
"15_sec18_1","51.0","36.156","345.781"
"15_sec18_1","52.0","36.146","344.493"
"15_sec18_1","53.0","36.136","343.247"
"15_sec18_1","54.0","36.126","342.038"
"15_sec18_1","55.0","36.116","341.004"
"15_sec18_1","56.0","36.106","340.037"
"15_sec18_1","57.0","36.096","339.092"
"15_sec18_1","58.0","36.087","338.172"
"15_sec18_1","59.0","36.078","337.271"
"15_sec18_1","60.0","36.069","336.392"
"15_sec18_1","61.0","36.06","335.527"
"15_sec18_1","62.0","36.051","334.68"
"15_sec18_1","63.0","36.042","333.859"
"15_sec18_1","64.0","36.033","333.073"
"15_sec18_1","65.0","36.024","332.305"
"15_sec18_1","66.0","36.016","331.552"
"15_sec18_1","67.0","36.007","330.795"
"15_sec18_1","68.0","35.999","329.906"
"15_sec18_1","69.0","35.99","329.007"
"15_sec18_1","70.0","35.982","328.105"
"15_sec18_1","71.0","35.974","327.227"
"15_sec18_1","72.0","35.965","326.372"
"15_sec18_1","73.0","35.957","325.527"
"15_sec18_1","74.0","35.949","324.699"
"15_sec18_1","75.0","35.941","324.084"
"15_sec18_1","76.0","35.933","323.467"
"15_sec18_1","77.0","35.926","322.862"
"15_sec18_1","78.0","35.918","322.262"
"15_sec18_1","79.0","35.91","321.64"
"15_sec18_1","80.0","35.903","320.994"
"15_sec18_1","81.0","35.895","320.361"
"15_sec18_1","82.0","35.887","319.715"
"15_sec18_1","83.0","35.88","319.08"
"15_sec18_1","84.0","35.873","318.451"
"15_sec18_1","85.0","35.865","317.827"
"15_sec18_1","86.0","35.858","317.207"
"15_sec18_1","87.0","35.851","316.593"
"15_sec18_1","88.0","35.843","315.981"
"15_sec18_1","89.0","35.836","315.362"
"15_sec18_1","90.0","35.829","314.746"
"15_sec18_1","91.0","35.822","314.088"
"15_sec18_1","92.0","35.815","313.161"
"15_sec18_1","93.0","35.809","312.177"
"15_sec18_1","94.0","35.803","311.236"
"15_sec18_1","95.0","35.797","310.326"
"15_sec19_0","0.0","37.337","0.0"
"15_sec19_0","1.0","37.127","1120.924"
"15_sec19_0","2.0","37.168","1244.16"
"15_sec19_0","3.0","37.134","1197.149"
"15_sec19_0","4.0","37.088","1162.827"
"15_sec19_0","5.0","37.037","1138.498"
"15_sec19_0","6.0","36.996","1124.103"
"15_sec19_0","7.0","36.957","1108.58"
"15_sec19_0","8.0","36.92","1093.44"
"15_sec19_0","9.0","36.885","1080.534"
"15_sec19_0","10.0","36.853","1068.299"
"15_sec19_0","11.0","36.821","1056.743"
"15_sec19_0","12.0","36.792","1045.942"
"15_sec19_0","13.0","36.764","1035.817"
"15_sec19_0","14.0","36.737","1026.287"
"15_sec19_0","15.0","36.711","1017.293"
"15_sec19_0","16.0","36.687","1008.841"
"15_sec19_0","17.0","36.663","1000.37"
"15_sec19_0","18.0","36.641","991.925"
"15_sec19_0","19.0","36.619","984.158"
"15_sec19_0","20.0","36.598","977.151"
"15_sec19_0","21.0","36.578","970.634"
"15_sec19_0","22.0","36.559","964.423"
"15_sec19_0","23.0","36.54","958.525"
"15_sec19_0","24.0","36.522","952.919"
"15_sec19_0","25.0","36.505","947.58"
"15_sec19_0","26.0","36.488","942.488"
"15_sec19_0","27.0","36.471","937.643"
"15_sec19_0","28.0","36.455","932.993"
"15_sec19_0","29.0","36.439","928.533"
"15_sec19_0","30.0","36.424","924.266"
"15_sec19_0","31.0","36.409","920.141"
"15_sec19_0","32.0","36.394","916.164"
"15_sec19_0","33.0","36.379","912.338"
"15_sec19_0","34.0","36.365","908.629"
"15_sec19_0","35.0","36.351","905.034"
"15_sec19_0","36.0","36.337","901.559"
"15_sec19_0","37.0","36.324","898.18"
"15_sec19_0","38.0","36.31","894.897"
"15_sec19_0","39.0","36.297","891.708"
"15_sec19_0","40.0","36.284","888.584"
"15_sec19_0","41.0","36.271","885.529"
"15_sec19_0","42.0","36.259","882.546"
"15_sec19_0","43.0","36.246","879.646"
"15_sec19_0","44.0","36.234","876.876"
"15_sec19_0","45.0","36.222","874.265"
"15_sec19_0","46.0","36.211","871.769"
"15_sec19_0","47.0","36.199","869.372"
"15_sec19_0","48.0","36.188","867.065"
"15_sec19_0","49.0","36.177","864.847"
"15_sec19_0","50.0","36.167","862.711"
"15_sec19_0","51.0","36.156","860.655"
"15_sec19_0","52.0","36.146","858.67"
"15_sec19_0","53.0","36.136","856.762"
"15_sec19_0","54.0","36.126","854.915"
"15_sec19_0","55.0","36.116","853.148"
"15_sec19_0","56.0","36.106","851.448"
"15_sec19_0","57.0","36.096","849.78"
"15_sec19_0","58.0","36.087","848.157"
"15_sec19_0","59.0","36.078","846.574"
"15_sec19_0","60.0","36.069","845.031"
"15_sec19_0","61.0","36.06","843.517"
"15_sec19_0","62.0","36.051","842.038"
"15_sec19_0","63.0","36.042","840.611"
"15_sec19_0","64.0","36.033","839.25"
"15_sec19_0","65.0","36.024","837.928"
"15_sec19_0","66.0","36.016","836.614"
"15_sec19_0","67.0","36.007","835.263"
"15_sec19_0","68.0","35.999","833.652"
"15_sec19_0","69.0","35.99","831.942"
"15_sec19_0","70.0","35.982","830.232"
"15_sec19_0","71.0","35.974","828.55"
"15_sec19_0","72.0","35.965","826.903"
"15_sec19_0","73.0","35.957","825.284"
"15_sec19_0","74.0","35.949","823.699"
"15_sec19_0","75.0","35.941","822.2"
"15_sec19_0","76.0","35.933","820.692"
"15_sec19_0","77.0","35.926","819.203"
"15_sec19_0","78.0","35.918","817.728"
"15_sec19_0","79.0","35.91","816.268"
"15_sec19_0","80.0","35.903","814.82"
"15_sec19_0","81.0","35.895","813.394"
"15_sec19_0","82.0","35.887","811.962"
"15_sec19_0","83.0","35.88","810.55"
"15_sec19_0","84.0","35.873","809.154"
"15_sec19_0","85.0","35.865","807.773"
"15_sec19_0","86.0","35.858","806.407"
"15_sec19_0","87.0","35.851","805.058"
"15_sec19_0","88.0","35.843","803.714"
"15_sec19_0","89.0","35.836","802.36"
"15_sec19_0","90.0","35.829","801.019"
"15_sec19_0","91.0","35.822","799.669"
"15_sec19_0","92.0","35.815","797.848"
"15_sec19_0","93.0","35.809","795.912"
"15_sec19_0","94.0","35.803","794.0"
"15_sec19_0","95.0","35.797","792.148"
"180","0.0","37.241","0.0"
"180","1.0","37.066","1169.064"
"180","2.0","37.118","1249.691"
"180","3.0","37.08","1206.114"
"180","4.0","37.035","1177.964"
"180","5.0","36.985","1152.343"
"180","6.0","36.944","1136.35"
"180","7.0","36.905","1119.978"
"180","8.0","36.869","1104.172"
"180","9.0","36.834","1090.756"
"180","10.0","36.801","1077.943"
"180","11.0","36.77","1065.88"
"180","12.0","36.74","1054.624"
"180","13.0","36.712","1044.074"
"180","14.0","36.685","1034.162"
"180","15.0","36.66","1024.828"
"180","16.0","36.635","1016.057"
"180","17.0","36.612","1007.218"
"180","18.0","36.589","998.491"
"180","19.0","36.568","990.483"
"180","20.0","36.547","983.257"
"180","21.0","36.527","976.508"
"180","22.0","36.508","970.101"
"180","23.0","36.489","964.028"
"180","24.0","36.471","958.254"
"180","25.0","36.453","952.756"
"180","26.0","36.436","947.527"
"180","27.0","36.419","942.548"
"180","28.0","36.403","937.773"
"180","29.0","36.387","933.208"
"180","30.0","36.371","928.836"
"180","31.0","36.356","924.61"
"180","32.0","36.341","920.547"
"180","33.0","36.326","916.637"
"180","34.0","36.312","912.845"
"180","35.0","36.298","909.181"
"180","36.0","36.284","905.638"
"180","37.0","36.27","902.189"
"180","38.0","36.257","898.852"
"180","39.0","36.243","895.608"
"180","40.0","36.23","892.428"
"180","41.0","36.217","889.327"
"180","42.0","36.204","886.302"
"180","43.0","36.192","883.323"
"180","44.0","36.179","880.455"
"180","45.0","36.167","877.745"
"180","46.0","36.155","875.162"
"180","47.0","36.144","872.68"
"180","48.0","36.133","870.298"
"180","49.0","36.122","868.006"
"180","50.0","36.111","865.802"
"180","51.0","36.1","863.682"
"180","52.0","36.09","861.636"
"180","53.0","36.079","859.671"
"180","54.0","36.069","857.771"
"180","55.0","36.059","855.941"
"180","56.0","36.049","854.19"
"180","57.0","36.04","852.477"
"180","58.0","36.03","850.81"
"180","59.0","36.021","849.186"
"180","60.0","36.011","847.603"
"180","61.0","36.002","846.049"
"180","62.0","35.993","844.535"
"180","63.0","35.984","843.074"
"180","64.0","35.975","841.685"
"180","65.0","35.966","840.332"
"180","66.0","35.957","838.985"
"180","67.0","35.948","837.601"
"180","68.0","35.94","835.95"
"180","69.0","35.931","834.221"
"180","70.0","35.923","832.487"
"180","71.0","35.915","830.777"
"180","72.0","35.906","829.11"
"180","73.0","35.898","827.471"
"180","74.0","35.89","825.866"
"180","75.0","35.882","824.329"
"180","76.0","35.874","822.798"
"180","77.0","35.866","821.289"
"180","78.0","35.858","819.795"
"180","79.0","35.85","818.318"
"180","80.0","35.842","816.855"
"180","81.0","35.835","815.408"
"180","82.0","35.827","813.959"
"180","83.0","35.819","812.529"
"180","84.0","35.812","811.117"
"180","85.0","35.804","809.721"
"180","86.0","35.797","808.341"
"180","87.0","35.789","806.974"
"180","88.0","35.782","805.615"
"180","89.0","35.775","804.243"
"180","90.0","35.767","802.876"
"180","91.0","35.76","801.477"
"180","92.0","35.753","799.566"
"180","93.0","35.747","797.558"
"180","94.0","35.741","795.583"
"180","95.0","35.735","793.677"
"181","0.0","37.07","19.0"
"181","1.0","37.042","1192.41"
"181","2.0","37.08","1244.953"
"181","3.0","37.039","1209.093"
"181","4.0","36.994","1182.75"
"181","5.0","36.944","1157.027"
"181","6.0","36.903","1140.414"
"181","7.0","36.864","1123.746"
"181","8.0","36.828","1107.736"
"181","9.0","36.793","1094.14"
"181","10.0","36.76","1081.145"
"181","11.0","36.729","1068.914"
"181","12.0","36.699","1057.51"
"181","13.0","36.671","1046.824"
"181","14.0","36.644","1036.788"
"181","15.0","36.618","1027.344"
"181","16.0","36.593","1018.466"
"181","17.0","36.57","1009.495"
"181","18.0","36.547","1000.665"
"181","19.0","36.526","992.589"
"181","20.0","36.505","985.287"
"181","21.0","36.485","978.462"
"181","22.0","36.465","971.996"
"181","23.0","36.446","965.86"
"181","24.0","36.428","960.031"
"181","25.0","36.41","954.486"
"181","26.0","36.393","949.207"
"181","27.0","36.376","944.184"
"181","28.0","36.359","939.373"
"181","29.0","36.343","934.77"
"181","30.0","36.327","930.364"
"181","31.0","36.312","926.11"
"181","32.0","36.297","922.015"
"181","33.0","36.282","918.077"
"181","34.0","36.267","914.262"
"181","35.0","36.253","910.572"
"181","36.0","36.239","907.006"
"181","37.0","36.225","903.54"
"181","38.0","36.211","900.181"
"181","39.0","36.198","896.918"
"181","40.0","36.184","893.725"
"181","41.0","36.171","890.605"
"181","42.0","36.158","887.561"
"181","43.0","36.145","884.555"
"181","44.0","36.132","881.655"
"181","45.0","36.12","878.911"
"181","46.0","36.108","876.303"
"181","47.0","36.096","873.797"
"181","48.0","36.085","871.394"
"181","49.0","36.074","869.082"
"181","50.0","36.062","866.859"
"181","51.0","36.052","864.721"
"181","52.0","36.041","862.659"
"181","53.0","36.03","860.676"
"181","54.0","36.02","858.759"
"181","55.0","36.01","856.913"
"181","56.0","35.999","855.147"
"181","57.0","35.99","853.421"
"181","58.0","35.98","851.742"
"181","59.0","35.97","850.106"
"181","60.0","35.96","848.512"
"181","61.0","35.951","846.947"
"181","62.0","35.942","845.423"
"181","63.0","35.932","843.953"
"181","64.0","35.923","842.558"
"181","65.0","35.914","841.197"
"181","66.0","35.905","839.85"
"181","67.0","35.896","838.448"
"181","68.0","35.887","836.783"
"181","69.0","35.878","835.047"
"181","70.0","35.87","833.308"
"181","71.0","35.861","831.59"
"181","72.0","35.853","829.918"
"181","73.0","35.844","828.275"
"181","74.0","35.836","826.66"
"181","75.0","35.827","825.114"
"181","76.0","35.819","823.576"
"181","77.0","35.811","822.06"
"181","78.0","35.803","820.56"
"181","79.0","35.795","819.078"
"181","80.0","35.787","817.608"
"181","81.0","35.779","816.157"
"181","82.0","35.771","814.703"
"181","83.0","35.763","813.268"
"181","84.0","35.755","811.85"
"181","85.0","35.748","810.449"
"181","86.0","35.74","809.062"
"181","87.0","35.732","807.692"
"181","88.0","35.725","806.328"
"181","89.0","35.717","804.951"
"181","90.0","35.71","803.585"
"181","91.0","35.702","802.151"
"181","92.0","35.695","800.203"
"181","93.0","35.689","798.168"
"181","94.0","35.682","796.171"
"181","95.0","35.676","794.245"
"182","0.0","36.917","1.0"
"182","1.0","36.972","1201.582"
"182","2.0","36.995","1233.451"
"182","3.0","36.953","1213.46"
"182","4.0","36.91","1188.997"
"182","5.0","36.861","1163.296"
"182","6.0","36.821","1145.826"
"182","7.0","36.783","1128.795"
"182","8.0","36.747","1112.594"
"182","9.0","36.713","1098.732"
"182","10.0","36.68","1085.498"
"182","11.0","36.649","1073.046"
"182","12.0","36.62","1061.441"
"182","13.0","36.592","1050.569"
"182","14.0","36.565","1040.365"
"182","15.0","36.539","1030.767"
"182","16.0","36.515","1021.75"
"182","17.0","36.491","1012.579"
"182","18.0","36.469","1003.637"
"182","19.0","36.448","995.466"
"182","20.0","36.427","988.071"
"182","21.0","36.407","981.145"
"182","22.0","36.387","974.592"
"182","23.0","36.368","968.378"
"182","24.0","36.35","962.477"
"182","25.0","36.332","956.86"
"182","26.0","36.315","951.523"
"182","27.0","36.298","946.442"
"182","28.0","36.281","941.575"
"182","29.0","36.265","936.929"
"182","30.0","36.249","932.477"
"182","31.0","36.233","928.177"
"182","32.0","36.218","924.048"
"182","33.0","36.203","920.073"
"182","34.0","36.188","916.22"
"182","35.0","36.174","912.503"
"182","36.0","36.159","908.907"
"182","37.0","36.145","905.409"
"182","38.0","36.131","902.029"
"182","39.0","36.118","898.742"
"182","40.0","36.104","895.523"
"182","41.0","36.091","892.386"
"182","42.0","36.077","889.324"
"182","43.0","36.064","886.281"
"182","44.0","36.051","883.338"
"182","45.0","36.039","880.548"
"182","46.0","36.027","877.906"
"182","47.0","36.015","875.369"
"182","48.0","36.003","872.936"
"182","49.0","35.991","870.598"
"182","50.0","35.98","868.35"
"182","51.0","35.969","866.188"
"182","52.0","35.958","864.102"
"182","53.0","35.947","862.096"
"182","54.0","35.936","860.16"
"182","55.0","35.926","858.29"
"182","56.0","35.915","856.504"
"182","57.0","35.905","854.763"
"182","58.0","35.895","853.066"
"182","59.0","35.885","851.415"
"182","60.0","35.875","849.807"
"182","61.0","35.865","848.227"
"182","62.0","35.856","846.69"
"182","63.0","35.846","845.21"
"182","64.0","35.836","843.807"
"182","65.0","35.827","842.435"
"182","66.0","35.818","841.086"
"182","67.0","35.808","839.643"
"182","68.0","35.799","837.958"
"182","69.0","35.79","836.217"
"182","70.0","35.781","834.467"
"182","71.0","35.773","832.74"
"182","72.0","35.764","831.063"
"182","73.0","35.755","829.412"
"182","74.0","35.746","827.793"
"182","75.0","35.738","826.226"
"182","76.0","35.729","824.678"
"182","77.0","35.721","823.154"
"182","78.0","35.713","821.645"
"182","79.0","35.704","820.157"
"182","80.0","35.696","818.682"
"182","81.0","35.688","817.221"
"182","82.0","35.68","815.761"
"182","83.0","35.672","814.319"
"182","84.0","35.664","812.895"
"182","85.0","35.656","811.487"
"182","86.0","35.648","810.097"
"182","87.0","35.64","808.716"
"182","88.0","35.632","807.347"
"182","89.0","35.624","805.96"
"182","90.0","35.616","804.606"
"182","91.0","35.609","803.092"
"182","92.0","35.602","801.088"
"182","93.0","35.595","799.013"
"182","94.0","35.589","796.987"
"182","95.0","35.583","795.031"
"183","0.0","36.684","0.0"
"183","1.0","36.741","1192.006"
"183","2.0","36.757","1229.704"
"183","3.0","36.718","1218.599"
"183","4.0","36.68","1194.68"
"183","5.0","36.636","1168.529"
"183","6.0","36.598","1150.358"
"183","7.0","36.562","1133.036"
"183","8.0","36.529","1116.615"
"183","9.0","36.498","1102.513"
"183","10.0","36.469","1089.079"
"183","11.0","36.441","1076.441"
"183","12.0","36.414","1064.675"
"183","13.0","36.388","1053.652"
"183","14.0","36.364","1043.312"
"183","15.0","36.34","1033.597"
"183","16.0","36.318","1024.461"
"183","17.0","36.296","1015.167"
"183","18.0","36.275","1006.134"
"183","19.0","36.254","997.901"
"183","20.0","36.234","990.431"
"183","21.0","36.214","983.423"
"183","22.0","36.195","976.803"
"183","23.0","36.176","970.521"
"183","24.0","36.158","964.56"
"183","25.0","36.14","958.891"
"183","26.0","36.123","953.502"
"183","27.0","36.106","948.374"
"183","28.0","36.089","943.467"
"183","29.0","36.073","938.782"
"183","30.0","36.057","934.294"
"183","31.0","36.041","929.963"
"183","32.0","36.026","925.802"
"183","33.0","36.011","921.796"
"183","34.0","35.996","917.919"
"183","35.0","35.981","914.174"
"183","36.0","35.966","910.554"
"183","37.0","35.952","907.037"
"183","38.0","35.937","903.636"
"183","39.0","35.923","900.329"
"183","40.0","35.909","897.093"
"183","41.0","35.896","893.937"
"183","42.0","35.882","890.855"
"183","43.0","35.868","887.78"
"183","44.0","35.855","884.802"
"183","45.0","35.842","881.976"
"183","46.0","35.83","879.306"
"183","47.0","35.817","876.744"
"183","48.0","35.805","874.288"
"183","49.0","35.793","871.928"
"183","50.0","35.781","869.659"
"183","51.0","35.769","867.478"
"183","52.0","35.758","865.375"
"183","53.0","35.746","863.35"
"183","54.0","35.735","861.397"
"183","55.0","35.724","859.51"
"183","56.0","35.713","857.707"
"183","57.0","35.702","855.952"
"183","58.0","35.691","854.243"
"183","59.0","35.68","852.579"
"183","60.0","35.67","850.96"
"183","61.0","35.659","849.366"
"183","62.0","35.649","847.82"
"183","63.0","35.639","846.332"
"183","64.0","35.628","844.921"
"183","65.0","35.618","843.54"
"183","66.0","35.608","842.18"
"183","67.0","35.598","840.699"
"183","68.0","35.589","838.993"
"183","69.0","35.579","837.241"
"183","70.0","35.57","835.487"
"183","71.0","35.561","833.755"
"183","72.0","35.552","832.072"
"183","73.0","35.542","830.414"
"183","74.0","35.533","828.784"
"183","75.0","35.524","827.206"
"183","76.0","35.516","825.651"
"183","77.0","35.507","824.118"
"183","78.0","35.498","822.603"
"183","79.0","35.489","821.109"
"183","80.0","35.48","819.626"
"183","81.0","35.472","818.161"
"183","82.0","35.463","816.695"
"183","83.0","35.455","815.247"
"183","84.0","35.446","813.817"
"183","85.0","35.438","812.403"
"183","86.0","35.429","811.004"
"183","87.0","35.421","809.621"
"183","88.0","35.413","808.247"
"183","89.0","35.404","806.853"
"183","90.0","35.396","805.493"
"183","91.0","35.388","803.894"
"183","92.0","35.381","801.833"
"183","93.0","35.375","799.722"
"183","94.0","35.369","797.667"
"183","95.0","35.363","795.69"
"184","0.0","36.536","0.0"
"184","1.0","36.626","1177.632"
"184","2.0","36.637","1227.816"
"184","3.0","36.607","1221.998"
"184","4.0","36.572","1198.585"
"184","5.0","36.531","1171.907"
"184","6.0","36.494","1153.317"
"184","7.0","36.46","1135.842"
"184","8.0","36.428","1119.203"
"184","9.0","36.399","1104.905"
"184","10.0","36.372","1091.316"
"184","11.0","36.345","1078.54"
"184","12.0","36.32","1066.656"
"184","13.0","36.296","1055.523"
"184","14.0","36.273","1045.085"
"184","15.0","36.251","1035.28"
"184","16.0","36.229","1026.064"
"184","17.0","36.208","1016.745"
"184","18.0","36.187","1007.67"
"184","19.0","36.167","999.412"
"184","20.0","36.146","991.904"
"184","21.0","36.127","984.849"
"184","22.0","36.107","978.186"
"184","23.0","36.089","971.869"
"184","24.0","36.071","965.873"
"184","25.0","36.053","960.171"
"184","26.0","36.036","954.756"
"184","27.0","36.019","949.601"
"184","28.0","36.002","944.667"
"184","29.0","35.985","939.964"
"184","30.0","35.969","935.455"
"184","31.0","35.953","931.104"
"184","32.0","35.938","926.927"
"184","33.0","35.922","922.903"
"184","34.0","35.907","919.008"
"184","35.0","35.892","915.252"
"184","36.0","35.877","911.617"
"184","37.0","35.863","908.086"
"184","38.0","35.848","904.675"
"184","39.0","35.834","901.356"
"184","40.0","35.819","898.108"
"184","41.0","35.805","894.944"
"184","42.0","35.791","891.848"
"184","43.0","35.778","888.753"
"184","44.0","35.764","885.753"
"184","45.0","35.751","882.906"
"184","46.0","35.738","880.221"
"184","47.0","35.725","877.644"
"184","48.0","35.713","875.173"
"184","49.0","35.7","872.801"
"184","50.0","35.688","870.521"
"184","51.0","35.676","868.329"
"184","52.0","35.664","866.214"
"184","53.0","35.652","864.179"
"184","54.0","35.641","862.216"
"184","55.0","35.629","860.319"
"184","56.0","35.618","858.506"
"184","57.0","35.606","856.743"
"184","58.0","35.595","855.026"
"184","59.0","35.584","853.356"
"184","60.0","35.573","851.728"
"184","61.0","35.562","850.129"
"184","62.0","35.551","848.578"
"184","63.0","35.54","847.085"
"184","64.0","35.53","845.667"
"184","65.0","35.519","844.279"
"184","66.0","35.509","842.902"
"184","67.0","35.498","841.393"
"184","68.0","35.489","839.669"
"184","69.0","35.479","837.915"
"184","70.0","35.469","836.152"
"184","71.0","35.46","834.417"
"184","72.0","35.45","832.731"
"184","73.0","35.441","831.067"
"184","74.0","35.432","829.437"
"184","75.0","35.422","827.848"
"184","76.0","35.413","826.287"
"184","77.0","35.404","824.75"
"184","78.0","35.395","823.231"
"184","79.0","35.386","821.732"
"184","80.0","35.377","820.249"
"184","81.0","35.368","818.777"
"184","82.0","35.359","817.307"
"184","83.0","35.35","815.855"
"184","84.0","35.341","814.421"
"184","85.0","35.333","813.005"
"184","86.0","35.324","811.605"
"184","87.0","35.315","810.215"
"184","88.0","35.306","808.837"
"184","89.0","35.298","807.443"
"184","90.0","35.289","806.058"
"184","91.0","35.281","804.396"
"184","92.0","35.274","802.289"
"184","93.0","35.268","800.154"
"184","94.0","35.262","798.085"
"184","95.0","35.256","796.091"
"185","0.0","36.339","0.0"
"185","1.0","36.574","1164.911"
"185","2.0","36.557","1213.977"
"185","3.0","36.531","1224.879"
"185","4.0","36.498","1203.463"
"185","5.0","36.459","1176.378"
"185","6.0","36.423","1157.195"
"185","7.0","36.39","1139.491"
"185","8.0","36.358","1122.586"
"185","9.0","36.329","1108.055"
"185","10.0","36.302","1094.31"
"185","11.0","36.276","1081.39"
"185","12.0","36.251","1069.388"
"185","13.0","36.227","1058.144"
"185","14.0","36.204","1047.597"
"185","15.0","36.182","1037.705"
"185","16.0","36.161","1028.401"
"185","17.0","36.14","1019.104"
"185","18.0","36.119","1009.959"
"185","19.0","36.098","1001.692"
"185","20.0","36.078","994.124"
"185","21.0","36.058","987.0"
"185","22.0","36.039","980.281"
"185","23.0","36.02","973.909"
"185","24.0","36.002","967.864"
"185","25.0","35.984","962.119"
"185","26.0","35.966","956.664"
"185","27.0","35.949","951.468"
"185","28.0","35.932","946.501"
"185","29.0","35.916","941.768"
"185","30.0","35.899","937.229"
"185","31.0","35.883","932.852"
"185","32.0","35.867","928.65"
"185","33.0","35.852","924.6"
"185","34.0","35.836","920.683"
"185","35.0","35.821","916.907"
"185","36.0","35.806","913.251"
"185","37.0","35.791","909.703"
"185","38.0","35.776","906.276"
"185","39.0","35.761","902.939"
"185","40.0","35.747","899.677"
"185","41.0","35.732","896.499"
"185","42.0","35.718","893.389"
"185","43.0","35.704","890.257"
"185","44.0","35.69","887.226"
"185","45.0","35.676","884.351"
"185","46.0","35.663","881.641"
"185","47.0","35.65","879.043"
"185","48.0","35.637","876.553"
"185","49.0","35.624","874.162"
"185","50.0","35.612","871.865"
"185","51.0","35.599","869.657"
"185","52.0","35.587","867.528"
"185","53.0","35.575","865.476"
"185","54.0","35.563","863.5"
"185","55.0","35.551","861.59"
"185","56.0","35.539","859.763"
"185","57.0","35.527","857.987"
"185","58.0","35.516","856.26"
"185","59.0","35.504","854.579"
"185","60.0","35.493","852.942"
"185","61.0","35.481","851.333"
"185","62.0","35.47","849.778"
"185","63.0","35.459","848.279"
"185","64.0","35.447","846.848"
"185","65.0","35.436","845.452"
"185","66.0","35.425","844.064"
"185","67.0","35.414","842.489"
"185","68.0","35.404","840.737"
"185","69.0","35.394","838.969"
"185","70.0","35.384","837.203"
"185","71.0","35.374","835.465"
"185","72.0","35.365","833.773"
"185","73.0","35.355","832.103"
"185","74.0","35.345","830.463"
"185","75.0","35.335","828.867"
"185","76.0","35.326","827.3"
"185","77.0","35.316","825.755"
"185","78.0","35.307","824.231"
"185","79.0","35.297","822.728"
"185","80.0","35.288","821.235"
"185","81.0","35.279","819.762"
"185","82.0","35.269","818.286"
"185","83.0","35.26","816.83"
"185","84.0","35.251","815.392"
"185","85.0","35.242","813.971"
"185","86.0","35.232","812.563"
"185","87.0","35.223","811.171"
"185","88.0","35.214","809.79"
"185","89.0","35.205","808.396"
"185","90.0","35.196","806.99"
"185","91.0","35.188","805.189"
"185","92.0","35.181","803.005"
"185","93.0","35.174","800.831"
"185","94.0","35.168","798.734"
"185","95.0","35.162","796.722"
"186","0.0","36.157","0.0"
"186","1.0","36.45","1215.052"
"186","2.0","36.422","1191.709"
"186","3.0","36.388","1229.048"
"186","4.0","36.358","1210.123"
"186","5.0","36.322","1183.585"
"186","6.0","36.288","1163.527"
"186","7.0","36.257","1145.407"
"186","8.0","36.227","1128.162"
"186","9.0","36.199","1113.201"
"186","10.0","36.173","1099.19"
"186","11.0","36.149","1086.04"
"186","12.0","36.125","1073.845"
"186","13.0","36.102","1062.421"
"186","14.0","36.08","1051.704"
"186","15.0","36.059","1041.672"
"186","16.0","36.038","1032.221"
"186","17.0","36.018","1022.94"
"186","18.0","35.998","1013.683"
"186","19.0","35.978","1005.442"
"186","20.0","35.958","997.787"
"186","21.0","35.939","990.552"
"186","22.0","35.92","983.736"
"186","23.0","35.901","977.286"
"186","24.0","35.883","971.159"
"186","25.0","35.866","965.34"
"186","26.0","35.848","959.83"
"186","27.0","35.831","954.567"
"186","28.0","35.814","949.542"
"186","29.0","35.798","944.768"
"186","30.0","35.781","940.176"
"186","31.0","35.765","935.75"
"186","32.0","35.749","931.517"
"186","33.0","35.733","927.421"
"186","34.0","35.718","923.464"
"186","35.0","35.702","919.664"
"186","36.0","35.687","915.97"
"186","37.0","35.672","912.387"
"186","38.0","35.657","908.943"
"186","39.0","35.642","905.572"
"186","40.0","35.627","902.281"
"186","41.0","35.613","899.088"
"186","42.0","35.598","895.946"
"186","43.0","35.584","892.742"
"186","44.0","35.57","889.663"
"186","45.0","35.556","886.744"
"186","46.0","35.543","883.996"
"186","47.0","35.529","881.363"
"186","48.0","35.516","878.842"
"186","49.0","35.503","876.423"
"186","50.0","35.49","874.101"
"186","51.0","35.477","871.868"
"186","52.0","35.465","869.715"
"186","53.0","35.452","867.639"
"186","54.0","35.44","865.64"
"186","55.0","35.427","863.709"
"186","56.0","35.415","861.859"
"186","57.0","35.403","860.065"
"186","58.0","35.391","858.32"
"186","59.0","35.379","856.623"
"186","60.0","35.367","854.97"
"186","61.0","35.355","853.351"
"186","62.0","35.343","851.789"
"186","63.0","35.331","850.28"
"186","64.0","35.32","848.83"
"186","65.0","35.308","847.42"
"186","66.0","35.296","846.036"
"186","67.0","35.285","844.304"
"186","68.0","35.275","842.503"
"186","69.0","35.265","840.723"
"186","70.0","35.254","838.937"
"186","71.0","35.244","837.193"
"186","72.0","35.234","835.491"
"186","73.0","35.224","833.811"
"186","74.0","35.214","832.164"
"186","75.0","35.204","830.543"
"186","76.0","35.194","828.968"
"186","77.0","35.184","827.413"
"186","78.0","35.174","825.88"
"186","79.0","35.164","824.367"
"186","80.0","35.155","822.872"
"186","81.0","35.145","821.381"
"186","82.0","35.135","819.897"
"186","83.0","35.126","818.431"
"186","84.0","35.116","816.985"
"186","85.0","35.107","815.557"
"186","86.0","35.097","814.145"
"186","87.0","35.088","812.737"
"186","88.0","35.078","811.352"
"186","89.0","35.069","809.957"
"186","90.0","35.059","808.557"
"186","91.0","35.051","806.426"
"186","92.0","35.044","804.1"
"186","93.0","35.038","801.865"
"186","94.0","35.032","799.733"
"186","95.0","35.026","797.684"
"187","0.0","36.135","0.0"
"187","1.0","36.44","1228.18"
"187","2.0","36.419","1190.781"
"187","3.0","36.386","1231.227"
"187","4.0","36.357","1212.187"
"187","5.0","36.32","1186.097"
"187","6.0","36.286","1165.743"
"187","7.0","36.254","1147.466"
"187","8.0","36.224","1130.122"
"187","9.0","36.196","1115.009"
"187","10.0","36.17","1100.906"
"187","11.0","36.145","1087.676"
"187","12.0","36.121","1075.415"
"187","13.0","36.098","1063.932"
"187","14.0","36.076","1053.155"
"187","15.0","36.055","1043.072"
"187","16.0","36.034","1033.575"
"187","17.0","36.014","1024.293"
"187","18.0","35.994","1014.999"
"187","19.0","35.974","1006.778"
"187","20.0","35.954","999.093"
"187","21.0","35.934","991.82"
"187","22.0","35.915","984.973"
"187","23.0","35.897","978.498"
"187","24.0","35.878","972.344"
"187","25.0","35.861","966.502"
"187","26.0","35.843","960.973"
"187","27.0","35.826","955.689"
"187","28.0","35.809","950.645"
"187","29.0","35.792","945.857"
"187","30.0","35.776","941.247"
"187","31.0","35.76","936.808"
"187","32.0","35.743","932.564"
"187","33.0","35.728","928.453"
"187","34.0","35.712","924.484"
"187","35.0","35.696","920.675"
"187","36.0","35.681","916.969"
"187","37.0","35.666","913.377"
"187","38.0","35.651","909.925"
"187","39.0","35.636","906.543"
"187","40.0","35.621","903.244"
"187","41.0","35.606","900.046"
"187","42.0","35.591","896.903"
"187","43.0","35.577","893.67"
"187","44.0","35.563","890.575"
"187","45.0","35.549","887.642"
"187","46.0","35.535","884.88"
"187","47.0","35.522","882.236"
"187","48.0","35.509","879.705"
"187","49.0","35.495","877.277"
"187","50.0","35.482","874.946"
"187","51.0","35.469","872.704"
"187","52.0","35.457","870.543"
"187","53.0","35.444","868.46"
"187","54.0","35.431","866.455"
"187","55.0","35.419","864.515"
"187","56.0","35.407","862.657"
"187","57.0","35.394","860.856"
"187","58.0","35.382","859.105"
"187","59.0","35.37","857.402"
"187","60.0","35.358","855.744"
"187","61.0","35.346","854.122"
"187","62.0","35.334","852.558"
"187","63.0","35.322","851.046"
"187","64.0","35.31","849.589"
"187","65.0","35.299","848.175"
"187","66.0","35.287","846.792"
"187","67.0","35.276","844.991"
"187","68.0","35.265","843.173"
"187","69.0","35.255","841.381"
"187","70.0","35.244","839.595"
"187","71.0","35.234","837.848"
"187","72.0","35.224","836.143"
"187","73.0","35.214","834.459"
"187","74.0","35.203","832.806"
"187","75.0","35.193","831.181"
"187","76.0","35.183","829.604"
"187","77.0","35.173","828.046"
"187","78.0","35.163","826.51"
"187","79.0","35.154","824.994"
"187","80.0","35.144","823.492"
"187","81.0","35.134","822.001"
"187","82.0","35.124","820.515"
"187","83.0","35.114","819.047"
"187","84.0","35.105","817.598"
"187","85.0","35.095","816.167"
"187","86.0","35.085","814.751"
"187","87.0","35.076","813.341"
"187","88.0","35.066","811.955"
"187","89.0","35.057","810.56"
"187","90.0","35.047","809.187"
"187","91.0","35.039","806.894"
"187","92.0","35.032","804.515"
"187","93.0","35.026","802.257"
"187","94.0","35.02","800.109"
"187","95.0","35.014","798.049"
"188","0.0","36.105","0.0"
"188","1.0","36.381","1195.606"
"188","2.0","36.362","1198.24"
"188","3.0","36.328","1237.496"
"188","4.0","36.3","1216.827"
"188","5.0","36.265","1191.529"
"188","6.0","36.231","1170.514"
"188","7.0","36.2","1151.896"
"188","8.0","36.171","1134.353"
"188","9.0","36.144","1118.904"
"188","10.0","36.119","1104.597"
"188","11.0","36.094","1091.197"
"188","12.0","36.071","1078.794"
"188","13.0","36.049","1067.186"
"188","14.0","36.027","1056.283"
"188","15.0","36.006","1046.104"
"188","16.0","35.986","1036.501"
"188","17.0","35.966","1027.223"
"188","18.0","35.946","1017.873"
"188","19.0","35.926","1009.69"
"188","20.0","35.907","1001.947"
"188","21.0","35.888","994.596"
"188","22.0","35.869","987.681"
"188","23.0","35.85","981.156"
"188","24.0","35.832","974.943"
"188","25.0","35.815","969.05"
"188","26.0","35.797","963.483"
"188","27.0","35.78","958.152"
"188","28.0","35.763","953.069"
"188","29.0","35.747","948.25"
"188","30.0","35.73","943.604"
"188","31.0","35.714","939.133"
"188","32.0","35.698","934.868"
"188","33.0","35.682","930.724"
"188","34.0","35.667","926.728"
"188","35.0","35.651","922.904"
"188","36.0","35.636","919.171"
"188","37.0","35.62","915.557"
"188","38.0","35.605","912.091"
"188","39.0","35.59","908.685"
"188","40.0","35.575","905.366"
"188","41.0","35.561","902.159"
"188","42.0","35.546","898.988"
"188","43.0","35.532","895.693"
"188","44.0","35.517","892.565"
"188","45.0","35.504","889.603"
"188","46.0","35.49","886.812"
"188","47.0","35.476","884.144"
"188","48.0","35.463","881.591"
"188","49.0","35.45","879.143"
"188","50.0","35.437","876.794"
"188","51.0","35.424","874.535"
"188","52.0","35.411","872.357"
"188","53.0","35.398","870.257"
"188","54.0","35.385","868.234"
"188","55.0","35.373","866.28"
"188","56.0","35.36","864.406"
"188","57.0","35.348","862.592"
"188","58.0","35.336","860.829"
"188","59.0","35.323","859.114"
"188","60.0","35.311","857.445"
"188","61.0","35.299","855.817"
"188","62.0","35.287","854.251"
"188","63.0","35.275","852.733"
"188","64.0","35.263","851.263"
"188","65.0","35.251","849.839"
"188","66.0","35.239","848.47"
"188","67.0","35.228","846.51"
"188","68.0","35.217","844.654"
"188","69.0","35.207","842.854"
"188","70.0","35.196","841.05"
"188","71.0","35.186","839.299"
"188","72.0","35.176","837.588"
"188","73.0","35.166","835.898"
"188","74.0","35.155","834.241"
"188","75.0","35.145","832.597"
"188","76.0","35.135","831.015"
"188","77.0","35.125","829.452"
"188","78.0","35.115","827.91"
"188","79.0","35.105","826.389"
"188","80.0","35.095","824.886"
"188","81.0","35.085","823.379"
"188","82.0","35.075","821.888"
"188","83.0","35.065","820.415"
"188","84.0","35.056","818.961"
"188","85.0","35.046","817.525"
"188","86.0","35.036","816.107"
"188","87.0","35.026","814.684"
"188","88.0","35.017","813.296"
"188","89.0","35.007","811.901"
"188","90.0","34.997","810.573"
"188","91.0","34.989","807.906"
"188","92.0","34.982","805.408"
"188","93.0","34.976","803.102"
"188","94.0","34.97","800.924"
"188","95.0","34.965","798.837"
"189","0.0","35.983","0.0"
"189","1.0","36.247","1188.579"
"189","2.0","36.219","1208.573"
"189","3.0","36.18","1242.979"
"189","4.0","36.155","1221.24"
"189","5.0","36.124","1196.179"
"189","6.0","36.093","1174.713"
"189","7.0","36.064","1155.807"
"189","8.0","36.038","1138.095"
"189","9.0","36.012","1122.367"
"189","10.0","35.989","1107.878"
"189","11.0","35.966","1094.345"
"189","12.0","35.944","1081.819"
"189","13.0","35.923","1070.097"
"189","14.0","35.902","1059.096"
"189","15.0","35.882","1048.821"
"189","16.0","35.863","1039.14"
"189","17.0","35.844","1029.85"
"189","18.0","35.826","1020.47"
"189","19.0","35.806","1012.32"
"189","20.0","35.787","1004.526"
"189","21.0","35.769","997.109"
"189","22.0","35.75","990.139"
"189","23.0","35.732","983.568"
"189","24.0","35.715","977.306"
"189","25.0","35.697","971.373"
"189","26.0","35.68","965.771"
"189","27.0","35.663","960.399"
"189","28.0","35.646","955.284"
"189","29.0","35.63","950.438"
"189","30.0","35.614","945.76"
"189","31.0","35.597","941.264"
"189","32.0","35.581","936.979"
"189","33.0","35.566","932.807"
"189","34.0","35.55","928.791"
"189","35.0","35.534","924.95"
"189","36.0","35.519","921.195"
"189","37.0","35.504","917.563"
"189","38.0","35.488","914.084"
"189","39.0","35.473","910.657"
"189","40.0","35.458","907.323"
"189","41.0","35.443","904.105"
"189","42.0","35.428","900.923"
"189","43.0","35.414","897.574"
"189","44.0","35.4","894.417"
"189","45.0","35.386","891.43"
"189","46.0","35.372","888.615"
"189","47.0","35.358","885.926"
"189","48.0","35.344","883.354"
"189","49.0","35.331","880.89"
"189","50.0","35.317","878.525"
"189","51.0","35.304","876.25"
"189","52.0","35.291","874.058"
"189","53.0","35.278","871.943"
"189","54.0","35.265","869.908"
"189","55.0","35.252","867.939"
"189","56.0","35.239","866.051"
"189","57.0","35.226","864.224"
"189","58.0","35.213","862.451"
"189","59.0","35.201","860.727"
"189","60.0","35.188","859.048"
"189","61.0","35.176","857.414"
"189","62.0","35.163","855.847"
"189","63.0","35.151","854.323"
"189","64.0","35.138","852.842"
"189","65.0","35.126","851.409"
"189","66.0","35.113","850.027"
"189","67.0","35.102","847.919"
"189","68.0","35.091","846.027"
"189","69.0","35.08","844.21"
"189","70.0","35.069","842.399"
"189","71.0","35.059","840.644"
"189","72.0","35.048","838.929"
"189","73.0","35.037","837.232"
"189","74.0","35.027","835.567"
"189","75.0","35.016","833.911"
"189","76.0","35.006","832.326"
"189","77.0","34.996","830.759"
"189","78.0","34.985","829.211"
"189","79.0","34.975","827.684"
"189","80.0","34.965","826.174"
"189","81.0","34.954","824.657"
"189","82.0","34.944","823.164"
"189","83.0","34.934","821.685"
"189","84.0","34.924","820.226"
"189","85.0","34.914","818.786"
"189","86.0","34.904","817.362"
"189","87.0","34.893","815.932"
"189","88.0","34.883","814.543"
"189","89.0","34.873","813.148"
"189","90.0","34.863","811.827"
"189","91.0","34.856","808.802"
"189","92.0","34.849","806.196"
"189","93.0","34.843","803.847"
"189","94.0","34.837","801.646"
"189","95.0","34.832","799.533"
"190","0.0","35.952","0.0"
"190","1.0","36.239","1207.905"
"190","2.0","36.205","1214.58"
"190","3.0","36.168","1244.97"
"190","4.0","36.142","1223.479"
"190","5.0","36.111","1198.443"
"190","6.0","36.08","1176.832"
"190","7.0","36.052","1157.772"
"190","8.0","36.025","1139.985"
"190","9.0","36.0","1124.136"
"190","10.0","35.976","1109.557"
"190","11.0","35.954","1095.955"
"190","12.0","35.932","1083.369"
"190","13.0","35.911","1071.599"
"190","14.0","35.89","1060.545"
"190","15.0","35.87","1050.236"
"190","16.0","35.851","1040.506"
"190","17.0","35.832","1031.22"
"190","18.0","35.813","1021.848"
"190","19.0","35.794","1013.716"
"190","20.0","35.775","1005.898"
"190","21.0","35.756","998.45"
"190","22.0","35.738","991.454"
"190","23.0","35.72","984.863"
"190","24.0","35.702","978.577"
"190","25.0","35.685","972.625"
"190","26.0","35.668","967.005"
"190","27.0","35.651","961.615"
"190","28.0","35.634","956.486"
"190","29.0","35.617","951.627"
"190","30.0","35.601","946.934"
"190","31.0","35.585","942.427"
"190","32.0","35.569","938.132"
"190","33.0","35.553","933.946"
"190","34.0","35.537","929.921"
"190","35.0","35.521","926.073"
"190","36.0","35.506","922.307"
"190","37.0","35.49","918.668"
"190","38.0","35.475","915.182"
"190","39.0","35.46","911.745"
"190","40.0","35.445","908.405"
"190","41.0","35.43","905.181"
"190","42.0","35.415","901.972"
"190","43.0","35.4","898.599"
"190","44.0","35.386","895.428"
"190","45.0","35.372","892.43"
"190","46.0","35.358","889.602"
"190","47.0","35.344","886.904"
"190","48.0","35.33","884.324"
"190","49.0","35.316","881.851"
"190","50.0","35.303","879.478"
"190","51.0","35.289","877.196"
"190","52.0","35.276","874.998"
"190","53.0","35.263","872.877"
"190","54.0","35.25","870.834"
"190","55.0","35.237","868.86"
"190","56.0","35.224","866.965"
"190","57.0","35.211","865.133"
"190","58.0","35.198","863.355"
"190","59.0","35.185","861.626"
"190","60.0","35.172","859.943"
"190","61.0","35.16","858.307"
"190","62.0","35.147","856.742"
"190","63.0","35.134","855.216"
"190","64.0","35.122","853.73"
"190","65.0","35.109","852.293"
"190","66.0","35.097","850.897"
"190","67.0","35.085","848.715"
"190","68.0","35.074","846.802"
"190","69.0","35.063","844.981"
"190","70.0","35.052","843.162"
"190","71.0","35.042","841.407"
"190","72.0","35.031","839.689"
"190","73.0","35.02","837.989"
"190","74.0","35.01","836.324"
"190","75.0","34.999","834.659"
"190","76.0","34.988","833.073"
"190","77.0","34.978","831.503"
"190","78.0","34.967","829.954"
"190","79.0","34.957","828.424"
"190","80.0","34.947","826.914"
"190","81.0","34.936","825.388"
"190","82.0","34.926","823.893"
"190","83.0","34.916","822.412"
"190","84.0","34.905","820.95"
"190","85.0","34.895","819.508"
"190","86.0","34.885","818.084"
"190","87.0","34.875","816.647"
"190","88.0","34.865","815.258"
"190","89.0","34.855","813.863"
"190","90.0","34.844","812.519"
"190","91.0","34.837","809.294"
"190","92.0","34.83","806.631"
"190","93.0","34.824","804.258"
"190","94.0","34.819","802.042"
"190","95.0","34.813","799.919"
"191","0.0","35.879","0.0"
"191","1.0","36.165","1231.706"
"191","2.0","36.121","1226.688"
"191","3.0","36.085","1248.605"
"191","4.0","36.06","1229.53"
"191","5.0","36.031","1205.069"
"191","6.0","36.002","1183.066"
"191","7.0","35.975","1163.567"
"191","8.0","35.95","1145.574"
"191","9.0","35.926","1129.348"
"191","10.0","35.903","1114.506"
"191","11.0","35.881","1100.724"
"191","12.0","35.86","1087.965"
"191","13.0","35.839","1076.032"
"191","14.0","35.82","1064.844"
"191","15.0","35.8","1054.4"
"191","16.0","35.782","1044.565"
"191","17.0","35.763","1035.247"
"191","18.0","35.745","1025.924"
"191","19.0","35.726","1017.829"
"191","20.0","35.707","1009.942"
"191","21.0","35.689","1002.41"
"191","22.0","35.671","995.339"
"191","23.0","35.653","988.686"
"191","24.0","35.635","982.335"
"191","25.0","35.618","976.332"
"191","26.0","35.601","970.66"
"191","27.0","35.584","965.217"
"191","28.0","35.567","960.051"
"191","29.0","35.551","955.152"
"191","30.0","35.534","950.418"
"191","31.0","35.518","945.882"
"191","32.0","35.502","941.556"
"191","33.0","35.486","937.334"
"191","34.0","35.47","933.284"
"191","35.0","35.454","929.411"
"191","36.0","35.439","925.616"
"191","37.0","35.423","921.958"
"191","38.0","35.407","918.449"
"191","39.0","35.392","914.988"
"191","40.0","35.377","911.631"
"191","41.0","35.362","908.389"
"191","42.0","35.347","905.131"
"191","43.0","35.332","901.694"
"191","44.0","35.317","898.485"
"191","45.0","35.303","895.455"
"191","46.0","35.289","892.594"
"191","47.0","35.275","889.869"
"191","48.0","35.261","887.263"
"191","49.0","35.247","884.769"
"191","50.0","35.233","882.374"
"191","51.0","35.219","880.073"
"191","52.0","35.206","877.856"
"191","53.0","35.192","875.717"
"191","54.0","35.179","873.657"
"191","55.0","35.165","871.666"
"191","56.0","35.152","869.752"
"191","57.0","35.139","867.905"
"191","58.0","35.126","866.114"
"191","59.0","35.113","864.372"
"191","60.0","35.1","862.677"
"191","61.0","35.087","861.038"
"191","62.0","35.074","859.476"
"191","63.0","35.06","857.942"
"191","64.0","35.047","856.443"
"191","65.0","35.035","854.993"
"191","66.0","35.022","853.48"
"191","67.0","35.01","851.108"
"191","68.0","34.999","849.135"
"191","69.0","34.988","847.289"
"191","70.0","34.977","845.462"
"191","71.0","34.966","843.704"
"191","72.0","34.955","841.977"
"191","73.0","34.944","840.27"
"191","74.0","34.933","838.59"
"191","75.0","34.922","836.914"
"191","76.0","34.911","835.323"
"191","77.0","34.9","833.747"
"191","78.0","34.89","832.191"
"191","79.0","34.879","830.654"
"191","80.0","34.868","829.133"
"191","81.0","34.857","827.588"
"191","82.0","34.847","826.089"
"191","83.0","34.836","824.602"
"191","84.0","34.826","823.133"
"191","85.0","34.815","821.686"
"191","86.0","34.805","820.251"
"191","87.0","34.794","818.807"
"191","88.0","34.784","817.417"
"191","89.0","34.773","816.021"
"191","90.0","34.763","814.467"
"191","91.0","34.755","810.734"
"191","92.0","34.749","807.889"
"191","93.0","34.743","805.449"
"191","94.0","34.738","803.197"
"191","95.0","34.733","801.04"
"192","0.0","35.789","0.0"
"192","1.0","36.043","1201.554"
"192","2.0","35.997","1233.099"
"192","3.0","35.963","1252.641"
"192","4.0","35.94","1234.228"
"192","5.0","35.914","1210.412"
"192","6.0","35.887","1188.026"
"192","7.0","35.863","1168.178"
"192","8.0","35.84","1150.015"
"192","9.0","35.817","1133.515"
"192","10.0","35.796","1118.481"
"192","11.0","35.776","1104.561"
"192","12.0","35.756","1091.673"
"192","13.0","35.737","1079.625"
"192","14.0","35.719","1068.336"
"192","15.0","35.7","1057.797"
"192","16.0","35.683","1047.88"
"192","17.0","35.665","1038.529"
"192","18.0","35.648","1029.337"
"192","19.0","35.629","1021.262"
"192","20.0","35.611","1013.322"
"192","21.0","35.593","1005.726"
"192","22.0","35.575","998.601"
"192","23.0","35.557","991.895"
"192","24.0","35.54","985.499"
"192","25.0","35.523","979.459"
"192","26.0","35.506","973.745"
"192","27.0","35.489","968.263"
"192","28.0","35.473","963.072"
"192","29.0","35.456","958.139"
"192","30.0","35.44","953.373"
"192","31.0","35.423","948.818"
"192","32.0","35.407","944.465"
"192","33.0","35.391","940.215"
"192","34.0","35.375","936.148"
"192","35.0","35.359","932.252"
"192","36.0","35.344","928.436"
"192","37.0","35.328","924.765"
"192","38.0","35.312","921.235"
"192","39.0","35.297","917.756"
"192","40.0","35.281","914.387"
"192","41.0","35.266","911.126"
"192","42.0","35.251","907.791"
"192","43.0","35.236","904.307"
"192","44.0","35.221","901.07"
"192","45.0","35.207","898.016"
"192","46.0","35.192","895.129"
"192","47.0","35.178","892.382"
"192","48.0","35.163","889.759"
"192","49.0","35.149","887.246"
"192","50.0","35.135","884.834"
"192","51.0","35.121","882.518"
"192","52.0","35.107","880.286"
"192","53.0","35.093","878.133"
"192","54.0","35.08","876.059"
"192","55.0","35.066","874.054"
"192","56.0","35.052","872.125"
"192","57.0","35.038","870.265"
"192","58.0","35.025","868.464"
"192","59.0","35.011","866.712"
"192","60.0","34.998","865.008"
"192","61.0","34.984","863.367"
"192","62.0","34.971","861.802"
"192","63.0","34.957","860.262"
"192","64.0","34.944","858.753"
"192","65.0","34.93","857.293"
"192","66.0","34.917","855.626"
"192","67.0","34.905","853.123"
"192","68.0","34.894","851.104"
"192","69.0","34.882","849.239"
"192","70.0","34.871","847.405"
"192","71.0","34.86","845.645"
"192","72.0","34.849","843.911"
"192","73.0","34.837","842.198"
"192","74.0","34.826","840.51"
"192","75.0","34.815","838.823"
"192","76.0","34.804","837.228"
"192","77.0","34.793","835.647"
"192","78.0","34.782","834.085"
"192","79.0","34.771","832.543"
"192","80.0","34.76","831.014"
"192","81.0","34.749","829.456"
"192","82.0","34.738","827.952"
"192","83.0","34.727","826.46"
"192","84.0","34.716","824.986"
"192","85.0","34.705","823.535"
"192","86.0","34.694","822.093"
"192","87.0","34.683","820.642"
"192","88.0","34.672","819.249"
"192","89.0","34.661","817.852"
"192","90.0","34.651","815.956"
"192","91.0","34.644","811.863"
"192","92.0","34.638","808.892"
"192","93.0","34.632","806.402"
"192","94.0","34.627","804.113"
"192","95.0","34.622","801.943"
"193","0.0","35.774","0.0"
"193","1.0","36.036","1183.369"
"193","2.0","35.983","1244.355"
"193","3.0","35.953","1256.889"
"193","4.0","35.93","1237.548"
"193","5.0","35.905","1213.956"
"193","6.0","35.878","1191.237"
"193","7.0","35.854","1171.171"
"193","8.0","35.831","1152.888"
"193","9.0","35.809","1136.217"
"193","10.0","35.788","1121.066"
"193","11.0","35.768","1107.065"
"193","12.0","35.748","1094.095"
"193","13.0","35.729","1081.967"
"193","14.0","35.71","1070.617"
"193","15.0","35.692","1060.018"
"193","16.0","35.674","1050.048"
"193","17.0","35.657","1040.667"
"193","18.0","35.639","1031.582"
"193","19.0","35.621","1023.519"
"193","20.0","35.603","1015.545"
"193","21.0","35.584","1007.911"
"193","22.0","35.567","1000.755"
"193","23.0","35.549","994.018"
"193","24.0","35.532","987.594"
"193","25.0","35.515","981.534"
"193","26.0","35.498","975.793"
"193","27.0","35.481","970.288"
"193","28.0","35.464","965.083"
"193","29.0","35.448","960.129"
"193","30.0","35.431","955.345"
"193","31.0","35.415","950.779"
"193","32.0","35.399","946.408"
"193","33.0","35.383","942.141"
"193","34.0","35.367","938.066"
"193","35.0","35.351","934.155"
"193","36.0","35.335","930.326"
"193","37.0","35.319","926.648"
"193","38.0","35.303","923.105"
"193","39.0","35.288","919.615"
"193","40.0","35.272","916.24"
"193","41.0","35.257","912.967"
"193","42.0","35.242","909.586"
"193","43.0","35.227","906.077"
"193","44.0","35.212","902.824"
"193","45.0","35.197","899.753"
"193","46.0","35.183","896.852"
"193","47.0","35.168","894.092"
"193","48.0","35.154","891.457"
"193","49.0","35.14","888.934"
"193","50.0","35.126","886.512"
"193","51.0","35.112","884.186"
"193","52.0","35.098","881.946"
"193","53.0","35.084","879.784"
"193","54.0","35.07","877.701"
"193","55.0","35.056","875.689"
"193","56.0","35.042","873.752"
"193","57.0","35.028","871.884"
"193","58.0","35.015","870.076"
"193","59.0","35.001","868.319"
"193","60.0","34.987","866.608"
"193","61.0","34.974","864.968"
"193","62.0","34.96","863.397"
"193","63.0","34.947","861.852"
"193","64.0","34.933","860.336"
"193","65.0","34.92","858.868"
"193","66.0","34.906","857.06"
"193","67.0","34.895","854.482"
"193","68.0","34.883","852.434"
"193","69.0","34.872","850.553"
"193","70.0","34.86","848.719"
"193","71.0","34.849","846.956"
"193","72.0","34.838","845.217"
"193","73.0","34.826","843.5"
"193","74.0","34.815","841.8"
"193","75.0","34.804","840.112"
"193","76.0","34.793","838.512"
"193","77.0","34.782","836.928"
"193","78.0","34.77","835.361"
"193","79.0","34.759","833.815"
"193","80.0","34.748","832.276"
"193","81.0","34.737","830.717"
"193","82.0","34.726","829.211"
"193","83.0","34.715","827.715"
"193","84.0","34.704","826.239"
"193","85.0","34.693","824.785"
"193","86.0","34.682","823.333"
"193","87.0","34.671","821.883"
"193","88.0","34.66","820.49"
"193","89.0","34.649","819.092"
"193","90.0","34.639","816.878"
"193","91.0","34.632","812.586"
"193","92.0","34.626","809.528"
"193","93.0","34.621","807.009"
"193","94.0","34.615","804.706"
"193","95.0","34.61","802.519"
"194","0.0","35.753","0.0"
"194","1.0","35.997","1212.131"
"194","2.0","35.925","1291.774"
"194","3.0","35.896","1266.175"
"194","4.0","35.876","1245.406"
"194","5.0","35.852","1221.988"
"194","6.0","35.827","1198.442"
"194","7.0","35.804","1177.898"
"194","8.0","35.782","1159.368"
"194","9.0","35.761","1142.34"
"194","10.0","35.741","1126.95"
"194","11.0","35.721","1112.784"
"194","12.0","35.702","1099.649"
"194","13.0","35.684","1087.362"
"194","14.0","35.666","1075.894"
"194","15.0","35.648","1065.157"
"194","16.0","35.631","1055.099"
"194","17.0","35.614","1045.642"
"194","18.0","35.597","1036.878"
"194","19.0","35.579","1028.854"
"194","20.0","35.561","1020.802"
"194","21.0","35.543","1013.088"
"194","22.0","35.525","1005.872"
"194","23.0","35.508","999.064"
"194","24.0","35.491","992.579"
"194","25.0","35.474","986.484"
"194","26.0","35.457","980.682"
"194","27.0","35.441","975.126"
"194","28.0","35.424","969.902"
"194","29.0","35.408","964.898"
"194","30.0","35.391","960.074"
"194","31.0","35.375","955.494"
"194","32.0","35.359","951.078"
"194","33.0","35.343","946.779"
"194","34.0","35.327","942.694"
"194","35.0","35.311","938.745"
"194","36.0","35.295","934.89"
"194","37.0","35.28","931.207"
"194","38.0","35.264","927.629"
"194","39.0","35.248","924.116"
"194","40.0","35.233","920.738"
"194","41.0","35.218","917.43"
"194","42.0","35.202","913.915"
"194","43.0","35.187","910.348"
"194","44.0","35.173","907.063"
"194","45.0","35.158","903.96"
"194","46.0","35.144","901.026"
"194","47.0","35.129","898.241"
"194","48.0","35.115","895.583"
"194","49.0","35.101","893.037"
"194","50.0","35.086","890.593"
"194","51.0","35.072","888.249"
"194","52.0","35.058","885.991"
"194","53.0","35.044","883.812"
"194","54.0","35.03","881.714"
"194","55.0","35.016","879.685"
"194","56.0","35.002","877.728"
"194","57.0","34.989","875.846"
"194","58.0","34.975","874.026"
"194","59.0","34.961","872.257"
"194","60.0","34.947","870.536"
"194","61.0","34.934","868.899"
"194","62.0","34.92","867.318"
"194","63.0","34.906","865.766"
"194","64.0","34.893","864.239"
"194","65.0","34.879","862.758"
"194","66.0","34.866","860.574"
"194","67.0","34.854","857.839"
"194","68.0","34.842","855.728"
"194","69.0","34.831","853.817"
"194","70.0","34.819","851.981"
"194","71.0","34.808","850.216"
"194","72.0","34.797","848.47"
"194","73.0","34.785","846.746"
"194","74.0","34.774","845.027"
"194","75.0","34.763","843.335"
"194","76.0","34.752","841.728"
"194","77.0","34.74","840.139"
"194","78.0","34.729","838.565"
"194","79.0","34.718","837.012"
"194","80.0","34.707","835.457"
"194","81.0","34.696","833.898"
"194","82.0","34.685","832.385"
"194","83.0","34.673","830.883"
"194","84.0","34.662","829.401"
"194","85.0","34.651","827.942"
"194","86.0","34.64","826.475"
"194","87.0","34.629","825.024"
"194","88.0","34.618","823.628"
"194","89.0","34.607","822.229"
"194","90.0","34.597","819.108"
"194","91.0","34.59","814.371"
"194","92.0","34.585","811.131"
"194","93.0","34.579","808.539"
"194","94.0","34.574","806.182"
"194","95.0","34.569","803.98"
"195","0.0","35.724","0.0"
"195","1.0","35.943","1204.89"
"195","2.0","35.88","1313.973"
"195","3.0","35.848","1269.201"
"195","4.0","35.829","1248.651"
"195","5.0","35.806","1225.557"
"195","6.0","35.782","1201.717"
"195","7.0","35.76","1180.942"
"195","8.0","35.738","1162.298"
"195","9.0","35.718","1145.125"
"195","10.0","35.699","1129.63"
"195","11.0","35.68","1115.388"
"195","12.0","35.661","1102.182"
"195","13.0","35.644","1089.83"
"195","14.0","35.626","1078.305"
"195","15.0","35.609","1067.52"
"195","16.0","35.592","1057.412"
"195","17.0","35.575","1047.923"
"195","18.0","35.558","1039.321"
"195","19.0","35.541","1031.307"
"195","20.0","35.523","1023.224"
"195","21.0","35.505","1015.474"
"195","22.0","35.488","1008.226"
"195","23.0","35.471","1001.388"
"195","24.0","35.454","994.879"
"195","25.0","35.437","988.763"
"195","26.0","35.42","982.937"
"195","27.0","35.404","977.358"
"195","28.0","35.387","972.12"
"195","29.0","35.371","967.097"
"195","30.0","35.355","962.255"
"195","31.0","35.338","957.663"
"195","32.0","35.322","953.232"
"195","33.0","35.306","948.918"
"195","34.0","35.29","944.824"
"195","35.0","35.275","940.863"
"195","36.0","35.259","936.996"
"195","37.0","35.243","933.306"
"195","38.0","35.227","929.716"
"195","39.0","35.212","926.192"
"195","40.0","35.196","922.808"
"195","41.0","35.181","919.488"
"195","42.0","35.165","915.91"
"195","43.0","35.15","912.317"
"195","44.0","35.136","909.017"
"195","45.0","35.121","905.902"
"195","46.0","35.106","902.953"
"195","47.0","35.092","900.155"
"195","48.0","35.078","897.487"
"195","49.0","35.063","894.931"
"195","50.0","35.049","892.479"
"195","51.0","35.035","890.126"
"195","52.0","35.02","887.86"
"195","53.0","35.006","885.673"
"195","54.0","34.992","883.565"
"195","55.0","34.978","881.53"
"195","56.0","34.964","879.565"
"195","57.0","34.95","877.677"
"195","58.0","34.936","875.851"
"195","59.0","34.922","874.076"
"195","60.0","34.908","872.349"
"195","61.0","34.895","870.715"
"195","62.0","34.881","869.129"
"195","63.0","34.867","867.575"
"195","64.0","34.853","866.042"
"195","65.0","34.839","864.555"
"195","66.0","34.826","862.176"
"195","67.0","34.814","859.376"
"195","68.0","34.802","857.238"
"195","69.0","34.791","855.311"
"195","70.0","34.779","853.478"
"195","71.0","34.768","851.711"
"195","72.0","34.756","849.961"
"195","73.0","34.745","848.234"
"195","74.0","34.734","846.503"
"195","75.0","34.722","844.814"
"195","76.0","34.711","843.203"
"195","77.0","34.699","841.611"
"195","78.0","34.688","840.035"
"195","79.0","34.677","838.478"
"195","80.0","34.665","836.912"
"195","81.0","34.654","835.356"
"195","82.0","34.643","833.839"
"195","83.0","34.632","832.334"
"195","84.0","34.621","830.849"
"195","85.0","34.609","829.386"
"195","86.0","34.598","827.908"
"195","87.0","34.587","826.46"
"195","88.0","34.576","825.062"
"195","89.0","34.565","823.662"
"195","90.0","34.555","820.045"
"195","91.0","34.548","815.146"
"195","92.0","34.543","811.827"
"195","93.0","34.538","809.204"
"195","94.0","34.533","806.831"
"195","95.0","34.528","804.617"
"196","0.0","35.712","0.0"
"196","1.0","35.917","1157.088"
"196","2.0","35.848","1329.665"
"196","3.0","35.817","1271.128"
"196","4.0","35.797","1251.48"
"196","5.0","35.775","1229.237"
"196","6.0","35.752","1205.187"
"196","7.0","35.731","1184.177"
"196","8.0","35.71","1165.419"
"196","9.0","35.69","1148.1"
"196","10.0","35.671","1132.504"
"196","11.0","35.653","1118.195"
"196","12.0","35.635","1104.922"
"196","13.0","35.618","1092.499"
"196","14.0","35.6","1080.929"
"196","15.0","35.583","1070.082"
"196","16.0","35.567","1059.942"
"196","17.0","35.551","1050.399"
"196","18.0","35.534","1042.013"
"196","19.0","35.516","1034.019"
"196","20.0","35.499","1025.903"
"196","21.0","35.481","1018.118"
"196","22.0","35.464","1010.848"
"196","23.0","35.447","1003.978"
"196","24.0","35.43","997.445"
"196","25.0","35.413","991.318"
"196","26.0","35.397","985.463"
"196","27.0","35.38","979.864"
"196","28.0","35.364","974.621"
"196","29.0","35.347","969.575"
"196","30.0","35.331","964.716"
"196","31.0","35.315","960.121"
"196","32.0","35.299","955.672"
"196","33.0","35.283","951.344"
"196","34.0","35.267","947.248"
"196","35.0","35.251","943.268"
"196","36.0","35.236","939.39"
"196","37.0","35.22","935.701"
"196","38.0","35.204","932.094"
"196","39.0","35.189","928.559"
"196","40.0","35.173","925.176"
"196","41.0","35.157","921.839"
"196","42.0","35.142","918.179"
"196","43.0","35.127","914.563"
"196","44.0","35.113","911.248"
"196","45.0","35.098","908.12"
"196","46.0","35.083","905.157"
"196","47.0","35.069","902.349"
"196","48.0","35.054","899.671"
"196","49.0","35.04","897.105"
"196","50.0","35.026","894.643"
"196","51.0","35.011","892.282"
"196","52.0","34.997","890.008"
"196","53.0","34.983","887.814"
"196","54.0","34.969","885.7"
"196","55.0","34.955","883.657"
"196","56.0","34.941","881.685"
"196","57.0","34.926","879.79"
"196","58.0","34.912","877.958"
"196","59.0","34.899","876.179"
"196","60.0","34.885","874.447"
"196","61.0","34.871","872.816"
"196","62.0","34.857","871.225"
"196","63.0","34.843","869.669"
"196","64.0","34.829","868.132"
"196","65.0","34.815","866.639"
"196","66.0","34.802","864.015"
"196","67.0","34.79","861.15"
"196","68.0","34.778","858.983"
"196","69.0","34.766","857.04"
"196","70.0","34.755","855.208"
"196","71.0","34.743","853.44"
"196","72.0","34.732","851.686"
"196","73.0","34.72","849.957"
"196","74.0","34.709","848.214"
"196","75.0","34.698","846.526"
"196","76.0","34.686","844.912"
"196","77.0","34.675","843.317"
"196","78.0","34.663","841.737"
"196","79.0","34.652","840.178"
"196","80.0","34.641","838.602"
"196","81.0","34.629","837.047"
"196","82.0","34.618","835.526"
"196","83.0","34.607","834.018"
"196","84.0","34.596","832.529"
"196","85.0","34.584","831.064"
"196","86.0","34.573","829.577"
"196","87.0","34.562","828.131"
"196","88.0","34.551","826.732"
"196","89.0","34.54","825.331"
"196","90.0","34.53","821.109"
"196","91.0","34.524","816.01"
"196","92.0","34.518","812.625"
"196","93.0","34.513","809.971"
"196","94.0","34.508","807.564"
"196","95.0","34.503","805.354"
"197","0.0","35.696","0.0"
"197","1.0","35.877","1151.8"
"197","2.0","35.777","1333.012"
"197","3.0","35.753","1273.26"
"197","4.0","35.734","1254.119"
"197","5.0","35.714","1233.182"
"197","6.0","35.693","1208.917"
"197","7.0","35.673","1187.677"
"197","8.0","35.654","1168.803"
"197","9.0","35.635","1151.337"
"197","10.0","35.617","1135.639"
"197","11.0","35.6","1121.267"
"197","12.0","35.582","1107.927"
"197","13.0","35.566","1095.43"
"197","14.0","35.549","1083.817"
"197","15.0","35.533","1072.912"
"197","16.0","35.517","1062.736"
"197","17.0","35.501","1053.138"
"197","18.0","35.485","1045.014"
"197","19.0","35.467","1037.033"
"197","20.0","35.45","1028.885"
"197","21.0","35.433","1021.065"
"197","22.0","35.416","1013.772"
"197","23.0","35.399","1006.872"
"197","24.0","35.383","1000.313"
"197","25.0","35.366","994.174"
"197","26.0","35.35","988.292"
"197","27.0","35.333","982.673"
"197","28.0","35.317","977.422"
"197","29.0","35.301","972.351"
"197","30.0","35.285","967.475"
"197","31.0","35.269","962.876"
"197","32.0","35.253","958.405"
"197","33.0","35.237","954.063"
"197","34.0","35.221","949.963"
"197","35.0","35.205","945.964"
"197","36.0","35.189","942.075"
"197","37.0","35.174","938.385"
"197","38.0","35.158","934.758"
"197","39.0","35.142","931.213"
"197","40.0","35.127","927.829"
"197","41.0","35.111","924.472"
"197","42.0","35.096","920.718"
"197","43.0","35.081","917.079"
"197","44.0","35.066","913.748"
"197","45.0","35.052","910.605"
"197","46.0","35.037","907.628"
"197","47.0","35.022","904.811"
"197","48.0","35.008","902.122"
"197","49.0","34.993","899.547"
"197","50.0","34.979","897.077"
"197","51.0","34.965","894.707"
"197","52.0","34.95","892.425"
"197","53.0","34.936","890.224"
"197","54.0","34.922","888.102"
"197","55.0","34.907","886.053"
"197","56.0","34.893","884.072"
"197","57.0","34.879","882.171"
"197","58.0","34.865","880.335"
"197","59.0","34.851","878.551"
"197","60.0","34.837","876.813"
"197","61.0","34.823","875.185"
"197","62.0","34.808","873.589"
"197","63.0","34.794","872.031"
"197","64.0","34.78","870.489"
"197","65.0","34.766","868.99"
"197","66.0","34.753","866.072"
"197","67.0","34.741","863.139"
"197","68.0","34.73","860.944"
"197","69.0","34.718","858.982"
"197","70.0","34.706","857.154"
"197","71.0","34.695","855.385"
"197","72.0","34.683","853.627"
"197","73.0","34.672","851.895"
"197","74.0","34.66","850.137"
"197","75.0","34.649","848.453"
"197","76.0","34.637","846.835"
"197","77.0","34.626","845.237"
"197","78.0","34.614","843.654"
"197","79.0","34.603","842.091"
"197","80.0","34.592","840.501"
"197","81.0","34.58","838.952"
"197","82.0","34.569","837.426"
"197","83.0","34.557","835.916"
"197","84.0","34.546","834.422"
"197","85.0","34.535","832.954"
"197","86.0","34.523","831.453"
"197","87.0","34.512","830.012"
"197","88.0","34.501","828.612"
"197","89.0","34.489","827.209"
"197","90.0","34.48","822.249"
"197","91.0","34.474","816.944"
"197","92.0","34.469","813.481"
"197","93.0","34.464","810.798"
"197","94.0","34.46","808.375"
"197","95.0","34.455","806.151"
"198","0.0","35.679","0.0"
"198","1.0","35.816","1158.954"
"198","2.0","35.719","1325.938"
"198","3.0","35.7","1275.927"
"198","4.0","35.682","1255.955"
"198","5.0","35.663","1235.808"
"198","6.0","35.643","1211.455"
"198","7.0","35.624","1190.092"
"198","8.0","35.606","1171.149"
"198","9.0","35.589","1153.599"
"198","10.0","35.572","1137.842"
"198","11.0","35.555","1123.432"
"198","12.0","35.538","1110.052"
"198","13.0","35.522","1097.514"
"198","14.0","35.506","1085.874"
"198","15.0","35.49","1074.931"
"198","16.0","35.475","1064.738"
"198","17.0","35.46","1055.103"
"198","18.0","35.443","1047.191"
"198","19.0","35.426","1039.225"
"198","20.0","35.409","1031.049"
"198","21.0","35.393","1023.209"
"198","22.0","35.376","1015.909"
"198","23.0","35.359","1008.985"
"198","24.0","35.343","1002.412"
"198","25.0","35.326","996.273"
"198","26.0","35.31","990.367"
"198","27.0","35.294","984.737"
"198","28.0","35.278","979.487"
"198","29.0","35.262","974.397"
"198","30.0","35.246","969.511"
"198","31.0","35.23","964.916"
"198","32.0","35.214","960.426"
"198","33.0","35.198","956.078"
"198","34.0","35.182","951.983"
"198","35.0","35.166","947.967"
"198","36.0","35.15","944.071"
"198","37.0","35.135","940.387"
"198","38.0","35.119","936.744"
"198","39.0","35.103","933.192"
"198","40.0","35.088","929.815"
"198","41.0","35.072","926.441"
"198","42.0","35.057","922.611"
"198","43.0","35.042","918.956"
"198","44.0","35.027","915.617"
"198","45.0","35.013","912.466"
"198","46.0","34.998","909.48"
"198","47.0","34.983","906.657"
"198","48.0","34.969","903.963"
"198","49.0","34.954","901.382"
"198","50.0","34.94","898.906"
"198","51.0","34.925","896.53"
"198","52.0","34.911","894.244"
"198","53.0","34.896","892.038"
"198","54.0","34.882","889.913"
"198","55.0","34.867","887.857"
"198","56.0","34.853","885.872"
"198","57.0","34.839","883.968"
"198","58.0","34.825","882.128"
"198","59.0","34.81","880.341"
"198","60.0","34.796","878.601"
"198","61.0","34.782","876.965"
"198","62.0","34.768","875.362"
"198","63.0","34.753","873.799"
"198","64.0","34.739","872.251"
"198","65.0","34.725","870.744"
"198","66.0","34.712","867.581"
"198","67.0","34.7","864.597"
"198","68.0","34.688","862.384"
"198","69.0","34.677","860.407"
"198","70.0","34.665","858.58"
"198","71.0","34.654","856.808"
"198","72.0","34.642","855.045"
"198","73.0","34.63","853.309"
"198","74.0","34.619","851.539"
"198","75.0","34.607","849.856"
"198","76.0","34.596","848.233"
"198","77.0","34.584","846.631"
"198","78.0","34.573","845.043"
"198","79.0","34.561","843.476"
"198","80.0","34.55","841.876"
"198","81.0","34.538","840.33"
"198","82.0","34.527","838.801"
"198","83.0","34.515","837.287"
"198","84.0","34.504","835.791"
"198","85.0","34.493","834.32"
"198","86.0","34.481","832.809"
"198","87.0","34.47","831.371"
"198","88.0","34.458","829.968"
"198","89.0","34.447","828.564"
"198","90.0","34.438","823.016"
"198","91.0","34.433","817.573"
"198","92.0","34.428","814.072"
"198","93.0","34.423","811.372"
"198","94.0","34.418","808.933"
"198","95.0","34.414","806.708"
"199","0.0","35.664","0.0"
"199","1.0","35.757","1131.775"
"199","2.0","35.68","1322.195"
"199","3.0","35.663","1279.289"
"199","4.0","35.644","1257.955"
"199","5.0","35.627","1238.292"
"199","6.0","35.608","1213.951"
"199","7.0","35.59","1192.478"
"199","8.0","35.573","1173.479"
"199","9.0","35.556","1155.852"
"199","10.0","35.54","1140.041"
"199","11.0","35.523","1125.6"
"199","12.0","35.507","1112.187"
"199","13.0","35.492","1099.611"
"199","14.0","35.476","1087.951"
"199","15.0","35.461","1076.979"
"199","16.0","35.445","1066.767"
"199","17.0","35.43","1057.108"
"199","18.0","35.414","1049.395"
"199","19.0","35.398","1041.454"
"199","20.0","35.381","1033.258"
"199","21.0","35.364","1025.398"
"199","22.0","35.348","1018.089"
"199","23.0","35.331","1011.146"
"199","24.0","35.315","1004.56"
"199","25.0","35.299","998.417"
"199","26.0","35.282","992.493"
"199","27.0","35.266","986.852"
"199","28.0","35.25","981.601"
"199","29.0","35.234","976.495"
"199","30.0","35.218","971.599"
"199","31.0","35.202","967.005"
"199","32.0","35.186","962.501"
"199","33.0","35.171","958.145"
"199","34.0","35.155","954.051"
"199","35.0","35.139","950.022"
"199","36.0","35.123","946.119"
"199","37.0","35.108","942.438"
"199","38.0","35.092","938.782"
"199","39.0","35.076","935.223"
"199","40.0","35.061","931.849"
"199","41.0","35.045","928.459"
"199","42.0","35.03","924.55"
"199","43.0","35.015","920.878"
"199","44.0","35.0","917.532"
"199","45.0","34.985","914.374"
"199","46.0","34.971","911.38"
"199","47.0","34.956","908.553"
"199","48.0","34.941","905.853"
"199","49.0","34.927","903.266"
"199","50.0","34.912","900.786"
"199","51.0","34.898","898.405"
"199","52.0","34.883","896.114"
"199","53.0","34.869","893.904"
"199","54.0","34.854","891.774"
"199","55.0","34.84","889.715"
"199","56.0","34.825","887.725"
"199","57.0","34.811","885.817"
"199","58.0","34.797","883.974"
"199","59.0","34.782","882.185"
"199","60.0","34.768","880.442"
"199","61.0","34.754","878.8"
"199","62.0","34.739","877.193"
"199","63.0","34.725","875.63"
"199","64.0","34.711","874.078"
"199","65.0","34.696","872.567"
"199","66.0","34.684","869.145"
"199","67.0","34.672","866.115"
"199","68.0","34.66","863.889"
"199","69.0","34.648","861.898"
"199","70.0","34.637","860.077"
"199","71.0","34.625","858.305"
"199","72.0","34.613","856.54"
"199","73.0","34.602","854.801"
"199","74.0","34.59","853.019"
"199","75.0","34.578","851.343"
"199","76.0","34.567","849.718"
"199","77.0","34.555","848.114"
"199","78.0","34.544","846.525"
"199","79.0","34.532","844.956"
"199","80.0","34.52","843.344"
"199","81.0","34.509","841.808"
"199","82.0","34.497","840.276"
"199","83.0","34.486","838.761"
"199","84.0","34.474","837.263"
"199","85.0","34.463","835.79"
"199","86.0","34.451","834.267"
"199","87.0","34.44","832.836"
"199","88.0","34.428","831.433"
"199","89.0","34.417","830.028"
"199","90.0","34.409","823.788"
"199","91.0","34.404","818.211"
"199","92.0","34.399","814.688"
"199","93.0","34.394","811.974"
"199","94.0","34.389","809.51"
"199","95.0","34.385","807.294"
"200","0.0","35.648","0.0"
"200","1.0","35.712","1101.621"
"200","2.0","35.648","1328.635"
"200","3.0","35.632","1281.846"
"200","4.0","35.614","1260.307"
"200","5.0","35.597","1241.103"
"200","6.0","35.579","1216.806"
"200","7.0","35.562","1195.21"
"200","8.0","35.545","1176.153"
"200","9.0","35.529","1158.44"
"200","10.0","35.513","1142.572"
"200","11.0","35.497","1128.115"
"200","12.0","35.482","1114.669"
"200","13.0","35.466","1102.044"
"200","14.0","35.451","1090.371"
"200","15.0","35.436","1079.362"
"200","16.0","35.421","1069.14"
"200","17.0","35.406","1059.452"
"200","18.0","35.39","1051.996"
"200","19.0","35.374","1044.096"
"200","20.0","35.357","1035.88"
"200","21.0","35.341","1027.999"
"200","22.0","35.324","1020.681"
"200","23.0","35.308","1013.716"
"200","24.0","35.292","1007.116"
"200","25.0","35.275","1000.969"
"200","26.0","35.259","995.026"
"200","27.0","35.243","989.374"
"200","28.0","35.227","984.12"
"200","29.0","35.211","978.999"
"200","30.0","35.195","974.09"
"200","31.0","35.179","969.497"
"200","32.0","35.164","964.978"
"200","33.0","35.148","960.612"
"200","34.0","35.132","956.519"
"200","35.0","35.116","952.477"
"200","36.0","35.1","948.565"
"200","37.0","35.085","944.886"
"200","38.0","35.069","941.216"
"200","39.0","35.053","937.65"
"200","40.0","35.038","934.279"
"200","41.0","35.022","930.875"
"200","42.0","35.007","926.866"
"200","43.0","34.992","923.172"
"200","44.0","34.977","919.82"
"200","45.0","34.962","916.654"
"200","46.0","34.948","913.653"
"200","47.0","34.933","910.822"
"200","48.0","34.918","908.116"
"200","49.0","34.904","905.524"
"200","50.0","34.889","903.038"
"200","51.0","34.874","900.652"
"200","52.0","34.86","898.357"
"200","53.0","34.845","896.142"
"200","54.0","34.831","894.008"
"200","55.0","34.816","891.945"
"200","56.0","34.802","889.95"
"200","57.0","34.787","888.037"
"200","58.0","34.773","886.19"
"200","59.0","34.758","884.397"
"200","60.0","34.744","882.65"
"200","61.0","34.729","881.001"
"200","62.0","34.715","879.391"
"200","63.0","34.7","877.826"
"200","64.0","34.686","876.271"
"200","65.0","34.672","874.755"
"200","66.0","34.659","870.995"
"200","67.0","34.647","867.916"
"200","68.0","34.635","865.677"
"200","69.0","34.623","863.671"
"200","70.0","34.612","861.857"
"200","71.0","34.6","860.083"
"200","72.0","34.588","858.315"
"200","73.0","34.577","856.574"
"200","74.0","34.565","854.779"
"200","75.0","34.553","853.109"
"200","76.0","34.542","851.481"
"200","77.0","34.53","849.875"
"200","78.0","34.518","848.283"
"200","79.0","34.507","846.712"
"200","80.0","34.495","845.089"
"200","81.0","34.483","843.561"
"200","82.0","34.472","842.027"
"200","83.0","34.46","840.51"
"200","84.0","34.448","839.009"
"200","85.0","34.437","837.534"
"200","86.0","34.425","836.0"
"200","87.0","34.414","834.574"
"200","88.0","34.402","833.171"
"200","89.0","34.391","831.764"
"200","90.0","34.383","824.632"
"200","91.0","34.378","818.947"
"200","92.0","34.373","815.39"
"200","93.0","34.369","812.663"
"200","94.0","34.364","810.184"
"200","95.0","34.36","807.968"
"201","0.0","35.623","0.0"
"201","1.0","35.664","1047.194"
"201","2.0","35.615","1339.622"
"201","3.0","35.6","1282.498"
"201","4.0","35.583","1263.524"
"201","5.0","35.566","1244.954"
"201","6.0","35.549","1220.639"
"201","7.0","35.533","1198.864"
"201","8.0","35.517","1179.745"
"201","9.0","35.501","1161.941"
"201","10.0","35.486","1146.015"
"201","11.0","35.47","1131.53"
"201","12.0","35.455","1118.046"
"201","13.0","35.44","1105.378"
"201","14.0","35.425","1093.684"
"201","15.0","35.411","1082.632"
"201","16.0","35.396","1072.401"
"201","17.0","35.381","1062.676"
"201","18.0","35.365","1055.593"
"201","19.0","35.349","1047.734"
"201","20.0","35.333","1039.485"
"201","21.0","35.316","1031.581"
"201","22.0","35.3","1024.264"
"201","23.0","35.284","1017.263"
"201","24.0","35.268","1010.65"
"201","25.0","35.252","1004.509"
"201","26.0","35.235","998.537"
"201","27.0","35.219","992.874"
"201","28.0","35.203","987.629"
"201","29.0","35.188","982.481"
"201","30.0","35.172","977.561"
"201","31.0","35.156","972.979"
"201","32.0","35.14","968.435"
"201","33.0","35.124","964.06"
"201","34.0","35.108","959.978"
"201","35.0","35.092","955.912"
"201","36.0","35.077","951.992"
"201","37.0","35.061","948.326"
"201","38.0","35.045","944.634"
"201","39.0","35.029","941.062"
"201","40.0","35.014","937.704"
"201","41.0","34.998","934.273"
"201","42.0","34.983","930.121"
"201","43.0","34.968","926.406"
"201","44.0","34.953","923.048"
"201","45.0","34.938","919.873"
"201","46.0","34.923","916.864"
"201","47.0","34.909","914.029"
"201","48.0","34.894","911.319"
"201","49.0","34.879","908.72"
"201","50.0","34.864","906.228"
"201","51.0","34.85","903.837"
"201","52.0","34.835","901.537"
"201","53.0","34.82","899.318"
"201","54.0","34.806","897.179"
"201","55.0","34.791","895.111"
"201","56.0","34.776","893.111"
"201","57.0","34.762","891.193"
"201","58.0","34.747","889.343"
"201","59.0","34.733","887.547"
"201","60.0","34.718","885.798"
"201","61.0","34.703","884.141"
"201","62.0","34.689","882.529"
"201","63.0","34.674","880.96"
"201","64.0","34.66","879.403"
"201","65.0","34.645","877.882"
"201","66.0","34.633","873.622"
"201","67.0","34.621","870.492"
"201","68.0","34.609","868.237"
"201","69.0","34.597","866.208"
"201","70.0","34.585","864.408"
"201","71.0","34.573","862.633"
"201","72.0","34.562","860.863"
"201","73.0","34.55","859.121"
"201","74.0","34.538","857.303"
"201","75.0","34.526","855.649"
"201","76.0","34.514","854.019"
"201","77.0","34.503","852.411"
"201","78.0","34.491","850.817"
"201","79.0","34.479","849.244"
"201","80.0","34.467","847.599"
"201","81.0","34.456","846.089"
"201","82.0","34.444","844.554"
"201","83.0","34.432","843.035"
"201","84.0","34.42","841.532"
"201","85.0","34.409","840.055"
"201","86.0","34.397","838.498"
"201","87.0","34.385","837.089"
"201","88.0","34.374","835.684"
"201","89.0","34.362","834.277"
"201","90.0","34.355","825.793"
"201","91.0","34.35","819.97"
"201","92.0","34.346","816.387"
"201","93.0","34.341","813.644"
"201","94.0","34.337","811.137"
"201","95.0","34.332","808.931"
"202","0.0","35.595","0.0"
"202","1.0","35.61","964.336"
"202","2.0","35.579","1344.951"
"202","3.0","35.562","1281.245"
"202","4.0","35.546","1267.143"
"202","5.0","35.531","1249.065"
"202","6.0","35.515","1224.656"
"202","7.0","35.5","1202.737"
"202","8.0","35.484","1183.572"
"202","9.0","35.469","1165.676"
"202","10.0","35.454","1149.711"
"202","11.0","35.44","1135.218"
"202","12.0","35.425","1121.701"
"202","13.0","35.41","1108.983"
"202","14.0","35.396","1097.287"
"202","15.0","35.382","1086.198"
"202","16.0","35.367","1075.962"
"202","17.0","35.353","1066.199"
"202","18.0","35.337","1059.599"
"202","19.0","35.321","1051.751"
"202","20.0","35.305","1043.473"
"202","21.0","35.288","1035.551"
"202","22.0","35.272","1028.238"
"202","23.0","35.256","1021.205"
"202","24.0","35.24","1014.581"
"202","25.0","35.224","1008.449"
"202","26.0","35.208","1002.448"
"202","27.0","35.192","996.778"
"202","28.0","35.176","991.543"
"202","29.0","35.161","986.368"
"202","30.0","35.145","981.441"
"202","31.0","35.129","976.872"
"202","32.0","35.113","972.302"
"202","33.0","35.097","967.921"
"202","34.0","35.081","963.852"
"202","35.0","35.065","959.761"
"202","36.0","35.05","955.836"
"202","37.0","35.034","952.185"
"202","38.0","35.018","948.468"
"202","39.0","35.002","944.893"
"202","40.0","34.987","941.549"
"202","41.0","34.971","938.09"
"202","42.0","34.956","933.749"
"202","43.0","34.941","930.028"
"202","44.0","34.926","926.663"
"202","45.0","34.911","923.481"
"202","46.0","34.896","920.466"
"202","47.0","34.881","917.628"
"202","48.0","34.866","914.911"
"202","49.0","34.852","912.307"
"202","50.0","34.837","909.811"
"202","51.0","34.822","907.415"
"202","52.0","34.807","905.111"
"202","53.0","34.792","902.887"
"202","54.0","34.778","900.745"
"202","55.0","34.763","898.672"
"202","56.0","34.748","896.667"
"202","57.0","34.733","894.746"
"202","58.0","34.719","892.891"
"202","59.0","34.704","891.092"
"202","60.0","34.689","889.337"
"202","61.0","34.674","887.674"
"202","62.0","34.66","886.061"
"202","63.0","34.645","884.488"
"202","64.0","34.63","882.928"
"202","65.0","34.616","881.402"
"202","66.0","34.603","876.519"
"202","67.0","34.591","873.367"
"202","68.0","34.579","871.099"
"202","69.0","34.567","869.046"
"202","70.0","34.555","867.261"
"202","71.0","34.544","865.485"
"202","72.0","34.532","863.712"
"202","73.0","34.52","861.967"
"202","74.0","34.508","860.128"
"202","75.0","34.496","858.489"
"202","76.0","34.484","856.857"
"202","77.0","34.472","855.246"
"202","78.0","34.46","853.651"
"202","79.0","34.448","852.075"
"202","80.0","34.437","850.41"
"202","81.0","34.425","848.915"
"202","82.0","34.413","847.379"
"202","83.0","34.401","845.858"
"202","84.0","34.389","844.353"
"202","85.0","34.377","842.873"
"202","86.0","34.366","841.297"
"202","87.0","34.354","839.902"
"202","88.0","34.342","838.496"
"202","89.0","34.33","837.086"
"202","90.0","34.324","826.982"
"202","91.0","34.319","821.05"
"202","92.0","34.315","817.452"
"202","93.0","34.311","814.695"
"202","94.0","34.306","812.167"
"202","95.0","34.302","809.969"
"203","0.0","35.544","0.0"
"203","1.0","35.553","960.95"
"203","2.0","35.534","1344.546"
"203","3.0","35.518","1280.066"
"203","4.0","35.503","1270.357"
"203","5.0","35.489","1252.571"
"203","6.0","35.475","1228.062"
"203","7.0","35.46","1206.071"
"203","8.0","35.446","1186.884"
"203","9.0","35.432","1168.92"
"203","10.0","35.418","1152.935"
"203","11.0","35.403","1138.452"
"203","12.0","35.389","1124.916"
"203","13.0","35.375","1112.154"
"203","14.0","35.361","1100.469"
"203","15.0","35.347","1089.337"
"203","16.0","35.333","1079.115"
"203","17.0","35.319","1069.312"
"203","18.0","35.303","1063.153"
"203","19.0","35.287","1055.318"
"203","20.0","35.271","1047.006"
"203","21.0","35.256","1039.073"
"203","22.0","35.24","1031.777"
"203","23.0","35.224","1024.708"
"203","24.0","35.208","1018.076"
"203","25.0","35.192","1011.963"
"203","26.0","35.176","1005.927"
"203","27.0","35.16","1000.254"
"203","28.0","35.144","995.038"
"203","29.0","35.128","989.829"
"203","30.0","35.112","984.896"
"203","31.0","35.096","980.348"
"203","32.0","35.081","975.745"
"203","33.0","35.065","971.359"
"203","34.0","35.049","967.311"
"203","35.0","35.033","963.187"
"203","36.0","35.017","959.258"
"203","37.0","35.001","955.628"
"203","38.0","34.986","951.878"
"203","39.0","34.97","948.299"
"203","40.0","34.954","944.977"
"203","41.0","34.938","941.487"
"203","42.0","34.923","936.992"
"203","43.0","34.908","933.268"
"203","44.0","34.893","929.899"
"203","45.0","34.878","926.715"
"203","46.0","34.863","923.697"
"203","47.0","34.848","920.857"
"203","48.0","34.833","918.139"
"203","49.0","34.818","915.531"
"203","50.0","34.803","913.032"
"203","51.0","34.788","910.633"
"203","52.0","34.773","908.327"
"203","53.0","34.758","906.102"
"203","54.0","34.743","903.959"
"203","55.0","34.728","901.883"
"203","56.0","34.713","899.876"
"203","57.0","34.698","897.952"
"203","58.0","34.684","896.096"
"203","59.0","34.669","894.295"
"203","60.0","34.654","892.54"
"203","61.0","34.639","890.872"
"203","62.0","34.624","889.258"
"203","63.0","34.609","887.682"
"203","64.0","34.594","886.12"
"203","65.0","34.579","884.591"
"203","66.0","34.567","879.112"
"203","67.0","34.555","875.959"
"203","68.0","34.543","873.687"
"203","69.0","34.531","871.607"
"203","70.0","34.518","869.845"
"203","71.0","34.506","868.068"
"203","72.0","34.494","866.293"
"203","73.0","34.482","864.547"
"203","74.0","34.47","862.681"
"203","75.0","34.458","861.066"
"203","76.0","34.446","859.432"
"203","77.0","34.434","857.82"
"203","78.0","34.422","856.223"
"203","79.0","34.41","854.646"
"203","80.0","34.398","852.956"
"203","81.0","34.386","851.485"
"203","82.0","34.374","849.947"
"203","83.0","34.362","848.424"
"203","84.0","34.35","846.918"
"203","85.0","34.338","845.437"
"203","86.0","34.326","843.833"
"203","87.0","34.314","842.463"
"203","88.0","34.302","841.056"
"203","89.0","34.29","839.645"
"203","90.0","34.285","827.938"
"203","91.0","34.28","821.965"
"203","92.0","34.276","818.392"
"203","93.0","34.272","815.628"
"203","94.0","34.268","813.065"
"203","95.0","34.263","810.896"
"18","0.0","35.534","0.0"
"18","1.0","35.52","984.751"
"18","2.0","35.506","1344.863"
"18","3.0","35.493","1281.052"
"18","4.0","35.479","1272.879"
"18","5.0","35.465","1255.197"
"18","6.0","35.451","1230.652"
"18","7.0","35.438","1208.646"
"18","8.0","35.424","1189.459"
"18","9.0","35.41","1171.472"
"18","10.0","35.396","1155.483"
"18","11.0","35.382","1141.01"
"18","12.0","35.369","1127.47"
"18","13.0","35.355","1114.693"
"18","14.0","35.341","1103.018"
"18","15.0","35.327","1091.869"
"18","16.0","35.314","1081.659"
"18","17.0","35.3","1071.841"
"18","18.0","35.284","1066.063"
"18","19.0","35.268","1058.239"
"18","20.0","35.252","1049.912"
"18","21.0","35.237","1041.977"
"18","22.0","35.221","1034.693"
"18","23.0","35.205","1027.608"
"18","24.0","35.189","1020.975"
"18","25.0","35.173","1014.874"
"18","26.0","35.158","1008.822"
"18","27.0","35.142","1003.149"
"18","28.0","35.126","997.946"
"18","29.0","35.11","992.722"
"18","30.0","35.094","987.788"
"18","31.0","35.078","983.253"
"18","32.0","35.062","978.633"
"18","33.0","35.047","974.247"
"18","34.0","35.031","970.212"
"18","35.0","35.015","966.073"
"18","36.0","34.999","962.143"
"18","37.0","34.983","958.526"
"18","38.0","34.967","954.761"
"18","39.0","34.952","951.181"
"18","40.0","34.936","947.873"
"18","41.0","34.92","944.367"
"18","42.0","34.905","939.717"
"18","43.0","34.89","935.991"
"18","44.0","34.875","932.621"
"18","45.0","34.86","929.435"
"18","46.0","34.845","926.416"
"18","47.0","34.83","923.575"
"18","48.0","34.815","920.857"
"18","49.0","34.8","918.247"
"18","50.0","34.785","915.747"
"18","51.0","34.77","913.347"
"18","52.0","34.755","911.04"
"18","53.0","34.74","908.813"
"18","54.0","34.725","906.668"
"18","55.0","34.71","904.591"
"18","56.0","34.695","902.584"
"18","57.0","34.68","900.658"
"18","58.0","34.665","898.802"
"18","59.0","34.65","896.999"
"18","60.0","34.635","895.243"
"18","61.0","34.62","893.574"
"18","62.0","34.605","891.96"
"18","63.0","34.59","890.384"
"18","64.0","34.575","888.82"
"18","65.0","34.56","887.291"
"18","66.0","34.548","881.292"
"18","67.0","34.536","878.138"
"18","68.0","34.524","875.866"
"18","69.0","34.512","873.773"
"18","70.0","34.5","872.023"
"18","71.0","34.487","870.245"
"18","72.0","34.475","868.469"
"18","73.0","34.463","866.723"
"18","74.0","34.451","864.844"
"18","75.0","34.439","863.241"
"18","76.0","34.427","861.606"
"18","77.0","34.415","859.994"
"18","78.0","34.403","858.396"
"18","79.0","34.391","856.819"
"18","80.0","34.379","855.116"
"18","81.0","34.367","853.657"
"18","82.0","34.355","852.118"
"18","83.0","34.342","850.595"
"18","84.0","34.33","849.089"
"18","85.0","34.318","847.607"
"18","86.0","34.306","845.991"
"18","87.0","34.294","844.633"
"18","88.0","34.282","843.225"
"18","89.0","34.27","841.813"
"18","90.0","34.266","828.681"
"18","91.0","34.262","822.712"
"18","92.0","34.257","819.149"
"18","93.0","34.253","816.384"
"18","94.0","34.249","813.811"
"18","95.0","34.245","811.65"
"19","0.0","37.499","20.0"
"19","1.0","37.635","1556.67"
"19","2.0","37.537","1552.5"
"19","3.0","37.463","1548.33"
"19","4.0","37.42","1544.17"
"19","5.0","37.381","1540.0"
"19","6.0","37.344","1535.83"
"19","7.0","37.308","1531.67"
"19","8.0","37.275","1527.5"
"19","9.0","37.244","1523.33"
"19","10.0","37.215","1519.17"
"19","11.0","37.187","1515.0"
"19","12.0","37.16","1510.83"
"19","13.0","37.135","1506.67"
"19","14.0","37.111","1502.5"
"19","15.0","37.088","1498.33"
"19","16.0","37.065","1494.17"
"19","17.0","37.044","1490.0"
"19","18.0","37.024","1486.25"
"19","19.0","37.004","1482.5"
"19","20.0","36.985","1478.75"
"19","21.0","36.967","1475.0"
"19","22.0","36.949","1471.25"
"19","23.0","36.931","1467.5"
"19","24.0","36.914","1463.75"
"19","25.0","36.898","1460.0"
"19","26.0","36.882","1456.25"
"19","27.0","36.867","1452.5"
"19","28.0","36.851","1448.75"
"19","29.0","36.837","1445.0"
"19","30.0","36.822","1441.25"
"19","31.0","36.808","1437.5"
"19","32.0","36.794","1433.75"
"19","33.0","36.78","1430.0"
"19","34.0","36.767","1426.25"
"19","35.0","36.754","1422.5"
"19","36.0","36.741","1418.75"
"19","37.0","36.728","1415.0"
"19","38.0","36.715","1411.25"
"19","39.0","36.703","1407.5"
"19","40.0","36.691","1403.75"
"19","41.0","36.678","1400.0"
"19","42.0","36.667","1398.33"
"19","43.0","36.656","1396.67"
"19","44.0","36.646","1395.0"
"19","45.0","36.635","1393.33"
"19","46.0","36.625","1391.67"
"19","47.0","36.615","1390.0"
"19","48.0","36.605","1388.33"
"19","49.0","36.595","1386.67"
"19","50.0","36.586","1385.0"
"19","51.0","36.576","1383.33"
"19","52.0","36.567","1381.67"
"19","53.0","36.558","1380.0"
"19","54.0","36.55","1378.33"
"19","55.0","36.541","1376.67"
"19","56.0","36.532","1375.0"
"19","57.0","36.524","1373.33"
"19","58.0","36.515","1371.67"
"19","59.0","36.507","1370.0"
"19","60.0","36.499","1368.33"
"19","61.0","36.491","1366.67"
"19","62.0","36.483","1365.0"
"19","63.0","36.475","1363.33"
"19","64.0","36.467","1361.67"
"19","65.0","36.459","1360.0"
"19","66.0","36.452","1358.33"
"19","67.0","36.444","1356.67"
"19","68.0","36.436","1355.0"
"19","69.0","36.429","1353.33"
"19","70.0","36.421","1351.67"
"19","71.0","36.413","1350.0"
"19","72.0","36.406","1348.33"
"19","73.0","36.398","1346.67"
"19","74.0","36.39","1345.0"
"19","75.0","36.383","1343.33"
"19","76.0","36.376","1341.67"
"19","77.0","36.368","1340.0"
"19","78.0","36.361","1338.33"
"19","79.0","36.354","1336.67"
"19","80.0","36.346","1335.0"
"19","81.0","36.339","1333.33"
"19","82.0","36.332","1331.67"
"19","83.0","36.325","1330.0"
"19","84.0","36.318","1328.33"
"19","85.0","36.311","1326.67"
"19","86.0","36.304","1325.0"
"19","87.0","36.298","1323.33"
"19","88.0","36.291","1321.67"
"19","89.0","36.284","1320.0"
"19","90.0","36.278","1319.58"
"19","91.0","36.272","1319.17"
"19","92.0","36.266","1318.75"
"19","93.0","36.26","1318.33"
"19","94.0","36.255","1317.92"
"19","95.0","36.249","1317.5"
"6_sec20_1","0.0","37.486","1.0"
"6_sec20_1","1.0","37.599","1627.694"
"6_sec20_1","2.0","37.512","1627.508"
"6_sec20_1","3.0","37.434","1582.924"
"6_sec20_1","4.0","37.394","1561.361"
"6_sec20_1","5.0","37.355","1558.918"
"6_sec20_1","6.0","37.318","1554.651"
"6_sec20_1","7.0","37.282","1548.179"
"6_sec20_1","8.0","37.249","1543.168"
"6_sec20_1","9.0","37.218","1538.15"
"6_sec20_1","10.0","37.188","1533.131"
"6_sec20_1","11.0","37.16","1528.258"
"6_sec20_1","12.0","37.133","1523.43"
"6_sec20_1","13.0","37.108","1518.656"
"6_sec20_1","14.0","37.084","1513.927"
"6_sec20_1","15.0","37.06","1509.25"
"6_sec20_1","16.0","37.038","1504.65"
"6_sec20_1","17.0","37.017","1500.055"
"6_sec20_1","18.0","36.996","1495.846"
"6_sec20_1","19.0","36.977","1491.678"
"6_sec20_1","20.0","36.958","1487.853"
"6_sec20_1","21.0","36.939","1483.772"
"6_sec20_1","22.0","36.921","1479.73"
"6_sec20_1","23.0","36.903","1475.704"
"6_sec20_1","24.0","36.887","1471.702"
"6_sec20_1","25.0","36.87","1467.722"
"6_sec20_1","26.0","36.854","1463.757"
"6_sec20_1","27.0","36.839","1459.823"
"6_sec20_1","28.0","36.823","1455.893"
"6_sec20_1","29.0","36.808","1451.975"
"6_sec20_1","30.0","36.794","1448.068"
"6_sec20_1","31.0","36.78","1444.174"
"6_sec20_1","32.0","36.766","1440.289"
"6_sec20_1","33.0","36.752","1436.413"
"6_sec20_1","34.0","36.739","1432.545"
"6_sec20_1","35.0","36.725","1428.69"
"6_sec20_1","36.0","36.712","1424.841"
"6_sec20_1","37.0","36.7","1420.987"
"6_sec20_1","38.0","36.687","1417.152"
"6_sec20_1","39.0","36.675","1413.319"
"6_sec20_1","40.0","36.662","1409.493"
"6_sec20_1","41.0","36.65","1405.67"
"6_sec20_1","42.0","36.639","1403.565"
"6_sec20_1","43.0","36.628","1401.77"
"6_sec20_1","44.0","36.617","1399.974"
"6_sec20_1","45.0","36.606","1398.194"
"6_sec20_1","46.0","36.596","1396.46"
"6_sec20_1","47.0","36.586","1394.69"
"6_sec20_1","48.0","36.576","1392.923"
"6_sec20_1","49.0","36.566","1391.169"
"6_sec20_1","50.0","36.557","1389.414"
"6_sec20_1","51.0","36.548","1387.662"
"6_sec20_1","52.0","36.538","1385.921"
"6_sec20_1","53.0","36.529","1384.18"
"6_sec20_1","54.0","36.52","1382.441"
"6_sec20_1","55.0","36.512","1380.746"
"6_sec20_1","56.0","36.503","1379.023"
"6_sec20_1","57.0","36.494","1377.297"
"6_sec20_1","58.0","36.486","1375.581"
"6_sec20_1","59.0","36.478","1373.86"
"6_sec20_1","60.0","36.469","1372.142"
"6_sec20_1","61.0","36.461","1370.434"
"6_sec20_1","62.0","36.453","1368.723"
"6_sec20_1","63.0","36.445","1367.011"
"6_sec20_1","64.0","36.437","1365.309"
"6_sec20_1","65.0","36.43","1363.616"
"6_sec20_1","66.0","36.422","1361.937"
"6_sec20_1","67.0","36.414","1360.239"
"6_sec20_1","68.0","36.406","1358.617"
"6_sec20_1","69.0","36.399","1356.924"
"6_sec20_1","70.0","36.391","1355.267"
"6_sec20_1","71.0","36.383","1353.567"
"6_sec20_1","72.0","36.376","1351.865"
"6_sec20_1","73.0","36.368","1350.187"
"6_sec20_1","74.0","36.36","1348.486"
"6_sec20_1","75.0","36.353","1346.804"
"6_sec20_1","76.0","36.346","1345.117"
"6_sec20_1","77.0","36.338","1343.419"
"6_sec20_1","78.0","36.331","1341.721"
"6_sec20_1","79.0","36.324","1340.024"
"6_sec20_1","80.0","36.316","1338.326"
"6_sec20_1","81.0","36.309","1336.632"
"6_sec20_1","82.0","36.302","1334.946"
"6_sec20_1","83.0","36.295","1333.253"
"6_sec20_1","84.0","36.288","1331.559"
"6_sec20_1","85.0","36.281","1329.874"
"6_sec20_1","86.0","36.274","1328.183"
"6_sec20_1","87.0","36.267","1326.492"
"6_sec20_1","88.0","36.261","1324.809"
"6_sec20_1","89.0","36.254","1323.12"
"6_sec20_1","90.0","36.248","1322.436"
"6_sec20_1","91.0","36.241","1321.95"
"6_sec20_1","92.0","36.235","1321.44"
"6_sec20_1","93.0","36.23","1320.946"
"6_sec20_1","94.0","36.224","1320.449"
"6_sec20_1","95.0","36.219","1319.943"
