"section_id","station_x","elevation_z"
"1","0.000000","38.845000"
"1","21.804000","36.881000"
"1","43.608000","34.326000"
"1","64.394000","34.042000"
"1","67.007000","34.006000"
"1","75.516000","31.038000"
"1","96.789000","31.038000"
"1","103.170000","32.127000"
"1","106.361000","34.025000"
"1","117.529000","35.942000"
"1","152.760000","35.984000"
"1","182.916000","36.000000"
"1","195.704000","35.791000"
"1","233.498000","35.409000"
"1","300.578000","35.383000"
"1","352.417000","35.484000"
"1","382.368000","36.261000"
"1","405.767000","36.994000"
"1","419.594000","38.365000"
"1","433.953000","39.501000"
"2","0.000000","38.845000"
"2","21.804000","36.881000"
"2","43.608000","34.326000"
"2","64.394000","34.042000"
"2","67.007000","34.006000"
"2","75.516000","31.038000"
"2","96.789000","31.038000"
"2","103.170000","32.127000"
"2","106.361000","34.025000"
"2","117.529000","35.942000"
"2","152.760000","35.984000"
"2","182.916000","36.000000"
"2","195.704000","35.791000"
"2","233.498000","35.409000"
"2","300.578000","35.383000"
"2","352.417000","35.484000"
"2","382.368000","36.261000"
"2","405.767000","36.994000"
"2","419.594000","38.365000"
"2","433.953000","39.501000"
"3","0.000000","38.845000"
"3","21.804000","36.881000"
"3","43.608000","34.326000"
"3","64.394000","34.042000"
"3","67.007000","34.006000"
"3","75.516000","31.038000"
"3","96.789000","31.038000"
"3","103.170000","32.127000"
"3","106.361000","34.025000"
"3","117.529000","35.942000"
"3","152.760000","35.984000"
"3","182.916000","36.000000"
"3","195.704000","35.791000"
"3","233.498000","35.409000"
"3","300.578000","35.383000"
"3","352.417000","35.484000"
"3","382.368000","36.261000"
"3","405.767000","36.994000"
"3","419.594000","38.365000"
"3","433.953000","39.501000"
"4","3.713000","38.898000"
"4","21.393000","37.451000"
"4","46.227000","37.247000"
"4","60.028000","36.555000"
"4","67.886000","34.006000"
"4","74.762000","31.044000"
"4","82.620000","29.069000"
"4","103.574000","28.977000"
"4","120.599000","33.891000"
"4","149.981000","34.645000"
"4","167.419000","34.971000"
"4","201.179000","34.634000"
"4","238.141000","36.004000"
"4","257.458000","38.186000"
"4","270.882000","39.680000"
"5","0.000000","38.444000"
"5","12.497000","38.418000"
"5","56.517000","36.768000"
"5","80.347000","35.828000"
"5","91.942000","35.349000"
"5","112.821000","35.365000"
"5","140.703000","34.862000"
"5","179.780000","34.424000"
"5","217.340000","34.000000"
"5","225.838000","30.029000"
"5","246.369000","30.029000"
"5","265.561000","34.063000"
"5","293.587000","34.542000"
"5","321.797000","35.115000"
"5","327.153000","36.635000"
"5","351.316000","39.173000"
"5","364.198000","43.192000"
"6","0.000000","38.038000"
"6","14.693000","37.388000"
"6","28.467000","36.010000"
"6","84.656000","35.332000"
"6","112.031000","33.004000"
"6","117.235000","31.050000"
"6","146.926000","30.975000"
"6","155.190000","33.079000"
"6","200.481000","35.351000"
"6","205.696000","36.236000"
"6","221.001000","37.113000"
"6","238.142000","40.420000"
"6","249.774000","42.115000"
"7","0.000000","38.960000"
"7","5.500000","38.980000"
"7","10.400000","36.260000"
"7","32.200000","36.020000"
"7","55.300000","35.820000"
"7","78.300000","33.820000"
"7","79.300000","35.220000"
"7","85.300000","35.220000"
"7","95.700000","31.040000"
"7","113.900000","30.040000"
"7","135.900000","29.540000"
"7","147.900000","31.040000"
"7","157.900000","35.550000"
"7","182.900000","35.700000"
"7","219.100000","35.880000"
"7","221.100000","34.380000"
"7","237.000000","34.500000"
"7","238.000000","35.100000"
"7","261.200000","35.040000"
"7","299.000000","36.500000"
"7","305.800000","39.270000"
"7","311.800000","39.270000"
"8","0.000000","38.329000"
"8","8.015000","36.956000"
"8","14.573000","37.219000"
"8","30.603000","35.056000"
"8","64.268000","36.017000"
"8","124.587000","36.211000"
"8","178.825000","36.262000"
"8","216.573000","36.353000"
"8","270.253000","35.715000"
"8","291.431000","35.361000"
"8","358.334000","34.237000"
"8","370.878000","34.004000"
"8","377.435000","32.981000"
"8","388.365000","30.117000"
"8","397.109000","29.971000"
"8","405.852000","30.994000"
"8","410.953000","33.069000"
"8","418.968000","34.092000"
"8","456.857000","34.881000"
"8","493.740000","35.995000"
"8","531.327000","38.982000"
"8","578.855000","43.179000"
"8","594.570000","43.175000"
"9","0.896000","39.177000"
"9","21.884000","36.446000"
"9","43.282000","37.067000"
"9","84.689000","37.722000"
"9","106.543000","37.541000"
"9","114.538000","37.833000"
"9","116.251000","38.681000"
"9","153.735000","36.037000"
"9","178.468000","35.678000"
"9","196.200000","35.173000"
"9","212.190000","33.010000"
"9","221.898000","30.029000"
"9","240.172000","29.942000"
"9","247.025000","33.040000"
"9","270.142000","33.765000"
"9","306.486000","35.000000"
"9","399.036000","35.926000"
"9","440.283000","36.924000"
"9","466.885000","43.182000"
"10","0.000000","38.142000"
"10","4.897000","38.128000"
"10","12.808000","37.020000"
"10","22.603000","34.991000"
"10","48.029000","33.207000"
"10","51.233000","33.018000"
"10","58.768000","30.951000"
"10","71.199000","31.026000"
"10","99.499000","30.941000"
"10","108.117000","33.018000"
"10","162.008000","33.066000"
"10","169.145000","33.206000"
"10","174.043000","32.999000"
"10","259.348000","34.380000"
"10","291.201000","35.028000"
"10","297.982000","37.396000"
"10","307.400000","39.452000"
"11","0.000000","37.973000"
"11","43.720000","36.384000"
"11","69.975000","36.087000"
"11","85.411000","36.005000"
"11","136.102000","33.070000"
"11","143.741000","30.055000"
"11","151.379000","29.698000"
"11","163.878000","29.678000"
"11","174.294000","29.976000"
"11","181.238000","32.951000"
"11","210.404000","33.480000"
"11","232.274000","33.945000"
"11","270.290000","34.618000"
"11","316.214000","34.617000"
"11","397.315000","34.412000"
"11","454.097000","34.410000"
"11","497.244000","35.927000"
"11","502.051000","34.101000"
"11","554.896000","37.042000"
"11","566.630000","38.954000"
"12","0.000000","37.699000"
"12","29.439000","35.981000"
"12","80.048000","35.000000"
"12","88.776000","34.950000"
"12","98.436000","29.992000"
"12","106.716000","29.000000"
"12","113.615000","29.020000"
"12","132.475000","30.983000"
"12","137.994000","33.026000"
"12","176.173000","34.038000"
"12","246.788000","34.381000"
"12","280.713000","34.600000"
"12","289.788000","34.672000"
"12","349.403000","36.793000"
"12","375.345000","38.220000"
"13","0.000000","38.291000"
"13","26.987000","36.133000"
"13","67.218000","35.000000"
"13","110.091000","33.972000"
"13","119.943000","33.765000"
"13","133.651000","33.126000"
"13","139.220000","30.064000"
"13","144.360000","29.876000"
"13","167.773000","29.849000"
"13","176.916000","30.007000"
"13","183.770000","31.003000"
"13","191.909000","32.995000"
"13","209.901000","34.028000"
"13","289.163000","34.592000"
"13","299.001000","34.723000"
"13","309.711000","36.133000"
"13","349.236000","38.389000"
"13","349.549000","38.407000"
"14","1.009000","38.334000"
"14","27.572000","34.698000"
"14","36.722000","34.086000"
"14","98.930000","34.383000"
"14","125.826000","34.565000"
"14","167.221000","34.816000"
"14","189.779000","35.027000"
"14","282.888000","35.004000"
"14","377.007000","34.000000"
"14","405.333000","31.950000"
"14","412.348000","30.205000"
"14","424.465000","28.735000"
"14","436.582000","29.056000"
"14","449.337000","28.965000"
"14","467.831000","35.004000"
"14","476.122000","38.633000"
"14","495.892000","38.380000"
"14","515.661000","38.403000"
"14","521.401000","38.382000"
"15","0.000000","38.025000"
"15","6.320000","37.002000"
"15","56.933000","34.873000"
"15","61.096000","34.981000"
"15","81.742000","32.134000"
"15","92.276000","28.758000"
"15","98.175000","28.023000"
"15","103.653000","28.023000"
"15","115.872000","31.996000"
"15","124.720000","33.006000"
"15","180.915000","33.500000"
"15","271.001000","33.852000"
"15","297.876000","33.988000"
"15","327.821000","38.526000"
"15","343.824000","38.526000"
"16","0.000000","39.013000"
"16","40.164000","34.000000"
"16","61.751000","33.209000"
"16","88.524000","31.908000"
"16","94.784000","29.002000"
"16","105.067000","28.025000"
"16","118.033000","28.025000"
"16","124.068000","28.401000"
"16","131.669000","31.958000"
"16","154.471000","36.192000"
"16","162.518000","38.046000"
"16","182.414000","38.021000"
"17","0.000000","38.517000"
"17","30.500000","33.029000"
"17","47.739000","32.006000"
"17","59.409000","29.042000"
"17","79.565000","29.000000"
"17","87.787000","30.086000"
"17","98.661000","30.942000"
"17","104.230000","32.048000"
"17","115.900000","33.050000"
"17","141.880000","33.409000"
"17","183.725000","34.000000"
"17","216.417000","38.066000"
"18","0.000000","38.352000"
"18","34.491000","35.551000"
"18","85.621000","35.490000"
"18","139.430000","35.879000"
"18","163.046000","35.493000"
"18","170.101000","35.931000"
"18","204.592000","35.463000"
"18","210.079000","34.733000"
"18","226.540000","35.025000"
"18","234.379000","35.697000"
"18","254.760000","35.873000"
"18","285.821000","35.445000"
"18","377.926000","35.194000"
"18","431.471000","36.596000"
"18","455.466000","37.531000"
"18","478.164000","37.802000"
"18","509.060000","33.447000"
"18","522.062000","32.015000"
"18","551.187000","31.095000"
"18","570.662000","25.088000"
"18","575.365000","25.058000"
"18","582.420000","28.273000"
"18","589.475000","31.898000"
"18","623.182000","35.025000"
"18","639.643000","38.220000"
"19","0.000000","38.787000"
"19","14.497000","35.004000"
"19","22.024000","33.764000"
"19","30.946000","31.996000"
"19","40.146000","32.019000"
"19","54.643000","28.046000"
"19","69.419000","28.023000"
"19","83.080000","32.065000"
"19","101.759000","34.040000"
"19","127.965000","34.545000"
"19","170.131000","34.720000"
"19","193.136000","35.655000"
"19","198.220000","38.196000"
"19","227.493000","38.254000"
"20","0.000000","38.472000"
"20","16.590000","33.324000"
"20","29.427000","32.947000"
"20","65.913000","32.489000"
"20","87.690000","31.995000"
"20","92.035000","30.884000"
"20","103.885000","29.059000"
"20","117.908000","29.000000"
"20","129.165000","31.459000"
"20","144.767000","34.236000"
"20","149.903000","35.128000"
"20","154.840000","36.715000"
"20","161.160000","38.171000"
"21","0.000000","38.714000"
"21","11.093000","35.743000"
"21","28.921000","31.935000"
"21","43.920000","29.054000"
"21","59.201000","27.852000"
"21","79.010000","32.061000"
"21","132.928000","34.351000"
"21","180.957000","37.103000"
"21","210.272000","38.500000"
"21","230.690000","38.501000"
"22","0.000000","38.190000"
"22","11.092000","37.599000"
"22","49.412000","33.948000"
"22","60.840000","33.695000"
"22","85.378000","33.603000"
"22","145.595000","33.750000"
"22","189.050000","32.454000"
"22","210.083000","30.021000"
"22","221.848000","28.046000"
"22","229.243000","29.079000"
"22","245.041000","32.455000"
"22","264.537000","35.395000"
"22","274.285000","37.185000"
"23","0.000000","38.500000"
"23","34.489000","38.334000"
"23","68.019000","34.775000"
"23","99.962000","33.409000"
"23","107.777000","32.983000"
"23","129.869000","33.000000"
"23","157.594000","33.006000"
"23","181.544000","31.996000"
"23","209.388000","31.679000"
"23","272.077000","30.962000"
"23","275.430000","29.929000"
"23","289.321000","28.023000"
"23","304.170000","31.996000"
"23","314.709000","32.088000"
"23","336.724000","35.083000"
"23","344.407000","35.923000"
"23","362.609000","36.336000"
"23","364.526000","37.415000"
"23","372.190000","37.990000"
"23","390.871000","38.030000"
"24","0.000000","37.782000"
"24","2.733000","37.576000"
"24","29.514000","34.017000"
"24","35.253000","32.317000"
"24","45.638000","32.019000"
"24","53.290000","30.365000"
"24","61.215000","28.069000"
"24","69.960000","28.069000"
"24","79.252000","29.010000"
"24","84.991000","30.090000"
"24","101.661000","31.445000"
"24","110.406000","31.973000"
"24","119.151000","32.088000"
"24","138.281000","32.823000"
"24","144.566000","32.777000"
"24","165.181000","35.888000"
"24","190.724000","34.718000"
"24","199.222000","33.121000"
"24","202.502000","31.996000"
"24","208.241000","33.213000"
"24","216.166000","36.175000"
"24","222.998000","38.021000"
"25","4.278000","37.901000"
"25","18.231000","37.816000"
"25","43.646000","37.610000"
"25","48.629000","36.875000"
"25","66.569000","31.019000"
"25","76.037000","27.092000"
"25","90.987000","27.023000"
"25","97.964000","31.019000"
"25","158.122000","31.947000"
"25","232.964000","33.000000"
"25","264.806000","34.454000"
"25","356.739000","36.264000"
"25","394.231000","37.512000"
"25","410.914000","37.512000"
"26","0.000000","37.092000"
"26","10.585000","36.622000"
"26","17.641000","36.645000"
"26","22.131000","37.311000"
"26","61.171000","34.708000"
"26","86.591000","33.000000"
"26","122.746000","32.196000"
"26","190.095000","31.000000"
"26","195.655000","27.965000"
"26","198.542000","27.069000"
"26","215.862000","27.023000"
"26","222.277000","31.042000"
"26","238.635000","33.040000"
"26","254.031000","36.140000"
"26","261.729000","37.742000"
"27","0.000000","37.541000"
"27","10.759000","34.305000"
"27","36.263000","34.242000"
"27","39.052000","34.952000"
"27","43.037000","35.077000"
"27","46.225000","34.326000"
"27","54.992000","34.326000"
"27","77.882000","33.789000"
"27","118.140000","33.000000"
"27","140.984000","32.471000"
"27","161.347000","32.000000"
"27","213.173000","31.000000"
"27","220.366000","28.021000"
"27","245.869000","28.000000"
"27","258.621000","32.008000"
"27","269.380000","30.839000"
"27","290.529000","36.415000"
"27","296.079000","37.624000"
"27","325.169000","37.591000"
"28","0.000000","38.463000"
"28","16.129000","34.666000"
"28","33.089000","32.010000"
"28","45.287000","27.075000"
"28","60.462000","27.025000"
"28","67.305000","28.052000"
"28","71.173000","30.006000"
"28","91.107000","32.612000"
"28","113.039000","32.941000"
"28","160.364000","33.000000"
"28","178.879000","32.987000"
"28","195.541000","31.985000"
"28","227.972000","37.923000"
"28","242.551000","37.901000"
"29","2.464000","37.868000"
"29","11.374000","37.756000"
"29","23.491000","33.413000"
"29","28.480000","33.088000"
"29","79.932000","34.229000"
"29","87.997000","34.200000"
"29","149.559000","33.101000"
"29","177.357000","32.151000"
"29","212.732000","31.459000"
"29","226.988000","30.998000"
"29","245.164000","25.081000"
"29","247.302000","25.081000"
"29","251.222000","26.547000"
"29","256.925000","31.025000"
"29","271.180000","32.192000"
"29","284.010000","35.259000"
"29","288.287000","36.914000"
"29","293.276000","36.931000"
"30","0.000000","37.228000"
"30","14.874000","36.372000"
"30","25.120000","35.846000"
"30","34.705000","35.770000"
"30","53.214000","32.063000"
"30","62.139000","30.885000"
"30","79.326000","26.752000"
"30","85.606000","27.002000"
"30","98.496000","31.812000"
"30","131.099000","32.410000"
"30","170.991000","33.000000"
"30","194.679000","33.215000"
"30","212.197000","33.240000"
"30","235.003000","37.624000"
"30","269.708000","37.499000"
"31","0.000000","37.791000"
"31","15.294000","37.582000"
"31","71.401000","34.731000"
"31","109.899000","33.036000"
"31","146.147000","31.967000"
"31","161.017000","31.946000"
"31","195.215000","31.273000"
"31","203.926000","31.006000"
"31","217.097000","29.002000"
"31","225.594000","28.084000"
"31","239.189000","28.084000"
"31","245.986000","29.754000"
"31","253.634000","31.027000"
"31","274.876000","32.342000"
"31","288.471000","33.136000"
"31","328.312000","36.814000"
"31","346.675000","37.512000"
"32","0.231000","37.925000"
"32","8.814000","36.768000"
"32","29.236000","34.889000"
"32","34.859000","33.031000"
"32","46.698000","30.923000"
"32","55.577000","28.104000"
"32","79.521000","28.000000"
"32","97.604000","30.985000"
"32","114.178000","31.800000"
"32","147.699000","32.935000"
"32","152.949000","33.094000"
"32","180.592000","32.751000"
"32","192.905000","34.597000"
"32","200.896000","34.033000"
"32","213.918000","36.309000"
"32","217.470000","37.061000"
"32","228.717000","37.603000"
"32","241.739000","37.629000"
"33","0.000000","37.588000"
"33","18.103000","37.599000"
"33","27.490000","36.422000"
"33","44.923000","36.221000"
"33","66.714000","36.146000"
"33","81.129000","35.645000"
"33","93.533000","34.543000"
"33","115.477000","31.845000"
"33","118.006000","31.812000"
"33","136.109000","33.065000"
"33","167.287000","32.138000"
"33","198.129000","30.960000"
"33","203.493000","28.681000"
"33","210.868000","27.303000"
"33","219.249000","26.000000"
"33","229.977000","26.025000"
"33","237.353000","27.203000"
"33","244.058000","29.532000"
"33","255.791000","32.789000"
"33","262.496000","34.944000"
"33","273.224000","37.048000"
"34","0.000000","36.994000"
"34","6.280000","36.860000"
"34","26.865000","30.971000"
"34","40.472000","25.136000"
"34","42.565000","24.946000"
"34","44.659000","25.109000"
"34","55.474000","26.954000"
"34","69.081000","30.998000"
"34","89.718000","31.251000"
"34","151.029000","32.000000"
"34","173.358000","32.000000"
"34","202.539000","32.059000"
"34","207.593000","32.219000"
"34","244.476000","36.827000"
"34","252.601000","36.887000"
"34","266.905000","35.177000"
"34","273.185000","35.015000"
"34","279.814000","36.372000"
"34","284.699000","36.829000"
"35","0.000000","37.263000"
"35","4.979000","37.073000"
"35","35.090000","31.962000"
"35","64.727000","30.960000"
"35","91.518000","27.052000"
"35","114.681000","26.695000"
"35","137.752000","31.562000"
"35","156.482000","32.013000"
"35","190.107000","36.808000"
"35","193.469000","36.808000"
"36","2.964000","37.087000"
"36","20.276000","36.707000"
"36","53.605000","33.334000"
"36","66.542000","32.006000"
"36","99.347000","31.509000"
"36","133.962000","31.000000"
"36","138.180000","29.011000"
"36","144.448000","28.020000"
"36","166.537000","28.040000"
"36","198.656000","29.000000"
"36","207.728000","29.963000"
"36","229.518000","33.533000"
"36","246.532000","36.532000"
"37","0.000000","36.878000"
"37","13.473000","35.198000"
"37","15.719000","35.566000"
"37","23.204000","35.635000"
"37","45.325000","34.367000"
"37","68.959000","31.000000"
"37","93.939000","29.985000"
"37","106.290000","28.424000"
"37","112.652000","27.092000"
"37","118.640000","27.069000"
"37","148.955000","29.939000"
"37","172.534000","30.651000"
"37","193.118000","31.363000"
"37","209.211000","31.983000"
"37","215.948000","33.017000"
"37","252.251000","33.040000"
"37","261.608000","31.960000"
"37","288.459000","37.201000"
"37","305.396000","37.393000"
"38","2.571000","37.580000"
"38","13.785000","37.386000"
"38","26.358000","36.539000"
"38","73.957000","34.531000"
"38","109.163000","33.216000"
"38","136.130000","31.199000"
"38","162.594000","31.002000"
"38","217.999000","30.000000"
"38","225.490000","26.017000"
"38","240.442000","24.585000"
"38","249.957000","29.378000"
"38","266.268000","33.733000"
"38","279.861000","37.026000"
"39","0.000000","36.785000"
"39","20.922000","36.507000"
"39","38.991000","35.540000"
"39","65.303000","34.142000"
"39","107.226000","34.411000"
"39","126.801000","35.267000"
"39","139.481000","35.497000"
"39","143.285000","36.530000"
"39","186.791000","33.453000"
"39","212.392000","31.708000"
"39","225.072000","31.455000"
"39","321.336000","31.000000"
"39","355.043000","29.962000"
"39","367.089000","28.033000"
"39","368.357000","27.115000"
"39","378.501000","27.046000"
"39","386.109000","28.033000"
"39","400.691000","28.975000"
"39","415.273000","29.159000"
"39","437.481000","29.996000"
"39","469.164000","31.317000"
"39","479.308000","31.042000"
"39","493.890000","37.173000"
"39","517.348000","37.292000"
"40","3.701000","36.174000"
"40","13.951000","36.102000"
"40","29.327000","33.013000"
"40","73.744000","31.092000"
"40","111.477000","30.377000"
"40","128.412000","30.006000"
"40","135.673000","27.689000"
"40","137.808000","27.000000"
"40","162.153000","27.021000"
"40","173.684000","28.023000"
"40","183.080000","30.090000"
"40","226.126000","30.831000"
"40","236.894000","31.071000"
"40","295.682000","34.506000"
"40","331.048000","36.621000"
"40","352.209000","36.720000"
"41","0.000000","39.912000"
"41","5.011000","37.119000"
"41","19.513000","37.044000"
"41","43.053000","34.845000"
"41","59.795000","33.161000"
"41","90.812000","32.033000"
"41","131.822000","31.000000"
"41","166.958000","30.773000"
"41","213.424000","30.290000"
"41","220.922000","30.079000"
"41","235.827000","28.125000"
"41","276.660000","28.000000"
"41","286.582000","28.100000"
"41","311.556000","35.841000"
"41","324.044000","36.167000"
"42","0.000000","36.526000"
"42","33.465000","32.186000"
"42","35.645000","31.795000"
"42","65.772000","31.954000"
"42","120.866000","33.000000"
"42","147.467000","32.104000"
"42","193.794000","31.018000"
"42","218.383000","30.000000"
"42","225.750000","28.019000"
"42","260.402000","28.000000"
"42","270.504000","28.056000"
"42","282.386000","29.071000"
"42","292.683000","30.593000"
"42","304.961000","33.693000"
"42","323.179000","36.853000"
"43","0.000000","37.771000"
"43","58.313000","32.009000"
"43","109.398000","31.000000"
"43","143.744000","30.200000"
"43","152.806000","29.939000"
"43","172.294000","27.344000"
"43","178.171000","26.977000"
"43","208.886000","28.000000"
"43","218.074000","29.457000"
"43","230.447000","32.879000"
"43","233.540000","32.902000"
"43","243.748000","35.175000"
"43","252.409000","36.397000"
"44","0.000000","36.153000"
"44","13.421000","35.948000"
"44","38.026000","31.006000"
"44","50.328000","31.138000"
"44","77.170000","29.334000"
"44","96.183000","28.019000"
"44","120.916000","28.000000"
"44","131.227000","28.019000"
"44","145.020000","29.597000"
"44","147.257000","30.029000"
"44","148.748000","30.931000"
"44","154.340000","30.574000"
"44","172.608000","32.434000"
"44","177.454000","32.998000"
"44","203.334000","33.955000"
"44","214.734000","34.482000"
"44","230.019000","34.125000"
"44","238.594000","34.200000"
"44","296.309000","35.294000"
"44","304.207000","36.547000"
"45","0.000000","36.096000"
"45","9.756000","35.948000"
"45","28.008000","34.044000"
"45","51.262000","31.000000"
"45","54.128000","31.138000"
"45","70.807000","30.737000"
"45","86.541000","29.785000"
"45","102.906000","27.956000"
"45","114.549000","27.029000"
"45","120.843000","25.376000"
"45","125.249000","25.551000"
"45","130.599000","27.029000"
"45","140.040000","28.157000"
"45","151.369000","29.058000"
"45","157.977000","30.061000"
"45","190.076000","31.188000"
"45","229.728000","32.967000"
"45","237.596000","34.745000"
"45","247.351000","35.672000"
"45","256.792000","36.190000"
"46","0.000000","36.742000"
"46","51.924000","32.466000"
"46","70.492000","31.029000"
"46","111.743000","31.016000"
"46","120.083000","31.029000"
"46","127.460000","30.633000"
"46","153.280000","29.610000"
"46","171.722000","29.025000"
"46","196.313000","27.042000"
"46","201.640000","27.000000"
"46","209.018000","27.939000"
"46","219.673000","30.027000"
"46","240.985000","30.967000"
"46","281.969000","31.551000"
"46","296.313000","31.468000"
"46","330.648000","36.218000"
"46","334.428000","36.218000"
"47","2.535000","36.600000"
"47","33.277000","33.630000"
"47","61.188000","31.150000"
"47","102.739000","30.049000"
"47","113.396000","30.846000"
"47","140.045000","29.673000"
"47","153.553000","29.376000"
"47","185.472000","27.929000"
"47","201.604000","26.942000"
"47","213.616000","26.896000"
"47","230.778000","28.549000"
"47","237.985000","29.353000"
"47","241.074000","29.330000"
"47","257.549000","29.996000"
"47","263.384000","31.810000"
"47","270.248000","34.106000"
"47","282.604000","36.013000"
"48","0.000000","36.442000"
"48","9.720000","36.234000"
"48","42.643000","32.045000"
"48","49.483000","30.963000"
"48","60.970000","30.023000"
"48","64.946000","30.946000"
"48","75.992000","28.089000"
"48","106.233000","28.000000"
"48","121.057000","28.035000"
"48","131.660000","28.994000"
"48","167.889000","30.058000"
"48","209.358000","30.808000"
"48","283.609000","31.736000"
"48","304.445000","31.800000"
"48","341.233000","34.525000"
"48","360.519000","36.111000"
"49","0.000000","36.380000"
"49","8.765000","36.196000"
"49","44.268000","30.666000"
"49","57.284000","27.975000"
"49","60.727000","26.712000"
"49","64.484000","26.046000"
"49","98.917000","26.000000"
"49","114.568000","26.942000"
"49","133.976000","27.676000"
"49","154.010000","29.031000"
"49","156.514000","29.031000"
"49","206.912000","29.996000"
"49","215.363000","34.497000"
"49","218.494000","34.681000"
"49","224.754000","34.772000"
"49","239.467000","31.121000"
"49","247.605000","33.716000"
"49","255.431000","36.093000"
"50","0.000000","36.303000"
"50","8.533000","30.035000"
"50","19.005000","29.209000"
"50","25.598000","27.731000"
"50","32.967000","25.902000"
"50","39.173000","25.075000"
"50","60.893000","25.025000"
"50","67.486000","28.582000"
"50","71.753000","29.585000"
"50","114.474000","30.000000"
"50","153.829000","31.000000"
"50","180.462000","32.282000"
"50","219.153000","34.029000"
"50","243.280000","35.145000"
"50","311.851000","36.594000"
"50","316.487000","36.881000"
"51","0.000000","36.318000"
"51","14.281000","36.299000"
"51","28.298000","30.010000"
"51","52.100000","29.008000"
"51","74.050000","25.301000"
"51","89.654000","27.154000"
"51","106.844000","28.983000"
"51","126.150000","29.735000"
"51","139.902000","30.061000"
"51","157.093000","30.937000"
"51","177.631000","32.956000"
"51","215.804000","36.124000"
"52","1.512000","36.100000"
"52","24.185000","30.000000"
"52","40.899000","29.318000"
"52","49.925000","29.025000"
"52","56.380000","27.835000"
"52","64.449000","27.084000"
"52","77.174000","27.000000"
"52","86.719000","27.063000"
"52","95.712000","27.422000"
"52","107.052000","27.835000"
"52","125.772000","28.315000"
"52","146.106000","28.608000"
"52","172.894000","29.004000"
"52","199.854000","30.000000"
"52","212.738000","30.744000"
"52","254.406000","36.541000"
"52","264.879000","36.601000"
"53","0.000000","36.065000"
"53","40.313000","33.869000"
"53","43.341000","34.313000"
"53","64.679000","34.286000"
"53","95.618000","31.760000"
"53","107.353000","31.029000"
"53","154.267000","30.076000"
"53","164.030000","29.781000"
"53","195.982000","30.666000"
"53","204.705000","30.731000"
"53","230.888000","29.000000"
"53","245.379000","28.044000"
"53","256.714000","26.578000"
"53","270.717000","25.140000"
"53","285.386000","24.787000"
"53","318.797000","24.858000"
"53","346.731000","26.958000"
"53","354.733000","28.912000"
"53","375.403000","30.405000"
"53","445.920000","32.705000"
"53","491.278000","33.300000"
"53","535.232000","34.674000"
"53","544.101000","35.832000"
"54","0.000000","36.094000"
"54","35.060000","35.925000"
"54","54.581000","34.341000"
"54","73.655000","32.018000"
"54","100.362000","31.142000"
"54","109.305000","30.689000"
"54","121.679000","29.896000"
"54","128.455000","28.507000"
"54","138.177000","27.099000"
"54","167.285000","27.000000"
"54","192.388000","28.388000"
"54","203.289000","28.983000"
"54","216.547000","30.709000"
"54","222.734000","30.034000"
"54","233.635000","34.100000"
"54","240.411000","35.910000"
"55","0.000000","36.094000"
"55","35.060000","35.925000"
"55","54.581000","34.341000"
"55","73.655000","32.018000"
"55","100.362000","31.142000"
"55","109.305000","30.689000"
"55","121.679000","29.896000"
"55","128.455000","28.507000"
"55","138.177000","27.099000"
"55","167.285000","27.000000"
"55","192.388000","28.388000"
"55","203.289000","28.983000"
"55","216.547000","30.709000"
"55","222.734000","30.034000"
"55","233.635000","34.100000"
"55","240.411000","35.910000"
"56","0.000000","36.094000"
"56","35.060000","35.925000"
"56","54.581000","34.341000"
"56","73.655000","32.018000"
"56","100.362000","31.142000"
"56","109.305000","30.689000"
"56","121.679000","29.896000"
"56","128.455000","28.507000"
"56","138.177000","27.099000"
"56","167.285000","27.000000"
"56","192.388000","28.388000"
"56","203.289000","28.983000"
"56","216.547000","30.709000"
"56","222.734000","30.034000"
"56","233.635000","34.100000"
"56","240.411000","35.910000"
"57","0.000000","36.159000"
"57","29.927000","35.724000"
"57","33.928000","34.395000"
"57","45.182000","34.720000"
"57","56.436000","34.829000"
"57","61.688000","35.290000"
"57","75.944000","35.887000"
"57","85.697000","36.539000"
"57","90.199000","36.593000"
"57","94.701000","36.484000"
"57","108.956000","32.386000"
"57","156.452000","30.252000"
"57","205.831000","29.098000"
"57","226.000000","25.846000"
"57","241.005000","24.814000"
"57","266.515000","24.081000"
"57","292.775000","23.973000"
"57","313.032000","25.058000"
"57","328.788000","26.144000"
"57","350.546000","29.048000"
"57","496.475000","30.434000"
"57","556.252000","31.000000"
"57","611.644000","36.042000"
"58","0.000000","35.987000"
"58","45.719000","36.173000"
"58","83.923000","36.073000"
"58","105.644000","34.666000"
"58","148.430000","30.987000"
"58","174.046000","30.661000"
"58","207.414000","30.245000"
"58","276.048000","29.087000"
"58","333.185000","25.701000"
"58","345.711000","25.175000"
"58","353.853000","25.150000"
"58","391.877000","25.000000"
"58","402.703000","25.125000"
"58","423.629000","25.943000"
"58","440.280000","29.134000"
"58","454.685000","30.186000"
"58","468.463000","31.088000"
"58","496.656000","35.278000"
"58","511.051000","35.556000"
"59","0.000000","35.879000"
"59","22.826000","34.599000"
"59","78.923000","30.000000"
"59","153.920000","29.401000"
"59","201.282000","29.065000"
"59","214.770000","26.975000"
"59","237.829000","26.000000"
"59","258.865000","25.712000"
"59","318.320000","25.639000"
"59","339.792000","26.033000"
"59","350.168000","26.952000"
"59","360.543000","29.042000"
"59","383.888000","30.374000"
"59","396.857000","31.660000"
"59","423.314000","35.448000"
"60","0.000000","37.105000"
"60","35.385000","35.547000"
"60","96.674000","32.000000"
"60","120.111000","31.530000"
"60","140.186000","31.072000"
"60","197.372000","30.246000"
"60","220.261000","29.933000"
"60","238.430000","30.029000"
"60","285.716000","30.062000"
"60","296.740000","29.670000"
"60","307.753000","27.946000"
"60","321.826000","26.543000"
"60","342.628000","25.228000"
"60","390.552000","24.175000"
"60","415.436000","24.877000"
"60","425.226000","25.929000"
"60","435.627000","29.261000"
"60","450.923000","30.109000"
"60","458.265000","32.008000"
"60","478.914000","34.984000"
"60","499.258000","35.781000"
"61","0.000000","36.265000"
"61","5.246000","33.443000"
"61","40.167000","33.324000"
"61","61.637000","33.242000"
"61","96.933000","30.917000"
"61","126.786000","31.000000"
"61","157.366000","31.000000"
"61","263.272000","30.453000"
"61","282.614000","30.236000"
"61","286.548000","30.687000"
"61","313.165000","29.955000"
"61","331.137000","29.559000"
"61","342.940000","28.232000"
"61","354.087000","26.077000"
"61","370.480000","25.025000"
"61","426.113000","25.000000"
"61","444.576000","25.050000"
"61","462.280000","26.077000"
"61","474.739000","28.557000"
"61","486.542000","30.010000"
"61","492.443000","33.267000"
"61","503.591000","34.996000"
"61","519.984000","35.597000"
"61","535.065000","35.692000"
"62","0.000000","36.539000"
"62","12.194000","36.223000"
"62","29.801000","35.096000"
"62","86.552000","30.924000"
"62","187.207000","31.183000"
"62","215.350000","31.133000"
"62","298.691000","30.099000"
"62","387.202000","29.673000"
"62","401.991000","26.779000"
"62","416.687000","25.902000"
"62","452.805000","25.066000"
"62","480.087000","25.233000"
"62","516.020000","25.955000"
"62","556.650000","31.013000"
"62","569.947000","35.826000"
"63","0.000000","36.499000"
"63","11.108000","32.641000"
"63","39.466000","30.362000"
"63","130.783000","30.917000"
"63","156.027000","31.000000"
"63","259.421000","31.000000"
"63","288.810000","30.887000"
"63","357.005000","30.000000"
"63","428.947000","29.182000"
"63","450.304000","28.783000"
"63","475.938000","26.904000"
"63","507.409000","26.000000"
"63","582.949000","25.862000"
"63","607.526000","26.052000"
"63","631.451000","27.029000"
"63","640.850000","28.132000"
"63","666.484000","29.985000"
"63","698.099000","35.497000"
"64","0.000000","36.553000"
"64","58.380000","30.410000"
"64","74.261000","31.388000"
"64","82.399000","29.960000"
"64","110.272000","29.586000"
"64","131.228000","27.831000"
"64","142.418000","27.831000"
"64","177.827000","29.000000"
"64","194.298000","30.987000"
"64","230.041000","31.000000"
"64","285.722000","31.000000"
"64","385.899000","29.094000"
"64","396.735000","28.557000"
"64","407.925000","26.027000"
"64","460.882000","25.835000"
"64","484.220000","26.002000"
"64","530.379000","26.801000"
"64","546.274000","27.079000"
"64","566.184000","27.800000"
"64","602.236000","28.942000"
"64","628.859000","29.437000"
"64","660.451000","30.000000"
"64","689.202000","30.263000"
"64","746.022000","31.325000"
"64","801.135000","34.826000"
"64","830.092000","35.675000"
"65","0.000000","36.634000"
"65","19.711000","31.029000"
"65","43.005000","28.994000"
"65","111.760000","29.000000"
"65","131.405000","30.975000"
"65","166.493000","31.000000"
"65","190.051000","31.000000"
"65","207.859000","31.002000"
"65","236.763000","30.221000"
"65","293.116000","29.485000"
"65","312.983000","25.357000"
"65","327.915000","24.678000"
"65","404.688000","24.851000"
"65","412.731000","25.058000"
"65","419.301000","26.225000"
"65","425.872000","28.939000"
"65","440.207000","30.052000"
"65","464.742000","33.058000"
"65","485.696000","34.661000"
"65","487.393000","35.201000"
"66","3.499000","35.973000"
"66","36.459000","29.985000"
"66","47.446000","29.960000"
"66","73.895000","29.400000"
"66","98.259000","26.979000"
"66","120.012000","26.119000"
"66","136.255000","25.952000"
"66","197.011000","25.888000"
"66","215.450000","25.952000"
"66","247.163000","27.000000"
"66","274.046000","28.983000"
"66","303.298000","29.374000"
"66","349.066000","30.000000"
"66","377.046000","36.083000"
"67","0.000000","35.957000"
"67","7.933000","35.729000"
"67","27.099000","31.420000"
"67","32.865000","30.056000"
"67","43.820000","29.839000"
"67","59.308000","25.280000"
"67","78.196000","23.923000"
"67","108.416000","23.109000"
"67","157.976000","24.923000"
"67","186.497000","26.000000"
"67","191.900000","29.025000"
"67","220.574000","29.323000"
"67","275.869000","30.000000"
"67","308.249000","35.399000"
"68","0.000000","36.433000"
"68","29.151000","35.296000"
"68","49.444000","31.249000"
"68","72.554000","29.860000"
"68","91.341000","29.660000"
"68","95.228000","31.338000"
"68","177.392000","30.362000"
"68","224.976000","30.532000"
"68","252.215000","30.629000"
"68","293.468000","29.298000"
"68","303.821000","27.405000"
"68","323.255000","26.052000"
"68","348.236000","26.000000"
"68","374.122000","26.000000"
"68","436.014000","25.943000"
"68","448.282000","26.628000"
"68","456.056000","27.455000"
"68","463.182000","29.008000"
"68","492.333000","30.061000"
"68","493.628000","30.537000"
"68","509.176000","31.088000"
"68","529.906000","35.597000"
"69","0.000000","36.989000"
"69","23.562000","36.749000"
"69","42.030000","36.468000"
"69","57.951000","35.027000"
"69","104.554000","33.437000"
"69","114.628000","33.430000"
"69","171.888000","30.338000"
"69","178.310000","29.891000"
"69","205.693000","29.453000"
"69","239.270000","29.506000"
"69","264.937000","29.398000"
"69","299.305000","27.919000"
"69","387.823000","22.846000"
"69","403.744000","22.846000"
"69","413.296000","22.939000"
"69","428.580000","23.973000"
"69","446.411000","29.046000"
"69","459.784000","30.048000"
"69","485.894000","34.808000"
"69","498.630000","34.871000"
"69","514.550000","35.559000"
"69","519.645000","35.821000"
"70","0.000000","40.400000"
"70","109.393000","36.455000"
"70","138.269000","35.914000"
"70","153.632000","34.044000"
"70","159.218000","34.190000"
"70","195.531000","31.238000"
"70","230.164000","30.016000"
"70","262.702000","29.008000"
"70","304.116000","28.275000"
"70","341.481000","27.994000"
"70","384.128000","28.126000"
"70","414.562000","28.259000"
"70","427.375000","28.198000"
"70","453.627000","27.463000"
"70","470.672000","26.971000"
"70","504.890000","27.029000"
"70","521.650000","34.015000"
"70","565.290000","39.284000"
"70","569.834000","39.284000"
"71","0.000000","40.619000"
"71","33.868000","38.325000"
"71","98.040000","34.000000"
"71","146.035000","34.000000"
"71","184.766000","34.000000"
"71","245.168000","35.640000"
"71","284.128000","36.785000"
"71","309.455000","36.756000"
"71","367.097000","36.725000"
"71","474.486000","36.491000"
"71","501.116000","36.315000"
"71","533.177000","36.056000"
"71","566.891000","35.350000"
"71","606.462000","34.319000"
"71","616.021000","31.580000"
"71","637.263000","29.008000"
"71","677.929000","28.017000"
"71","710.556000","27.384000"
"71","770.338000","25.830000"
"71","822.070000","26.971000"
"71","840.125000","34.019000"
"71","848.622000","35.388000"
"71","866.678000","37.755000"
"72","0.000000","39.291000"
"72","17.395000","37.282000"
"72","57.016000","35.704000"
"72","106.302000","34.008000"
"72","118.865000","29.127000"
"72","131.428000","26.058000"
"72","158.487000","25.971000"
"72","206.806000","26.994000"
"72","247.394000","27.140000"
"72","292.813000","28.134000"
"72","358.527000","29.273000"
"72","387.519000","30.004000"
"72","418.443000","32.050000"
"72","435.838000","34.038000"
"72","453.233000","35.119000"
"72","509.363000","35.471000"
"72","642.442000","35.264000"
"72","669.635000","35.403000"
"72","709.377000","36.225000"
"72","736.609000","36.112000"
"72","788.567000","37.790000"
"73","0.000000","39.160000"
"73","19.866000","36.242000"
"73","57.390000","32.797000"
"73","72.841000","29.760000"
"73","82.774000","27.944000"
"73","119.194000","25.219000"
"73","156.883000","25.144000"
"73","181.743000","25.478000"
"73","211.901000","25.939000"
"73","227.352000","27.411000"
"73","253.840000","31.044000"
"73","284.324000","32.000000"
"73","300.193000","33.111000"
"73","337.271000","34.000000"
"73","364.851000","34.683000"
"73","401.729000","34.739000"
"73","463.534000","31.200000"
"73","487.155000","34.057000"
"73","496.643000","35.459000"
"73","582.117000","35.897000"
"73","615.168000","35.835000"
"73","646.836000","35.685000"
"73","710.067000","35.092000"
"73","751.329000","34.710000"
"73","847.474000","33.759000"
"73","900.580000","38.129000"
"74","5.742000","38.014000"
"74","58.238000","34.753000"
"74","96.012000","34.905000"
"74","108.940000","34.929000"
"74","150.848000","33.188000"
"74","187.696000","24.971000"
"74","206.706000","24.532000"
"74","217.569000","24.313000"
"74","278.673000","26.035000"
"74","357.432000","29.068000"
"74","403.499000","30.000000"
"74","436.185000","30.921000"
"74","461.984000","31.985000"
"74","475.563000","33.927000"
"74","609.260000","34.497000"
"74","640.902000","34.529000"
"74","700.953000","34.424000"
"74","800.907000","34.309000"
"74","829.685000","34.217000"
"74","931.745000","34.416000"
"74","984.915000","34.575000"
"74","1042.116000","34.095000"
"74","1070.307000","34.522000"
"74","1094.749000","35.305000"
"74","1113.759000","37.063000"
"75","0.000000","37.766000"
"75","37.739000","35.552000"
"75","48.954000","34.841000"
"75","102.396000","34.613000"
"75","148.106000","32.415000"
"75","180.126000","29.981000"
"75","184.519000","27.025000"
"75","197.072000","26.950000"
"75","218.289000","27.596000"
"75","244.770000","28.228000"
"75","269.875000","28.954000"
"75","279.917000","30.006000"
"75","290.586000","33.038000"
"75","331.592000","35.296000"
"75","353.740000","35.793000"
"75","385.356000","35.994000"
"75","429.917000","35.994000"
"75","455.022000","36.520000"
"75","486.620000","37.582000"
"75","512.135000","38.211000"
"76","0.000000","37.766000"
"76","37.739000","35.552000"
"76","48.954000","34.841000"
"76","102.396000","34.613000"
"76","148.106000","32.415000"
"76","180.126000","29.981000"
"76","184.519000","27.025000"
"76","197.072000","26.950000"
"76","218.289000","27.596000"
"76","244.770000","28.228000"
"76","269.875000","28.954000"
"76","279.917000","30.006000"
"76","290.586000","33.038000"
"76","331.592000","35.296000"
"76","353.740000","35.793000"
"76","385.356000","35.994000"
"76","429.917000","35.994000"
"76","455.022000","36.520000"
"76","486.620000","37.582000"
"76","512.135000","38.211000"
"77","0.000000","37.766000"
"77","37.739000","35.552000"
"77","48.954000","34.841000"
"77","102.396000","34.613000"
"77","148.106000","32.415000"
"77","180.126000","29.981000"
"77","184.519000","27.025000"
"77","197.072000","26.950000"
"77","218.289000","27.596000"
"77","244.770000","28.228000"
"77","269.875000","28.954000"
"77","279.917000","30.006000"
"77","290.586000","33.038000"
"77","331.592000","35.296000"
"77","353.740000","35.793000"
"77","385.356000","35.994000"
"77","429.917000","35.994000"
"77","455.022000","36.520000"
"77","486.620000","37.582000"
"77","512.135000","38.211000"
"78","0.000000","37.943000"
"78","27.017000","35.965000"
"78","65.348000","34.618000"
"78","77.819000","35.042000"
"78","99.697000","35.028000"
"78","147.517000","34.942000"
"78","194.908000","36.000000"
"78","290.230000","36.000000"
"78","323.455000","34.365000"
"78","367.771000","32.951000"
"78","397.890000","31.960000"
"78","403.980000","29.806000"
"78","421.574000","27.927000"
"78","443.228000","27.025000"
"78","463.528000","27.025000"
"78","477.739000","32.010000"
"78","494.656000","35.217000"
"78","519.693000","36.044000"
"78","528.490000","35.543000"
"78","550.821000","38.073000"
"79","0.000000","37.439000"
"79","80.416000","34.072000"
"79","110.423000","34.577000"
"79","137.485000","34.886000"
"79","193.472000","36.970000"
"79","209.744000","36.374000"
"79","245.448000","35.871000"
"79","282.663000","35.000000"
"79","331.648000","33.171000"
"79","340.194000","32.705000"
"79","352.344000","29.749000"
"79","367.691000","28.976000"
"79","391.587000","28.699000"
"79","431.991000","28.549000"
"79","438.032000","28.678000"
"79","453.379000","28.480000"
"79","463.611000","28.540000"
"79","474.482000","32.447000"
"79","499.421000","35.640000"
"79","521.802000","37.946000"
"80","0.000000","38.672000"
"80","17.959000","36.620000"
"80","24.206000","34.720000"
"80","45.289000","33.739000"
"80","50.755000","32.361000"
"80","60.906000","32.132000"
"80","96.043000","32.111000"
"80","111.660000","34.073000"
"80","148.004000","35.543000"
"80","163.977000","35.514000"
"80","196.186000","35.930000"
"80","219.416000","35.994000"
"80","247.526000","35.681000"
"80","302.111000","34.097000"
"80","313.117000","31.025000"
"80","332.638000","29.898000"
"80","400.777000","29.000000"
"80","443.270000","29.000000"
"80","451.326000","29.042000"
"80","463.039000","32.006000"
"80","501.300000","34.052000"
"80","539.770000","34.329000"
"80","559.082000","34.762000"
"80","601.806000","36.721000"
"80","637.166000","37.450000"
"81","0.000000","37.700000"
"81","48.312000","33.274000"
"81","87.443000","33.938000"
"81","188.596000","36.560000"
"81","199.236000","36.413000"
"81","226.054000","34.768000"
"81","245.281000","34.326000"
"81","284.943000","34.570000"
"81","335.746000","35.025000"
"81","366.250000","35.172000"
"81","380.762000","35.119000"
"81","389.617000","33.658000"
"81","397.586000","31.445000"
"81","417.067000","28.042000"
"81","482.593000","28.021000"
"81","493.219000","31.006000"
"81","528.639000","33.992000"
"81","549.891000","35.056000"
"81","619.845000","35.056000"
"81","649.963000","34.417000"
"81","668.547000","34.033000"
"81","716.377000","37.900000"
"81","722.562000","37.900000"
"82","0.000000","38.159000"
"82","8.416000","37.622000"
"82","16.338000","35.342000"
"82","43.072000","27.852000"
"82","52.478000","28.027000"
"82","64.855000","28.653000"
"82","91.406000","28.330000"
"82","106.442000","28.478000"
"82","135.016000","28.263000"
"82","156.445000","29.205000"
"82","164.366000","32.486000"
"82","178.229000","33.188000"
"82","197.537000","33.163000"
"82","203.478000","33.614000"
"82","261.897000","33.589000"
"82","283.263000","32.960000"
"82","290.117000","32.812000"
"82","327.174000","33.240000"
"82","378.364000","36.049000"
"82","403.985000","38.305000"
"83","4.084000","37.400000"
"83","60.286000","35.281000"
"83","87.171000","34.540000"
"83","92.183000","34.555000"
"83","119.200000","34.100000"
"83","131.568000","34.165000"
"83","144.006000","33.132000"
"83","155.925000","31.960000"
"83","165.771000","29.067000"
"83","189.076000","28.388000"
"83","225.367000","27.413000"
"83","248.688000","27.804000"
"83","260.607000","27.965000"
"83","267.344000","29.021000"
"83","270.453000","30.445000"
"83","279.781000","32.649000"
"83","292.219000","35.015000"
"83","296.883000","34.073000"
"83","305.174000","33.981000"
"83","311.911000","34.050000"
"83","316.575000","34.992000"
"83","324.867000","35.772000"
"83","335.750000","35.749000"
"83","340.932000","34.969000"
"83","382.522000","35.547000"
"83","406.229000","36.301000"
"83","416.075000","37.311000"
"83","426.958000","37.426000"
"84","0.000000","38.000000"
"84","19.504000","37.854000"
"84","86.121000","35.153000"
"84","110.170000","34.197000"
"84","121.164000","33.532000"
"84","169.630000","34.221000"
"84","220.407000","34.585000"
"84","288.153000","34.180000"
"84","304.388000","33.825000"
"84","309.708000","31.883000"
"84","311.481000","29.962000"
"84","321.529000","28.021000"
"84","386.744000","28.000000"
"84","404.866000","28.084000"
"84","417.278000","28.960000"
"84","419.051000","30.025000"
"84","436.191000","33.261000"
"84","445.648000","34.994000"
"84","453.332000","35.077000"
"84","471.063000","36.079000"
"84","482.293000","37.411000"
"85","0.000000","38.038000"
"85","19.676000","34.466000"
"85","57.150000","33.262000"
"85","96.673000","33.677000"
"85","124.860000","33.724000"
"85","175.314000","35.647000"
"85","200.468000","35.973000"
"85","207.491000","33.990000"
"85","262.476000","34.281000"
"85","311.354000","34.866000"
"85","340.750000","35.994000"
"85","374.834000","36.000000"
"85","384.574000","36.019000"
"85","407.827000","34.265000"
"85","443.726000","33.393000"
"85","458.806000","32.311000"
"85","460.594000","30.332000"
"85","471.327000","28.954000"
"85","486.531000","28.052000"
"85","564.777000","27.894000"
"85","581.333000","28.954000"
"85","587.593000","30.106000"
"85","599.220000","32.186000"
"85","629.628000","33.814000"
"85","683.653000","34.876000"
"85","729.796000","36.671000"
"86","0.000000","37.847000"
"86","11.784000","38.024000"
"86","22.125000","37.905000"
"86","44.009000","34.791000"
"86","57.476000","33.978000"
"86","90.012000","34.672000"
"86","93.790000","31.915000"
"86","103.650000","29.575000"
"86","115.915000","29.317000"
"86","127.458000","29.992000"
"86","135.875000","31.697000"
"86","140.925000","32.510000"
"86","157.038000","34.057000"
"86","158.962000","34.692000"
"86","181.525000","36.068000"
"86","196.237000","36.588000"
"87","0.000000","38.042000"
"87","39.951000","35.095000"
"87","70.112000","33.000000"
"87","114.128000","33.495000"
"87","148.152000","33.927000"
"87","166.033000","34.741000"
"87","191.166000","35.557000"
"87","203.071000","35.868000"
"87","257.549000","34.772000"
"87","277.928000","34.804000"
"87","295.666000","35.273000"
"87","310.354000","35.994000"
"87","336.536000","35.994000"
"87","356.971000","35.180000"
"87","371.020000","34.115000"
"87","404.136000","32.985000"
"87","425.938000","32.111000"
"87","429.770000","29.825000"
"87","445.096000","26.004000"
"87","454.675000","25.033000"
"87","469.362000","24.157000"
"87","487.243000","24.908000"
"87","493.629000","30.169000"
"87","503.846000","34.052000"
"87","512.786000","36.557000"
"87","521.088000","37.911000"
"88","0.000000","37.927000"
"88","23.294000","35.571000"
"88","28.647000","34.956000"
"88","66.901000","34.089000"
"88","71.475000","33.952000"
"88","106.274000","30.000000"
"88","110.333000","28.904000"
"88","115.154000","27.981000"
"88","142.950000","27.113000"
"88","158.550000","26.000000"
"88","164.790000","25.973000"
"88","171.313000","27.194000"
"88","182.942000","30.885000"
"88","211.071000","38.302000"
"88","231.443000","37.866000"
"89","0.000000","38.349000"
"89","15.110000","38.213000"
"89","25.498000","33.084000"
"89","40.034000","32.410000"
"89","51.586000","32.000000"
"89","62.329000","29.637000"
"89","75.864000","26.054000"
"89","92.234000","26.054000"
"89","99.474000","26.977000"
"89","113.966000","27.367000"
"89","126.214000","27.684000"
"89","139.135000","28.000000"
"89","152.198000","28.912000"
"89","161.802000","30.777000"
"89","166.209000","31.916000"
"89","203.933000","35.000000"
"89","237.630000","37.858000"
"89","256.869000","37.608000"
"90","7.118000","37.906000"
"90","18.001000","37.334000"
"90","47.960000","34.000000"
"90","71.954000","34.000000"
"90","85.564000","33.912000"
"90","116.239000","33.245000"
"90","132.268000","32.810000"
"90","150.406000","31.937000"
"90","157.661000","32.052000"
"90","173.078000","31.340000"
"90","188.949000","29.756000"
"90","222.050000","27.046000"
"90","231.119000","27.023000"
"90","246.536000","28.194000"
"90","259.233000","28.516000"
"90","278.296000","28.647000"
"90","284.172000","31.455000"
"90","296.868000","32.443000"
"90","301.403000","33.063000"
"90","319.994000","33.843000"
"90","349.201000","36.118000"
"90","377.128000","36.970000"
"91","4.962000","37.382000"
"91","49.123000","33.642000"
"91","69.517000","31.960000"
"91","95.612000","32.862000"
"91","130.431000","33.381000"
"91","152.194000","32.626000"
"91","169.182000","31.203000"
"91","174.090000","29.825000"
"91","179.375000","29.021000"
"91","230.385000","28.427000"
"91","259.409000","28.010000"
"91","268.469000","27.987000"
"91","276.019000","28.975000"
"91","286.212000","32.741000"
"91","292.630000","36.461000"
"91","295.273000","37.311000"
"91","313.016000","37.438000"
"92","0.000000","37.588000"
"92","18.263000","36.852000"
"92","26.726000","34.451000"
"92","36.526000","34.117000"
"92","45.435000","33.407000"
"92","85.123000","33.047000"
"92","93.542000","33.219000"
"92","105.123000","34.054000"
"92","114.032000","33.344000"
"92","129.622000","33.052000"
"92","135.413000","33.010000"
"92","157.239000","28.939000"
"92","172.384000","28.146000"
"92","185.301000","28.000000"
"92","211.137000","28.063000"
"92","225.391000","28.313000"
"92","239.645000","28.919000"
"92","244.099000","30.067000"
"92","252.562000","31.215000"
"92","269.044000","32.969000"
"92","291.191000","33.452000"
"92","298.888000","33.282000"
"92","302.897000","33.344000"
"92","314.923000","34.848000"
"92","336.750000","37.165000"
"92","347.886000","37.520000"
"92","363.476000","37.391000"
"93","0.000000","37.599000"
"93","18.102000","33.820000"
"93","48.931000","33.616000"
"93","79.211000","34.488000"
"93","114.690000","33.165000"
"93","122.228000","33.017000"
"93","171.824000","34.098000"
"93","186.556000","29.044000"
"93","202.911000","28.217000"
"93","237.896000","27.000000"
"93","258.517000","27.046000"
"93","266.149000","28.033000"
"93","287.410000","30.973000"
"93","299.949000","32.098000"
"93","323.936000","33.063000"
"93","337.020000","33.820000"
"93","370.443000","33.127000"
"93","409.849000","36.358000"
"93","414.977000","37.127000"
"93","438.540000","37.125000"
"93","444.416000","37.073000"
"94","0.000000","37.245000"
"94","8.004000","36.921000"
"94","26.506000","34.866000"
"94","44.168000","33.109000"
"94","49.207000","33.154000"
"94","54.246000","31.111000"
"94","59.582000","29.296000"
"94","66.696000","27.987000"
"94","102.829000","27.254000"
"94","114.421000","27.000000"
"94","133.392000","27.023000"
"94","145.842000","28.010000"
"94","152.067000","30.100000"
"94","164.220000","32.741000"
"94","239.100000","37.149000"
"94","241.884000","37.217000"
"95","0.000000","37.243000"
"95","13.202000","34.969000"
"95","53.810000","34.296000"
"95","68.329000","35.198000"
"95","71.611000","35.015000"
"95","74.411000","33.866000"
"95","85.041000","33.728000"
"95","95.053000","33.667000"
"95","112.417000","33.223000"
"95","128.419000","32.029000"
"95","135.220000","33.200000"
"95","152.279000","28.960000"
"95","183.200000","28.109000"
"95","195.229000","28.079000"
"95","214.185000","27.404000"
"95","218.833000","27.023000"
"95","240.894000","27.758000"
"95","246.837000","29.733000"
"95","258.039000","33.246000"
"95","283.153000","35.093000"
"95","308.514000","37.227000"
"95","326.449000","37.123000"
"95","310.482000","37.227000"
"96","0.000000","37.309000"
"96","18.504000","37.216000"
"96","29.916000","31.261000"
"96","45.539000","27.704000"
"96","56.176000","25.975000"
"96","76.034000","26.000000"
"96","88.752000","27.253000"
"96","99.389000","28.956000"
"96","105.039000","30.935000"
"96","124.501000","31.635000"
"96","147.088000","32.608000"
"96","153.570000","33.415000"
"96","192.101000","33.918000"
"96","215.573000","33.676000"
"96","270.256000","36.302000"
"96","271.241000","36.362000"
"97","0.000000","36.822000"
"97","18.325000","36.861000"
"97","49.169000","34.347000"
"97","57.953000","33.017000"
"97","82.721000","32.987000"
"97","95.662000","32.577000"
"97","100.281000","31.990000"
"97","115.308000","31.000000"
"97","122.155000","30.035000"
"97","127.269000","28.833000"
"97","132.098000","27.906000"
"97","137.212000","27.580000"
"97","150.848000","26.027000"
"97","167.608000","24.975000"
"97","195.733000","25.025000"
"97","199.710000","25.802000"
"97","204.539000","29.134000"
"97","208.516000","30.712000"
"97","220.732000","34.169000"
"97","231.811000","36.948000"
"98","0.000000","36.822000"
"98","18.139000","33.685000"
"98","23.436000","33.054000"
"98","26.403000","31.468000"
"98","67.085000","31.924000"
"98","73.868000","31.969000"
"98","84.548000","31.864000"
"98","87.514000","31.551000"
"98","98.194000","28.023000"
"98","147.999000","27.789000"
"98","166.024000","27.800000"
"98","173.842000","27.898000"
"98","184.593000","27.475000"
"98","192.531000","29.359000"
"98","195.498000","31.113000"
"98","200.838000","31.593000"
"98","223.440000","34.736000"
"98","242.073000","36.096000"
"99","0.000000","37.291000"
"99","22.810000","31.000000"
"99","26.488000","29.687000"
"99","36.344000","28.056000"
"99","49.896000","27.000000"
"99","62.541000","27.000000"
"99","84.496000","27.000000"
"99","92.092000","26.977000"
"99","111.767000","28.000000"
"99","119.504000","31.019000"
"99","137.985000","32.052000"
"99","148.811000","31.842000"
"99","158.005000","31.960000"
"99","241.678000","36.418000"
"99","251.329000","36.700000"
"100","0.000000","37.900000"
"100","20.750000","35.243000"
"100","27.541000","32.898000"
"100","45.288000","32.000000"
"100","60.577000","31.787000"
"100","79.859000","30.991000"
"100","90.221000","30.265000"
"100","125.359000","25.163000"
"100","135.806000","26.004000"
"100","149.102000","29.939000"
"100","157.649000","31.405000"
"100","175.436000","33.165000"
"100","203.016000","32.837000"
"100","213.100000","32.393000"
"100","329.227000","28.280000"
"100","378.147000","28.318000"
"100","420.571000","31.091000"
"100","473.346000","28.320000"
"100","516.083000","28.415000"
"100","554.320000","30.225000"
"100","572.665000","31.215000"
"100","601.556000","32.000000"
"100","624.898000","31.975000"
"100","650.539000","30.862000"
"100","675.231000","26.357000"
"100","680.929000","25.868000"
"100","694.225000","25.787000"
"100","700.873000","25.977000"
"100","718.917000","26.004000"
"100","724.615000","30.102000"
"100","765.091000","35.977000"
"100","774.949000","37.000000"
"101","0.000000","37.416000"
"101","18.928000","34.567000"
"101","43.121000","30.000000"
"101","47.691000","28.056000"
"101","77.365000","28.000000"
"101","98.638000","32.150000"
"101","116.004000","34.234000"
"101","188.656000","33.015000"
"101","224.828000","35.051000"
"101","238.407000","34.854000"
"101","244.897000","34.716000"
"101","275.593000","32.208000"
"101","324.914000","29.796000"
"101","380.369000","29.819000"
"101","419.447000","29.835000"
"101","445.138000","29.848000"
"101","587.206000","29.855000"
"101","649.213000","29.853000"
"101","692.666000","29.750000"
"101","715.300000","29.696000"
"101","787.052000","30.977000"
"101","801.132000","31.480000"
"101","851.888000","32.522000"
"101","866.129000","33.127000"
"101","873.896000","32.787000"
"101","890.003000","31.481000"
"101","906.120000","30.950000"
"101","913.853000","28.562000"
"101","924.165000","27.919000"
"101","952.496000","27.043000"
"101","966.071000","27.000000"
"101","978.340000","27.484000"
"101","991.586000","28.000000"
"101","1001.501000","31.363000"
"101","1011.812000","32.328000"
"101","1038.522000","34.947000"
"101","1051.769000","36.550000"
"102","0.000000","37.896000"
"102","14.919000","34.904000"
"102","17.593000","34.303000"
"102","23.525000","33.071000"
"102","29.253000","31.965000"
"102","37.435000","29.146000"
"102","38.254000","29.000000"
"102","48.277000","29.000000"
"102","60.551000","30.002000"
"102","67.916000","32.027000"
"102","95.926000","32.681000"
"102","108.808000","32.995000"
"102","145.121000","33.884000"
"102","166.925000","38.664000"
"103","0.000000","37.896000"
"103","14.919000","34.904000"
"103","17.593000","34.303000"
"103","23.525000","33.071000"
"103","29.253000","31.965000"
"103","37.435000","29.146000"
"103","38.254000","29.000000"
"103","48.277000","29.000000"
"103","60.551000","30.002000"
"103","67.916000","32.027000"
"103","95.926000","32.681000"
"103","108.808000","32.995000"
"103","145.121000","33.884000"
"103","166.925000","38.664000"
"104","0.000000","37.896000"
"104","14.919000","34.904000"
"104","17.593000","34.303000"
"104","23.525000","33.071000"
"104","29.253000","31.965000"
"104","37.435000","29.146000"
"104","38.254000","29.000000"
"104","48.277000","29.000000"
"104","60.551000","30.002000"
"104","67.916000","32.027000"
"104","95.926000","32.681000"
"104","108.808000","32.995000"
"104","145.121000","33.884000"
"104","166.925000","38.664000"
"105","0.313000","37.850000"
"105","12.166000","37.610000"
"105","20.859000","35.336000"
"105","27.971000","35.543000"
"105","62.997000","33.572000"
"105","73.606000","31.823000"
"105","88.225000","28.860000"
"105","92.769000","27.987000"
"105","96.325000","27.023000"
"105","106.752000","27.000000"
"105","115.488000","32.029000"
"105","116.278000","30.858000"
"105","145.356000","33.901000"
"105","161.518000","36.509000"
"106","0.000000","37.503000"
"106","20.920000","37.332000"
"106","41.291000","34.305000"
"106","48.812000","32.008000"
"106","54.359000","29.962000"
"106","58.004000","28.960000"
"106","79.381000","28.045000"
"106","83.520000","28.042000"
"106","90.810000","30.150000"
"106","97.149000","32.071000"
"106","107.211000","33.646000"
"106","129.321000","36.759000"
"107","0.000000","37.545000"
"107","9.905000","35.177000"
"107","18.495000","34.818000"
"107","20.156000","34.192000"
"107","23.663000","31.912000"
"107","36.212000","27.002000"
"107","42.302000","26.927000"
"107","54.554000","28.254000"
"107","58.358000","28.781000"
"107","64.079000","32.313000"
"107","76.628000","33.065000"
"107","87.332000","34.267000"
"107","116.025000","35.919000"
"107","124.242000","34.868000"
"107","134.761000","36.672000"
"107","143.620000","36.998000"
"107","150.448000","37.266000"
"108","4.345000","37.818000"
"108","15.712000","37.927000"
"108","21.313000","37.905000"
"108","43.291000","36.501000"
"108","69.505000","34.758000"
"108","79.458000","30.963000"
"108","86.697000","29.040000"
"108","108.033000","29.000000"
"108","109.548000","29.020000"
"108","114.978000","31.023000"
"108","122.444000","31.380000"
"108","130.136000","32.015000"
"108","168.942000","36.107000"
"108","182.533000","37.500000"
"108","188.959000","37.961000"
"109","0.765000","37.520000"
"109","14.770000","37.415000"
"109","26.790000","35.128000"
"109","40.740000","32.000000"
"109","48.817000","28.046000"
"109","64.092000","28.631000"
"109","79.000000","29.056000"
"109","87.452000","30.962000"
"109","102.181000","32.019000"
"109","112.415000","32.282000"
"109","137.913000","33.000000"
"109","148.543000","34.820000"
"109","168.192000","36.346000"
"109","174.863000","38.334000"
"109","190.799000","38.426000"
"109","195.870000","38.357000"
"109","197.802000","38.134000"
"110","0.000000","37.531000"
"110","7.624000","37.301000"
"110","43.295000","32.769000"
"110","47.013000","32.065000"
"110","55.060000","29.998000"
"110","57.813000","29.263000"
"110","70.519000","28.482000"
"110","81.741000","28.290000"
"110","88.519000","29.493000"
"110","94.025000","29.975000"
"110","98.896000","32.019000"
"110","110.520000","32.157000"
"110","130.080000","32.437000"
"110","133.202000","32.524000"
"110","144.789000","33.730000"
"110","168.445000","38.135000"
"110","172.803000","38.135000"
"111","5.148000","37.383000"
"111","23.797000","37.123000"
"111","29.089000","36.251000"
"111","42.383000","34.588000"
"111","52.870000","33.000000"
"111","70.851000","29.000000"
"111","86.571000","28.389000"
"111","91.587000","28.178000"
"111","97.383000","29.428000"
"111","100.911000","30.102000"
"111","106.455000","32.224000"
"111","112.503000","32.264000"
"111","160.360000","34.000000"
"111","176.677000","34.773000"
"111","185.333000","35.041000"
"111","201.462000","36.588000"
"111","210.786000","37.392000"
"112","0.000000","37.313000"
"112","12.978000","37.163000"
"112","27.578000","35.165000"
"112","34.608000","32.754000"
"112","44.612000","28.712000"
"112","55.022000","29.000000"
"112","62.998000","29.125000"
"112","70.027000","29.378000"
"112","77.328000","29.079000"
"112","98.771000","28.509000"
"112","103.554000","28.482000"
"112","110.314000","30.090000"
"112","117.073000","32.042000"
"112","124.373000","32.409000"
"112","142.759000","32.960000"
"112","171.292000","38.295000"
"112","211.587000","38.311000"
"112","220.627000","38.311000"
"113","0.000000","37.324000"
"113","17.715000","37.081000"
"113","20.668000","31.937000"
"113","32.847000","28.033000"
"113","37.276000","27.115000"
"113","47.610000","27.069000"
"113","56.098000","28.952000"
"113","59.789000","31.134000"
"113","61.634000","32.075000"
"113","67.170000","32.810000"
"113","79.205000","33.000000"
"113","95.180000","33.256000"
"113","136.340000","34.589000"
"113","217.704000","35.351000"
"113","297.173000","37.199000"
"113","301.158000","37.197000"
"114","0.000000","37.724000"
"114","3.751000","37.081000"
"114","8.977000","37.541000"
"114","21.171000","37.603000"
"114","28.139000","34.701000"
"114","34.019000","34.347000"
"114","37.067000","33.637000"
"114","42.075000","33.157000"
"114","71.527000","33.000000"
"114","80.183000","32.029000"
"114","91.966000","31.332000"
"114","97.821000","30.923000"
"114","106.749000","28.898000"
"114","114.152000","28.313000"
"114","123.951000","28.334000"
"114","130.919000","28.919000"
"114","134.839000","32.050000"
"114","150.521000","34.827000"
"114","157.050000","35.829000"
"114","167.047000","35.776000"
"114","177.519000","36.856000"
"115","0.000000","36.951000"
"115","17.583000","36.846000"
"115","52.171000","33.597000"
"115","58.266000","32.998000"
"115","104.673000","33.000000"
"115","112.394000","33.018000"
"115","148.333000","31.480000"
"115","162.041000","31.054000"
"115","171.694000","27.980000"
"115","179.624000","28.040000"
"115","184.795000","30.142000"
"115","188.243000","32.105000"
"115","216.102000","35.534000"
"115","231.096000","35.526000"
"115","237.889000","33.633000"
"115","255.760000","33.054000"
"115","281.330000","37.349000"
"116","0.000000","36.942000"
"116","38.317000","33.305000"
"116","68.622000","31.063000"
"116","81.199000","29.019000"
"116","119.254000","29.000000"
"116","132.012000","30.785000"
"116","144.014000","31.987000"
"116","151.418000","34.054000"
"116","182.344000","37.502000"
"116","208.360000","37.361000"
"117","1.368000","36.770000"
"117","17.488000","35.720000"
"117","28.189000","33.000000"
"117","39.041000","33.869000"
"117","44.063000","33.176000"
"117","46.868000","33.831000"
"117","50.920000","31.173000"
"117","65.255000","28.099000"
"117","86.524000","28.000000"
"117","97.355000","31.074000"
"117","160.793000","31.835000"
"117","179.435000","32.000000"
"117","203.124000","33.472000"
"117","240.157000","37.058000"
"117","255.671000","36.973000"
"118","0.000000","36.923000"
"118","13.175000","32.795000"
"118","27.644000","32.638000"
"118","78.959000","32.000000"
"118","95.295000","30.067000"
"118","104.330000","28.000000"
"118","117.236000","28.019000"
"118","126.271000","31.063000"
"118","162.152000","35.053000"
"118","175.532000","36.564000"
"119","0.000000","36.863000"
"119","9.874000","35.520000"
"119","15.908000","35.319000"
"119","23.313000","31.436000"
"119","42.209000","26.555000"
"119","44.706000","26.050000"
"119","58.420000","29.081000"
"119","59.791000","30.284000"
"119","61.711000","30.710000"
"119","63.082000","29.958000"
"119","71.310000","31.336000"
"119","87.816000","31.717000"
"119","104.803000","31.996000"
"119","138.077000","33.000000"
"119","153.362000","33.223000"
"119","198.023000","35.176000"
"119","223.805000","37.141000"
"120","0.000000","36.843000"
"120","45.275000","33.378000"
"120","67.707000","31.412000"
"120","72.268000","30.995000"
"120","76.907000","29.626000"
"120","82.767000","28.139000"
"120","85.696000","28.020000"
"120","107.656000","28.000000"
"120","114.994000","30.261000"
"120","120.854000","31.233000"
"120","132.573000","31.709000"
"120","141.607000","31.967000"
"120","169.758000","34.601000"
"120","180.796000","35.625000"
"120","199.226000","37.321000"
"121","0.000000","36.496000"
"121","9.385000","35.472000"
"121","38.266000","33.583000"
"121","42.594000","33.994000"
"121","50.174000","34.019000"
"121","58.116000","33.518000"
"121","94.493000","33.446000"
"121","99.627000","32.741000"
"121","107.929000","32.741000"
"121","122.784000","34.313000"
"121","154.909000","34.002000"
"121","176.972000","33.000000"
"121","190.259000","32.052000"
"121","198.171000","31.965000"
"121","210.805000","29.058000"
"121","220.190000","26.954000"
"121","225.965000","26.027000"
"121","241.487000","25.952000"
"121","247.984000","27.380000"
"121","256.287000","29.885000"
"121","273.347000","31.856000"
"121","292.190000","36.700000"
"121","294.549000","36.700000"
"122","0.000000","36.496000"
"122","9.385000","35.472000"
"122","38.266000","33.583000"
"122","42.594000","33.994000"
"122","50.174000","34.019000"
"122","58.116000","33.518000"
"122","94.493000","33.446000"
"122","99.627000","32.741000"
"122","107.929000","32.741000"
"122","122.784000","34.313000"
"122","154.909000","34.002000"
"122","176.972000","33.000000"
"122","190.259000","32.052000"
"122","198.171000","31.965000"
"122","210.805000","29.058000"
"122","220.190000","26.954000"
"122","225.965000","26.027000"
"122","241.487000","25.952000"
"122","247.984000","27.380000"
"122","256.287000","29.885000"
"122","273.347000","31.856000"
"122","292.190000","36.700000"
"122","294.549000","36.700000"
"123","0.000000","36.496000"
"123","9.385000","35.472000"
"123","38.266000","33.583000"
"123","42.594000","33.994000"
"123","50.174000","34.019000"
"123","58.116000","33.518000"
"123","94.493000","33.446000"
"123","99.627000","32.741000"
"123","107.929000","32.741000"
"123","122.784000","34.313000"
"123","154.909000","34.002000"
"123","176.972000","33.000000"
"123","190.259000","32.052000"
"123","198.171000","31.965000"
"123","210.805000","29.058000"
"123","220.190000","26.954000"
"123","225.965000","26.027000"
"123","241.487000","25.952000"
"123","247.984000","27.380000"
"123","256.287000","29.885000"
"123","273.347000","31.856000"
"123","292.190000","36.700000"
"123","294.549000","36.700000"
"124","0.000000","37.693000"
"124","24.834000","35.269000"
"124","40.444000","33.000000"
"124","67.990000","30.794000"
"124","80.533000","30.012000"
"124","88.257000","27.027000"
"124","97.899000","26.301000"
"124","109.024000","26.251000"
"124","126.330000","27.000000"
"124","130.532000","30.033000"
"124","146.107000","32.814000"
"124","150.557000","31.486000"
"124","219.277000","33.155000"
"124","230.591000","33.420000"
"124","267.230000","31.481000"
"124","286.280000","27.027000"
"124","317.430000","27.002000"
"124","355.255000","29.006000"
"124","380.471000","29.582000"
"124","433.164000","32.000000"
"124","462.445000","32.196000"
"124","509.744000","34.214000"
"124","531.314000","34.821000"
"124","556.313000","35.796000"
"124","572.746000","36.548000"
"124","586.795000","37.167000"
"124","605.194000","37.008000"
"125","0.000000","36.429000"
"125","54.257000","31.320000"
"125","91.597000","26.979000"
"125","112.206000","26.207000"
"125","123.600000","26.002000"
"125","166.257000","25.944000"
"125","181.471000","26.000000"
"125","247.997000","30.850000"
"125","265.961000","31.639000"
"125","295.066000","32.000000"
"125","369.710000","32.000000"
"125","388.548000","32.000000"
"125","409.480000","33.089000"
"125","447.340000","36.600000"
"125","450.258000","36.617000"
"126","0.000000","36.969000"
"126","22.317000","33.501000"
"126","45.589000","31.589000"
"126","57.954000","33.084000"
"126","111.275000","31.913000"
"126","126.771000","31.356000"
"126","147.425000","30.000000"
"126","162.840000","29.000000"
"126","182.830000","27.585000"
"126","220.115000","27.269000"
"126","237.036000","27.079000"
"126","258.626000","26.436000"
"126","273.326000","26.597000"
"126","280.676000","26.253000"
"126","293.069000","27.000000"
"126","295.376000","26.987000"
"126","302.266000","29.605000"
"126","310.076000","31.374000"
"126","336.699000","33.646000"
"126","373.721000","36.412000"
"126","374.847000","36.496000"
"127","0.000000","37.025000"
"127","22.361000","34.224000"
"127","42.026000","32.280000"
"127","111.164000","33.092000"
"127","121.258000","32.920000"
"127","158.598000","33.115000"
"127","164.226000","32.898000"
"127","166.453000","30.075000"
"127","170.350000","29.424000"
"127","179.257000","27.470000"
"127","183.711000","26.818000"
"127","197.073000","26.000000"
"127","202.638000","25.760000"
"127","212.611000","26.000000"
"127","234.619000","26.000000"
"127","250.506000","26.409000"
"127","273.391000","27.000000"
"127","280.019000","28.338000"
"127","285.030000","30.102000"
"127","297.852000","30.718000"
"127","335.627000","32.000000"
"127","366.454000","32.000000"
"127","384.163000","32.000000"
"127","444.077000","35.590000"
"127","454.266000","36.175000"
"128","0.000000","37.035000"
"128","4.566000","32.564000"
"128","11.605000","29.983000"
"128","40.006000","29.875000"
"128","94.402000","30.631000"
"128","116.395000","31.215000"
"128","128.644000","31.781000"
"128","147.505000","32.188000"
"128","182.246000","32.334000"
"128","233.055000","32.000000"
"128","265.994000","31.293000"
"128","280.275000","31.007000"
"128","287.194000","28.129000"
"128","302.354000","26.877000"
"128","316.432000","26.476000"
"128","367.794000","26.675000"
"128","380.862000","26.977000"
"128","397.105000","28.305000"
"128","407.392000","31.010000"
"128","413.348000","32.263000"
"128","430.132000","34.568000"
"128","440.961000","36.320000"
"129","6.699000","37.141000"
"129","38.068000","31.882000"
"129","55.191000","29.282000"
"129","89.423000","31.984000"
"129","159.164000","31.614000"
"129","196.080000","32.199000"
"129","255.636000","31.104000"
"129","303.892000","30.823000"
"129","341.434000","30.652000"
"129","367.362000","30.617000"
"129","422.762000","30.641000"
"129","461.380000","30.653000"
"129","519.789000","30.624000"
"129","547.149000","30.677000"
"129","608.585000","30.595000"
"129","714.621000","30.593000"
"129","750.403000","30.938000"
"129","820.290000","31.564000"
"129","832.344000","31.136000"
"129","838.725000","30.910000"
"129","843.829000","27.077000"
"129","881.130000","27.000000"
"129","920.396000","27.854000"
"129","945.046000","27.869000"
"129","988.778000","28.000000"
"129","1004.619000","31.161000"
"129","1020.491000","32.366000"
"129","1048.007000","35.648000"
"130","3.670000","37.217000"
"130","29.348000","36.296000"
"130","42.188000","29.332000"
"130","86.246000","29.253000"
"130","123.789000","31.000000"
"130","190.383000","34.180000"
"130","200.538000","34.618000"
"130","325.678000","33.470000"
"130","345.786000","34.178000"
"130","427.809000","31.007000"
"130","509.854000","30.917000"
"130","551.478000","30.871000"
"130","597.145000","30.848000"
"130","760.734000","30.648000"
"130","793.994000","30.885000"
"130","829.902000","32.200000"
"130","880.448000","34.833000"
"130","926.945000","32.119000"
"130","946.638000","31.061000"
"130","946.638000","29.858000"
"130","952.344000","28.029000"
"130","982.302000","26.952000"
"130","1052.204000","26.977000"
"130","1077.883000","30.184000"
"130","1116.004000","32.587000"
"130","1167.757000","35.717000"
"131","0.000000","36.801000"
"131","37.527000","35.545000"
"131","98.347000","32.936000"
"131","127.533000","31.620000"
"131","217.754000","30.964000"
"131","245.903000","31.125000"
"131","283.600000","31.887000"
"131","313.892000","33.255000"
"131","329.467000","32.557000"
"131","433.881000","31.423000"
"131","538.459000","31.423000"
"131","580.705000","32.637000"
"131","601.438000","34.833000"
"131","650.311000","31.747000"
"131","687.782000","31.234000"
"131","730.452000","31.000000"
"131","755.708000","25.017000"
"131","787.241000","23.058000"
"131","813.337000","23.029000"
"131","822.036000","25.777000"
"131","832.910000","30.132000"
"131","861.181000","33.054000"
"131","887.277000","35.554000"
"132","0.000000","37.324000"
"132","27.996000","37.074000"
"132","36.150000","37.223000"
"132","63.973000","33.160000"
"132","71.438000","31.486000"
"132","80.612000","31.361000"
"132","107.465000","34.837000"
"132","123.664000","34.392000"
"132","157.903000","35.155000"
"132","166.715000","34.693000"
"132","202.939000","29.000000"
"132","279.666000","29.000000"
"132","303.077000","29.000000"
"132","312.807000","30.033000"
"132","343.171000","31.000000"
"132","384.089000","31.061000"
"132","390.441000","29.933000"
"132","394.675000","30.810000"
"132","418.671000","26.802000"
"132","446.344000","26.656000"
"132","496.071000","26.666000"
"132","523.830000","27.002000"
"132","535.122000","30.935000"
"132","541.474000","30.084000"
"132","565.469000","34.217000"
"132","575.350000","35.971000"
"133","0.000000","36.422000"
"133","16.445000","36.282000"
"133","104.275000","31.880000"
"133","124.185000","31.026000"
"133","156.247000","30.275000"
"133","168.982000","29.995000"
"133","179.189000","27.932000"
"133","198.469000","27.000000"
"133","276.470000","27.000000"
"133","302.240000","27.059000"
"133","322.654000","28.487000"
"133","346.470000","31.006000"
"133","358.378000","30.034000"
"133","390.700000","32.038000"
"133","413.014000","34.380000"
"133","428.126000","35.508000"
"133","442.302000","35.548000"
"133","462.716000","36.123000"
"134","0.000000","36.410000"
"134","14.399000","33.119000"
"134","25.066000","32.006000"
"134","37.865000","30.161000"
"134","46.932000","25.004000"
"134","57.065000","24.027000"
"134","80.530000","24.027000"
"134","115.196000","27.610000"
"134","119.996000","29.048000"
"134","152.528000","30.188000"
"134","196.627000","31.000000"
"134","228.081000","32.000000"
"134","255.120000","32.281000"
"134","297.874000","32.690000"
"134","371.035000","32.690000"
"134","379.186000","32.793000"
"134","425.410000","36.071000"
"134","435.184000","36.071000"
"135","0.000000","36.928000"
"135","10.578000","36.503000"
"135","32.978000","31.505000"
"135","63.976000","31.150000"
"135","89.600000","31.067000"
"135","151.374000","30.054000"
"135","212.109000","29.084000"
"135","217.777000","28.758000"
"135","231.466000","24.958000"
"135","266.310000","24.052000"
"135","284.355000","24.023000"
"135","301.155000","27.180000"
"135","307.377000","30.687000"
"135","317.332000","31.797000"
"135","375.827000","32.000000"
"135","389.510000","32.324000"
"135","455.381000","34.729000"
"135","493.119000","34.078000"
"135","507.732000","35.229000"
"136","0.000000","36.159000"
"136","29.927000","35.724000"
"136","33.928000","34.395000"
"136","45.182000","34.720000"
"136","56.436000","34.829000"
"136","61.688000","35.290000"
"136","75.944000","35.887000"
"136","85.697000","36.539000"
"136","90.199000","36.593000"
"136","94.701000","36.484000"
"136","108.956000","32.386000"
"136","156.452000","30.252000"
"136","205.831000","29.098000"
"136","226.000000","25.846000"
"136","241.005000","24.814000"
"136","266.515000","24.081000"
"136","292.775000","23.973000"
"136","313.032000","25.058000"
"136","328.788000","26.144000"
"136","350.546000","29.048000"
"136","496.475000","30.434000"
"136","556.252000","31.000000"
"136","611.644000","36.042000"
"137","0.000000","35.987000"
"137","45.719000","36.173000"
"137","83.923000","36.073000"
"137","105.644000","34.666000"
"137","148.430000","30.987000"
"137","174.046000","30.661000"
"137","207.414000","30.245000"
"137","276.048000","29.087000"
"137","333.185000","25.701000"
"137","345.711000","25.175000"
"137","353.853000","25.150000"
"137","391.877000","25.000000"
"137","402.703000","25.125000"
"137","423.629000","25.943000"
"137","440.280000","29.134000"
"137","454.685000","30.186000"
"137","468.463000","31.088000"
"137","496.656000","35.278000"
"137","511.051000","35.556000"
"138","0.000000","35.879000"
"138","22.826000","34.599000"
"138","78.923000","30.000000"
"138","153.920000","29.401000"
"138","201.282000","29.065000"
"138","214.770000","26.975000"
"138","237.829000","26.000000"
"138","258.865000","25.712000"
"138","318.320000","25.639000"
"138","339.792000","26.033000"
"138","350.168000","26.952000"
"138","360.543000","29.042000"
"138","383.888000","30.374000"
"138","396.857000","31.660000"
"138","423.314000","35.448000"
"139","0.000000","37.105000"
"139","35.385000","35.547000"
"139","96.674000","32.000000"
"139","120.111000","31.530000"
"139","140.186000","31.072000"
"139","197.372000","30.246000"
"139","220.261000","29.933000"
"139","238.430000","30.029000"
"139","285.716000","30.062000"
"139","296.740000","29.670000"
"139","307.753000","27.946000"
"139","321.826000","26.543000"
"139","342.628000","25.228000"
"139","390.552000","24.175000"
"139","415.436000","24.877000"
"139","425.226000","25.929000"
"139","435.627000","29.261000"
"139","450.923000","30.109000"
"139","458.265000","32.008000"
"139","478.914000","34.984000"
"139","499.258000","35.781000"
"140","0.000000","36.265000"
"140","5.246000","33.443000"
"140","40.167000","33.324000"
"140","61.637000","33.242000"
"140","96.933000","30.917000"
"140","126.786000","31.000000"
"140","157.366000","31.000000"
"140","263.272000","30.453000"
"140","282.614000","30.236000"
"140","286.548000","30.687000"
"140","313.165000","29.955000"
"140","331.137000","29.559000"
"140","342.940000","28.232000"
"140","354.087000","26.077000"
"140","370.480000","25.025000"
"140","426.113000","25.000000"
"140","444.576000","25.050000"
"140","462.280000","26.077000"
"140","474.739000","28.557000"
"140","486.542000","30.010000"
"140","492.443000","33.267000"
"140","503.591000","34.996000"
"140","519.984000","35.597000"
"140","535.065000","35.692000"
"141","0.000000","36.539000"
"141","12.194000","36.223000"
"141","29.801000","35.096000"
"141","86.552000","30.924000"
"141","187.207000","31.183000"
"141","215.350000","31.133000"
"141","298.691000","30.099000"
"141","387.202000","29.673000"
"141","401.991000","26.779000"
"141","416.687000","25.902000"
"141","452.805000","25.066000"
"141","480.087000","25.233000"
"141","516.020000","25.955000"
"141","556.650000","31.013000"
"141","569.947000","35.826000"
"142","0.000000","36.499000"
"142","11.108000","32.641000"
"142","39.466000","30.362000"
"142","130.783000","30.917000"
"142","156.027000","31.000000"
"142","259.421000","31.000000"
"142","288.810000","30.887000"
"142","357.005000","30.000000"
"142","428.947000","29.182000"
"142","450.304000","28.783000"
"142","475.938000","26.904000"
"142","507.409000","26.000000"
"142","582.949000","25.862000"
"142","607.526000","26.052000"
"142","631.451000","27.029000"
"142","640.850000","28.132000"
"142","666.484000","29.985000"
"142","698.099000","35.497000"
"143","0.000000","36.553000"
"143","58.380000","30.410000"
"143","74.261000","31.388000"
"143","82.399000","29.960000"
"143","110.272000","29.586000"
"143","131.228000","27.831000"
"143","142.418000","27.831000"
"143","177.827000","29.000000"
"143","194.298000","30.987000"
"143","230.041000","31.000000"
"143","285.722000","31.000000"
"143","385.899000","29.094000"
"143","396.735000","28.557000"
"143","407.925000","26.027000"
"143","460.882000","25.835000"
"143","484.220000","26.002000"
"143","530.379000","26.801000"
"143","546.274000","27.079000"
"143","566.184000","27.800000"
"143","602.236000","28.942000"
"143","628.859000","29.437000"
"143","660.451000","30.000000"
"143","689.202000","30.263000"
"143","746.022000","31.325000"
"143","801.135000","34.826000"
"143","830.092000","35.675000"
"144","0.000000","36.634000"
"144","19.711000","31.029000"
"144","43.005000","28.994000"
"144","111.760000","29.000000"
"144","131.405000","30.975000"
"144","166.493000","31.000000"
"144","190.051000","31.000000"
"144","207.859000","31.002000"
"144","236.763000","30.221000"
"144","293.116000","29.485000"
"144","312.983000","25.357000"
"144","327.915000","24.678000"
"144","404.688000","24.851000"
"144","412.731000","25.058000"
"144","419.301000","26.225000"
"144","425.872000","28.939000"
"144","440.207000","30.052000"
"144","464.742000","33.058000"
"144","485.696000","34.661000"
"144","487.393000","35.201000"
"145","3.499000","35.973000"
"145","36.459000","29.985000"
"145","47.446000","29.960000"
"145","73.895000","29.400000"
"145","98.259000","26.979000"
"145","120.012000","26.119000"
"145","136.255000","25.952000"
"145","197.011000","25.888000"
"145","215.450000","25.952000"
"145","247.163000","27.000000"
"145","274.046000","28.983000"
"145","303.298000","29.374000"
"145","349.066000","30.000000"
"145","377.046000","36.083000"
"146","0.000000","35.957000"
"146","7.933000","35.729000"
"146","27.099000","31.420000"
"146","32.865000","30.056000"
"146","43.820000","29.839000"
"146","59.308000","25.280000"
"146","78.196000","23.923000"
"146","108.416000","23.109000"
"146","157.976000","24.923000"
"146","186.497000","26.000000"
"146","191.900000","29.025000"
"146","220.574000","29.323000"
"146","275.869000","30.000000"
"146","308.249000","35.399000"
"147","0.000000","36.433000"
"147","29.151000","35.296000"
"147","49.444000","31.249000"
"147","72.554000","29.860000"
"147","91.341000","29.660000"
"147","95.228000","31.338000"
"147","177.392000","30.362000"
"147","224.976000","30.532000"
"147","252.215000","30.629000"
"147","293.468000","29.298000"
"147","303.821000","27.405000"
"147","323.255000","26.052000"
"147","348.236000","26.000000"
"147","374.122000","26.000000"
"147","436.014000","25.943000"
"147","448.282000","26.628000"
"147","456.056000","27.455000"
"147","463.182000","29.008000"
"147","492.333000","30.061000"
"147","493.628000","30.537000"
"147","509.176000","31.088000"
"147","529.906000","35.597000"
"148","0.000000","36.989000"
"148","23.562000","36.749000"
"148","42.030000","36.468000"
"148","57.951000","35.027000"
"148","104.554000","33.437000"
"148","114.628000","33.430000"
"148","171.888000","30.338000"
"148","178.310000","29.891000"
"148","205.693000","29.453000"
"148","239.270000","29.506000"
"148","264.937000","29.398000"
"148","299.305000","27.919000"
"148","387.823000","22.846000"
"148","403.744000","22.846000"
"148","413.296000","22.939000"
"148","428.580000","23.973000"
"148","446.411000","29.046000"
"148","459.784000","30.048000"
"148","485.894000","34.808000"
"148","498.630000","34.871000"
"148","514.550000","35.559000"
"148","519.645000","35.821000"
"149","1.503000","38.797000"
"149","20.597000","34.791000"
"149","50.614000","35.225000"
"149","87.734000","34.072000"
"149","139.105000","34.232000"
"149","178.212000","34.692000"
"149","203.723000","35.025000"
"149","249.722000","34.850000"
"149","317.090000","34.393000"
"149","357.341000","33.973000"
"149","410.283000","34.061000"
"149","428.508000","30.904000"
"149","467.564000","27.894000"
"149","485.790000","26.052000"
"149","520.505000","25.994000"
"149","538.315000","25.038000"
"149","569.862000","25.000000"
"149","592.541000","26.987000"
"149","617.710000","35.084000"
"149","652.426000","34.148000"
"149","665.444000","34.031000"
"149","694.953000","36.691000"
"149","709.707000","36.581000"
"150","0.840000","38.480000"
"150","49.271000","33.974000"
"150","149.718000","36.191000"
"150","164.804000","36.405000"
"150","171.151000","35.557000"
"150","223.010000","34.000000"
"150","261.341000","34.000000"
"150","343.164000","34.000000"
"150","410.870000","33.976000"
"150","434.552000","34.973000"
"150","480.980000","35.000000"
"150","490.617000","34.914000"
"150","509.658000","32.927000"
"150","513.889000","28.864000"
"150","521.294000","27.958000"
"150","560.434000","27.111000"
"150","590.053000","26.000000"
"150","612.792000","26.847000"
"150","616.499000","27.111000"
"150","644.003000","27.257000"
"150","672.444000","27.713000"
"150","705.357000","28.630000"
"150","722.282000","28.572000"
"150","729.687000","30.559000"
"150","742.381000","32.927000"
"150","769.885000","36.054000"
"150","796.355000","36.000000"
"150","815.372000","35.908000"
"150","823.834000","35.119000"
"150","838.644000","35.090000"
"150","856.627000","38.013000"
"150","864.032000","39.795000"
"151","3.280000","37.900000"
"151","34.468000","35.000000"
"151","51.074000","34.165000"
"151","63.819000","29.656000"
"151","74.174000","28.102000"
"151","94.088000","27.050000"
"151","112.409000","27.025000"
"151","144.272000","30.983000"
"151","150.644000","30.958000"
"151","172.948000","28.052000"
"151","198.438000","28.027000"
"151","225.521000","29.029000"
"151","252.207000","29.617000"
"151","269.332000","30.106000"
"151","302.284000","30.000000"
"151","409.530000","29.936000"
"151","419.883000","30.031000"
"151","444.576000","37.347000"
"151","456.525000","34.992000"
"151","482.476000","35.000000"
"151","504.319000","34.967000"
"151","550.197000","34.192000"
"151","595.127000","33.013000"
"151","606.279000","33.013000"
"151","621.413000","33.939000"
"151","633.362000","35.342000"
"151","653.276000","38.714000"
"152","3.136000","37.400000"
"152","17.374000","35.996000"
"152","27.425000","33.691000"
"152","35.801000","29.031000"
"152","45.014000","27.879000"
"152","60.928000","26.977000"
"152","109.534000","27.335000"
"152","144.463000","26.099000"
"152","177.015000","26.000000"
"152","220.064000","31.361000"
"152","243.515000","31.887000"
"152","269.480000","31.812000"
"152","314.844000","31.039000"
"152","348.210000","31.035000"
"152","383.388000","31.111000"
"152","401.814000","30.935000"
"152","417.728000","31.061000"
"152","421.915000","31.061000"
"152","424.428000","32.965000"
"152","446.205000","34.267000"
"152","477.551000","35.000000"
"152","573.348000","35.081000"
"152","654.998000","35.000000"
"152","680.208000","35.000000"
"152","686.584000","35.000000"
"153","0.000000","37.875000"
"153","18.682000","32.971000"
"153","31.137000","28.079000"
"153","73.838000","27.092000"
"153","88.072000","27.023000"
"153","145.008000","28.906000"
"153","178.813000","29.503000"
"153","202.448000","29.400000"
"153","232.520000","29.392000"
"153","271.334000","28.906000"
"153","306.500000","28.989000"
"153","338.055000","32.971000"
"153","358.516000","34.050000"
"153","393.784000","34.630000"
"153","417.231000","35.015000"
"153","499.479000","34.779000"
"153","545.336000","34.670000"
"153","568.466000","33.981000"
"153","617.786000","33.179000"
"153","640.526000","31.203000"
"153","679.669000","31.203000"
"153","710.805000","35.061000"
"153","725.929000","37.188000"
"154","0.000000","37.700000"
"154","29.016000","35.069000"
"154","48.869000","34.017000"
"154","67.959000","33.992000"
"154","85.521000","34.919000"
"154","121.400000","35.000000"
"154","150.426000","31.912000"
"154","164.934000","29.958000"
"154","199.622000","30.000000"
"154","226.467000","30.000000"
"154","246.637000","31.111000"
"154","285.580000","31.987000"
"154","316.887000","31.962000"
"154","341.321000","31.236000"
"154","397.065000","30.449000"
"154","422.261000","29.958000"
"154","465.022000","26.977000"
"154","484.875000","26.200000"
"154","520.951000","26.000000"
"154","533.744000","26.075000"
"154","539.089000","30.058000"
"154","558.179000","35.946000"
"154","573.450000","36.046000"
"154","618.717000","37.220000"
"154","623.083000","37.220000"
"155","0.000000","38.200000"
"155","70.922000","30.717000"
"155","77.933000","30.027000"
"155","78.829000","28.858000"
"155","94.953000","27.046000"
"155","108.837000","25.731000"
"155","150.755000","25.429000"
"155","163.032000","25.351000"
"155","201.998000","27.163000"
"155","252.610000","29.998000"
"155","263.359000","33.038000"
"155","271.421000","34.002000"
"155","276.348000","35.084000"
"155","299.895000","35.000000"
"155","332.616000","35.000000"
"155","365.478000","37.268000"
"156","1.543000","37.825000"
"156","32.982000","35.000000"
"156","56.714000","33.924000"
"156","75.995000","33.040000"
"156","99.056000","34.142000"
"156","138.975000","34.700000"
"156","184.535000","34.903000"
"156","259.013000","35.000000"
"156","272.339000","33.916000"
"156","311.871000","31.962000"
"156","373.146000","26.100000"
"156","386.324000","26.050000"
"156","423.427000","26.581000"
"156","446.046000","26.748000"
"156","477.764000","26.874000"
"156","497.014000","27.002000"
"156","509.533000","33.065000"
"156","524.687000","34.518000"
"156","539.182000","35.499000"
"157","0.000000","37.000000"
"157","30.334000","34.243000"
"157","40.529000","33.008000"
"157","43.647000","30.407000"
"157","60.171000","25.029000"
"157","81.994000","27.046000"
"157","160.551000","27.000000"
"157","181.135000","27.046000"
"157","203.894000","28.069000"
"157","222.912000","33.038000"
"157","241.929000","36.136000"
"157","254.400000","38.129000"
"158","0.737000","37.954000"
"158","33.738000","35.000000"
"158","48.447000","35.987000"
"158","56.006000","35.960000"
"158","81.987000","32.921000"
"158","97.575000","27.927000"
"158","127.335000","27.086000"
"158","149.065000","26.950000"
"158","180.694000","27.580000"
"158","201.971000","27.791000"
"158","229.842000","27.031000"
"158","251.571000","26.543000"
"158","267.632000","26.760000"
"158","288.417000","28.117000"
"158","302.589000","33.002000"
"158","326.680000","35.092000"
"158","333.293000","34.142000"
"158","340.379000","34.006000"
"158","356.440000","37.046000"
"158","362.581000","37.046000"
"158","377.697000","38.186000"
"158","386.200000","38.714000"
"159","0.000000","37.549000"
"159","13.646000","33.641000"
"159","29.511000","33.691000"
"159","44.200000","34.217000"
"159","54.777000","34.367000"
"159","74.755000","33.265000"
"159","90.032000","27.027000"
"159","106.484000","26.351000"
"159","145.265000","26.927000"
"159","181.995000","28.000000"
"159","270.974000","28.851000"
"159","288.635000","29.081000"
"159","319.777000","33.040000"
"159","347.981000","33.967000"
"159","368.546000","35.069000"
"159","409.270000","35.000000"
"159","429.067000","34.067000"
"159","441.407000","34.117000"
"159","479.600000","37.900000"
"160","0.235000","37.503000"
"160","10.150000","34.518000"
"160","19.764000","34.067000"
"160","28.778000","32.990000"
"160","42.899000","28.054000"
"160","52.814000","26.952000"
"160","69.870000","26.322000"
"160","82.258000","26.025000"
"160","105.693000","26.100000"
"160","137.240000","26.676000"
"160","149.859000","27.027000"
"160","170.890000","27.954000"
"160","188.617000","32.990000"
"160","198.832000","34.017000"
"160","208.146000","34.242000"
"160","228.877000","36.146000"
"160","245.402000","37.678000"
"161","0.000000","37.424000"
"161","10.289000","37.000000"
"161","28.455000","30.058000"
"161","69.609000","32.936000"
"161","74.305000","33.090000"
"161","91.888000","34.725000"
"161","96.576000","34.994000"
"161","110.982000","35.000000"
"161","136.753000","33.000000"
"161","162.732000","30.309000"
"161","183.037000","30.058000"
"161","216.070000","30.000000"
"161","248.539000","30.159000"
"161","262.949000","29.808000"
"161","283.254000","27.077000"
"161","342.860000","26.927000"
"161","397.632000","27.000000"
"161","408.823000","27.000000"
"161","426.702000","33.065000"
"161","437.144000","33.174000"
"161","457.799000","33.874000"
"161","464.693000","34.017000"
"161","514.580000","33.591000"
"161","533.469000","37.449000"
"162","7.098000","37.240000"
"162","32.787000","32.719000"
"162","49.726000","28.718000"
"162","59.619000","28.119000"
"162","93.246000","27.000000"
"162","134.153000","26.352000"
"162","165.000000","26.000000"
"162","176.087000","26.000000"
"162","203.362000","26.000000"
"162","211.517000","25.977000"
"162","222.288000","26.687000"
"162","236.060000","27.823000"
"162","239.289000","28.148000"
"162","244.133000","29.939000"
"162","247.363000","32.002000"
"162","269.986000","36.487000"
"162","270.614000","36.613000"
"163","0.000000","36.889000"
"163","9.650000","36.280000"
"163","33.697000","32.196000"
"163","33.907000","31.190000"
"163","52.421000","32.000000"
"163","63.017000","28.044000"
"163","87.920000","27.387000"
"163","104.230000","26.987000"
"163","120.794000","26.099000"
"163","138.414000","26.000000"
"163","152.822000","26.000000"
"163","178.889000","26.000000"
"163","195.609000","26.000000"
"163","207.991000","26.000000"
"163","219.636000","26.560000"
"163","228.194000","26.919000"
"163","238.007000","31.971000"
"163","266.136000","36.714000"
"164","0.000000","36.520000"
"164","15.718000","35.150000"
"164","32.031000","34.977000"
"164","73.000000","35.000000"
"164","82.026000","35.088000"
"164","104.764000","34.033000"
"164","115.750000","33.369000"
"164","120.829000","32.927000"
"164","139.003000","28.793000"
"164","155.812000","28.039000"
"164","226.806000","25.132000"
"164","254.459000","24.000000"
"164","282.861000","23.000000"
"164","292.250000","25.724000"
"164","309.441000","32.050000"
"164","325.674000","33.000000"
"164","331.053000","34.211000"
"164","336.456000","34.524000"
"164","349.576000","34.000000"
"164","362.488000","33.960000"
"164","386.556000","36.246000"
"164","400.800000","37.766000"
"165","0.000000","37.500000"
"165","7.529000","37.326000"
"165","20.914000","35.242000"
"165","40.166000","32.278000"
"165","45.676000","28.382000"
"165","49.942000","27.814000"
"165","58.621000","27.319000"
"165","88.914000","25.821000"
"165","109.073000","24.072000"
"165","119.962000","22.952000"
"165","128.494000","21.142000"
"165","139.537000","21.035000"
"165","150.579000","22.597000"
"165","162.877000","25.472000"
"165","172.162000","28.027000"
"165","180.444000","30.547000"
"165","205.039000","36.758000"
"166","0.000000","37.211000"
"166","33.975000","34.722000"
"166","49.083000","35.000000"
"166","58.948000","35.294000"
"166","100.583000","35.296000"
"166","121.638000","32.000000"
"166","134.669000","26.952000"
"166","148.088000","26.476000"
"166","206.872000","26.634000"
"166","235.790000","27.027000"
"166","252.564000","27.152000"
"166","275.877000","27.203000"
"166","292.739000","26.462000"
"166","303.098000","26.000000"
"166","317.263000","26.000000"
"166","337.391000","31.712000"
"166","346.497000","32.965000"
"166","364.960000","34.000000"
"166","391.067000","37.532000"
"167","0.340000","37.132000"
"167","7.750000","35.282000"
"167","26.022000","34.000000"
"167","47.415000","33.937000"
"167","62.235000","26.718000"
"167","62.671000","25.871000"
"167","74.004000","24.029000"
"167","98.091000","24.000000"
"167","118.691000","24.442000"
"167","139.162000","24.895000"
"167","157.068000","26.000000"
"167","186.997000","28.245000"
"167","211.306000","32.622000"
"167","214.358000","32.038000"
"167","221.768000","34.054000"
"167","251.788000","34.000000"
"167","282.255000","34.000000"
"167","293.252000","32.797000"
"167","301.098000","32.681000"
"167","313.739000","32.622000"
"167","324.636000","34.463000"
"167","336.840000","35.077000"
"167","356.019000","37.499000"
"168","0.000000","36.647000"
"168","18.703000","34.837000"
"168","54.641000","33.931000"
"168","121.356000","33.006000"
"168","155.734000","32.153000"
"168","163.995000","31.827000"
"168","193.772000","29.927000"
"168","239.239000","28.126000"
"168","281.025000","27.000000"
"168","301.997000","26.388000"
"168","332.904000","25.075000"
"168","352.926000","23.029000"
"168","369.355000","23.000000"
"168","382.190000","26.186000"
"168","391.945000","29.489000"
"168","406.833000","34.720000"
"168","418.128000","36.615000"
"169","1.174000","36.743000"
"169","19.129000","32.315000"
"169","32.249000","31.814000"
"169","78.028000","31.976000"
"169","113.584000","31.659000"
"169","128.929000","31.614000"
"169","149.646000","31.965000"
"169","172.434000","34.119000"
"169","213.197000","32.702000"
"169","235.967000","31.939000"
"169","253.921000","31.914000"
"169","260.136000","33.994000"
"169","272.567000","32.916000"
"169","302.261000","31.965000"
"169","317.453000","29.935000"
"169","330.574000","28.908000"
"169","364.412000","27.029000"
"169","394.106000","26.102000"
"169","437.187000","25.475000"
"169","463.865000","25.109000"
"169","471.450000","24.975000"
"169","497.001000","25.025000"
"169","512.193000","25.977000"
"169","519.099000","27.530000"
"169","536.363000","31.965000"
"169","555.699000","34.570000"
"169","564.676000","35.843000"
"170","1.936000","36.764000"
"170","27.617000","31.812000"
"170","48.853000","31.731000"
"170","62.681000","32.029000"
"170","80.460000","25.027000"
"170","107.853000","25.000000"
"170","129.846000","26.058000"
"170","176.465000","27.036000"
"170","205.258000","27.278000"
"170","230.099000","27.415000"
"170","248.372000","27.035000"
"170","264.670000","26.248000"
"170","273.065000","26.357000"
"170","289.363000","28.555000"
"170","308.623000","30.727000"
"170","337.267000","32.056000"
"170","364.923000","32.925000"
"170","369.862000","31.839000"
"170","388.629000","34.580000"
"170","404.926000","37.065000"
"171","3.577000","36.090000"
"171","18.409000","33.042000"
"171","52.392000","33.000000"
"171","73.585000","35.046000"
"171","83.671000","35.046000"
"171","96.130000","33.042000"
"171","111.555000","31.990000"
"171","124.014000","26.979000"
"171","144.186000","26.052000"
"171","184.917000","25.000000"
"171","229.026000","25.025000"
"171","261.064000","26.002000"
"171","286.526000","26.381000"
"171","327.814000","27.000000"
"171","336.412000","28.006000"
"171","344.718000","30.537000"
"171","347.091000","32.140000"
"171","390.401000","34.570000"
"171","486.513000","36.875000"
"172","0.000000","36.392000"
"172","11.792000","33.092000"
"172","25.138000","30.812000"
"172","60.952000","33.812000"
"172","71.296000","34.937000"
"172","83.530000","35.317000"
"172","104.663000","34.965000"
"172","129.409000","34.218000"
"172","160.830000","33.010000"
"172","171.952000","31.301000"
"172","181.962000","28.342000"
"172","234.237000","27.338000"
"172","289.246000","27.231000"
"172","325.996000","25.601000"
"172","355.470000","24.733000"
"172","369.373000","24.570000"
"172","378.827000","24.434000"
"172","394.398000","24.597000"
"172","402.740000","25.683000"
"172","410.525000","30.052000"
"172","436.663000","35.399000"
"172","453.346000","36.119000"
"173","0.000000","37.904000"
"173","26.994000","35.069000"
"173","53.988000","34.035000"
"173","152.240000","34.000000"
"173","161.523000","34.035000"
"173","171.701000","34.937000"
"173","206.385000","35.000000"
"173","234.681000","32.507000"
"173","252.684000","31.029000"
"173","260.649000","29.056000"
"173","282.580000","29.000000"
"173","318.455000","29.000000"
"173","327.471000","30.503000"
"173","357.109000","37.043000"
"173","361.103000","37.890000"
"174","0.000000","37.904000"
"174","26.994000","35.069000"
"174","53.988000","34.035000"
"174","152.240000","34.000000"
"174","161.523000","34.035000"
"174","171.701000","34.937000"
"174","206.385000","35.000000"
"174","234.681000","32.507000"
"174","252.684000","31.029000"
"174","260.649000","29.056000"
"174","282.580000","29.000000"
"174","318.455000","29.000000"
"174","327.471000","30.503000"
"174","357.109000","37.043000"
"174","361.103000","37.890000"
"175","0.000000","37.904000"
"175","26.994000","35.069000"
"175","53.988000","34.035000"
"175","152.240000","34.000000"
"175","161.523000","34.035000"
"175","171.701000","34.937000"
"175","206.385000","35.000000"
"175","234.681000","32.507000"
"175","252.684000","31.029000"
"175","260.649000","29.056000"
"175","282.580000","29.000000"
"175","318.455000","29.000000"
"175","327.471000","30.503000"
"175","357.109000","37.043000"
"175","361.103000","37.890000"
"176","0.000000","38.121000"
"176","21.854000","36.200000"
"176","26.882000","35.419000"
"176","39.857000","36.208000"
"176","49.779000","36.170000"
"176","68.860000","34.178000"
"176","87.941000","34.216000"
"176","93.284000","34.385000"
"176","104.732000","34.348000"
"176","139.853000","37.125000"
"176","157.396000","35.287000"
"176","212.215000","34.452000"
"176","222.271000","34.535000"
"176","238.300000","36.227000"
"176","359.655000","36.189000"
"176","377.210000","30.045000"
"176","467.043000","29.942000"
"176","478.721000","30.421000"
"176","489.406000","31.022000"
"176","522.225000","36.001000"
"176","551.745000","36.000000"
"176","596.037000","33.361000"
"176","622.210000","38.021000"
"177","0.000000","38.028000"
"177","41.611000","31.765000"
"177","70.934000","28.023000"
"177","97.836000","29.000000"
"177","123.383000","29.673000"
"177","128.381000","29.860000"
"177","138.371000","31.537000"
"177","164.051000","33.000000"
"177","187.825000","34.568000"
"177","205.809000","34.843000"
"177","280.321000","34.832000"
"177","341.183000","34.981000"
"177","359.666000","32.088000"
"177","372.654000","32.042000"
"177","391.636000","34.522000"
"177","407.621000","37.954000"
"178","0.000000","38.400000"
"178","8.220000","36.910000"
"178","14.613000","36.221000"
"178","23.289000","34.017000"
"178","60.265000","33.970000"
"178","78.544000","34.017000"
"178","86.763000","31.904000"
"178","97.723000","30.273000"
"178","116.902000","28.987000"
"178","126.948000","28.712000"
"178","167.379000","28.772000"
"178","177.180000","29.033000"
"178","183.116000","31.031000"
"178","226.666000","34.000000"
"178","290.971000","33.321000"
"178","320.687000","33.000000"
"178","346.080000","33.000000"
"178","372.625000","36.432000"
"179","0.000000","37.957000"
"179","12.844000","37.370000"
"179","35.450000","34.063000"
"179","71.928000","34.086000"
"179","89.396000","36.084000"
"179","104.809000","31.054000"
"179","115.084000","30.021000"
"179","151.380000","29.252000"
"179","191.636000","28.551000"
"179","221.667000","29.099000"
"179","227.600000","31.077000"
"179","253.775000","32.538000"
"179","268.702000","33.213000"
"179","305.379000","34.000000"
"179","335.775000","34.000000"
"179","373.868000","33.000000"
"179","395.089000","33.029000"
"179","410.502000","36.956000"
"179","419.236000","37.245000"
"180","0.000000","38.276000"
"180","14.870000","34.338000"
"180","38.297000","34.000000"
"180","87.338000","34.000000"
"180","98.960000","34.981000"
"180","114.855000","34.935000"
"180","125.110000","33.971000"
"180","153.380000","33.594000"
"180","193.509000","33.000000"
"180","229.650000","31.000000"
"180","243.554000","29.033000"
"180","259.962000","28.482000"
"180","276.882000","28.896000"
"180","315.196000","28.951000"
"180","341.488000","30.044000"
"180","355.332000","32.868000"
"180","402.800000","35.557000"
"180","418.400000","38.100000"
"181","0.000000","37.318000"
"181","8.248000","33.729000"
"181","20.620000","29.664000"
"181","31.755000","27.023000"
"181","55.262000","27.000000"
"181","77.700000","27.776000"
"181","85.367000","28.010000"
"181","92.377000","29.939000"
"181","113.410000","32.006000"
"181","152.175000","32.052000"
"181","169.909000","34.165000"
"181","303.061000","34.862000"
"181","336.518000","37.633000"
"182","0.000000","38.100000"
"182","26.508000","34.447000"
"182","45.555000","34.491000"
"182","77.039000","35.900000"
"182","100.831000","35.292000"
"182","119.024000","34.315000"
"182","137.915000","31.159000"
"182","156.807000","29.029000"
"182","183.733000","28.000000"
"182","216.282000","27.827000"
"182","241.471000","28.503000"
"182","246.369000","30.056000"
"182","270.859000","35.894000"
"182","395.338000","35.900000"
"182","428.101000","34.380000"
"182","452.781000","32.987000"
"182","472.373000","35.969000"
"182","515.599000","35.900000"
"182","569.631000","35.814000"
"183","0.000000","37.514000"
"183","43.075000","33.000000"
"183","72.024000","33.086000"
"183","101.057000","33.866000"
"183","139.581000","34.693000"
"183","159.123000","34.670000"
"183","181.456000","33.981000"
"183","208.813000","32.190000"
"183","214.955000","29.618000"
"183","227.238000","28.171000"
"183","239.521000","27.827000"
"183","272.668000","27.790000"
"183","286.979000","28.010000"
"183","294.237000","29.182000"
"183","310.429000","35.910000"
"183","342.253000","35.910000"
"183","351.745000","35.175000"
"183","374.636000","34.739000"
"183","439.737000","35.044000"
"183","455.593000","37.524000"
"184","1.868000","37.607000"
"184","7.198000","35.795000"
"184","26.232000","34.969000"
"184","42.220000","34.992000"
"184","50.595000","34.004000"
"184","54.783000","34.004000"
"184","97.799000","33.063000"
"184","114.930000","34.441000"
"184","125.970000","35.864000"
"184","128.254000","35.818000"
"184","138.151000","30.008000"
"184","148.430000","28.585000"
"184","178.001000","28.204000"
"184","199.822000","27.023000"
"184","209.339000","27.046000"
"184","215.430000","27.367000"
"184","225.327000","28.470000"
"184","237.890000","30.537000"
"184","245.884000","32.121000"
"184","271.390000","34.027000"
"184","277.480000","35.152000"
"184","287.378000","35.106000"
"184","313.264000","37.587000"
"185","0.729000","37.706000"
"185","27.322000","32.457000"
"185","51.920000","27.541000"
"185","60.563000","24.973000"
"185","61.227000","23.971000"
"185","66.546000","23.908000"
"185","105.770000","28.449000"
"185","109.759000","30.422000"
"185","123.056000","28.856000"
"185","138.346000","33.084000"
"185","246.212000","33.276000"
"185","335.322000","33.572000"
"185","364.750000","33.831000"
"185","381.005000","33.929000"
"185","394.966000","35.401000"
"185","404.274000","28.699000"
"185","426.878000","32.990000"
"185","436.850000","32.019000"
"185","438.844000","28.825000"
"185","476.739000","28.699000"
"185","526.364000","36.952000"
"185","543.221000","36.830000"
"186","0.000000","37.800000"
"186","9.100000","37.699000"
"186","28.540000","32.338000"
"186","37.227000","30.084000"
"186","54.185000","27.929000"
"186","70.731000","26.827000"
"186","98.893000","26.902000"
"186","116.643000","28.530000"
"186","119.539000","29.983000"
"186","137.325000","32.038000"
"186","164.476000","32.857000"
"186","202.213000","34.000000"
"186","242.463000","28.700000"
"186","257.691000","32.013000"
"186","267.204000","31.111000"
"186","277.131000","28.656000"
"186","301.122000","28.731000"
"186","308.567000","32.163000"
"186","323.458000","36.923000"
"186","337.521000","37.000000"
"187","0.000000","37.501000"
"187","13.226000","35.015000"
"187","22.891000","35.077000"
"187","30.521000","32.948000"
"187","61.551000","33.073000"
"187","74.268000","33.616000"
"187","100.211000","33.595000"
"187","119.542000","33.157000"
"187","130.733000","33.073000"
"187","144.976000","32.008000"
"187","151.080000","30.651000"
"187","160.237000","29.587000"
"187","165.832000","28.731000"
"187","180.075000","28.104000"
"187","241.317000","28.000000"
"187","248.239000","29.900000"
"187","257.905000","34.994000"
"187","270.113000","32.050000"
"187","305.740000","35.000000"
"187","333.975000","34.293000"
"187","346.416000","33.992000"
"187","359.133000","35.077000"
"187","401.863000","37.061000"
"187","415.089000","36.913000"
"188","0.000000","37.688000"
"188","30.976000","33.170000"
"188","34.957000","32.994000"
"188","39.892000","32.626000"
"188","43.593000","34.969000"
"188","46.883000","31.983000"
"188","72.793000","34.808000"
"188","81.840000","30.100000"
"188","100.347000","27.965000"
"188","113.919000","27.092000"
"188","127.079000","26.977000"
"188","164.092000","27.942000"
"188","176.019000","30.054000"
"188","198.227000","32.948000"
"188","246.653000","33.279000"
"188","318.337000","34.214000"
"188","335.587000","37.000000"
"189","0.000000","37.800000"
"189","13.473000","37.674000"
"189","37.499000","32.318000"
"189","80.276000","31.909000"
"189","135.951000","32.013000"
"189","154.323000","32.939000"
"189","217.459000","33.281000"
"189","251.693000","33.566000"
"189","334.854000","33.043000"
"189","365.597000","26.526000"
"189","375.396000","26.100000"
"189","400.504000","26.100000"
"189","413.976000","27.403000"
"189","438.472000","32.038000"
"189","461.743000","33.541000"
"189","499.711000","37.011000"
"190","0.000000","37.708000"
"190","30.462000","36.028000"
"190","89.826000","36.544000"
"190","141.270000","36.720000"
"190","231.449000","37.000000"
"190","239.809000","36.969000"
"190","255.638000","33.006000"
"190","277.008000","31.975000"
"190","289.672000","30.754000"
"190","304.710000","26.846000"
"190","336.310000","25.813000"
"190","373.569000","28.881000"
"190","394.148000","32.056000"
"190","424.224000","32.979000"
"190","486.839000","31.500000"
"190","489.126000","34.092000"
"190","504.956000","33.848000"
"190","510.496000","32.925000"
"190","561.151000","32.463000"
"190","580.938000","31.514000"
"190","625.663000","31.500000"
"190","645.048000","37.153000"
"191","0.000000","34.697000"
"191","147.422000","33.466000"
"191","201.241000","33.046000"
"191","232.557000","32.981000"
"191","257.627000","30.026000"
"191","259.227000","28.975000"
"191","271.495000","26.853000"
"191","280.562000","26.020000"
"191","303.435000","26.000000"
"191","307.765000","26.059000"
"191","335.501000","28.360000"
"191","346.169000","30.006000"
"191","355.770000","31.038000"
"191","377.361000","32.574000"
"191","390.974000","32.961000"
"191","421.377000","35.203000"
"191","435.245000","34.806000"
"192","0.000000","33.714000"
"192","117.397000","34.744000"
"192","163.388000","34.870000"
"192","186.485000","34.953000"
"192","211.178000","34.137000"
"192","217.174000","31.956000"
"192","233.756000","26.038000"
"192","263.177000","25.981000"
"192","287.783000","27.879000"
"192","300.086000","29.946000"
"192","369.556000","30.993000"
"192","377.113000","32.050000"
"192","397.974000","31.035000"
"192","420.441000","31.017000"
"192","436.488000","34.218000"
"193","0.000000","37.100000"
"193","39.373000","31.197000"
"193","47.364000","31.061000"
"193","60.806000","27.102000"
"193","78.087000","26.526000"
"193","108.581000","26.311000"
"193","128.652000","27.077000"
"193","134.732000","28.004000"
"193","140.813000","30.008000"
"193","159.695000","31.461000"
"193","177.296000","31.937000"
"193","209.939000","32.539000"
"193","233.621000","33.040000"
"193","255.565000","37.100000"
"193","261.144000","37.100000"
"194","0.000000","36.977000"
"194","21.643000","35.545000"
"194","31.974000","35.096000"
"194","45.859000","35.071000"
"194","101.952000","32.298000"
"194","107.080000","31.939000"
"194","134.702000","32.000000"
"194","254.271000","32.000000"
"194","262.971000","30.937000"
"194","291.681000","30.000000"
"194","303.363000","27.380000"
"194","322.297000","25.025000"
"194","357.643000","25.000000"
"194","369.002000","27.806000"
"194","382.887000","31.814000"
"194","405.708000","31.984000"
"194","413.181000","32.365000"
"194","455.490000","33.031000"
"194","513.532000","36.363000"
"195","0.000000","36.977000"
"195","21.643000","35.545000"
"195","31.974000","35.096000"
"195","45.859000","35.071000"
"195","101.952000","32.298000"
"195","107.080000","31.939000"
"195","134.702000","32.000000"
"195","254.271000","32.000000"
"195","262.971000","30.937000"
"195","291.681000","30.000000"
"195","303.363000","27.380000"
"195","322.297000","25.025000"
"195","357.643000","25.000000"
"195","369.002000","27.806000"
"195","382.887000","31.814000"
"195","405.708000","31.984000"
"195","413.181000","32.365000"
"195","455.490000","33.031000"
"195","513.532000","36.363000"
"196","0.000000","36.977000"
"196","21.643000","35.545000"
"196","31.974000","35.096000"
"196","45.859000","35.071000"
"196","101.952000","32.298000"
"196","107.080000","31.939000"
"196","134.702000","32.000000"
"196","254.271000","32.000000"
"196","262.971000","30.937000"
"196","291.681000","30.000000"
"196","303.363000","27.380000"
"196","322.297000","25.025000"
"196","357.643000","25.000000"
"196","369.002000","27.806000"
"196","382.887000","31.814000"
"196","405.708000","31.984000"
"196","413.181000","32.365000"
"196","455.490000","33.031000"
"196","513.532000","36.363000"
"197","0.000000","37.269000"
"197","56.980000","34.828000"
"197","86.300000","33.140000"
"197","110.533000","32.939000"
"197","146.227000","33.366000"
"197","204.913000","33.891000"
"197","230.421000","34.017000"
"197","281.155000","35.000000"
"197","287.815000","34.969000"
"197","300.569000","33.967000"
"197","347.759000","34.017000"
"197","368.166000","34.468000"
"197","380.920000","34.017000"
"197","387.297000","36.021000"
"197","502.222000","30.780000"
"197","535.245000","26.852000"
"197","559.478000","28.530000"
"197","591.363000","31.111000"
"197","610.494000","31.336000"
"197","627.074000","31.010000"
"197","670.438000","31.061000"
"197","680.642000","32.914000"
"197","684.468000","35.620000"
"197","745.940000","36.294000"
"197","785.647000","36.143000"
"197","809.458000","35.871000"
"197","862.587000","33.636000"
"197","884.708000","33.040000"
"197","938.275000","32.789000"
"197","986.445000","33.000000"
"197","1037.757000","37.065000"
"198","0.000000","37.300000"
"198","11.461000","36.760000"
"198","42.871000","33.246000"
"198","56.878000","33.017000"
"198","59.001000","31.983000"
"198","92.109000","31.983000"
"198","112.059000","33.086000"
"198","143.469000","33.384000"
"198","163.843000","32.994000"
"198","187.992000","32.840000"
"198","244.998000","32.296000"
"198","253.830000","30.077000"
"198","257.225000","28.791000"
"198","268.262000","27.390000"
"198","274.629000","27.344000"
"198","284.816000","28.562000"
"198","295.852000","30.674000"
"198","300.945000","31.317000"
"198","321.744000","37.334000"
"198","336.600000","37.288000"
"198","346.363000","37.300000"
"199","0.000000","36.802000"
"199","13.195000","34.520000"
"199","18.769000","31.914000"
"199","46.727000","32.796000"
"199","108.574000","33.393000"
"199","151.074000","33.262000"
"199","160.350000","33.418000"
"199","211.358000","33.161000"
"199","243.962000","32.942000"
"199","265.143000","32.090000"
"199","284.652000","31.639000"
"199","351.853000","31.000000"
"199","359.902000","30.461000"
"199","373.280000","26.027000"
"199","379.412000","26.027000"
"199","387.215000","27.781000"
"199","391.117000","27.981000"
"199","410.069000","31.814000"
"199","440.283000","35.551000"
"199","453.547000","37.000000"
"200","0.000000","37.000000"
"200","11.136000","36.770000"
"200","42.031000","31.008000"
"200","49.935000","30.424000"
"200","55.323000","29.171000"
"200","62.867000","27.251000"
"200","64.663000","27.084000"
"200","72.567000","28.002000"
"200","83.344000","30.486000"
"200","149.697000","31.925000"
"200","187.945000","32.180000"
"200","203.690000","32.261000"
"200","274.665000","35.073000"
"200","293.141000","37.000000"
"201","0.000000","36.500000"
"201","15.909000","36.493000"
"201","28.252000","31.983000"
"201","47.727000","30.969000"
"201","63.361000","30.499000"
"201","69.944000","29.447000"
"201","83.659000","28.056000"
"201","99.568000","28.019000"
"201","113.557000","30.461000"
"201","134.129000","31.025000"
"201","160.727000","33.005000"
"201","172.804000","33.900000"
"201","178.290000","34.595000"
"201","192.004000","36.436000"
"201","196.941000","36.493000"
"201","203.524000","36.981000"
"201","223.822000","36.909000"
"202","0.000000","36.600000"
"202","14.969000","36.474000"
"202","27.898000","32.090000"
"202","106.828000","32.040000"
"202","160.037000","31.244000"
"202","195.964000","30.511000"
"202","212.295000","25.150000"
"202","219.779000","24.950000"
"202","226.584000","26.077000"
"202","238.491000","28.557000"
"202","249.718000","30.136000"
"202","255.162000","30.511000"
"202","260.265000","33.242000"
"202","270.812000","35.697000"
"202","277.616000","36.752000"
"203","0.000000","37.000000"
"203","23.816000","36.495000"
"203","36.385000","36.541000"
"203","56.894000","30.983000"
"203","60.863000","31.902000"
"203","75.417000","31.006000"
"203","128.341000","31.029000"
"203","160.791000","31.638000"
"203","177.958000","32.063000"
"203","198.466000","33.004000"
"203","251.737000","34.000000"
"203","274.544000","37.000000"
"203","310.268000","32.591000"
"203","327.469000","31.305000"
"203","353.931000","31.029000"
"203","389.655000","35.616000"
"203","400.239000","37.023000"
"203","402.224000","30.203000"
"203","414.794000","26.092000"
"203","423.394000","26.046000"
"203","437.948000","30.088000"
"203","447.871000","36.977000"
"203","465.733000","31.259000"
"203","524.064000","37.000000"
"203","539.827000","37.000000"
"204","0.000000","37.349000"
"204","8.233000","37.196000"
"204","12.592000","37.104000"
"204","29.785000","31.065000"
"204","42.134000","30.514000"
"204","60.538000","27.758000"
"204","87.927000","28.000000"
"204","90.564000","28.010000"
"204","102.914000","29.090000"
"204","118.170000","30.514000"
"204","131.004000","30.973000"
"204","151.829000","31.019000"
"204","161.757000","30.514000"
"204","174.106000","30.077000"
"204","176.044000","30.146000"
"204","185.972000","34.165000"
"204","197.595000","36.242000"
"205","0.000000","34.741000"
"205","11.814000","34.645000"
"205","41.391000","33.265000"
"205","50.071000","32.624000"
"205","73.518000","29.818000"
"205","116.070000","29.232000"
"205","146.591000","29.268000"
"205","166.527000","29.180000"
"205","224.312000","29.409000"
"205","313.290000","35.353000"
"205","320.677000","34.048000"
"205","339.806000","30.305000"
"205","367.373000","26.860000"
"205","381.437000","25.689000"
"205","387.626000","25.827000"
"205","421.381000","28.491000"
"205","436.571000","29.937000"
"205","446.698000","33.175000"
"205","456.262000","34.576000"
"205","459.075000","35.328000"
"206","0.000000","38.025000"
"206","7.287000","37.562000"
"206","38.848000","32.904000"
"206","55.519000","31.048000"
"206","88.830000","30.505000"
"206","109.650000","27.818000"
"206","117.631000","27.493000"
"206","132.204000","26.570000"
"206","141.573000","26.543000"
"206","146.431000","26.570000"
"206","160.658000","27.954000"
"206","168.638000","29.040000"
"206","176.966000","30.424000"
"206","203.338000","30.885000"
"206","226.933000","31.048000"
"206","276.855000","36.500000"
"206","283.146000","36.500000"
"207","0.000000","36.896000"
"207","11.136000","36.582000"
"207","12.326000","34.996000"
"207","31.657000","31.551000"
"207","59.910000","31.008000"
"207","70.913000","29.965000"
"207","86.378000","27.668000"
"207","98.571000","27.251000"
"207","107.791000","27.209000"
"207","132.927000","27.815000"
"207","154.184000","30.236000"
"207","161.025000","30.758000"
"207","178.274000","31.071000"
"207","188.088000","31.029000"
"207","199.389000","30.967000"
"207","203.552000","30.967000"
"207","213.664000","33.159000"
"207","223.478000","36.541000"
"207","242.214000","36.500000"
"208","0.378000","36.397000"
"208","5.697000","33.608000"
"208","26.439000","31.413000"
"208","40.027000","31.409000"
"208","51.148000","31.681000"
"208","61.786000","31.626000"
"208","79.676000","31.029000"
"208","134.798000","30.948000"
"208","144.469000","32.033000"
"208","169.832000","31.528000"
"208","222.763000","30.500000"
"208","239.240000","27.420000"
"208","252.295000","24.000000"
"208","260.998000","24.054000"
"208","281.790000","24.977000"
"208","321.662000","26.946000"
"208","334.978000","28.044000"
"208","347.066000","30.948000"
"208","365.027000","33.221000"
"208","385.388000","35.794000"
"208","394.935000","36.300000"
"209","0.375000","36.791000"
"209","54.796000","34.066000"
"209","95.918000","34.182000"
"209","114.163000","32.021000"
"209","137.688000","30.969000"
"209","187.266000","30.000000"
"209","205.865000","28.996000"
"209","212.586000","28.019000"
"209","267.251000","28.000000"
"209","277.402000","27.981000"
"209","292.766000","30.518000"
"209","308.610000","31.063000"
"209","359.502000","33.599000"
"209","371.985000","33.825000"
"209","375.826000","33.862000"
"209","392.150000","36.457000"
"210","0.000000","36.100000"
"210","10.601000","35.786000"
"210","33.705000","34.502000"
"210","41.439000","34.100000"
"210","66.495000","31.046000"
"210","85.769000","31.066000"
"210","100.866000","30.550000"
"210","139.559000","29.305000"
"210","150.978000","28.963000"
"210","167.682000","28.051000"
"210","198.842000","27.278000"
"210","222.390000","27.120000"
"210","239.638000","27.992000"
"210","257.627000","32.990000"
"210","262.124000","34.437000"
"211","0.000000","35.700000"
"211","6.638000","29.718000"
"211","18.808000","29.062000"
"211","21.389000","28.210000"
"211","59.325000","28.200000"
"211","71.173000","28.192000"
"211","78.918000","28.760000"
"211","92.931000","30.304000"
"211","104.363000","29.008000"
"211","122.802000","27.997000"
"211","177.540000","27.895000"
"211","206.216000","28.000000"
"211","227.165000","29.008000"
"211","236.016000","30.517000"
"211","269.596000","33.584000"
"211","289.119000","28.228000"
"211","345.927000","27.752000"
"211","385.518000","28.336000"
"211","482.222000","31.301000"
"211","520.514000","35.810000"
"212","0.247000","36.290000"
"212","21.152000","33.700000"
"212","29.980000","30.610000"
"212","53.703000","29.023000"
"212","103.917000","28.000000"
"212","132.921000","27.440000"
"212","155.351000","27.000000"
"212","179.717000","27.551000"
"212","197.622000","27.972000"
"212","228.937000","30.629000"
"212","247.599000","34.160000"
"212","258.353000","36.102000"
"213","0.000000","36.334000"
"213","9.597000","33.670000"
"213","30.549000","30.065000"
"213","59.509000","30.000000"
"213","65.470000","30.754000"
"213","117.319000","31.061000"
"213","144.349000","30.547000"
"213","185.843000","27.263000"
"213","220.352000","26.023000"
"213","235.964000","26.000000"
"213","288.100000","27.000000"
"213","334.563000","35.000000"
"214","0.000000","35.975000"
"214","15.788000","34.472000"
"214","43.899000","30.438000"
"214","62.383000","29.010000"
"214","82.023000","28.985000"
"214","107.754000","28.591000"
"214","145.562000","27.958000"
"214","162.505000","25.854000"
"214","183.300000","24.125000"
"214","205.249000","24.025000"
"214","234.516000","24.977000"
"214","269.943000","27.983000"
"214","298.054000","33.069000"
"214","314.228000","34.242000"
"215","0.000000","36.322000"
"215","25.481000","30.501000"
"215","49.998000","26.804000"
"215","60.453000","26.965000"
"215","64.779000","27.470000"
"215","75.235000","28.182000"
"215","87.493000","26.413000"
"215","110.466000","27.000000"
"215","128.234000","26.735000"
"215","150.251000","27.000000"
"215","168.974000","27.079000"
"215","187.569000","26.803000"
"215","214.402000","33.992000"
"215","220.891000","33.992000"
"215","229.184000","32.154000"
"215","265.484000","34.000000"
"215","293.359000","34.843000"
"216","0.000000","36.132000"
"216","7.553000","35.942000"
"216","33.991000","30.894000"
"216","42.917000","27.990000"
"216","59.398000","27.365000"
"216","73.475000","24.868000"
"216","85.148000","24.136000"
"216","95.448000","26.063000"
"216","104.375000","27.040000"
"216","146.954000","28.000000"
"216","199.071000","28.798000"
"216","211.154000","29.021000"
"216","237.610000","30.000000"
"216","267.805000","31.843000"
"216","272.612000","34.639000"
"216","280.165000","36.587000"
"217","0.000000","36.400000"
"217","14.910000","34.470000"
"217","39.759000","30.587000"
"217","74.134000","28.132000"
"217","122.176000","26.954000"
"217","154.529000","25.867000"
"217","204.220000","27.127000"
"217","254.706000","27.981000"
"217","274.172000","29.033000"
"217","288.667000","30.061000"
"217","302.749000","30.662000"
"217","333.945000","36.200000"
"217","337.952000","36.007000"
"218","0.000000","36.217000"
"218","21.644000","31.000000"
"218","131.104000","31.008000"
"218","143.280000","30.549000"
"218","154.949000","29.025000"
"218","171.184000","28.023000"
"218","200.610000","27.647000"
"218","230.874000","27.872000"
"218","245.256000","27.626000"
"218","258.954000","27.752000"
"218","293.964000","27.458000"
"218","338.305000","27.777000"
"218","355.349000","28.023000"
"218","364.989000","28.399000"
"218","377.165000","29.213000"
"218","390.356000","30.653000"
"218","403.039000","34.432000"
"218","413.186000","36.700000"
"219","0.000000","36.000000"
"219","19.935000","33.090000"
"219","32.834000","30.002000"
"219","52.769000","28.991000"
"219","76.221000","29.789000"
"219","89.120000","29.683000"
"219","98.501000","29.204000"
"219","106.710000","28.991000"
"219","115.505000","28.068000"
"219","169.818000","27.651000"
"219","225.915000","27.754000"
"219","238.631000","27.979000"
"219","246.253000","30.570000"
"219","273.598000","29.195000"
"219","279.673000","29.008000"
"219","337.337000","30.000000"
"219","406.073000","30.601000"
"219","446.455000","30.954000"
"219","456.155000","31.014000"
"219","469.054000","33.462000"
"219","478.435000","36.000000"
"220","0.000000","36.553000"
"220","29.106000","30.395000"
"220","32.276000","29.916000"
"220","114.922000","31.582000"
"220","161.929000","31.192000"
"220","167.947000","30.676000"
"220","190.905000","30.278000"
"220","204.600000","29.944000"
"220","240.705000","30.568000"
"220","263.677000","29.309000"
"220","294.317000","27.935000"
"220","310.182000","26.225000"
"220","323.311000","24.054000"
"220","347.929000","24.027000"
"220","355.040000","26.063000"
"220","362.699000","27.067000"
"220","388.411000","27.990000"
"220","407.011000","30.079000"
"220","414.123000","31.029000"
"220","429.440000","35.127000"
"220","446.399000","35.660000"
"221","0.882000","36.322000"
"221","27.031000","30.463000"
"221","35.349000","29.987000"
"221","39.869000","30.449000"
"221","47.780000","30.467000"
"221","61.906000","30.857000"
"221","124.625000","30.768000"
"221","149.082000","30.600000"
"221","191.864000","30.325000"
"221","242.152000","30.218000"
"221","244.412000","30.484000"
"221","252.888000","30.431000"
"221","255.713000","30.041000"
"221","274.359000","28.958000"
"221","299.698000","28.000000"
"221","368.429000","28.000000"
"221","378.326000","29.437000"
"221","391.887000","30.520000"
"221","402.057000","30.892000"
"221","428.614000","30.981000"
"221","436.524000","31.727000"
"221","454.606000","31.496000"
"221","462.516000","35.187000"
"222","0.000000","34.804000"
"222","67.567000","27.998000"
"222","98.624000","27.688000"
"222","139.628000","27.088000"
"222","166.397000","26.800000"
"222","199.172000","26.595000"
"222","245.057000","26.069000"
"222","281.866000","23.965000"
"222","291.447000","23.965000"
"222","315.650000","28.699000"
"222","349.938000","33.990000"
"222","385.736000","35.225000"
"222","407.776000","36.049000"
"222","411.454000","36.056000"
"223","0.000000","39.636000"
"223","19.558000","37.453000"
"223","37.966000","36.033000"
"223","47.170000","37.787000"
"223","65.578000","36.868000"
"223","90.889000","29.102000"
"223","128.855000","20.167000"
"223","165.671000","20.125000"
"223","195.584000","21.921000"
"223","230.099000","26.263000"
"223","257.711000","31.441000"
"223","284.172000","33.445000"
"223","341.697000","35.031000"
"223","393.866000","35.783000"
"223","445.122000","35.825000"
"223","522.456000","33.236000"
"223","638.458000","33.319000"
"223","762.553000","34.739000"
"223","886.647000","35.365000"
"223","938.803000","38.789000"
"224","0.000000","40.400000"
"224","109.393000","36.455000"
"224","138.269000","35.914000"
"224","153.632000","34.044000"
"224","159.218000","34.190000"
"224","195.531000","31.238000"
"224","230.164000","30.016000"
"224","262.702000","29.008000"
"224","304.116000","28.275000"
"224","341.481000","27.994000"
"224","384.128000","28.126000"
"224","414.562000","28.259000"
"224","427.375000","28.198000"
"224","453.627000","27.463000"
"224","470.672000","26.971000"
"224","504.890000","27.029000"
"224","521.650000","34.015000"
"224","565.290000","39.284000"
"224","569.834000","39.284000"
