"section_id","time_hours","water_level_m","discharge_m3s"
"1","0.0","33.477","1.0"
"1","1.0","34.428","72.4"
"1","2.0","34.633","72.03"
"1","3.0","34.78","71.67"
"1","4.0","34.897","71.3"
"1","5.0","34.984","70.93"
"1","6.0","35.056","70.57"
"1","7.0","35.114","70.2"
"1","8.0","35.158","69.83"
"1","9.0","35.195","69.47"
"1","10.0","35.226","69.1"
"1","11.0","35.253","68.73"
"1","12.0","35.276","68.37"
"1","13.0","35.298","68.0"
"1","14.0","35.315","67.63"
"1","15.0","35.328","67.27"
"1","16.0","35.338","66.9"
"1","17.0","35.35","66.79"
"1","18.0","35.361","66.68"
"1","19.0","35.372","66.58"
"1","20.0","35.382","66.47"
"1","21.0","35.391","66.36"
"1","22.0","35.399","66.25"
"1","23.0","35.408","66.14"
"1","24.0","35.415","66.03"
"1","25.0","35.423","65.92"
"1","26.0","35.43","65.82"
"1","27.0","35.437","65.71"
"1","28.0","35.444","65.6"
"1","29.0","35.451","65.49"
"1","30.0","35.457","65.38"
"1","31.0","35.464","65.28"
"1","32.0","35.47","65.17"
"1","33.0","35.476","65.06"
"1","34.0","35.482","64.95"
"1","35.0","35.486","64.84"
"1","36.0","35.49","64.73"
"1","37.0","35.493","64.63"
"1","38.0","35.497","64.52"
"1","39.0","35.5","64.41"
"1","40.0","35.502","64.3"
"1","41.0","35.502","63.81"
"1","42.0","35.5","63.32"
"1","43.0","35.496","62.84"
"1","44.0","35.491","62.35"
"1","45.0","35.486","61.86"
"1","46.0","35.478","61.38"
"1","47.0","35.469","60.89"
"2","0.0","33.41","1.0"
"2","1.0","34.205","69.074"
"2","2.0","34.456","69.891"
"2","3.0","34.641","69.858"
"2","4.0","34.782","70.001"
"2","5.0","34.885","69.883"
"2","6.0","34.966","69.701"
"2","7.0","35.033","69.531"
"2","8.0","35.082","69.296"
"2","9.0","35.123","69.014"
"2","10.0","35.158","68.706"
"2","11.0","35.188","68.392"
"2","12.0","35.213","68.055"
"2","13.0","35.234","67.692"
"2","14.0","35.252","67.365"
"2","15.0","35.264","67.079"
"2","16.0","35.274","66.698"
"2","17.0","35.284","66.56"
"2","18.0","35.294","66.457"
"2","19.0","35.303","66.363"
"2","20.0","35.311","66.264"
"2","21.0","35.319","66.163"
"2","22.0","35.326","66.059"
"2","23.0","35.332","65.952"
"2","24.0","35.338","65.844"
"2","25.0","35.344","65.737"
"2","26.0","35.35","65.637"
"2","27.0","35.355","65.532"
"2","28.0","35.36","65.425"
"2","29.0","35.365","65.317"
"2","30.0","35.37","65.208"
"2","31.0","35.375","65.106"
"2","32.0","35.379","64.999"
"2","33.0","35.383","64.894"
"2","34.0","35.387","64.808"
"2","35.0","35.391","64.712"
"2","36.0","35.395","64.609"
"2","37.0","35.398","64.513"
"2","38.0","35.401","64.413"
"2","39.0","35.404","64.313"
"2","40.0","35.407","64.212"
"2","41.0","35.408","63.84"
"2","42.0","35.407","63.402"
"2","43.0","35.405","62.958"
"2","44.0","35.402","62.503"
"2","45.0","35.397","62.041"
"2","46.0","35.393","61.613"
"2","47.0","35.387","61.148"
"2_sec2_0","0.0","33.41","0.0"
"2_sec2_0","1.0","34.205","69.074"
"2_sec2_0","2.0","34.456","69.891"
"2_sec2_0","3.0","34.641","69.858"
"2_sec2_0","4.0","34.782","70.001"
"2_sec2_0","5.0","34.885","69.883"
"2_sec2_0","6.0","34.966","69.701"
"2_sec2_0","7.0","35.033","69.531"
"2_sec2_0","8.0","35.082","69.296"
"2_sec2_0","9.0","35.123","69.014"
"2_sec2_0","10.0","35.158","68.706"
"2_sec2_0","11.0","35.188","68.392"
"2_sec2_0","12.0","35.213","68.055"
"2_sec2_0","13.0","35.234","67.692"
"2_sec2_0","14.0","35.252","67.365"
"2_sec2_0","15.0","35.264","67.079"
"2_sec2_0","16.0","35.274","66.698"
"2_sec2_0","17.0","35.284","66.56"
"2_sec2_0","18.0","35.294","66.457"
"2_sec2_0","19.0","35.303","66.363"
"2_sec2_0","20.0","35.311","66.264"
"2_sec2_0","21.0","35.319","66.163"
"2_sec2_0","22.0","35.326","66.059"
"2_sec2_0","23.0","35.332","65.952"
"2_sec2_0","24.0","35.338","65.844"
"2_sec2_0","25.0","35.344","65.737"
"2_sec2_0","26.0","35.35","65.637"
"2_sec2_0","27.0","35.355","65.532"
"2_sec2_0","28.0","35.36","65.425"
"2_sec2_0","29.0","35.365","65.317"
"2_sec2_0","30.0","35.37","65.208"
"2_sec2_0","31.0","35.375","65.106"
"2_sec2_0","32.0","35.379","64.999"
"2_sec2_0","33.0","35.383","64.894"
"2_sec2_0","34.0","35.387","64.808"
"2_sec2_0","35.0","35.391","64.712"
"2_sec2_0","36.0","35.395","64.609"
"2_sec2_0","37.0","35.398","64.513"
"2_sec2_0","38.0","35.401","64.413"
"2_sec2_0","39.0","35.404","64.313"
"2_sec2_0","40.0","35.407","64.212"
"2_sec2_0","41.0","35.408","63.84"
"2_sec2_0","42.0","35.407","63.402"
"2_sec2_0","43.0","35.405","62.958"
"2_sec2_0","44.0","35.402","62.503"
"2_sec2_0","45.0","35.397","62.041"
"2_sec2_0","46.0","35.393","61.613"
"2_sec2_0","47.0","35.387","61.148"
"20","0.0","33.391","0.0"
"20","1.0","33.984","60.683"
"20","2.0","34.249","63.184"
"20","3.0","34.456","64.108"
"20","4.0","34.608","65.977"
"20","5.0","34.717","66.67"
"20","6.0","34.805","67.045"
"20","7.0","34.876","67.436"
"20","8.0","34.933","67.609"
"20","9.0","34.98","67.575"
"20","10.0","35.02","67.463"
"20","11.0","35.054","67.329"
"20","12.0","35.083","67.155"
"20","13.0","35.108","66.925"
"20","14.0","35.128","66.765"
"20","15.0","35.143","66.645"
"20","16.0","35.155","66.318"
"20","17.0","35.165","66.155"
"20","18.0","35.175","66.061"
"20","19.0","35.183","65.98"
"20","20.0","35.191","65.898"
"20","21.0","35.198","65.813"
"20","22.0","35.205","65.719"
"20","23.0","35.211","65.618"
"20","24.0","35.217","65.516"
"20","25.0","35.223","65.416"
"20","26.0","35.228","65.319"
"20","27.0","35.233","65.222"
"20","28.0","35.238","65.123"
"20","29.0","35.243","65.022"
"20","30.0","35.248","64.917"
"20","31.0","35.252","64.817"
"20","32.0","35.256","64.717"
"20","33.0","35.26","64.622"
"20","34.0","35.264","64.532"
"20","35.0","35.268","64.453"
"20","36.0","35.272","64.362"
"20","37.0","35.275","64.272"
"20","38.0","35.278","64.187"
"20","39.0","35.281","64.103"
"20","40.0","35.284","64.018"
"20","41.0","35.286","63.801"
"20","42.0","35.287","63.458"
"20","43.0","35.287","63.084"
"20","44.0","35.286","62.692"
"20","45.0","35.284","62.283"
"20","46.0","35.281","61.878"
"20","47.0","35.278","61.463"
"21","0.0","33.376","2.0"
"21","1.0","33.832","51.267"
"21","2.0","34.094","54.826"
"21","3.0","34.284","56.703"
"21","4.0","34.429","60.084"
"21","5.0","34.538","61.407"
"21","6.0","34.625","62.269"
"21","7.0","34.698","63.157"
"21","8.0","34.76","63.881"
"21","9.0","34.811","64.256"
"21","10.0","34.856","64.489"
"21","11.0","34.893","64.733"
"21","12.0","34.925","64.874"
"21","13.0","34.952","64.959"
"21","14.0","34.975","65.145"
"21","15.0","34.994","65.316"
"21","16.0","35.01","65.265"
"21","17.0","35.024","65.196"
"21","18.0","35.036","65.19"
"21","19.0","35.047","65.184"
"21","20.0","35.057","65.169"
"21","21.0","35.066","65.145"
"21","22.0","35.075","65.085"
"21","23.0","35.083","65.015"
"21","24.0","35.09","64.941"
"21","25.0","35.098","64.868"
"21","26.0","35.105","64.795"
"21","27.0","35.111","64.722"
"21","28.0","35.118","64.645"
"21","29.0","35.124","64.56"
"21","30.0","35.13","64.471"
"21","31.0","35.136","64.385"
"21","32.0","35.141","64.302"
"21","33.0","35.146","64.229"
"21","34.0","35.151","64.153"
"21","35.0","35.156","64.091"
"21","36.0","35.161","64.016"
"21","37.0","35.165","63.943"
"21","38.0","35.169","63.882"
"21","39.0","35.173","63.82"
"21","40.0","35.177","63.756"
"21","41.0","35.18","63.633"
"21","42.0","35.182","63.386"
"21","43.0","35.183","63.094"
"21","44.0","35.183","62.776"
"21","45.0","35.182","62.433"
"21","46.0","35.18","62.075"
"21","47.0","35.178","61.717"
"22","0.0","33.332","1.0"
"22","1.0","33.637","45.401"
"22","2.0","33.902","50.049"
"22","3.0","34.077","51.815"
"22","4.0","34.221","55.248"
"22","5.0","34.344","57.168"
"22","6.0","34.445","58.475"
"22","7.0","34.529","59.644"
"22","8.0","34.601","60.729"
"22","9.0","34.66","61.444"
"22","10.0","34.711","61.962"
"22","11.0","34.753","62.554"
"22","12.0","34.789","62.934"
"22","13.0","34.82","63.314"
"22","14.0","34.845","63.716"
"22","15.0","34.867","64.062"
"22","16.0","34.887","64.228"
"22","17.0","34.903","64.285"
"22","18.0","34.917","64.363"
"22","19.0","34.93","64.428"
"22","20.0","34.942","64.474"
"22","21.0","34.953","64.509"
"22","22.0","34.963","64.467"
"22","23.0","34.973","64.426"
"22","24.0","34.982","64.379"
"22","25.0","34.991","64.333"
"22","26.0","34.999","64.282"
"22","27.0","35.007","64.231"
"22","28.0","35.015","64.176"
"22","29.0","35.022","64.104"
"22","30.0","35.029","64.029"
"22","31.0","35.036","63.958"
"22","32.0","35.043","63.894"
"22","33.0","35.049","63.843"
"22","34.0","35.055","63.785"
"22","35.0","35.06","63.733"
"22","36.0","35.066","63.673"
"22","37.0","35.071","63.621"
"22","38.0","35.076","63.58"
"22","39.0","35.08","63.54"
"22","40.0","35.085","63.496"
"22","41.0","35.088","63.424"
"22","42.0","35.091","63.255"
"22","43.0","35.093","63.031"
"22","44.0","35.094","62.778"
"22","45.0","35.094","62.492"
"22","46.0","35.093","62.181"
"22","47.0","35.092","61.868"
"23","0.0","33.314","0.0"
"23","1.0","33.557","38.057"
"23","2.0","33.824","44.654"
"23","3.0","34.004","47.728"
"23","4.0","34.148","51.12"
"23","5.0","34.272","53.597"
"23","6.0","34.376","55.416"
"23","7.0","34.461","57.095"
"23","8.0","34.531","58.537"
"23","9.0","34.59","59.561"
"23","10.0","34.64","60.317"
"23","11.0","34.683","61.15"
"23","12.0","34.721","61.698"
"23","13.0","34.753","62.302"
"23","14.0","34.779","62.829"
"23","15.0","34.802","63.276"
"23","16.0","34.822","63.563"
"23","17.0","34.839","63.709"
"23","18.0","34.854","63.842"
"23","19.0","34.867","63.952"
"23","20.0","34.88","64.036"
"23","21.0","34.891","64.107"
"23","22.0","34.902","64.081"
"23","23.0","34.912","64.058"
"23","24.0","34.921","64.027"
"23","25.0","34.93","63.997"
"23","26.0","34.939","63.963"
"23","27.0","34.947","63.924"
"23","28.0","34.955","63.882"
"23","29.0","34.963","63.816"
"23","30.0","34.97","63.752"
"23","31.0","34.977","63.691"
"23","32.0","34.984","63.639"
"23","33.0","34.99","63.602"
"23","34.0","34.997","63.558"
"23","35.0","35.002","63.511"
"23","36.0","35.008","63.457"
"23","37.0","35.013","63.42"
"23","38.0","35.018","63.394"
"23","39.0","35.023","63.366"
"23","40.0","35.027","63.333"
"23","41.0","35.031","63.284"
"23","42.0","35.034","63.156"
"23","43.0","35.037","62.971"
"23","44.0","35.038","62.754"
"23","45.0","35.038","62.499"
"23","46.0","35.038","62.218"
"23","47.0","35.037","61.928"
"24","0.0","33.292","0.0"
"24","1.0","33.476","29.461"
"24","2.0","33.732","37.762"
"24","3.0","33.908","42.797"
"24","4.0","34.045","46.539"
"24","5.0","34.164","49.688"
"24","6.0","34.264","52.061"
"24","7.0","34.343","54.328"
"24","8.0","34.407","56.004"
"24","9.0","34.461","57.292"
"24","10.0","34.507","58.268"
"24","11.0","34.549","59.268"
"24","12.0","34.587","60.033"
"24","13.0","34.619","60.928"
"24","14.0","34.647","61.63"
"24","15.0","34.671","62.206"
"24","16.0","34.693","62.642"
"24","17.0","34.711","62.911"
"24","18.0","34.728","63.122"
"24","19.0","34.743","63.294"
"24","20.0","34.757","63.43"
"24","21.0","34.769","63.553"
"24","22.0","34.78","63.561"
"24","23.0","34.791","63.557"
"24","24.0","34.801","63.547"
"24","25.0","34.811","63.535"
"24","26.0","34.82","63.515"
"24","27.0","34.828","63.491"
"24","28.0","34.837","63.462"
"24","29.0","34.845","63.403"
"24","30.0","34.853","63.351"
"24","31.0","34.86","63.301"
"24","32.0","34.868","63.272"
"24","33.0","34.874","63.251"
"24","34.0","34.881","63.218"
"24","35.0","34.887","63.18"
"24","36.0","34.893","63.139"
"24","37.0","34.899","63.125"
"24","38.0","34.904","63.117"
"24","39.0","34.909","63.106"
"24","40.0","34.913","63.089"
"24","41.0","34.918","63.064"
"24","42.0","34.921","62.985"
"24","43.0","34.924","62.849"
"24","44.0","34.926","62.68"
"24","45.0","34.928","62.469"
"24","46.0","34.928","62.229"
"24","47.0","34.928","61.972"
"25","0.0","33.232","0.0"
"25","1.0","33.325","23.292"
"25","2.0","33.501","33.706"
"25","3.0","33.643","39.597"
"25","4.0","33.749","43.399"
"25","5.0","33.837","46.626"
"25","6.0","33.913","49.132"
"25","7.0","33.98","51.651"
"25","8.0","34.037","53.501"
"25","9.0","34.087","54.975"
"25","10.0","34.13","56.132"
"25","11.0","34.169","57.15"
"25","12.0","34.206","58.036"
"25","13.0","34.242","59.043"
"25","14.0","34.275","59.913"
"25","15.0","34.305","60.628"
"25","16.0","34.333","61.212"
"25","17.0","34.358","61.629"
"25","18.0","34.38","61.95"
"25","19.0","34.4","62.202"
"25","20.0","34.419","62.422"
"25","21.0","34.436","62.607"
"25","22.0","34.453","62.674"
"25","23.0","34.468","62.705"
"25","24.0","34.483","62.736"
"25","25.0","34.497","62.757"
"25","26.0","34.511","62.768"
"25","27.0","34.523","62.772"
"25","28.0","34.536","62.744"
"25","29.0","34.548","62.71"
"25","30.0","34.56","62.685"
"25","31.0","34.571","62.66"
"25","32.0","34.581","62.658"
"25","33.0","34.592","62.659"
"25","34.0","34.602","62.646"
"25","35.0","34.611","62.627"
"25","36.0","34.62","62.621"
"25","37.0","34.629","62.652"
"25","38.0","34.636","62.675"
"25","39.0","34.643","62.69"
"25","40.0","34.65","62.695"
"25","41.0","34.656","62.695"
"25","42.0","34.662","62.663"
"25","43.0","34.667","62.579"
"25","44.0","34.672","62.461"
"25","45.0","34.675","62.304"
"25","46.0","34.679","62.119"
"25","47.0","34.681","61.908"
"26","0.0","33.165","0.0"
"26","1.0","33.211","21.381"
"26","2.0","33.317","30.321"
"26","3.0","33.425","36.47"
"26","4.0","33.523","40.649"
"26","5.0","33.611","44.074"
"26","6.0","33.691","46.759"
"26","7.0","33.765","49.415"
"26","8.0","33.83","51.541"
"26","9.0","33.887","53.194"
"26","10.0","33.938","54.513"
"26","11.0","33.985","55.628"
"26","12.0","34.028","56.6"
"26","13.0","34.069","57.619"
"26","14.0","34.108","58.587"
"26","15.0","34.143","59.4"
"26","16.0","34.176","60.076"
"26","17.0","34.205","60.592"
"26","18.0","34.232","61.001"
"26","19.0","34.256","61.315"
"26","20.0","34.279","61.616"
"26","21.0","34.299","61.832"
"26","22.0","34.32","61.926"
"26","23.0","34.339","61.989"
"26","24.0","34.357","62.058"
"26","25.0","34.374","62.108"
"26","26.0","34.39","62.145"
"26","27.0","34.406","62.175"
"26","28.0","34.421","62.14"
"26","29.0","34.436","62.136"
"26","30.0","34.45","62.135"
"26","31.0","34.463","62.132"
"26","32.0","34.476","62.148"
"26","33.0","34.488","62.166"
"26","34.0","34.5","62.17"
"26","35.0","34.512","62.166"
"26","36.0","34.522","62.208"
"26","37.0","34.532","62.277"
"26","38.0","34.541","62.324"
"26","39.0","34.549","62.358"
"26","40.0","34.556","62.381"
"26","41.0","34.564","62.397"
"26","42.0","34.571","62.387"
"26","43.0","34.577","62.332"
"26","44.0","34.583","62.242"
"26","45.0","34.588","62.123"
"26","46.0","34.592","61.974"
"26","47.0","34.595","61.796"
"27","0.0","33.131","0.0"
"27","1.0","33.163","16.889"
"27","2.0","33.226","24.136"
"27","3.0","33.305","29.741"
"27","4.0","33.386","34.083"
"27","5.0","33.464","37.689"
"27","6.0","33.538","40.707"
"27","7.0","33.608","43.471"
"27","8.0","33.674","46.108"
"27","9.0","33.736","48.158"
"27","10.0","33.792","49.854"
"27","11.0","33.843","51.288"
"27","12.0","33.89","52.53"
"27","13.0","33.934","53.688"
"27","14.0","33.974","54.92"
"27","15.0","34.012","55.972"
"27","16.0","34.047","56.89"
"27","17.0","34.079","57.655"
"27","18.0","34.109","58.27"
"27","19.0","34.137","58.783"
"27","20.0","34.162","59.329"
"27","21.0","34.186","59.569"
"27","22.0","34.209","59.745"
"27","23.0","34.231","59.914"
"27","24.0","34.252","60.078"
"27","25.0","34.271","60.224"
"27","26.0","34.29","60.354"
"27","27.0","34.308","60.466"
"27","28.0","34.325","60.486"
"27","29.0","34.34","60.576"
"27","30.0","34.355","60.653"
"27","31.0","34.369","60.718"
"27","32.0","34.382","60.778"
"27","33.0","34.395","60.841"
"27","34.0","34.407","60.894"
"27","35.0","34.419","60.936"
"27","36.0","34.429","61.136"
"27","37.0","34.439","61.297"
"27","38.0","34.448","61.407"
"27","39.0","34.456","61.491"
"27","40.0","34.464","61.556"
"27","41.0","34.471","61.61"
"27","42.0","34.478","61.648"
"27","43.0","34.485","61.658"
"27","44.0","34.491","61.636"
"27","45.0","34.496","61.608"
"27","46.0","34.501","61.544"
"27","47.0","34.504","61.445"
"28","0.0","33.121","0.0"
"28","1.0","33.143","15.991"
"28","2.0","33.194","22.915"
"28","3.0","33.26","28.079"
"28","4.0","33.329","32.273"
"28","5.0","33.397","35.744"
"28","6.0","33.463","38.752"
"28","7.0","33.525","41.448"
"28","8.0","33.587","44.097"
"28","9.0","33.645","46.25"
"28","10.0","33.698","48.054"
"28","11.0","33.747","49.591"
"28","12.0","33.792","50.922"
"28","13.0","33.834","52.118"
"28","14.0","33.874","53.407"
"28","15.0","33.911","54.522"
"28","16.0","33.946","55.511"
"28","17.0","33.978","56.355"
"28","18.0","34.009","57.006"
"28","19.0","34.038","57.616"
"28","20.0","34.064","58.27"
"28","21.0","34.087","58.525"
"28","22.0","34.11","58.737"
"28","23.0","34.131","58.952"
"28","24.0","34.151","59.157"
"28","25.0","34.169","59.343"
"28","26.0","34.187","59.51"
"28","27.0","34.204","59.659"
"28","28.0","34.22","59.745"
"28","29.0","34.233","59.841"
"28","30.0","34.245","59.922"
"28","31.0","34.257","59.991"
"28","32.0","34.268","60.053"
"28","33.0","34.279","60.117"
"28","34.0","34.289","60.172"
"28","35.0","34.298","60.221"
"28","36.0","34.308","60.465"
"28","37.0","34.317","60.653"
"28","38.0","34.325","60.784"
"28","39.0","34.333","60.887"
"28","40.0","34.341","60.97"
"28","41.0","34.348","61.039"
"28","42.0","34.355","61.099"
"28","43.0","34.362","61.141"
"28","44.0","34.368","61.164"
"28","45.0","34.374","61.193"
"28","46.0","34.378","61.182"
"28","47.0","34.383","61.134"
"29","0.0","33.113","0.0"
"29","1.0","33.13","16.295"
"29","2.0","33.176","21.84"
"29","3.0","33.234","27.006"
"29","4.0","33.295","31.158"
"29","5.0","33.358","34.573"
"29","6.0","33.419","37.624"
"29","7.0","33.477","40.324"
"29","8.0","33.535","42.963"
"29","9.0","33.589","45.157"
"29","10.0","33.639","46.996"
"29","11.0","33.686","48.571"
"29","12.0","33.73","49.953"
"29","13.0","33.77","51.178"
"29","14.0","33.809","52.492"
"29","15.0","33.845","53.652"
"29","16.0","33.88","54.689"
"29","17.0","33.912","55.583"
"29","18.0","33.942","56.264"
"29","19.0","33.97","56.946"
"29","20.0","33.994","57.66"
"29","21.0","34.016","57.925"
"29","22.0","34.036","58.131"
"29","23.0","34.055","58.348"
"29","24.0","34.072","58.552"
"29","25.0","34.089","58.743"
"29","26.0","34.105","58.921"
"29","27.0","34.119","59.079"
"29","28.0","34.133","59.22"
"29","29.0","34.145","59.338"
"29","30.0","34.156","59.438"
"29","31.0","34.167","59.524"
"29","32.0","34.177","59.599"
"29","33.0","34.187","59.675"
"29","34.0","34.196","59.746"
"29","35.0","34.204","59.808"
"29","36.0","34.213","60.023"
"29","37.0","34.223","60.227"
"29","38.0","34.232","60.378"
"29","39.0","34.24","60.498"
"29","40.0","34.248","60.595"
"29","41.0","34.256","60.679"
"29","42.0","34.264","60.756"
"29","43.0","34.271","60.819"
"29","44.0","34.277","60.877"
"29","45.0","34.283","60.937"
"29","46.0","34.288","60.953"
"29","47.0","34.293","60.932"
"30","0.0","33.106","0.0"
"30","1.0","33.123","14.624"
"30","2.0","33.157","20.201"
"30","3.0","33.208","25.039"
"30","4.0","33.262","29.124"
"30","5.0","33.32","32.427"
"30","6.0","33.376","35.557"
"30","7.0","33.43","38.268"
"30","8.0","33.483","40.869"
"30","9.0","33.534","43.138"
"30","10.0","33.582","45.06"
"30","11.0","33.627","46.714"
"30","12.0","33.669","48.192"
"30","13.0","33.708","49.497"
"30","14.0","33.746","50.844"
"30","15.0","33.781","52.078"
"30","16.0","33.815","53.191"
"30","17.0","33.846","54.167"
"30","18.0","33.875","54.884"
"30","19.0","33.901","55.674"
"30","20.0","33.924","56.455"
"30","21.0","33.944","56.8"
"30","22.0","33.962","57.049"
"30","23.0","33.979","57.31"
"30","24.0","33.995","57.555"
"30","25.0","34.01","57.788"
"30","26.0","34.024","58.004"
"30","27.0","34.037","58.201"
"30","28.0","34.049","58.394"
"30","29.0","34.06","58.559"
"30","30.0","34.071","58.697"
"30","31.0","34.081","58.82"
"30","32.0","34.09","58.93"
"30","33.0","34.099","59.033"
"30","34.0","34.107","59.128"
"30","35.0","34.115","59.216"
"30","36.0","34.123","59.371"
"30","37.0","34.131","59.582"
"30","38.0","34.139","59.752"
"30","39.0","34.147","59.891"
"30","40.0","34.155","60.009"
"30","41.0","34.162","60.111"
"30","42.0","34.168","60.215"
"30","43.0","34.175","60.304"
"30","44.0","34.181","60.408"
"30","45.0","34.187","60.507"
"30","46.0","34.192","60.559"
"30","47.0","34.196","60.577"
"31","0.0","33.099","0.0"
"31","1.0","33.108","14.914"
"31","2.0","33.137","19.041"
"31","3.0","33.178","23.431"
"31","4.0","33.223","27.291"
"31","5.0","33.272","30.532"
"31","6.0","33.321","33.712"
"31","7.0","33.37","36.447"
"31","8.0","33.418","39.048"
"31","9.0","33.465","41.393"
"31","10.0","33.51","43.406"
"31","11.0","33.552","45.154"
"31","12.0","33.592","46.722"
"31","13.0","33.629","48.115"
"31","14.0","33.663","49.499"
"31","15.0","33.696","50.796"
"31","16.0","33.728","51.97"
"31","17.0","33.757","53.01"
"31","18.0","33.785","53.826"
"31","19.0","33.81","54.728"
"31","20.0","33.833","55.578"
"31","21.0","33.854","56.016"
"31","22.0","33.872","56.305"
"31","23.0","33.888","56.597"
"31","24.0","33.903","56.868"
"31","25.0","33.917","57.131"
"31","26.0","33.93","57.376"
"31","27.0","33.943","57.599"
"31","28.0","33.954","57.808"
"31","29.0","33.965","58.001"
"31","30.0","33.975","58.166"
"31","31.0","33.984","58.312"
"31","32.0","33.993","58.442"
"31","33.0","34.002","58.564"
"31","34.0","34.01","58.679"
"31","35.0","34.017","58.785"
"31","36.0","34.025","58.918"
"31","37.0","34.032","59.126"
"31","38.0","34.039","59.306"
"31","39.0","34.046","59.454"
"31","40.0","34.053","59.582"
"31","41.0","34.06","59.697"
"31","42.0","34.066","59.817"
"31","43.0","34.072","59.921"
"31","44.0","34.078","60.035"
"31","45.0","34.084","60.153"
"31","46.0","34.09","60.227"
"31","47.0","34.095","60.269"
"32","0.0","33.094","0.0"
"32","1.0","33.097","13.923"
"32","2.0","33.117","17.582"
"32","3.0","33.147","21.907"
"32","4.0","33.182","25.341"
"32","5.0","33.22","28.327"
"32","6.0","33.26","31.358"
"32","7.0","33.301","34.027"
"32","8.0","33.341","36.532"
"32","9.0","33.382","38.864"
"32","10.0","33.421","40.918"
"32","11.0","33.458","42.674"
"32","12.0","33.492","44.114"
"32","13.0","33.524","45.433"
"32","14.0","33.555","46.703"
"32","15.0","33.584","47.953"
"32","16.0","33.612","49.091"
"32","17.0","33.638","50.127"
"32","18.0","33.663","51.026"
"32","19.0","33.686","51.963"
"32","20.0","33.71","52.938"
"32","21.0","33.732","53.687"
"32","22.0","33.751","54.178"
"32","23.0","33.769","54.621"
"32","24.0","33.785","55.022"
"32","25.0","33.801","55.403"
"32","26.0","33.815","55.753"
"32","27.0","33.828","56.07"
"32","28.0","33.841","56.359"
"32","29.0","33.853","56.633"
"32","30.0","33.864","56.874"
"32","31.0","33.874","57.091"
"32","32.0","33.884","57.288"
"32","33.0","33.893","57.468"
"32","34.0","33.902","57.634"
"32","35.0","33.911","57.79"
"32","36.0","33.918","57.94"
"32","37.0","33.926","58.147"
"32","38.0","33.934","58.339"
"32","39.0","33.942","58.509"
"32","40.0","33.949","58.667"
"32","41.0","33.956","58.812"
"32","42.0","33.963","58.958"
"32","43.0","33.97","59.095"
"32","44.0","33.977","59.219"
"32","45.0","33.983","59.366"
"32","46.0","33.989","59.483"
"32","47.0","33.995","59.573"
"33","0.0","33.09","0.0"
"33","1.0","33.091","13.574"
"33","2.0","33.108","17.028"
"33","3.0","33.135","20.988"
"33","4.0","33.166","24.324"
"33","5.0","33.201","27.265"
"33","6.0","33.237","30.213"
"33","7.0","33.274","32.861"
"33","8.0","33.311","35.335"
"33","9.0","33.348","37.661"
"33","10.0","33.385","39.737"
"33","11.0","33.419","41.552"
"33","12.0","33.451","43.045"
"33","13.0","33.481","44.408"
"33","14.0","33.51","45.712"
"33","15.0","33.538","46.999"
"33","16.0","33.565","48.174"
"33","17.0","33.59","49.247"
"33","18.0","33.615","50.199"
"33","19.0","33.637","51.136"
"33","20.0","33.66","52.134"
"33","21.0","33.682","52.949"
"33","22.0","33.701","53.51"
"33","23.0","33.719","54.003"
"33","24.0","33.736","54.445"
"33","25.0","33.751","54.862"
"33","26.0","33.765","55.247"
"33","27.0","33.779","55.593"
"33","28.0","33.791","55.908"
"33","29.0","33.803","56.206"
"33","30.0","33.815","56.472"
"33","31.0","33.825","56.712"
"33","32.0","33.835","56.928"
"33","33.0","33.845","57.126"
"33","34.0","33.854","57.312"
"33","35.0","33.862","57.484"
"33","36.0","33.87","57.644"
"33","37.0","33.878","57.851"
"33","38.0","33.886","58.047"
"33","39.0","33.894","58.223"
"33","40.0","33.901","58.387"
"33","41.0","33.909","58.543"
"33","42.0","33.916","58.695"
"33","43.0","33.923","58.841"
"33","44.0","33.929","58.972"
"33","45.0","33.936","59.124"
"33","46.0","33.942","59.252"
"33","47.0","33.948","59.355"
"34","0.0","33.088","0.0"
"34","1.0","33.09","14.37"
"34","2.0","33.102","16.538"
"34","3.0","33.127","20.205"
"34","4.0","33.157","23.306"
"34","5.0","33.189","26.217"
"34","6.0","33.224","29.076"
"34","7.0","33.259","31.7"
"34","8.0","33.294","34.123"
"34","9.0","33.329","36.41"
"34","10.0","33.364","38.477"
"34","11.0","33.397","40.319"
"34","12.0","33.428","41.85"
"34","13.0","33.457","43.241"
"34","14.0","33.485","44.56"
"34","15.0","33.512","45.862"
"34","16.0","33.538","47.071"
"34","17.0","33.563","48.184"
"34","18.0","33.587","49.186"
"34","19.0","33.609","50.132"
"34","20.0","33.631","51.148"
"34","21.0","33.653","52.026"
"34","22.0","33.672","52.666"
"34","23.0","33.69","53.218"
"34","24.0","33.706","53.715"
"34","25.0","33.722","54.173"
"34","26.0","33.736","54.594"
"34","27.0","33.749","54.977"
"34","28.0","33.762","55.327"
"34","29.0","33.774","55.654"
"34","30.0","33.785","55.948"
"34","31.0","33.796","56.215"
"34","32.0","33.806","56.459"
"34","33.0","33.816","56.68"
"34","34.0","33.825","56.885"
"34","35.0","33.833","57.078"
"34","36.0","33.841","57.257"
"34","37.0","33.849","57.465"
"34","38.0","33.857","57.659"
"34","39.0","33.865","57.842"
"34","40.0","33.872","58.019"
"34","41.0","33.88","58.185"
"34","42.0","33.887","58.346"
"34","43.0","33.894","58.502"
"34","44.0","33.9","58.644"
"34","45.0","33.907","58.802"
"34","46.0","33.913","58.942"
"34","47.0","33.919","59.062"
"35","0.0","33.085","0.0"
"35","1.0","33.087","13.724"
"35","2.0","33.097","15.451"
"35","3.0","33.118","19.405"
"35","4.0","33.146","22.138"
"35","5.0","33.176","25.005"
"35","6.0","33.208","27.782"
"35","7.0","33.241","30.392"
"35","8.0","33.274","32.799"
"35","9.0","33.307","35.085"
"35","10.0","33.339","37.18"
"35","11.0","33.371","39.077"
"35","12.0","33.401","40.679"
"35","13.0","33.429","42.13"
"35","14.0","33.456","43.487"
"35","15.0","33.482","44.813"
"35","16.0","33.507","46.061"
"35","17.0","33.531","47.215"
"35","18.0","33.554","48.271"
"35","19.0","33.576","49.241"
"35","20.0","33.597","50.272"
"35","21.0","33.618","51.201"
"35","22.0","33.637","51.918"
"35","23.0","33.655","52.527"
"35","24.0","33.671","53.071"
"35","25.0","33.686","53.568"
"35","26.0","33.7","54.024"
"35","27.0","33.714","54.44"
"35","28.0","33.726","54.819"
"35","29.0","33.738","55.172"
"35","30.0","33.749","55.494"
"35","31.0","33.76","55.785"
"35","32.0","33.77","56.05"
"35","33.0","33.779","56.292"
"35","34.0","33.788","56.519"
"35","35.0","33.797","56.729"
"35","36.0","33.805","56.922"
"35","37.0","33.813","57.134"
"35","38.0","33.821","57.328"
"35","39.0","33.829","57.518"
"35","40.0","33.836","57.702"
"35","41.0","33.844","57.879"
"35","42.0","33.851","58.048"
"35","43.0","33.858","58.213"
"35","44.0","33.864","58.366"
"35","45.0","33.871","58.528"
"35","46.0","33.877","58.68"
"35","47.0","33.883","58.812"
"36","0.0","33.078","0.0"
"36","1.0","33.079","14.317"
"36","2.0","33.088","15.131"
"36","3.0","33.104","18.896"
"36","4.0","33.128","21.498"
"36","5.0","33.155","24.321"
"36","6.0","33.183","27.051"
"36","7.0","33.211","29.647"
"36","8.0","33.241","32.042"
"36","9.0","33.27","34.32"
"36","10.0","33.3","36.424"
"36","11.0","33.329","38.339"
"36","12.0","33.357","39.978"
"36","13.0","33.384","41.459"
"36","14.0","33.409","42.837"
"36","15.0","33.434","44.175"
"36","16.0","33.458","45.443"
"36","17.0","33.481","46.619"
"36","18.0","33.504","47.702"
"36","19.0","33.525","48.69"
"36","20.0","33.546","49.728"
"36","21.0","33.566","50.682"
"36","22.0","33.585","51.441"
"36","23.0","33.602","52.083"
"36","24.0","33.619","52.661"
"36","25.0","33.634","53.182"
"36","26.0","33.648","53.657"
"36","27.0","33.661","54.093"
"36","28.0","33.674","54.494"
"36","29.0","33.686","54.862"
"36","30.0","33.697","55.199"
"36","31.0","33.708","55.505"
"36","32.0","33.718","55.786"
"36","33.0","33.728","56.041"
"36","34.0","33.737","56.278"
"36","35.0","33.745","56.5"
"36","36.0","33.754","56.707"
"36","37.0","33.762","56.921"
"36","38.0","33.77","57.111"
"36","39.0","33.778","57.305"
"36","40.0","33.785","57.498"
"36","41.0","33.793","57.679"
"36","42.0","33.8","57.854"
"36","43.0","33.807","58.025"
"36","44.0","33.814","58.185"
"36","45.0","33.82","58.349"
"36","46.0","33.827","58.507"
"36","47.0","33.833","58.649"
"37","0.0","33.073","0.0"
"37","1.0","33.073","13.846"
"37","2.0","33.078","14.98"
"37","3.0","33.091","18.153"
"37","4.0","33.112","20.6"
"37","5.0","33.134","23.345"
"37","6.0","33.158","26.004"
"37","7.0","33.183","28.563"
"37","8.0","33.209","30.921"
"37","9.0","33.235","33.162"
"37","10.0","33.262","35.274"
"37","11.0","33.288","37.207"
"37","12.0","33.314","38.898"
"37","13.0","33.339","40.423"
"37","14.0","33.363","41.834"
"37","15.0","33.386","43.192"
"37","16.0","33.409","44.489"
"37","17.0","33.431","45.696"
"37","18.0","33.452","46.823"
"37","19.0","33.473","47.846"
"37","20.0","33.492","48.887"
"37","21.0","33.512","49.872"
"37","22.0","33.53","50.696"
"37","23.0","33.547","51.387"
"37","24.0","33.564","52.011"
"37","25.0","33.579","52.57"
"37","26.0","33.593","53.079"
"37","27.0","33.606","53.548"
"37","28.0","33.619","53.977"
"37","29.0","33.631","54.371"
"37","30.0","33.643","54.735"
"37","31.0","33.653","55.066"
"37","32.0","33.664","55.367"
"37","33.0","33.674","55.642"
"37","34.0","33.683","55.902"
"37","35.0","33.692","56.142"
"37","36.0","33.7","56.364"
"37","37.0","33.708","56.585"
"37","38.0","33.716","56.771"
"37","39.0","33.724","56.974"
"37","40.0","33.732","57.173"
"37","41.0","33.74","57.366"
"37","42.0","33.747","57.55"
"37","43.0","33.754","57.729"
"37","44.0","33.761","57.9"
"37","45.0","33.768","58.071"
"37","46.0","33.775","58.239"
"37","47.0","33.781","58.392"
"38","0.0","33.065","0.0"
"38","1.0","33.058","12.323"
"38","2.0","33.067","14.33"
"38","3.0","33.075","17.662"
"38","4.0","33.092","19.914"
"38","5.0","33.109","22.589"
"38","6.0","33.128","25.205"
"38","7.0","33.148","27.729"
"38","8.0","33.169","30.057"
"38","9.0","33.19","32.26"
"38","10.0","33.212","34.358"
"38","11.0","33.235","36.289"
"38","12.0","33.257","38.003"
"38","13.0","33.279","39.546"
"38","14.0","33.3","40.975"
"38","15.0","33.32","42.342"
"38","16.0","33.34","43.649"
"38","17.0","33.36","44.873"
"38","18.0","33.379","46.021"
"38","19.0","33.397","47.071"
"38","20.0","33.415","48.112"
"38","21.0","33.433","49.111"
"38","22.0","33.45","49.974"
"38","23.0","33.466","50.703"
"38","24.0","33.482","51.363"
"38","25.0","33.496","51.955"
"38","26.0","33.51","52.492"
"38","27.0","33.524","52.992"
"38","28.0","33.536","53.45"
"38","29.0","33.548","53.869"
"38","30.0","33.559","54.254"
"38","31.0","33.57","54.608"
"38","32.0","33.581","54.932"
"38","33.0","33.59","55.228"
"38","34.0","33.6","55.506"
"38","35.0","33.609","55.765"
"38","36.0","33.617","56.005"
"38","37.0","33.625","56.236"
"38","38.0","33.633","56.419"
"38","39.0","33.641","56.631"
"38","40.0","33.649","56.842"
"38","41.0","33.656","57.043"
"38","42.0","33.663","57.236"
"38","43.0","33.67","57.424"
"38","44.0","33.676","57.606"
"38","45.0","33.683","57.784"
"38","46.0","33.689","57.961"
"38","47.0","33.695","58.126"
"39","0.0","33.057","0.0"
"39","1.0","33.056","11.004"
"39","2.0","33.062","13.918"
"39","3.0","33.067","17.306"
"39","4.0","33.081","19.499"
"39","5.0","33.096","22.12"
"39","6.0","33.112","24.704"
"39","7.0","33.129","27.197"
"39","8.0","33.147","29.495"
"39","9.0","33.166","31.667"
"39","10.0","33.186","33.744"
"39","11.0","33.206","35.665"
"39","12.0","33.226","37.386"
"39","13.0","33.246","38.938"
"39","14.0","33.266","40.379"
"39","15.0","33.285","41.749"
"39","16.0","33.304","43.062"
"39","17.0","33.322","44.293"
"39","18.0","33.341","45.457"
"39","19.0","33.358","46.524"
"39","20.0","33.376","47.563"
"39","21.0","33.393","48.568"
"39","22.0","33.41","49.455"
"39","23.0","33.426","50.208"
"39","24.0","33.441","50.885"
"39","25.0","33.456","51.498"
"39","26.0","33.47","52.057"
"39","27.0","33.483","52.578"
"39","28.0","33.496","53.053"
"39","29.0","33.508","53.489"
"39","30.0","33.519","53.892"
"39","31.0","33.53","54.262"
"39","32.0","33.541","54.598"
"39","33.0","33.551","54.909"
"39","34.0","33.56","55.205"
"39","35.0","33.569","55.476"
"39","36.0","33.578","55.727"
"39","37.0","33.586","55.967"
"39","38.0","33.594","56.155"
"39","39.0","33.602","56.366"
"39","40.0","33.609","56.576"
"39","41.0","33.616","56.78"
"39","42.0","33.623","56.975"
"39","43.0","33.63","57.165"
"39","44.0","33.637","57.35"
"39","45.0","33.643","57.531"
"39","46.0","33.649","57.712"
"39","47.0","33.655","57.882"
"40","0.0","33.049","0.0"
"40","1.0","33.053","11.098"
"40","2.0","33.057","13.508"
"40","3.0","33.06","16.28"
"40","4.0","33.072","18.598"
"40","5.0","33.085","21.095"
"40","6.0","33.099","23.594"
"40","7.0","33.113","25.992"
"40","8.0","33.129","28.202"
"40","9.0","33.146","30.284"
"40","10.0","33.164","32.287"
"40","11.0","33.182","34.163"
"40","12.0","33.201","35.876"
"40","13.0","33.219","37.43"
"40","14.0","33.237","38.879"
"40","15.0","33.256","40.261"
"40","16.0","33.274","41.584"
"40","17.0","33.292","42.836"
"40","18.0","33.309","44.022"
"40","19.0","33.326","45.129"
"40","20.0","33.343","46.177"
"40","21.0","33.36","47.194"
"40","22.0","33.376","48.124"
"40","23.0","33.392","48.931"
"40","24.0","33.407","49.66"
"40","25.0","33.422","50.326"
"40","26.0","33.436","50.936"
"40","27.0","33.449","51.51"
"40","28.0","33.462","52.036"
"40","29.0","33.474","52.516"
"40","30.0","33.486","52.958"
"40","31.0","33.497","53.367"
"40","32.0","33.507","53.743"
"40","33.0","33.517","54.094"
"40","34.0","33.527","54.426"
"40","35.0","33.536","54.732"
"40","36.0","33.545","55.016"
"40","37.0","33.553","55.282"
"40","38.0","33.561","55.504"
"40","39.0","33.569","55.736"
"40","40.0","33.576","55.966"
"40","41.0","33.584","56.186"
"40","42.0","33.591","56.399"
"40","43.0","33.598","56.606"
"40","44.0","33.604","56.81"
"40","45.0","33.61","57.009"
"40","46.0","33.617","57.207"
"40","47.0","33.623","57.395"
"41","0.0","33.046","0.0"
"41","1.0","33.048","13.203"
"41","2.0","33.054","13.171"
"41","3.0","33.056","15.774"
"41","4.0","33.067","18.218"
"41","5.0","33.078","20.65"
"41","6.0","33.09","23.113"
"41","7.0","33.103","25.467"
"41","8.0","33.117","27.636"
"41","9.0","33.133","29.679"
"41","10.0","33.149","31.649"
"41","11.0","33.166","33.505"
"41","12.0","33.184","35.212"
"41","13.0","33.202","36.771"
"41","14.0","33.219","38.222"
"41","15.0","33.236","39.604"
"41","16.0","33.254","40.93"
"41","17.0","33.271","42.187"
"41","18.0","33.288","43.384"
"41","19.0","33.304","44.504"
"41","20.0","33.321","45.554"
"41","21.0","33.337","46.574"
"41","22.0","33.353","47.521"
"41","23.0","33.369","48.351"
"41","24.0","33.384","49.099"
"41","25.0","33.398","49.787"
"41","26.0","33.412","50.424"
"41","27.0","33.425","51.022"
"41","28.0","33.438","51.566"
"41","29.0","33.45","52.066"
"41","30.0","33.461","52.528"
"41","31.0","33.473","52.955"
"41","32.0","33.483","53.345"
"41","33.0","33.493","53.715"
"41","34.0","33.503","54.066"
"41","35.0","33.512","54.388"
"41","36.0","33.521","54.684"
"41","37.0","33.529","54.962"
"41","38.0","33.538","55.203"
"41","39.0","33.545","55.444"
"41","40.0","33.553","55.68"
"41","41.0","33.56","55.911"
"41","42.0","33.567","56.131"
"41","43.0","33.574","56.347"
"41","44.0","33.581","56.56"
"41","45.0","33.587","56.767"
"41","46.0","33.593","56.972"
"41","47.0","33.599","57.169"
"42","0.0","33.043","0.0"
"42","1.0","33.048","10.218"
"42","2.0","33.052","13.064"
"42","3.0","33.053","15.091"
"42","4.0","33.062","17.757"
"42","5.0","33.073","20.106"
"42","6.0","33.083","22.529"
"42","7.0","33.095","24.817"
"42","8.0","33.109","26.927"
"42","9.0","33.123","28.918"
"42","10.0","33.138","30.838"
"42","11.0","33.154","32.661"
"42","12.0","33.171","34.358"
"42","13.0","33.188","35.913"
"42","14.0","33.204","37.364"
"42","15.0","33.221","38.747"
"42","16.0","33.238","40.071"
"42","17.0","33.254","41.334"
"42","18.0","33.271","42.535"
"42","19.0","33.287","43.67"
"42","20.0","33.303","44.727"
"42","21.0","33.319","45.751"
"42","22.0","33.335","46.71"
"42","23.0","33.35","47.567"
"42","24.0","33.365","48.345"
"42","25.0","33.379","49.062"
"42","26.0","33.393","49.729"
"42","27.0","33.406","50.358"
"42","28.0","33.419","50.933"
"42","29.0","33.431","51.458"
"42","30.0","33.442","51.943"
"42","31.0","33.453","52.393"
"42","32.0","33.464","52.807"
"42","33.0","33.474","53.203"
"42","34.0","33.484","53.575"
"42","35.0","33.493","53.917"
"42","36.0","33.502","54.234"
"42","37.0","33.51","54.53"
"42","38.0","33.518","54.789"
"42","39.0","33.526","55.044"
"42","40.0","33.534","55.295"
"42","41.0","33.541","55.535"
"42","42.0","33.548","55.766"
"42","43.0","33.555","55.993"
"42","44.0","33.561","56.218"
"42","45.0","33.568","56.436"
"42","46.0","33.574","56.653"
"42","47.0","33.58","56.861"
"43","0.0","33.041","0.0"
"43","1.0","33.045","8.922"
"43","2.0","33.049","13.597"
"43","3.0","33.05","14.694"
"43","4.0","33.059","17.358"
"43","5.0","33.068","19.664"
"43","6.0","33.078","22.044"
"43","7.0","33.089","24.271"
"43","8.0","33.101","26.324"
"43","9.0","33.115","28.264"
"43","10.0","33.129","30.138"
"43","11.0","33.144","31.927"
"43","12.0","33.16","33.606"
"43","13.0","33.176","35.157"
"43","14.0","33.192","36.607"
"43","15.0","33.208","37.987"
"43","16.0","33.224","39.311"
"43","17.0","33.24","40.575"
"43","18.0","33.256","41.784"
"43","19.0","33.272","42.928"
"43","20.0","33.287","43.987"
"43","21.0","33.303","45.012"
"43","22.0","33.318","45.985"
"43","23.0","33.333","46.864"
"43","24.0","33.348","47.662"
"43","25.0","33.362","48.404"
"43","26.0","33.376","49.104"
"43","27.0","33.388","49.759"
"43","28.0","33.401","50.356"
"43","29.0","33.413","50.904"
"43","30.0","33.424","51.412"
"43","31.0","33.435","51.883"
"43","32.0","33.446","52.314"
"43","33.0","33.456","52.734"
"43","34.0","33.465","53.129"
"43","35.0","33.474","53.489"
"43","36.0","33.483","53.82"
"43","37.0","33.492","54.131"
"43","38.0","33.5","54.412"
"43","39.0","33.507","54.678"
"43","40.0","33.515","54.938"
"43","41.0","33.522","55.19"
"43","42.0","33.529","55.431"
"43","43.0","33.536","55.668"
"43","44.0","33.543","55.904"
"43","45.0","33.549","56.133"
"43","46.0","33.555","56.359"
"43","47.0","33.561","56.577"
"44","0.0","33.039","0.0"
"44","1.0","33.04","11.787"
"44","2.0","33.044","14.151"
"44","3.0","33.047","14.616"
"44","4.0","33.054","16.956"
"44","5.0","33.062","19.269"
"44","6.0","33.071","21.602"
"44","7.0","33.08","23.76"
"44","8.0","33.091","25.755"
"44","9.0","33.103","27.642"
"44","10.0","33.116","29.468"
"44","11.0","33.13","31.22"
"44","12.0","33.145","32.879"
"44","13.0","33.16","34.419"
"44","14.0","33.175","35.863"
"44","15.0","33.19","37.237"
"44","16.0","33.205","38.553"
"44","17.0","33.221","39.818"
"44","18.0","33.236","41.025"
"44","19.0","33.251","42.174"
"44","20.0","33.266","43.235"
"44","21.0","33.281","44.257"
"44","22.0","33.296","45.23"
"44","23.0","33.311","46.125"
"44","24.0","33.325","46.944"
"44","25.0","33.339","47.706"
"44","26.0","33.352","48.431"
"44","27.0","33.365","49.111"
"44","28.0","33.377","49.732"
"44","29.0","33.389","50.3"
"44","30.0","33.4","50.826"
"44","31.0","33.411","51.316"
"44","32.0","33.421","51.769"
"44","33.0","33.431","52.215"
"44","34.0","33.441","52.626"
"44","35.0","33.45","53.005"
"44","36.0","33.459","53.356"
"44","37.0","33.467","53.683"
"44","38.0","33.475","53.979"
"44","39.0","33.483","54.26"
"44","40.0","33.491","54.533"
"44","41.0","33.498","54.794"
"44","42.0","33.505","55.046"
"44","43.0","33.512","55.293"
"44","44.0","33.518","55.541"
"44","45.0","33.525","55.782"
"44","46.0","33.531","56.02"
"44","47.0","33.537","56.249"
"45","0.0","33.037","0.0"
"45","1.0","33.044","11.159"
"45","2.0","33.039","14.708"
"45","3.0","33.043","14.283"
"45","4.0","33.049","16.573"
"45","5.0","33.055","18.914"
"45","6.0","33.062","21.197"
"45","7.0","33.07","23.279"
"45","8.0","33.079","25.21"
"45","9.0","33.09","27.04"
"45","10.0","33.102","28.815"
"45","11.0","33.114","30.528"
"45","12.0","33.127","32.161"
"45","13.0","33.141","33.69"
"45","14.0","33.155","35.126"
"45","15.0","33.169","36.49"
"45","16.0","33.183","37.802"
"45","17.0","33.197","39.063"
"45","18.0","33.211","40.273"
"45","19.0","33.225","41.424"
"45","20.0","33.239","42.482"
"45","21.0","33.254","43.504"
"45","22.0","33.268","44.484"
"45","23.0","33.282","45.395"
"45","24.0","33.296","46.232"
"45","25.0","33.309","47.017"
"45","26.0","33.322","47.778"
"45","27.0","33.334","48.481"
"45","28.0","33.346","49.123"
"45","29.0","33.357","49.713"
"45","30.0","33.368","50.262"
"45","31.0","33.379","50.772"
"45","32.0","33.389","51.243"
"45","33.0","33.399","51.712"
"45","34.0","33.408","52.146"
"45","35.0","33.417","52.543"
"45","36.0","33.426","52.909"
"45","37.0","33.434","53.252"
"45","38.0","33.443","53.57"
"45","39.0","33.45","53.864"
"45","40.0","33.458","54.147"
"45","41.0","33.465","54.421"
"45","42.0","33.472","54.683"
"45","43.0","33.479","54.941"
"45","44.0","33.486","55.201"
"45","45.0","33.492","55.455"
"45","46.0","33.499","55.703"
"45","47.0","33.505","55.944"
"46","0.0","33.034","0.0"
"46","1.0","33.042","11.581"
"46","2.0","33.034","15.476"
"46","3.0","33.039","13.713"
"46","4.0","33.043","16.377"
"46","5.0","33.048","18.704"
"46","6.0","33.053","20.961"
"46","7.0","33.059","22.983"
"46","8.0","33.067","24.867"
"46","9.0","33.076","26.652"
"46","10.0","33.086","28.383"
"46","11.0","33.096","30.06"
"46","12.0","33.108","31.666"
"46","13.0","33.12","33.175"
"46","14.0","33.132","34.595"
"46","15.0","33.144","35.946"
"46","16.0","33.157","37.243"
"46","17.0","33.169","38.494"
"46","18.0","33.182","39.695"
"46","19.0","33.195","40.836"
"46","20.0","33.207","41.887"
"46","21.0","33.22","42.899"
"46","22.0","33.233","43.871"
"46","23.0","33.246","44.786"
"46","24.0","33.258","45.633"
"46","25.0","33.271","46.428"
"46","26.0","33.283","47.203"
"46","27.0","33.294","47.92"
"46","28.0","33.305","48.577"
"46","29.0","33.316","49.18"
"46","30.0","33.327","49.74"
"46","31.0","33.337","50.263"
"46","32.0","33.347","50.749"
"46","33.0","33.357","51.229"
"46","34.0","33.366","51.676"
"46","35.0","33.375","52.088"
"46","36.0","33.384","52.471"
"46","37.0","33.392","52.83"
"46","38.0","33.4","53.16"
"46","39.0","33.408","53.467"
"46","40.0","33.416","53.763"
"46","41.0","33.423","54.045"
"46","42.0","33.43","54.318"
"46","43.0","33.437","54.585"
"46","44.0","33.444","54.857"
"46","45.0","33.451","55.123"
"46","46.0","33.457","55.381"
"46","47.0","33.463","55.633"
"47","0.0","33.031","0.0"
"47","1.0","33.033","11.662"
"47","2.0","33.029","16.308"
"47","3.0","33.036","13.373"
"47","4.0","33.038","16.239"
"47","5.0","33.042","18.542"
"47","6.0","33.046","20.765"
"47","7.0","33.051","22.726"
"47","8.0","33.057","24.559"
"47","9.0","33.064","26.296"
"47","10.0","33.073","27.984"
"47","11.0","33.082","29.624"
"47","12.0","33.092","31.198"
"47","13.0","33.103","32.688"
"47","14.0","33.114","34.09"
"47","15.0","33.125","35.423"
"47","16.0","33.136","36.708"
"47","17.0","33.147","37.947"
"47","18.0","33.159","39.138"
"47","19.0","33.171","40.265"
"47","20.0","33.183","41.302"
"47","21.0","33.195","42.302"
"47","22.0","33.207","43.269"
"47","23.0","33.219","44.185"
"47","24.0","33.231","45.033"
"47","25.0","33.242","45.838"
"47","26.0","33.254","46.622"
"47","27.0","33.265","47.354"
"47","28.0","33.276","48.023"
"47","29.0","33.286","48.641"
"47","30.0","33.297","49.22"
"47","31.0","33.307","49.758"
"47","32.0","33.317","50.257"
"47","33.0","33.326","50.745"
"47","34.0","33.336","51.21"
"47","35.0","33.345","51.637"
"47","36.0","33.353","52.032"
"47","37.0","33.362","52.406"
"47","38.0","33.37","52.754"
"47","39.0","33.378","53.074"
"47","40.0","33.386","53.38"
"47","41.0","33.393","53.674"
"47","42.0","33.4","53.957"
"47","43.0","33.407","54.236"
"47","44.0","33.414","54.521"
"47","45.0","33.42","54.798"
"47","46.0","33.427","55.069"
"47","47.0","33.433","55.331"
"48","0.0","33.028","0.0"
"48","1.0","33.033","9.808"
"48","2.0","33.026","16.755"
"48","3.0","33.033","13.487"
"48","4.0","33.035","16.047"
"48","5.0","33.037","18.383"
"48","6.0","33.04","20.568"
"48","7.0","33.044","22.445"
"48","8.0","33.05","24.212"
"48","9.0","33.056","25.893"
"48","10.0","33.064","27.528"
"48","11.0","33.072","29.123"
"48","12.0","33.081","30.665"
"48","13.0","33.091","32.128"
"48","14.0","33.101","33.511"
"48","15.0","33.111","34.831"
"48","16.0","33.121","36.102"
"48","17.0","33.132","37.333"
"48","18.0","33.143","38.517"
"48","19.0","33.154","39.626"
"48","20.0","33.165","40.653"
"48","21.0","33.176","41.645"
"48","22.0","33.188","42.607"
"48","23.0","33.199","43.527"
"48","24.0","33.211","44.387"
"48","25.0","33.222","45.203"
"48","26.0","33.233","45.987"
"48","27.0","33.244","46.732"
"48","28.0","33.255","47.417"
"48","29.0","33.265","48.05"
"48","30.0","33.275","48.642"
"48","31.0","33.285","49.196"
"48","32.0","33.295","49.712"
"48","33.0","33.304","50.209"
"48","34.0","33.314","50.687"
"48","35.0","33.323","51.13"
"48","36.0","33.331","51.542"
"48","37.0","33.34","51.932"
"48","38.0","33.348","52.294"
"48","39.0","33.356","52.629"
"48","40.0","33.363","52.948"
"48","41.0","33.371","53.252"
"48","42.0","33.378","53.547"
"48","43.0","33.385","53.84"
"48","44.0","33.391","54.139"
"48","45.0","33.398","54.431"
"48","46.0","33.404","54.713"
"48","47.0","33.41","54.988"
"49","0.0","33.027","0.0"
"49","1.0","33.036","12.368"
"49","2.0","33.024","16.854"
"49","3.0","33.032","13.458"
"49","4.0","33.032","15.898"
"49","5.0","33.034","18.287"
"49","6.0","33.036","20.445"
"49","7.0","33.04","22.259"
"49","8.0","33.044","23.971"
"49","9.0","33.05","25.606"
"49","10.0","33.057","27.202"
"49","11.0","33.065","28.761"
"49","12.0","33.073","30.273"
"49","13.0","33.082","31.717"
"49","14.0","33.091","33.082"
"49","15.0","33.101","34.386"
"49","16.0","33.111","35.648"
"49","17.0","33.121","36.865"
"49","18.0","33.131","38.048"
"49","19.0","33.141","39.137"
"49","20.0","33.152","40.148"
"49","21.0","33.163","41.13"
"49","22.0","33.174","42.088"
"49","23.0","33.185","43.007"
"49","24.0","33.196","43.868"
"49","25.0","33.207","44.69"
"49","26.0","33.218","45.478"
"49","27.0","33.228","46.232"
"49","28.0","33.239","46.925"
"49","29.0","33.249","47.569"
"49","30.0","33.259","48.175"
"49","31.0","33.269","48.741"
"49","32.0","33.278","49.266"
"49","33.0","33.288","49.771"
"49","34.0","33.297","50.263"
"49","35.0","33.305","50.718"
"49","36.0","33.314","51.14"
"49","37.0","33.322","51.543"
"49","38.0","33.33","51.919"
"49","39.0","33.338","52.266"
"49","40.0","33.346","52.594"
"49","41.0","33.353","52.91"
"49","42.0","33.36","53.213"
"49","43.0","33.367","53.519"
"49","44.0","33.374","53.83"
"49","45.0","33.38","54.133"
"49","46.0","33.386","54.426"
"49","47.0","33.392","54.711"
"50","0.0","33.026","0.0"
"50","1.0","33.032","13.044"
"50","2.0","33.022","17.235"
"50","3.0","33.03","13.154"
"50","4.0","33.03","15.748"
"50","5.0","33.032","18.196"
"50","6.0","33.033","20.309"
"50","7.0","33.036","22.031"
"50","8.0","33.04","23.669"
"50","9.0","33.045","25.244"
"50","10.0","33.051","26.783"
"50","11.0","33.059","28.293"
"50","12.0","33.066","29.769"
"50","13.0","33.075","31.181"
"50","14.0","33.083","32.522"
"50","15.0","33.093","33.811"
"50","16.0","33.102","35.057"
"50","17.0","33.111","36.264"
"50","18.0","33.121","37.44"
"50","19.0","33.131","38.498"
"50","20.0","33.141","39.495"
"50","21.0","33.152","40.465"
"50","22.0","33.163","41.414"
"50","23.0","33.173","42.334"
"50","24.0","33.184","43.201"
"50","25.0","33.194","44.026"
"50","26.0","33.205","44.814"
"50","27.0","33.215","45.576"
"50","28.0","33.225","46.282"
"50","29.0","33.235","46.937"
"50","30.0","33.245","47.555"
"50","31.0","33.255","48.135"
"50","32.0","33.264","48.677"
"50","33.0","33.273","49.193"
"50","34.0","33.282","49.697"
"50","35.0","33.291","50.167"
"50","36.0","33.3","50.607"
"50","37.0","33.308","51.026"
"50","38.0","33.316","51.416"
"50","39.0","33.324","51.778"
"50","40.0","33.331","52.121"
"50","41.0","33.338","52.447"
"50","42.0","33.346","52.762"
"50","43.0","33.352","53.087"
"50","44.0","33.359","53.414"
"50","45.0","33.365","53.732"
"50","46.0","33.371","54.039"
"50","47.0","33.377","54.338"
"51","0.0","33.025","0.0"
"51","1.0","33.029","10.12"
"51","2.0","33.021","17.289"
"51","3.0","33.028","13.224"
"51","4.0","33.029","15.587"
"51","5.0","33.029","18.141"
"51","6.0","33.03","20.15"
"51","7.0","33.033","21.749"
"51","8.0","33.036","23.281"
"51","9.0","33.041","24.768"
"51","10.0","33.047","26.233"
"51","11.0","33.054","27.675"
"51","12.0","33.061","29.095"
"51","13.0","33.069","30.468"
"51","14.0","33.077","31.776"
"51","15.0","33.086","33.04"
"51","16.0","33.095","34.268"
"51","17.0","33.104","35.46"
"51","18.0","33.113","36.629"
"51","19.0","33.123","37.642"
"51","20.0","33.133","38.614"
"51","21.0","33.143","39.568"
"51","22.0","33.154","40.512"
"51","23.0","33.164","41.432"
"51","24.0","33.174","42.301"
"51","25.0","33.185","43.132"
"51","26.0","33.195","43.926"
"51","27.0","33.205","44.699"
"51","28.0","33.215","45.416"
"51","29.0","33.225","46.087"
"51","30.0","33.234","46.726"
"51","31.0","33.244","47.324"
"51","32.0","33.253","47.882"
"51","33.0","33.262","48.412"
"51","34.0","33.271","48.937"
"51","35.0","33.28","49.427"
"51","36.0","33.288","49.887"
"51","37.0","33.296","50.326"
"51","38.0","33.304","50.739"
"51","39.0","33.312","51.122"
"51","40.0","33.319","51.48"
"51","41.0","33.326","51.825"
"51","42.0","33.333","52.157"
"51","43.0","33.34","52.509"
"51","44.0","33.347","52.857"
"51","45.0","33.353","53.196"
"51","46.0","33.359","53.523"
"51","47.0","33.365","53.839"
"52","0.0","33.024","0.0"
"52","1.0","33.029","11.162"
"52","2.0","33.021","16.397"
"52","3.0","33.027","13.504"
"52","4.0","33.027","15.492"
"52","5.0","33.027","18.125"
"52","6.0","33.028","20.064"
"52","7.0","33.03","21.58"
"52","8.0","33.034","23.042"
"52","9.0","33.038","24.473"
"52","10.0","33.044","25.885"
"52","11.0","33.05","27.282"
"52","12.0","33.057","28.668"
"52","13.0","33.065","30.011"
"52","14.0","33.073","31.296"
"52","15.0","33.081","32.545"
"52","16.0","33.09","33.758"
"52","17.0","33.099","34.938"
"52","18.0","33.108","36.098"
"52","19.0","33.117","37.081"
"52","20.0","33.127","38.04"
"52","21.0","33.137","38.983"
"52","22.0","33.147","39.919"
"52","23.0","33.157","40.838"
"52","24.0","33.167","41.712"
"52","25.0","33.177","42.544"
"52","26.0","33.187","43.338"
"52","27.0","33.197","44.118"
"52","28.0","33.207","44.845"
"52","29.0","33.217","45.526"
"52","30.0","33.226","46.173"
"52","31.0","33.236","46.783"
"52","32.0","33.245","47.354"
"52","33.0","33.254","47.895"
"52","34.0","33.262","48.429"
"52","35.0","33.271","48.931"
"52","36.0","33.279","49.408"
"52","37.0","33.287","49.86"
"52","38.0","33.295","50.284"
"52","39.0","33.303","50.68"
"52","40.0","33.31","51.053"
"52","41.0","33.317","51.406"
"52","42.0","33.324","51.749"
"52","43.0","33.331","52.118"
"52","44.0","33.337","52.482"
"52","45.0","33.343","52.834"
"52","46.0","33.349","53.174"
"52","47.0","33.355","53.502"
"53","0.0","33.023","0.0"
"53","1.0","33.028","11.393"
"53","2.0","33.022","14.08"
"53","3.0","33.025","13.429"
"53","4.0","33.025","15.444"
"53","5.0","33.025","18.124"
"53","6.0","33.025","19.935"
"53","7.0","33.027","21.322"
"53","8.0","33.03","22.664"
"53","9.0","33.034","23.997"
"53","10.0","33.04","25.324"
"53","11.0","33.045","26.645"
"53","12.0","33.052","27.967"
"53","13.0","33.059","29.263"
"53","14.0","33.067","30.509"
"53","15.0","33.075","31.728"
"53","16.0","33.083","32.92"
"53","17.0","33.091","34.078"
"53","18.0","33.1","35.215"
"53","19.0","33.109","36.152"
"53","20.0","33.118","37.082"
"53","21.0","33.128","38.006"
"53","22.0","33.138","38.935"
"53","23.0","33.147","39.85"
"53","24.0","33.157","40.724"
"53","25.0","33.167","41.56"
"53","26.0","33.177","42.36"
"53","27.0","33.186","43.148"
"53","28.0","33.196","43.885"
"53","29.0","33.205","44.582"
"53","30.0","33.215","45.248"
"53","31.0","33.224","45.877"
"53","32.0","33.233","46.464"
"53","33.0","33.241","47.022"
"53","34.0","33.25","47.576"
"53","35.0","33.258","48.098"
"53","36.0","33.266","48.594"
"53","37.0","33.274","49.067"
"53","38.0","33.282","49.515"
"53","39.0","33.289","49.933"
"53","40.0","33.297","50.322"
"53","41.0","33.304","50.697"
"53","42.0","33.311","51.061"
"53","43.0","33.317","51.46"
"53","44.0","33.324","51.848"
"53","45.0","33.33","52.224"
"53","46.0","33.336","52.585"
"53","47.0","33.341","52.934"
"54","0.0","33.022","0.0"
"54","1.0","33.025","9.598"
"54","2.0","33.022","12.643"
"54","3.0","33.024","13.296"
"54","4.0","33.024","15.514"
"54","5.0","33.023","18.147"
"54","6.0","33.023","19.856"
"54","7.0","33.025","21.141"
"54","8.0","33.028","22.39"
"54","9.0","33.032","23.646"
"54","10.0","33.036","24.902"
"54","11.0","33.042","26.162"
"54","12.0","33.048","27.433"
"54","13.0","33.055","28.683"
"54","14.0","33.062","29.895"
"54","15.0","33.07","31.089"
"54","16.0","33.078","32.255"
"54","17.0","33.086","33.4"
"54","18.0","33.094","34.495"
"54","19.0","33.103","35.392"
"54","20.0","33.112","36.294"
"54","21.0","33.121","37.199"
"54","22.0","33.131","38.112"
"54","23.0","33.14","39.017"
"54","24.0","33.15","39.889"
"54","25.0","33.16","40.721"
"54","26.0","33.169","41.517"
"54","27.0","33.178","42.305"
"54","28.0","33.188","43.048"
"54","29.0","33.197","43.753"
"54","30.0","33.206","44.427"
"54","31.0","33.215","45.067"
"54","32.0","33.224","45.667"
"54","33.0","33.232","46.237"
"54","34.0","33.241","46.801"
"54","35.0","33.249","47.336"
"54","36.0","33.257","47.848"
"54","37.0","33.264","48.341"
"54","38.0","33.272","48.806"
"54","39.0","33.279","49.243"
"54","40.0","33.287","49.652"
"54","41.0","33.294","50.04"
"54","42.0","33.301","50.429"
"54","43.0","33.307","50.854"
"54","44.0","33.313","51.266"
"54","45.0","33.319","51.663"
"54","46.0","33.325","52.044"
"54","47.0","33.331","52.412"
"55","0.0","33.021","0.0"
"55","1.0","33.024","7.476"
"55","2.0","33.023","11.938"
"55","3.0","33.023","13.405"
"55","4.0","33.023","15.633"
"55","5.0","33.022","18.175"
"55","6.0","33.022","19.801"
"55","7.0","33.024","21.009"
"55","8.0","33.026","22.182"
"55","9.0","33.03","23.375"
"55","10.0","33.035","24.579"
"55","11.0","33.04","25.792"
"55","12.0","33.046","27.022"
"55","13.0","33.053","28.241"
"55","14.0","33.06","29.429"
"55","15.0","33.068","30.602"
"55","16.0","33.075","31.755"
"55","17.0","33.083","32.886"
"55","18.0","33.091","33.958"
"55","19.0","33.1","34.826"
"55","20.0","33.109","35.707"
"55","21.0","33.118","36.601"
"55","22.0","33.128","37.509"
"55","23.0","33.137","38.411"
"55","24.0","33.146","39.28"
"55","25.0","33.156","40.112"
"55","26.0","33.165","40.913"
"55","27.0","33.174","41.704"
"55","28.0","33.184","42.451"
"55","29.0","33.193","43.163"
"55","30.0","33.202","43.849"
"55","31.0","33.211","44.499"
"55","32.0","33.219","45.108"
"55","33.0","33.228","45.689"
"55","34.0","33.236","46.265"
"55","35.0","33.244","46.812"
"55","36.0","33.252","47.332"
"55","37.0","33.26","47.837"
"55","38.0","33.267","48.317"
"55","39.0","33.275","48.767"
"55","40.0","33.282","49.185"
"55","41.0","33.289","49.588"
"55","42.0","33.296","49.993"
"55","43.0","33.302","50.437"
"55","44.0","33.308","50.865"
"55","45.0","33.314","51.277"
"55","46.0","33.32","51.672"
"55","47.0","33.325","52.052"
"56","0.0","33.021","0.0"
"56","1.0","33.025","9.507"
"56","2.0","33.023","11.037"
"56","3.0","33.022","13.375"
"56","4.0","33.023","15.865"
"56","5.0","33.022","18.233"
"56","6.0","33.022","19.737"
"56","7.0","33.023","20.826"
"56","8.0","33.026","21.889"
"56","9.0","33.029","22.996"
"56","10.0","33.034","24.12"
"56","11.0","33.039","25.265"
"56","12.0","33.045","26.442"
"56","13.0","33.052","27.612"
"56","14.0","33.059","28.765"
"56","15.0","33.066","29.914"
"56","16.0","33.074","31.043"
"56","17.0","33.081","32.154"
"56","18.0","33.09","33.188"
"56","19.0","33.098","34.016"
"56","20.0","33.107","34.873"
"56","21.0","33.116","35.751"
"56","22.0","33.125","36.648"
"56","23.0","33.135","37.546"
"56","24.0","33.144","38.416"
"56","25.0","33.153","39.249"
"56","26.0","33.163","40.053"
"56","27.0","33.172","40.847"
"56","28.0","33.181","41.605"
"56","29.0","33.19","42.33"
"56","30.0","33.199","43.028"
"56","31.0","33.208","43.693"
"56","32.0","33.217","44.32"
"56","33.0","33.225","44.918"
"56","34.0","33.233","45.507"
"56","35.0","33.241","46.07"
"56","36.0","33.249","46.607"
"56","37.0","33.257","47.13"
"56","38.0","33.264","47.626"
"56","39.0","33.272","48.094"
"56","40.0","33.279","48.532"
"56","41.0","33.286","48.95"
"56","42.0","33.292","49.378"
"56","43.0","33.299","49.849"
"56","44.0","33.305","50.3"
"56","45.0","33.311","50.733"
"56","46.0","33.317","51.147"
"56","47.0","33.322","51.545"
"57","0.0","33.02","0.0"
"57","1.0","33.02","12.541"
"57","2.0","33.023","10.54"
"57","3.0","33.022","13.266"
"57","4.0","33.022","16.095"
"57","5.0","33.021","18.331"
"57","6.0","33.02","19.661"
"57","7.0","33.022","20.608"
"57","8.0","33.024","21.538"
"57","9.0","33.028","22.533"
"57","10.0","33.032","23.563"
"57","11.0","33.037","24.626"
"57","12.0","33.043","25.73"
"57","13.0","33.05","26.843"
"57","14.0","33.056","27.953"
"57","15.0","33.064","29.067"
"57","16.0","33.071","30.17"
"57","17.0","33.079","31.26"
"57","18.0","33.087","32.241"
"57","19.0","33.095","33.018"
"57","20.0","33.104","33.841"
"57","21.0","33.113","34.7"
"57","22.0","33.122","35.589"
"57","23.0","33.131","36.48"
"57","24.0","33.14","37.346"
"57","25.0","33.15","38.181"
"57","26.0","33.159","38.994"
"57","27.0","33.168","39.791"
"57","28.0","33.177","40.557"
"57","29.0","33.186","41.297"
"57","30.0","33.195","42.014"
"57","31.0","33.203","42.696"
"57","32.0","33.212","43.339"
"57","33.0","33.22","43.959"
"57","34.0","33.228","44.567"
"57","35.0","33.236","45.15"
"57","36.0","33.244","45.704"
"57","37.0","33.252","46.249"
"57","38.0","33.259","46.769"
"57","39.0","33.267","47.259"
"57","40.0","33.274","47.715"
"57","41.0","33.281","48.156"
"57","42.0","33.287","48.617"
"57","43.0","33.294","49.121"
"57","44.0","33.3","49.601"
"57","45.0","33.306","50.059"
"57","46.0","33.311","50.497"
"57","47.0","33.317","50.918"
"58","0.0","33.02","0.0"
"58","1.0","33.015","13.267"
"58","2.0","33.022","10.328"
"58","3.0","33.021","13.429"
"58","4.0","33.021","16.2"
"58","5.0","33.019","18.407"
"58","6.0","33.019","19.618"
"58","7.0","33.02","20.46"
"58","8.0","33.023","21.295"
"58","9.0","33.026","22.214"
"58","10.0","33.03","23.172"
"58","11.0","33.036","24.176"
"58","12.0","33.041","25.234"
"58","13.0","33.048","26.303"
"58","14.0","33.054","27.382"
"58","15.0","33.061","28.476"
"58","16.0","33.069","29.557"
"58","17.0","33.076","30.64"
"58","18.0","33.084","31.569"
"58","19.0","33.092","32.31"
"58","20.0","33.101","33.111"
"58","21.0","33.11","33.959"
"58","22.0","33.119","34.838"
"58","23.0","33.128","35.723"
"58","24.0","33.137","36.59"
"58","25.0","33.146","37.425"
"58","26.0","33.155","38.241"
"58","27.0","33.164","39.039"
"58","28.0","33.173","39.813"
"58","29.0","33.182","40.564"
"58","30.0","33.191","41.291"
"58","31.0","33.2","41.984"
"58","32.0","33.208","42.643"
"58","33.0","33.216","43.277"
"58","34.0","33.224","43.897"
"58","35.0","33.232","44.493"
"58","36.0","33.24","45.061"
"58","37.0","33.247","45.621"
"58","38.0","33.255","46.156"
"58","39.0","33.262","46.661"
"58","40.0","33.269","47.132"
"58","41.0","33.276","47.584"
"58","42.0","33.283","48.071"
"58","43.0","33.289","48.599"
"58","44.0","33.295","49.099"
"58","45.0","33.301","49.575"
"58","46.0","33.306","50.03"
"58","47.0","33.312","50.468"
"59","0.0","33.019","0.0"
"59","1.0","33.012","20.017"
"59","2.0","33.022","9.284"
"59","3.0","33.02","13.314"
"59","4.0","33.02","16.413"
"59","5.0","33.018","18.533"
"59","6.0","33.018","19.557"
"59","7.0","33.019","20.249"
"59","8.0","33.021","20.947"
"59","9.0","33.024","21.746"
"59","10.0","33.028","22.605"
"59","11.0","33.033","23.522"
"59","12.0","33.039","24.502"
"59","13.0","33.045","25.51"
"59","14.0","33.052","26.544"
"59","15.0","33.058","27.599"
"59","16.0","33.065","28.652"
"59","17.0","33.073","29.711"
"59","18.0","33.08","30.563"
"59","19.0","33.089","31.253"
"59","20.0","33.097","32.02"
"59","21.0","33.106","32.85"
"59","22.0","33.115","33.72"
"59","23.0","33.124","34.599"
"59","24.0","33.133","35.461"
"59","25.0","33.142","36.298"
"59","26.0","33.151","37.121"
"59","27.0","33.159","37.923"
"59","28.0","33.168","38.705"
"59","29.0","33.177","39.473"
"59","30.0","33.186","40.218"
"59","31.0","33.194","40.929"
"59","32.0","33.202","41.605"
"59","33.0","33.21","42.262"
"59","34.0","33.218","42.903"
"59","35.0","33.226","43.519"
"59","36.0","33.234","44.107"
"59","37.0","33.241","44.688"
"59","38.0","33.249","45.249"
"59","39.0","33.256","45.775"
"59","40.0","33.263","46.266"
"59","41.0","33.269","46.744"
"59","42.0","33.276","47.272"
"59","43.0","33.282","47.834"
"59","44.0","33.288","48.363"
"59","45.0","33.294","48.866"
"59","46.0","33.299","49.346"
"59","47.0","33.305","49.808"
"60","0.0","33.018","0.0"
"60","1.0","33.011","18.776"
"60","2.0","33.021","10.061"
"60","3.0","33.02","13.176"
"60","4.0","33.018","16.58"
"60","5.0","33.017","18.622"
"60","6.0","33.016","19.532"
"60","7.0","33.017","20.127"
"60","8.0","33.019","20.74"
"60","9.0","33.023","21.473"
"60","10.0","33.027","22.266"
"60","11.0","33.031","23.132"
"60","12.0","33.037","24.07"
"60","13.0","33.043","25.039"
"60","14.0","33.049","26.047"
"60","15.0","33.056","27.083"
"60","16.0","33.063","28.116"
"60","17.0","33.07","29.157"
"60","18.0","33.078","29.961"
"60","19.0","33.086","30.623"
"60","20.0","33.094","31.373"
"60","21.0","33.103","32.193"
"60","22.0","33.111","33.055"
"60","23.0","33.12","33.929"
"60","24.0","33.129","34.79"
"60","25.0","33.138","35.628"
"60","26.0","33.147","36.452"
"60","27.0","33.155","37.257"
"60","28.0","33.164","38.047"
"60","29.0","33.173","38.823"
"60","30.0","33.181","39.577"
"60","31.0","33.189","40.298"
"60","32.0","33.198","40.987"
"60","33.0","33.206","41.656"
"60","34.0","33.213","42.308"
"60","35.0","33.221","42.935"
"60","36.0","33.229","43.537"
"60","37.0","33.236","44.131"
"60","38.0","33.243","44.704"
"60","39.0","33.25","45.242"
"60","40.0","33.257","45.748"
"60","41.0","33.264","46.239"
"60","42.0","33.27","46.791"
"60","43.0","33.276","47.373"
"60","44.0","33.282","47.92"
"60","45.0","33.288","48.439"
"60","46.0","33.293","48.935"
"60","47.0","33.298","49.411"
"61","0.0","33.018","0.0"
"61","1.0","33.005","17.666"
"61","2.0","33.021","11.041"
"61","3.0","33.019","13.414"
"61","4.0","33.018","16.658"
"61","5.0","33.016","18.666"
"61","6.0","33.016","19.517"
"61","7.0","33.016","20.056"
"61","8.0","33.019","20.621"
"61","9.0","33.022","21.307"
"61","10.0","33.026","22.067"
"61","11.0","33.03","22.902"
"61","12.0","33.036","23.811"
"61","13.0","33.042","24.758"
"61","14.0","33.048","25.75"
"61","15.0","33.054","26.772"
"61","16.0","33.061","27.796"
"61","17.0","33.068","28.826"
"61","18.0","33.076","29.598"
"61","19.0","33.084","30.245"
"61","20.0","33.092","30.982"
"61","21.0","33.101","31.796"
"61","22.0","33.109","32.655"
"61","23.0","33.118","33.526"
"61","24.0","33.127","34.384"
"61","25.0","33.135","35.221"
"61","26.0","33.144","36.048"
"61","27.0","33.153","36.853"
"61","28.0","33.161","37.645"
"61","29.0","33.17","38.427"
"61","30.0","33.178","39.188"
"61","31.0","33.187","39.914"
"61","32.0","33.195","40.608"
"61","33.0","33.203","41.285"
"61","34.0","33.21","41.944"
"61","35.0","33.218","42.579"
"61","36.0","33.225","43.187"
"61","37.0","33.233","43.788"
"61","38.0","33.24","44.37"
"61","39.0","33.247","44.916"
"61","40.0","33.254","45.428"
"61","41.0","33.26","45.93"
"61","42.0","33.267","46.499"
"61","43.0","33.273","47.093"
"61","44.0","33.278","47.651"
"61","45.0","33.284","48.179"
"61","46.0","33.289","48.684"
"61","47.0","33.294","49.169"
"62","0.0","33.018","0.0"
"62","1.0","33.004","18.201"
"62","2.0","33.022","10.385"
"62","3.0","33.019","13.895"
"62","4.0","33.017","16.752"
"62","5.0","33.015","18.726"
"62","6.0","33.015","19.506"
"62","7.0","33.016","19.953"
"62","8.0","33.018","20.443"
"62","9.0","33.021","21.071"
"62","10.0","33.025","21.772"
"62","11.0","33.029","22.561"
"62","12.0","33.035","23.434"
"62","13.0","33.04","24.347"
"62","14.0","33.047","25.316"
"62","15.0","33.053","26.321"
"62","16.0","33.06","27.328"
"62","17.0","33.067","28.351"
"62","18.0","33.074","29.064"
"62","19.0","33.082","29.686"
"62","20.0","33.09","30.408"
"62","21.0","33.099","31.214"
"62","22.0","33.107","32.068"
"62","23.0","33.116","32.935"
"62","24.0","33.125","33.79"
"62","25.0","33.133","34.629"
"62","26.0","33.142","35.457"
"62","27.0","33.15","36.264"
"62","28.0","33.159","37.061"
"62","29.0","33.167","37.852"
"62","30.0","33.176","38.62"
"62","31.0","33.184","39.354"
"62","32.0","33.192","40.059"
"62","33.0","33.2","40.748"
"62","34.0","33.208","41.417"
"62","35.0","33.215","42.061"
"62","36.0","33.222","42.681"
"62","37.0","33.23","43.294"
"62","38.0","33.237","43.887"
"62","39.0","33.244","44.443"
"62","40.0","33.25","44.967"
"62","41.0","33.257","45.477"
"62","42.0","33.263","46.076"
"62","43.0","33.269","46.687"
"62","44.0","33.275","47.26"
"62","45.0","33.281","47.802"
"62","46.0","33.286","48.32"
"62","47.0","33.291","48.818"
"63","0.0","33.017","0.0"
"63","1.0","33.008","16.112"
"63","2.0","33.022","9.059"
"63","3.0","33.019","14.035"
"63","4.0","33.017","16.85"
"63","5.0","33.015","18.798"
"63","6.0","33.014","19.491"
"63","7.0","33.015","19.842"
"63","8.0","33.017","20.253"
"63","9.0","33.02","20.811"
"63","10.0","33.024","21.454"
"63","11.0","33.029","22.195"
"63","12.0","33.034","23.022"
"63","13.0","33.04","23.899"
"63","14.0","33.046","24.844"
"63","15.0","33.052","25.829"
"63","16.0","33.059","26.819"
"63","17.0","33.066","27.843"
"63","18.0","33.073","28.482"
"63","19.0","33.081","29.08"
"63","20.0","33.089","29.783"
"63","21.0","33.098","30.582"
"63","22.0","33.106","31.431"
"63","23.0","33.115","32.294"
"63","24.0","33.123","33.144"
"63","25.0","33.132","33.985"
"63","26.0","33.141","34.816"
"63","27.0","33.149","35.624"
"63","28.0","33.158","36.427"
"63","29.0","33.166","37.226"
"63","30.0","33.174","38.005"
"63","31.0","33.182","38.747"
"63","32.0","33.19","39.462"
"63","33.0","33.198","40.164"
"63","34.0","33.206","40.845"
"63","35.0","33.213","41.499"
"63","36.0","33.221","42.13"
"63","37.0","33.228","42.756"
"63","38.0","33.235","43.363"
"63","39.0","33.242","43.929"
"63","40.0","33.249","44.465"
"63","41.0","33.255","44.987"
"63","42.0","33.261","45.62"
"63","43.0","33.267","46.25"
"63","44.0","33.273","46.84"
"63","45.0","33.279","47.397"
"63","46.0","33.284","47.929"
"63","47.0","33.289","48.441"
"64","0.0","33.017","0.0"
"64","1.0","33.006","16.214"
"64","2.0","33.02","10.881"
"64","3.0","33.019","14.056"
"64","4.0","33.016","16.977"
"64","5.0","33.014","18.899"
"64","6.0","33.014","19.478"
"64","7.0","33.015","19.705"
"64","8.0","33.017","20.022"
"64","9.0","33.02","20.5"
"64","10.0","33.023","21.065"
"64","11.0","33.028","21.748"
"64","12.0","33.033","22.526"
"64","13.0","33.039","23.357"
"64","14.0","33.045","24.273"
"64","15.0","33.051","25.235"
"64","16.0","33.058","26.202"
"64","17.0","33.065","27.227"
"64","18.0","33.072","27.771"
"64","19.0","33.08","28.339"
"64","20.0","33.088","29.022"
"64","21.0","33.097","29.812"
"64","22.0","33.105","30.655"
"64","23.0","33.114","31.511"
"64","24.0","33.122","32.357"
"64","25.0","33.131","33.199"
"64","26.0","33.139","34.033"
"64","27.0","33.148","34.843"
"64","28.0","33.156","35.652"
"64","29.0","33.164","36.463"
"64","30.0","33.173","37.253"
"64","31.0","33.181","38.005"
"64","32.0","33.189","38.733"
"64","33.0","33.196","39.45"
"64","34.0","33.204","40.145"
"64","35.0","33.211","40.811"
"64","36.0","33.219","41.457"
"64","37.0","33.226","42.099"
"64","38.0","33.233","42.722"
"64","39.0","33.24","43.301"
"64","40.0","33.247","43.85"
"64","41.0","33.253","44.384"
"64","42.0","33.259","45.061"
"64","43.0","33.265","45.713"
"64","44.0","33.271","46.323"
"64","45.0","33.276","46.899"
"64","46.0","33.281","47.448"
"64","47.0","33.286","47.977"
"65","0.0","33.017","0.0"
"65","1.0","33.006","12.21"
"65","2.0","33.019","13.457"
"65","3.0","33.018","14.224"
"65","4.0","33.016","17.182"
"65","5.0","33.014","19.015"
"65","6.0","33.013","19.457"
"65","7.0","33.014","19.549"
"65","8.0","33.016","19.759"
"65","9.0","33.019","20.138"
"65","10.0","33.023","20.622"
"65","11.0","33.028","21.238"
"65","12.0","33.033","21.953"
"65","13.0","33.038","22.733"
"65","14.0","33.044","23.615"
"65","15.0","33.051","24.549"
"65","16.0","33.057","25.493"
"65","17.0","33.064","26.506"
"65","18.0","33.072","26.95"
"65","19.0","33.079","27.485"
"65","20.0","33.088","28.146"
"65","21.0","33.096","28.925"
"65","22.0","33.104","29.761"
"65","23.0","33.113","30.61"
"65","24.0","33.121","31.451"
"65","25.0","33.13","32.295"
"65","26.0","33.138","33.132"
"65","27.0","33.147","33.945"
"65","28.0","33.155","34.761"
"65","29.0","33.163","35.585"
"65","30.0","33.171","36.389"
"65","31.0","33.179","37.152"
"65","32.0","33.187","37.895"
"65","33.0","33.195","38.63"
"65","34.0","33.203","39.341"
"65","35.0","33.21","40.021"
"65","36.0","33.217","40.683"
"65","37.0","33.225","41.343"
"65","38.0","33.232","41.984"
"65","39.0","33.238","42.577"
"65","40.0","33.245","43.144"
"65","41.0","33.252","43.698"
"65","42.0","33.258","44.422"
"65","43.0","33.263","45.1"
"65","44.0","33.269","45.733"
"65","45.0","33.274","46.33"
"65","46.0","33.28","46.899"
"65","47.0","33.285","47.447"
"66","0.0","33.017","0.0"
"66","1.0","33.011","10.385"
"66","2.0","33.02","12.87"
"66","3.0","33.018","14.263"
"66","4.0","33.015","17.333"
"66","5.0","33.013","19.083"
"66","6.0","33.013","19.448"
"66","7.0","33.014","19.466"
"66","8.0","33.016","19.618"
"66","9.0","33.019","19.949"
"66","10.0","33.023","20.385"
"66","11.0","33.027","20.965"
"66","12.0","33.032","21.65"
"66","13.0","33.038","22.404"
"66","14.0","33.044","23.268"
"66","15.0","33.05","24.187"
"66","16.0","33.057","25.118"
"66","17.0","33.064","26.112"
"66","18.0","33.071","26.514"
"66","19.0","33.079","27.032"
"66","20.0","33.087","27.681"
"66","21.0","33.095","28.455"
"66","22.0","33.104","29.287"
"66","23.0","33.112","30.132"
"66","24.0","33.121","30.97"
"66","25.0","33.129","31.815"
"66","26.0","33.137","32.654"
"66","27.0","33.146","33.468"
"66","28.0","33.154","34.289"
"66","29.0","33.162","35.119"
"66","30.0","33.171","35.93"
"66","31.0","33.179","36.699"
"66","32.0","33.186","37.45"
"66","33.0","33.194","38.194"
"66","34.0","33.202","38.913"
"66","35.0","33.209","39.602"
"66","36.0","33.216","40.272"
"66","37.0","33.224","40.942"
"66","38.0","33.23","41.592"
"66","39.0","33.237","42.194"
"66","40.0","33.244","42.769"
"66","41.0","33.25","43.336"
"66","42.0","33.256","44.081"
"66","43.0","33.262","44.772"
"66","44.0","33.268","45.418"
"66","45.0","33.273","46.026"
"66","46.0","33.278","46.606"
"66","47.0","33.283","47.165"
"67","0.0","33.017","0.0"
"67","1.0","33.012","14.455"
"67","2.0","33.02","12.01"
"67","3.0","33.018","14.255"
"67","4.0","33.015","17.479"
"67","5.0","33.013","19.169"
"67","6.0","33.013","19.427"
"67","7.0","33.013","19.36"
"67","8.0","33.015","19.438"
"67","9.0","33.018","19.7"
"67","10.0","33.022","20.082"
"67","11.0","33.027","20.615"
"67","12.0","33.032","21.256"
"67","13.0","33.037","21.977"
"67","14.0","33.043","22.817"
"67","15.0","33.049","23.716"
"67","16.0","33.056","24.634"
"67","17.0","33.063","25.589"
"67","18.0","33.07","25.948"
"67","19.0","33.078","26.443"
"67","20.0","33.086","27.08"
"67","21.0","33.094","27.845"
"67","22.0","33.102","28.671"
"67","23.0","33.111","29.513"
"67","24.0","33.119","30.349"
"67","25.0","33.128","31.195"
"67","26.0","33.136","32.034"
"67","27.0","33.144","32.85"
"67","28.0","33.153","33.678"
"67","29.0","33.161","34.516"
"67","30.0","33.169","35.334"
"67","31.0","33.177","36.112"
"67","32.0","33.185","36.874"
"67","33.0","33.192","37.63"
"67","34.0","33.2","38.359"
"67","35.0","33.207","39.058"
"67","36.0","33.214","39.741"
"67","37.0","33.221","40.422"
"67","38.0","33.228","41.083"
"67","39.0","33.235","41.695"
"67","40.0","33.241","42.283"
"67","41.0","33.248","42.873"
"67","42.0","33.254","43.643"
"67","43.0","33.26","44.352"
"67","44.0","33.265","45.013"
"67","45.0","33.27","45.635"
"67","46.0","33.276","46.229"
"67","47.0","33.28","46.801"
"68","0.0","33.016","0.0"
"68","1.0","33.011","10.569"
"68","2.0","33.019","12.644"
"68","3.0","33.017","14.429"
"68","4.0","33.014","17.537"
"68","5.0","33.012","19.236"
"68","6.0","33.012","19.414"
"68","7.0","33.013","19.267"
"68","8.0","33.015","19.279"
"68","9.0","33.018","19.485"
"68","10.0","33.022","19.816"
"68","11.0","33.026","20.307"
"68","12.0","33.031","20.913"
"68","13.0","33.037","21.606"
"68","14.0","33.043","22.424"
"68","15.0","33.049","23.306"
"68","16.0","33.055","24.21"
"68","17.0","33.062","25.123"
"68","18.0","33.069","25.453"
"68","19.0","33.077","25.927"
"68","20.0","33.085","26.551"
"68","21.0","33.093","27.31"
"68","22.0","33.102","28.131"
"68","23.0","33.11","28.969"
"68","24.0","33.118","29.802"
"68","25.0","33.127","30.648"
"68","26.0","33.135","31.489"
"68","27.0","33.143","32.307"
"68","28.0","33.151","33.14"
"68","29.0","33.16","33.985"
"68","30.0","33.168","34.81"
"68","31.0","33.175","35.596"
"68","32.0","33.183","36.367"
"68","33.0","33.191","37.133"
"68","34.0","33.198","37.871"
"68","35.0","33.206","38.579"
"68","36.0","33.213","39.272"
"68","37.0","33.22","39.964"
"68","38.0","33.227","40.635"
"68","39.0","33.233","41.257"
"68","40.0","33.24","41.855"
"68","41.0","33.246","42.465"
"68","42.0","33.252","43.255"
"68","43.0","33.258","43.98"
"68","44.0","33.263","44.654"
"68","45.0","33.269","45.289"
"68","46.0","33.274","45.896"
"68","47.0","33.279","46.479"
"69","0.0","33.016","0.0"
"69","1.0","33.015","2.192"
"69","2.0","33.018","13.203"
"69","3.0","33.017","14.686"
"69","4.0","33.014","17.616"
"69","5.0","33.012","19.296"
"69","6.0","33.012","19.394"
"69","7.0","33.013","19.17"
"69","8.0","33.015","19.111"
"69","9.0","33.018","19.252"
"69","10.0","33.021","19.533"
"69","11.0","33.026","19.98"
"69","12.0","33.031","20.544"
"69","13.0","33.036","21.209"
"69","14.0","33.042","22.005"
"69","15.0","33.049","22.867"
"69","16.0","33.055","23.76"
"69","17.0","33.062","24.621"
"69","18.0","33.069","24.924"
"69","19.0","33.077","25.378"
"69","20.0","33.085","25.99"
"69","21.0","33.093","26.742"
"69","22.0","33.101","27.558"
"69","23.0","33.11","28.392"
"69","24.0","33.118","29.223"
"69","25.0","33.126","30.07"
"69","26.0","33.135","30.911"
"69","27.0","33.143","31.733"
"69","28.0","33.151","32.572"
"69","29.0","33.159","33.425"
"69","30.0","33.167","34.257"
"69","31.0","33.175","35.051"
"69","32.0","33.183","35.833"
"69","33.0","33.19","36.609"
"69","34.0","33.198","37.356"
"69","35.0","33.205","38.074"
"69","36.0","33.212","38.78"
"69","37.0","33.219","39.483"
"69","38.0","33.226","40.163"
"69","39.0","33.233","40.795"
"69","40.0","33.239","41.405"
"69","41.0","33.246","42.042"
"69","42.0","33.252","42.85"
"69","43.0","33.257","43.592"
"69","44.0","33.263","44.281"
"69","45.0","33.268","44.929"
"69","46.0","33.273","45.548"
"69","47.0","33.278","46.144"
"3","0.0","33.016","0.0"
"3","1.0","33.017","6.07"
"3","2.0","33.018","12.627"
"3","3.0","33.016","14.869"
"3","4.0","33.014","17.879"
"3","5.0","33.012","19.405"
"3","6.0","33.012","19.366"
"3","7.0","33.013","19.008"
"3","8.0","33.015","18.831"
"3","9.0","33.018","18.868"
"3","10.0","33.021","19.063"
"3","11.0","33.026","19.435"
"3","12.0","33.031","19.935"
"3","13.0","33.036","20.55"
"3","14.0","33.042","21.306"
"3","15.0","33.048","22.136"
"3","16.0","33.055","23.008"
"3","17.0","33.061","23.777"
"3","18.0","33.069","24.037"
"3","19.0","33.076","24.453"
"3","20.0","33.084","25.044"
"3","21.0","33.093","25.781"
"3","22.0","33.101","26.585"
"3","23.0","33.109","27.411"
"3","24.0","33.117","28.238"
"3","25.0","33.126","29.083"
"3","26.0","33.134","29.924"
"3","27.0","33.142","30.749"
"3","28.0","33.15","31.597"
"3","29.0","33.159","32.461"
"3","30.0","33.167","33.303"
"3","31.0","33.174","34.111"
"3","32.0","33.182","34.909"
"3","33.0","33.19","35.702"
"3","34.0","33.197","36.463"
"3","35.0","33.204","37.197"
"3","36.0","33.212","37.921"
"3","37.0","33.218","38.642"
"3","38.0","33.225","39.338"
"3","39.0","33.232","39.987"
"3","40.0","33.238","40.617"
"3","41.0","33.245","41.297"
"3","42.0","33.251","42.138"
"3","43.0","33.256","42.909"
"3","44.0","33.262","43.623"
"3","45.0","33.267","44.294"
"3","46.0","33.272","44.936"
"3","47.0","33.277","45.554"
"3_sec3_0","0.0","33.016","0.0"
"3_sec3_0","1.0","33.017","6.07"
"3_sec3_0","2.0","33.018","12.627"
"3_sec3_0","3.0","33.016","14.869"
"3_sec3_0","4.0","33.014","17.879"
"3_sec3_0","5.0","33.012","19.405"
"3_sec3_0","6.0","33.012","19.366"
"3_sec3_0","7.0","33.013","19.008"
"3_sec3_0","8.0","33.015","18.831"
"3_sec3_0","9.0","33.018","18.868"
"3_sec3_0","10.0","33.021","19.063"
"3_sec3_0","11.0","33.026","19.435"
"3_sec3_0","12.0","33.031","19.935"
"3_sec3_0","13.0","33.036","20.55"
"3_sec3_0","14.0","33.042","21.306"
"3_sec3_0","15.0","33.048","22.136"
"3_sec3_0","16.0","33.055","23.008"
"3_sec3_0","17.0","33.061","23.777"
"3_sec3_0","18.0","33.069","24.037"
"3_sec3_0","19.0","33.076","24.453"
"3_sec3_0","20.0","33.084","25.044"
"3_sec3_0","21.0","33.093","25.781"
"3_sec3_0","22.0","33.101","26.585"
"3_sec3_0","23.0","33.109","27.411"
"3_sec3_0","24.0","33.117","28.238"
"3_sec3_0","25.0","33.126","29.083"
"3_sec3_0","26.0","33.134","29.924"
"3_sec3_0","27.0","33.142","30.749"
"3_sec3_0","28.0","33.15","31.597"
"3_sec3_0","29.0","33.159","32.461"
"3_sec3_0","30.0","33.167","33.303"
"3_sec3_0","31.0","33.174","34.111"
"3_sec3_0","32.0","33.182","34.909"
"3_sec3_0","33.0","33.19","35.702"
"3_sec3_0","34.0","33.197","36.463"
"3_sec3_0","35.0","33.204","37.197"
"3_sec3_0","36.0","33.212","37.921"
"3_sec3_0","37.0","33.218","38.642"
"3_sec3_0","38.0","33.225","39.338"
"3_sec3_0","39.0","33.232","39.987"
"3_sec3_0","40.0","33.238","40.617"
"3_sec3_0","41.0","33.245","41.297"
"3_sec3_0","42.0","33.251","42.138"
"3_sec3_0","43.0","33.256","42.909"
"3_sec3_0","44.0","33.262","43.623"
"3_sec3_0","45.0","33.267","44.294"
"3_sec3_0","46.0","33.272","44.936"
"3_sec3_0","47.0","33.277","45.554"
"4","0.0","33.016","0.0"
"4","1.0","33.016","6.889"
"4","2.0","33.017","12.557"
"4","3.0","33.016","14.884"
"4","4.0","33.013","17.949"
"4","5.0","33.012","19.43"
"4","6.0","33.012","19.355"
"4","7.0","33.012","18.968"
"4","8.0","33.014","18.762"
"4","9.0","33.017","18.773"
"4","10.0","33.021","18.95"
"4","11.0","33.025","19.304"
"4","12.0","33.03","19.786"
"4","13.0","33.036","20.391"
"4","14.0","33.042","21.138"
"4","15.0","33.048","21.959"
"4","16.0","33.054","22.827"
"4","17.0","33.061","23.575"
"4","18.0","33.068","23.825"
"4","19.0","33.076","24.232"
"4","20.0","33.084","24.818"
"4","21.0","33.092","25.552"
"4","22.0","33.1","26.355"
"4","23.0","33.109","27.179"
"4","24.0","33.117","28.005"
"4","25.0","33.125","28.85"
"4","26.0","33.134","29.692"
"4","27.0","33.142","30.518"
"4","28.0","33.15","31.369"
"4","29.0","33.158","32.236"
"4","30.0","33.166","33.081"
"4","31.0","33.174","33.892"
"4","32.0","33.181","34.694"
"4","33.0","33.189","35.491"
"4","34.0","33.196","36.256"
"4","35.0","33.204","36.994"
"4","36.0","33.211","37.723"
"4","37.0","33.218","38.448"
"4","38.0","33.224","39.148"
"4","39.0","33.231","39.801"
"4","40.0","33.238","40.435"
"4","41.0","33.244","41.127"
"4","42.0","33.25","41.976"
"4","43.0","33.255","42.753"
"4","44.0","33.261","43.473"
"4","45.0","33.266","44.15"
"4","46.0","33.271","44.796"
"4","47.0","33.276","45.42"
"4_sec4_0","0.0","33.016","3.0"
"4_sec4_0","1.0","33.016","420.288"
"4_sec4_0","2.0","33.017","452.354"
"4_sec4_0","3.0","33.016","451.637"
"4_sec4_0","4.0","33.013","447.987"
"4_sec4_0","5.0","33.012","445.837"
"4_sec4_0","6.0","33.012","444.954"
"4_sec4_0","7.0","33.012","445.411"
"4_sec4_0","8.0","33.014","447.259"
"4_sec4_0","9.0","33.017","450.236"
"4_sec4_0","10.0","33.021","454.145"
"4_sec4_0","11.0","33.025","458.935"
"4_sec4_0","12.0","33.03","464.383"
"4_sec4_0","13.0","33.036","470.316"
"4_sec4_0","14.0","33.042","476.696"
"4_sec4_0","15.0","33.048","483.32"
"4_sec4_0","16.0","33.054","490.084"
"4_sec4_0","17.0","33.061","496.572"
"4_sec4_0","18.0","33.068","501.598"
"4_sec4_0","19.0","33.076","507.04"
"4_sec4_0","20.0","33.084","512.695"
"4_sec4_0","21.0","33.092","518.531"
"4_sec4_0","22.0","33.1","524.392"
"4_sec4_0","23.0","33.109","530.22"
"4_sec4_0","24.0","33.117","536.106"
"4_sec4_0","25.0","33.125","542.021"
"4_sec4_0","26.0","33.134","547.863"
"4_sec4_0","27.0","33.142","553.571"
"4_sec4_0","28.0","33.15","559.202"
"4_sec4_0","29.0","33.158","564.757"
"4_sec4_0","30.0","33.166","570.147"
"4_sec4_0","31.0","33.174","575.327"
"4_sec4_0","32.0","33.181","580.361"
"4_sec4_0","33.0","33.189","585.277"
"4_sec4_0","34.0","33.196","590.001"
"4_sec4_0","35.0","33.204","594.501"
"4_sec4_0","36.0","33.211","598.846"
"4_sec4_0","37.0","33.218","603.069"
"4_sec4_0","38.0","33.224","607.106"
"4_sec4_0","39.0","33.231","610.922"
"4_sec4_0","40.0","33.238","614.586"
"4_sec4_0","41.0","33.244","618.292"
"4_sec4_0","42.0","33.25","622.352"
"4_sec4_0","43.0","33.255","626.129"
"4_sec4_0","44.0","33.261","629.684"
"4_sec4_0","45.0","33.266","633.033"
"4_sec4_0","46.0","33.271","636.181"
"4_sec4_0","47.0","33.276","639.134"
"70","0.0","32.995","1.0"
"70","1.0","32.991","402.063"
"70","2.0","32.995","454.875"
"70","3.0","32.993","452.512"
"70","4.0","32.991","448.546"
"70","5.0","32.989","446.078"
"70","6.0","32.989","444.874"
"70","7.0","32.99","445.07"
"70","8.0","32.992","446.673"
"70","9.0","32.994","449.429"
"70","10.0","32.998","453.158"
"70","11.0","33.002","457.796"
"70","12.0","33.006","463.108"
"70","13.0","33.011","468.94"
"70","14.0","33.016","475.241"
"70","15.0","33.022","481.796"
"70","16.0","33.028","488.521"
"70","17.0","33.034","494.796"
"70","18.0","33.041","499.709"
"70","19.0","33.048","505.081"
"70","20.0","33.056","510.703"
"70","21.0","33.063","516.515"
"70","22.0","33.071","522.35"
"70","23.0","33.079","528.166"
"70","24.0","33.086","534.052"
"70","25.0","33.094","539.969"
"70","26.0","33.102","545.808"
"70","27.0","33.11","551.529"
"70","28.0","33.118","557.188"
"70","29.0","33.125","562.769"
"70","30.0","33.133","568.177"
"70","31.0","33.14","573.387"
"70","32.0","33.147","578.464"
"70","33.0","33.154","583.417"
"70","34.0","33.161","588.167"
"70","35.0","33.168","592.702"
"70","36.0","33.175","597.094"
"70","37.0","33.182","601.356"
"70","38.0","33.188","605.42"
"70","39.0","33.194","609.272"
"70","40.0","33.201","612.983"
"70","41.0","33.207","616.792"
"70","42.0","33.212","620.922"
"70","43.0","33.217","624.756"
"70","44.0","33.223","628.361"
"70","45.0","33.228","631.756"
"70","46.0","33.232","634.949"
"70","47.0","33.237","637.946"
"71","0.0","32.98","0.0"
"71","1.0","32.972","409.723"
"71","2.0","32.977","454.5"
"71","3.0","32.976","453.137"
"71","4.0","32.974","448.799"
"71","5.0","32.973","446.188"
"71","6.0","32.973","444.82"
"71","7.0","32.973","444.891"
"71","8.0","32.975","446.38"
"71","9.0","32.977","449.027"
"71","10.0","32.981","452.673"
"71","11.0","32.984","457.238"
"71","12.0","32.988","462.48"
"71","13.0","32.993","468.266"
"71","14.0","32.998","474.529"
"71","15.0","33.003","481.051"
"71","16.0","33.008","487.756"
"71","17.0","33.014","493.891"
"71","18.0","33.021","498.754"
"71","19.0","33.028","504.092"
"71","20.0","33.035","509.693"
"71","21.0","33.042","515.491"
"71","22.0","33.049","521.321"
"71","23.0","33.057","527.13"
"71","24.0","33.064","533.01"
"71","25.0","33.071","538.928"
"71","26.0","33.079","544.77"
"71","27.0","33.086","550.496"
"71","28.0","33.094","556.162"
"71","29.0","33.101","561.756"
"71","30.0","33.108","567.178"
"71","31.0","33.115","572.402"
"71","32.0","33.122","577.494"
"71","33.0","33.129","582.465"
"71","34.0","33.135","587.233"
"71","35.0","33.142","591.785"
"71","36.0","33.149","596.193"
"71","37.0","33.155","600.474"
"71","38.0","33.161","604.557"
"71","39.0","33.167","608.425"
"71","40.0","33.173","612.153"
"71","41.0","33.179","616.028"
"71","42.0","33.184","620.194"
"71","43.0","33.189","624.055"
"71","44.0","33.194","627.684"
"71","45.0","33.199","631.101"
"71","46.0","33.203","634.315"
"71","47.0","33.208","637.334"
"72","0.0","32.961","0.0"
"72","1.0","32.951","416.118"
"72","2.0","32.957","451.39"
"72","3.0","32.956","453.412"
"72","4.0","32.954","449.07"
"72","5.0","32.953","446.304"
"72","6.0","32.953","444.769"
"72","7.0","32.954","444.725"
"72","8.0","32.955","446.102"
"72","9.0","32.957","448.643"
"72","10.0","32.96","452.21"
"72","11.0","32.963","456.704"
"72","12.0","32.967","461.878"
"72","13.0","32.971","467.62"
"72","14.0","32.975","473.846"
"72","15.0","32.98","480.334"
"72","16.0","32.985","487.022"
"72","17.0","32.99","492.979"
"72","18.0","32.996","497.785"
"72","19.0","33.003","503.09"
"72","20.0","33.01","508.678"
"72","21.0","33.016","514.464"
"72","22.0","33.023","520.279"
"72","23.0","33.03","526.082"
"72","24.0","33.037","531.965"
"72","25.0","33.044","537.883"
"72","26.0","33.051","543.72"
"72","27.0","33.058","549.451"
"72","28.0","33.065","555.132"
"72","29.0","33.072","560.737"
"72","30.0","33.078","566.164"
"72","31.0","33.085","571.4"
"72","32.0","33.092","576.516"
"72","33.0","33.098","581.503"
"72","34.0","33.105","586.28"
"72","35.0","33.111","590.847"
"72","36.0","33.117","595.28"
"72","37.0","33.123","599.578"
"72","38.0","33.129","603.671"
"72","39.0","33.135","607.554"
"72","40.0","33.14","611.308"
"72","41.0","33.146","615.262"
"72","42.0","33.151","619.46"
"72","43.0","33.155","623.348"
"72","44.0","33.16","627.0"
"72","45.0","33.164","630.439"
"72","46.0","33.169","633.674"
"72","47.0","33.173","636.713"
"73","0.0","32.942","4.0"
"73","1.0","32.933","400.959"
"73","2.0","32.939","450.68"
"73","3.0","32.938","453.368"
"73","4.0","32.937","449.255"
"73","5.0","32.936","446.359"
"73","6.0","32.936","444.708"
"73","7.0","32.937","444.583"
"73","8.0","32.938","445.875"
"73","9.0","32.94","448.337"
"73","10.0","32.942","451.846"
"73","11.0","32.945","456.286"
"73","12.0","32.949","461.412"
"73","13.0","32.952","467.122"
"73","14.0","32.956","473.32"
"73","15.0","32.96","479.78"
"73","16.0","32.965","486.458"
"73","17.0","32.97","492.227"
"73","18.0","32.976","497.007"
"73","19.0","32.982","502.285"
"73","20.0","32.988","507.86"
"73","21.0","32.995","513.637"
"73","22.0","33.001","519.444"
"73","23.0","33.008","525.242"
"73","24.0","33.014","531.124"
"73","25.0","33.021","537.042"
"73","26.0","33.027","542.878"
"73","27.0","33.034","548.613"
"73","28.0","33.041","554.302"
"73","29.0","33.047","559.915"
"73","30.0","33.053","565.348"
"73","31.0","33.06","570.595"
"73","32.0","33.066","575.724"
"73","33.0","33.072","580.724"
"73","34.0","33.078","585.51"
"73","35.0","33.084","590.089"
"73","36.0","33.09","594.537"
"73","37.0","33.096","598.849"
"73","38.0","33.101","602.951"
"73","39.0","33.107","606.847"
"73","40.0","33.112","610.616"
"73","41.0","33.118","614.648"
"73","42.0","33.122","618.871"
"73","43.0","33.127","622.777"
"73","44.0","33.131","626.448"
"73","45.0","33.135","629.902"
"73","46.0","33.139","633.151"
"73","47.0","33.143","636.206"
"74","0.0","32.924","1.0"
"74","1.0","32.917","406.162"
"74","2.0","32.923","452.164"
"74","3.0","32.923","453.278"
"74","4.0","32.922","449.402"
"74","5.0","32.921","446.388"
"74","6.0","32.922","444.652"
"74","7.0","32.922","444.458"
"74","8.0","32.924","445.675"
"74","9.0","32.925","448.058"
"74","10.0","32.928","451.522"
"74","11.0","32.931","455.914"
"74","12.0","32.934","460.985"
"74","13.0","32.937","466.67"
"74","14.0","32.94","472.842"
"74","15.0","32.944","479.276"
"74","16.0","32.948","485.946"
"74","17.0","32.953","491.494"
"74","18.0","32.958","496.253"
"74","19.0","32.964","501.507"
"74","20.0","32.97","507.077"
"74","21.0","32.977","512.845"
"74","22.0","32.983","518.637"
"74","23.0","32.989","524.433"
"74","24.0","32.995","530.32"
"74","25.0","33.001","536.236"
"74","26.0","33.008","542.065"
"74","27.0","33.014","547.803"
"74","28.0","33.02","553.506"
"74","29.0","33.026","559.126"
"74","30.0","33.032","564.558"
"74","31.0","33.038","569.814"
"74","32.0","33.044","574.962"
"74","33.0","33.05","579.972"
"74","34.0","33.056","584.761"
"74","35.0","33.062","589.35"
"74","36.0","33.067","593.818"
"74","37.0","33.073","598.142"
"74","38.0","33.078","602.247"
"74","39.0","33.084","606.153"
"74","40.0","33.089","609.944"
"74","41.0","33.094","614.066"
"74","42.0","33.098","618.306"
"74","43.0","33.103","622.231"
"74","44.0","33.107","625.916"
"74","45.0","33.111","629.385"
"74","46.0","33.115","632.649"
"74","47.0","33.119","635.716"
"75","0.0","32.9","0.0"
"75","1.0","32.902","421.53"
"75","2.0","32.905","453.086"
"75","3.0","32.905","453.376"
"75","4.0","32.904","449.643"
"75","5.0","32.904","446.386"
"75","6.0","32.904","444.511"
"75","7.0","32.905","444.19"
"75","8.0","32.906","445.265"
"75","9.0","32.908","447.515"
"75","10.0","32.91","450.89"
"75","11.0","32.912","455.193"
"75","12.0","32.915","460.178"
"75","13.0","32.918","465.82"
"75","14.0","32.921","471.943"
"75","15.0","32.924","478.325"
"75","16.0","32.927","484.985"
"75","17.0","32.932","490.014"
"75","18.0","32.937","494.748"
"75","19.0","32.943","499.955"
"75","20.0","32.948","505.513"
"75","21.0","32.954","511.263"
"75","22.0","32.96","517.031"
"75","23.0","32.966","522.822"
"75","24.0","32.972","528.714"
"75","25.0","32.978","534.63"
"75","26.0","32.983","540.446"
"75","27.0","32.989","546.19"
"75","28.0","32.995","551.915"
"75","29.0","33.001","557.547"
"75","30.0","33.007","562.981"
"75","31.0","33.012","568.253"
"75","32.0","33.018","573.432"
"75","33.0","33.023","578.46"
"75","34.0","33.029","583.255"
"75","35.0","33.034","587.864"
"75","36.0","33.04","592.366"
"75","37.0","33.045","596.71"
"75","38.0","33.05","600.822"
"75","39.0","33.055","604.748"
"75","40.0","33.06","608.573"
"75","41.0","33.065","612.906"
"75","42.0","33.069","617.175"
"75","43.0","33.073","621.134"
"75","44.0","33.077","624.849"
"75","45.0","33.081","628.343"
"75","46.0","33.085","631.631"
"75","47.0","33.088","634.725"
"76","0.0","32.891","0.0"
"76","1.0","32.896","401.333"
"76","2.0","32.899","451.999"
"76","3.0","32.898","453.738"
"76","4.0","32.898","449.821"
"76","5.0","32.897","446.373"
"76","6.0","32.897","444.405"
"76","7.0","32.898","444.013"
"76","8.0","32.899","444.998"
"76","9.0","32.901","447.154"
"76","10.0","32.903","450.482"
"76","11.0","32.905","454.729"
"76","12.0","32.908","459.65"
"76","13.0","32.91","465.266"
"76","14.0","32.913","471.358"
"76","15.0","32.916","477.703"
"76","16.0","32.92","484.36"
"76","17.0","32.924","488.985"
"76","18.0","32.929","493.706"
"76","19.0","32.935","498.88"
"76","20.0","32.94","504.435"
"76","21.0","32.946","510.173"
"76","22.0","32.952","515.923"
"76","23.0","32.957","521.709"
"76","24.0","32.963","527.61"
"76","25.0","32.969","533.524"
"76","26.0","32.974","539.329"
"76","27.0","32.98","545.076"
"76","28.0","32.986","550.819"
"76","29.0","32.991","556.458"
"76","30.0","32.997","561.888"
"76","31.0","33.002","567.171"
"76","32.0","33.008","572.374"
"76","33.0","33.013","577.415"
"76","34.0","33.019","582.209"
"76","35.0","33.024","586.831"
"76","36.0","33.029","591.358"
"76","37.0","33.035","595.715"
"76","38.0","33.04","599.828"
"76","39.0","33.045","603.767"
"76","40.0","33.05","607.619"
"76","41.0","33.054","612.112"
"76","42.0","33.058","616.398"
"76","43.0","33.062","620.379"
"76","44.0","33.066","624.112"
"76","45.0","33.07","627.624"
"76","46.0","33.073","630.927"
"76","47.0","33.077","634.037"
"77","0.0","32.878","0.0"
"77","1.0","32.88","409.549"
"77","2.0","32.886","451.601"
"77","3.0","32.886","454.312"
"77","4.0","32.886","450.048"
"77","5.0","32.886","446.338"
"77","6.0","32.886","444.24"
"77","7.0","32.887","443.76"
"77","8.0","32.888","444.633"
"77","9.0","32.889","446.674"
"77","10.0","32.891","449.942"
"77","11.0","32.893","454.117"
"77","12.0","32.895","458.959"
"77","13.0","32.898","464.549"
"77","14.0","32.901","470.602"
"77","15.0","32.903","476.9"
"77","16.0","32.906","483.555"
"77","17.0","32.91","487.583"
"77","18.0","32.915","492.298"
"77","19.0","32.921","497.428"
"77","20.0","32.926","502.981"
"77","21.0","32.931","508.703"
"77","22.0","32.937","514.429"
"77","23.0","32.942","520.211"
"77","24.0","32.947","526.122"
"77","25.0","32.953","532.033"
"77","26.0","32.958","537.822"
"77","27.0","32.964","543.575"
"77","28.0","32.969","549.341"
"77","29.0","32.974","554.989"
"77","30.0","32.98","560.413"
"77","31.0","32.985","565.709"
"77","32.0","32.99","570.943"
"77","33.0","32.996","575.998"
"77","34.0","33.001","580.79"
"77","35.0","33.006","585.428"
"77","36.0","33.011","589.988"
"77","37.0","33.016","594.361"
"77","38.0","33.021","598.473"
"77","39.0","33.026","602.427"
"77","40.0","33.031","606.314"
"77","41.0","33.035","611.048"
"77","42.0","33.039","615.352"
"77","43.0","33.042","619.362"
"77","44.0","33.046","623.117"
"77","45.0","33.05","626.65"
"77","46.0","33.053","629.973"
"77","47.0","33.056","633.103"
"78","0.0","32.857","0.0"
"78","1.0","32.862","419.336"
"78","2.0","32.862","452.539"
"78","3.0","32.864","454.624"
"78","4.0","32.864","450.209"
"78","5.0","32.864","446.29"
"78","6.0","32.864","444.073"
"78","7.0","32.865","443.544"
"78","8.0","32.866","444.336"
"78","9.0","32.867","446.29"
"78","10.0","32.869","449.522"
"78","11.0","32.871","453.646"
"78","12.0","32.872","458.429"
"78","13.0","32.874","464.003"
"78","14.0","32.876","470.027"
"78","15.0","32.878","476.286"
"78","16.0","32.881","482.945"
"78","17.0","32.885","486.384"
"78","18.0","32.889","491.09"
"78","19.0","32.894","496.188"
"78","20.0","32.899","501.748"
"78","21.0","32.904","507.458"
"78","22.0","32.908","513.157"
"78","23.0","32.913","518.937"
"78","24.0","32.918","524.863"
"78","25.0","32.923","530.773"
"78","26.0","32.928","536.542"
"78","27.0","32.933","542.297"
"78","28.0","32.938","548.089"
"78","29.0","32.942","553.742"
"78","30.0","32.947","559.154"
"78","31.0","32.952","564.459"
"78","32.0","32.957","569.723"
"78","33.0","32.962","574.788"
"78","34.0","32.966","579.571"
"78","35.0","32.971","584.22"
"78","36.0","32.976","588.812"
"78","37.0","32.98","593.196"
"78","38.0","32.985","597.298"
"78","39.0","32.989","601.265"
"78","40.0","32.994","605.184"
"78","41.0","32.997","610.151"
"78","42.0","33.001","614.468"
"78","43.0","33.004","618.496"
"78","44.0","33.007","622.27"
"78","45.0","33.011","625.817"
"78","46.0","33.014","629.153"
"78","47.0","33.017","632.299"
"79","0.0","32.847","0.0"
"79","1.0","32.854","408.976"
"79","2.0","32.85","452.91"
"79","3.0","32.851","454.512"
"79","4.0","32.851","450.251"
"79","5.0","32.851","446.251"
"79","6.0","32.852","443.985"
"79","7.0","32.853","443.446"
"79","8.0","32.854","444.215"
"79","9.0","32.855","446.137"
"79","10.0","32.856","449.362"
"79","11.0","32.858","453.471"
"79","12.0","32.859","458.231"
"79","13.0","32.861","463.806"
"79","14.0","32.862","469.821"
"79","15.0","32.864","476.063"
"79","16.0","32.866","482.729"
"79","17.0","32.87","485.892"
"79","18.0","32.874","490.591"
"79","19.0","32.879","495.679"
"79","20.0","32.883","501.243"
"79","21.0","32.888","506.95"
"79","22.0","32.892","512.639"
"79","23.0","32.897","518.419"
"79","24.0","32.901","524.35"
"79","25.0","32.906","530.26"
"79","26.0","32.91","536.022"
"79","27.0","32.915","541.778"
"79","28.0","32.92","547.578"
"79","29.0","32.924","553.233"
"79","30.0","32.929","558.64"
"79","31.0","32.933","563.948"
"79","32.0","32.938","569.222"
"79","33.0","32.942","574.29"
"79","34.0","32.946","579.069"
"79","35.0","32.951","583.722"
"79","36.0","32.955","588.324"
"79","37.0","32.959","592.711"
"79","38.0","32.964","596.81"
"79","39.0","32.968","600.779"
"79","40.0","32.972","604.711"
"79","41.0","32.976","609.793"
"79","42.0","32.979","614.113"
"79","43.0","32.982","618.149"
"79","44.0","32.985","621.927"
"79","45.0","32.988","625.478"
"79","46.0","32.991","628.819"
"79","47.0","32.994","631.968"
"80","0.0","32.829","0.0"
"80","1.0","32.828","410.462"
"80","2.0","32.832","452.224"
"80","3.0","32.833","454.047"
"80","4.0","32.833","450.251"
"80","5.0","32.834","446.179"
"80","6.0","32.834","443.883"
"80","7.0","32.835","443.338"
"80","8.0","32.836","444.09"
"80","9.0","32.837","445.987"
"80","10.0","32.838","449.21"
"80","11.0","32.839","453.307"
"80","12.0","32.84","458.047"
"80","13.0","32.841","463.624"
"80","14.0","32.843","469.633"
"80","15.0","32.844","475.862"
"80","16.0","32.845","482.533"
"80","17.0","32.849","485.343"
"80","18.0","32.853","490.028"
"80","19.0","32.857","495.11"
"80","20.0","32.861","500.683"
"80","21.0","32.865","506.388"
"80","22.0","32.869","512.063"
"80","23.0","32.873","517.842"
"80","24.0","32.877","523.785"
"80","25.0","32.881","529.694"
"80","26.0","32.886","535.444"
"80","27.0","32.89","541.2"
"80","28.0","32.894","547.014"
"80","29.0","32.898","552.671"
"80","30.0","32.902","558.066"
"80","31.0","32.906","563.376"
"80","32.0","32.91","568.665"
"80","33.0","32.914","573.735"
"80","34.0","32.918","578.504"
"80","35.0","32.922","583.159"
"80","36.0","32.926","587.776"
"80","37.0","32.93","592.166"
"80","38.0","32.934","596.254"
"80","39.0","32.938","600.225"
"80","40.0","32.942","604.174"
"80","41.0","32.945","609.397"
"80","42.0","32.948","613.722"
"80","43.0","32.951","617.761"
"80","44.0","32.953","621.543"
"80","45.0","32.956","625.098"
"80","46.0","32.959","628.441"
"80","47.0","32.961","631.594"
"5","0.0","32.817","0.0"
"5","1.0","32.818","419.561"
"5","2.0","32.818","451.26"
"5","3.0","32.819","453.606"
"5","4.0","32.82","450.166"
"5","5.0","32.821","446.065"
"5","6.0","32.822","443.744"
"5","7.0","32.822","443.212"
"5","8.0","32.823","443.956"
"5","9.0","32.824","445.831"
"5","10.0","32.825","449.066"
"5","11.0","32.826","453.159"
"5","12.0","32.827","457.882"
"5","13.0","32.827","463.474"
"5","14.0","32.828","469.481"
"5","15.0","32.829","475.688"
"5","16.0","32.83","482.378"
"5","17.0","32.834","484.748"
"5","18.0","32.838","489.419"
"5","19.0","32.841","494.499"
"5","20.0","32.845","500.084"
"5","21.0","32.849","505.788"
"5","22.0","32.853","511.45"
"5","23.0","32.856","517.229"
"5","24.0","32.86","523.184"
"5","25.0","32.864","529.093"
"5","26.0","32.868","534.829"
"5","27.0","32.871","540.586"
"5","28.0","32.875","546.413"
"5","29.0","32.879","552.07"
"5","30.0","32.882","557.453"
"5","31.0","32.886","562.764"
"5","32.0","32.89","568.067"
"5","33.0","32.894","573.137"
"5","34.0","32.897","577.894"
"5","35.0","32.901","582.55"
"5","36.0","32.905","587.181"
"5","37.0","32.909","591.572"
"5","38.0","32.912","595.648"
"5","39.0","32.916","599.62"
"5","40.0","32.92","603.582"
"5","41.0","32.923","608.99"
"5","42.0","32.925","613.315"
"5","43.0","32.928","617.356"
"5","44.0","32.93","621.139"
"5","45.0","32.932","624.696"
"5","46.0","32.935","628.04"
"5","47.0","32.938","631.194"
"6","0.0","34.769","0.0"
"6","1.0","35.336","1504.443"
"6","2.0","35.419","1537.73"
"6","3.0","35.477","1541.841"
"6","4.0","35.526","1539.768"
"6","5.0","35.576","1537.968"
"6","6.0","35.622","1537.044"
"6","7.0","35.663","1535.752"
"6","8.0","35.701","1534.604"
"6","9.0","35.736","1533.108"
"6","10.0","35.769","1531.463"
"6","11.0","35.8","1529.807"
"6","12.0","35.826","1529.518"
"6","13.0","35.849","1527.74"
"6","14.0","35.871","1525.896"
"6","15.0","35.891","1523.975"
"6","16.0","35.91","1522.001"
"6","17.0","35.929","1521.299"
"6","18.0","35.946","1520.836"
"6","19.0","35.963","1520.381"
"6","20.0","35.978","1520.0"
"6","21.0","35.993","1519.539"
"6","22.0","36.006","1519.081"
"6","23.0","36.019","1518.597"
"6","24.0","36.031","1518.087"
"6","25.0","36.043","1517.548"
"6","26.0","36.054","1517.01"
"6","27.0","36.064","1516.453"
"6","28.0","36.073","1515.89"
"6","29.0","36.082","1515.311"
"6","30.0","36.09","1514.707"
"6","31.0","36.098","1514.103"
"6","32.0","36.105","1513.491"
"6","33.0","36.112","1512.82"
"6","34.0","36.119","1512.182"
"6","35.0","36.125","1511.533"
"6","36.0","36.13","1510.867"
"6","37.0","36.135","1510.197"
"6","38.0","36.14","1509.52"
"6","39.0","36.145","1508.827"
"6","40.0","36.149","1508.136"
"6","41.0","36.152","1504.474"
"6","42.0","36.154","1500.199"
"6","43.0","36.155","1495.878"
"6","44.0","36.156","1491.518"
"6","45.0","36.156","1487.137"
"6","46.0","36.156","1482.749"
"6","47.0","36.155","1478.352"
"81","0.0","34.745","0.0"
"81","1.0","35.232","1534.978"
"81","2.0","35.309","1519.275"
"81","3.0","35.371","1524.923"
"81","4.0","35.424","1523.901"
"81","5.0","35.477","1523.49"
"81","6.0","35.524","1523.784"
"81","7.0","35.568","1523.501"
"81","8.0","35.608","1523.389"
"81","9.0","35.645","1522.669"
"81","10.0","35.679","1521.673"
"81","11.0","35.711","1520.711"
"81","12.0","35.738","1521.956"
"81","13.0","35.763","1520.716"
"81","14.0","35.785","1519.352"
"81","15.0","35.807","1517.852"
"81","16.0","35.827","1516.259"
"81","17.0","35.846","1515.694"
"81","18.0","35.864","1515.509"
"81","19.0","35.881","1515.323"
"81","20.0","35.897","1515.272"
"81","21.0","35.912","1515.086"
"81","22.0","35.927","1514.893"
"81","23.0","35.94","1514.658"
"81","24.0","35.953","1514.384"
"81","25.0","35.964","1514.059"
"81","26.0","35.976","1513.727"
"81","27.0","35.986","1513.369"
"81","28.0","35.996","1512.993"
"81","29.0","36.005","1512.591"
"81","30.0","36.014","1512.152"
"81","31.0","36.022","1511.706"
"81","32.0","36.029","1511.237"
"81","33.0","36.036","1510.694"
"81","34.0","36.043","1510.19"
"81","35.0","36.049","1509.67"
"81","36.0","36.055","1509.124"
"81","37.0","36.061","1508.566"
"81","38.0","36.066","1507.997"
"81","39.0","36.07","1507.406"
"81","40.0","36.075","1506.812"
"81","41.0","36.078","1503.712"
"81","42.0","36.08","1499.655"
"81","43.0","36.082","1495.515"
"81","44.0","36.083","1491.308"
"81","45.0","36.084","1487.074"
"81","46.0","36.084","1482.821"
"81","47.0","36.084","1478.551"
"82","0.0","34.732","0.0"
"82","1.0","35.167","1536.055"
"82","2.0","35.235","1512.335"
"82","3.0","35.298","1508.558"
"82","4.0","35.35","1508.491"
"82","5.0","35.401","1509.732"
"82","6.0","35.447","1511.065"
"82","7.0","35.49","1511.663"
"82","8.0","35.529","1512.469"
"82","9.0","35.565","1512.465"
"82","10.0","35.598","1512.081"
"82","11.0","35.629","1511.799"
"82","12.0","35.658","1514.183"
"82","13.0","35.684","1513.47"
"82","14.0","35.708","1512.58"
"82","15.0","35.73","1511.498"
"82","16.0","35.751","1510.274"
"82","17.0","35.771","1509.885"
"82","18.0","35.79","1509.975"
"82","19.0","35.808","1510.059"
"82","20.0","35.825","1510.34"
"82","21.0","35.84","1510.431"
"82","22.0","35.855","1510.505"
"82","23.0","35.869","1510.522"
"82","24.0","35.882","1510.487"
"82","25.0","35.895","1510.39"
"82","26.0","35.906","1510.27"
"82","27.0","35.917","1510.116"
"82","28.0","35.927","1509.936"
"82","29.0","35.937","1509.716"
"82","30.0","35.946","1509.449"
"82","31.0","35.954","1509.168"
"82","32.0","35.962","1508.849"
"82","33.0","35.969","1508.446"
"82","34.0","35.976","1508.082"
"82","35.0","35.983","1507.694"
"82","36.0","35.989","1507.275"
"82","37.0","35.995","1506.834"
"82","38.0","36.0","1506.376"
"82","39.0","36.005","1505.893"
"82","40.0","36.01","1505.402"
"82","41.0","36.013","1502.79"
"82","42.0","36.016","1498.956"
"82","43.0","36.018","1495.007"
"82","44.0","36.019","1490.96"
"82","45.0","36.021","1486.879"
"82","46.0","36.021","1482.769"
"82","47.0","36.021","1478.633"
"83","0.0","34.715","5.0"
"83","1.0","35.084","1478.156"
"83","2.0","35.159","1494.558"
"83","3.0","35.227","1493.735"
"83","4.0","35.278","1495.154"
"83","5.0","35.328","1496.877"
"83","6.0","35.374","1498.616"
"83","7.0","35.415","1499.633"
"83","8.0","35.453","1500.958"
"83","9.0","35.488","1501.364"
"83","10.0","35.521","1501.387"
"83","11.0","35.551","1501.429"
"83","12.0","35.581","1504.646"
"83","13.0","35.608","1504.601"
"83","14.0","35.633","1504.309"
"83","15.0","35.657","1503.753"
"83","16.0","35.678","1503.001"
"83","17.0","35.699","1502.897"
"83","18.0","35.719","1503.342"
"83","19.0","35.738","1503.791"
"83","20.0","35.755","1504.46"
"83","21.0","35.772","1504.9"
"83","22.0","35.787","1505.305"
"83","23.0","35.801","1505.629"
"83","24.0","35.815","1505.886"
"83","25.0","35.828","1506.064"
"83","26.0","35.84","1506.203"
"83","27.0","35.851","1506.294"
"83","28.0","35.862","1506.349"
"83","29.0","35.872","1506.347"
"83","30.0","35.881","1506.287"
"83","31.0","35.89","1506.2"
"83","32.0","35.898","1506.072"
"83","33.0","35.905","1505.835"
"83","34.0","35.913","1505.633"
"83","35.0","35.919","1505.397"
"83","36.0","35.926","1505.121"
"83","37.0","35.931","1504.816"
"83","38.0","35.937","1504.488"
"83","39.0","35.942","1504.128"
"83","40.0","35.947","1503.752"
"83","41.0","35.951","1501.608"
"83","42.0","35.954","1498.03"
"83","43.0","35.956","1494.296"
"83","44.0","35.958","1490.435"
"83","45.0","35.96","1486.531"
"83","46.0","35.961","1482.584"
"83","47.0","35.961","1478.603"
"7","0.0","34.705","1.0"
"7","1.0","35.014","1445.045"
"7","2.0","35.086","1461.63"
"7","3.0","35.157","1474.597"
"7","4.0","35.212","1479.152"
"7","5.0","35.264","1481.91"
"7","6.0","35.312","1484.668"
"7","7.0","35.356","1486.718"
"7","8.0","35.396","1488.966"
"7","9.0","35.432","1490.109"
"7","10.0","35.467","1490.831"
"7","11.0","35.498","1491.402"
"7","12.0","35.529","1495.025"
"7","13.0","35.557","1495.604"
"7","14.0","35.583","1495.871"
"7","15.0","35.607","1495.812"
"7","16.0","35.63","1495.483"
"7","17.0","35.652","1495.653"
"7","18.0","35.672","1496.418"
"7","19.0","35.691","1497.229"
"7","20.0","35.709","1498.243"
"7","21.0","35.726","1499.02"
"7","22.0","35.742","1499.741"
"7","23.0","35.757","1500.369"
"7","24.0","35.771","1500.916"
"7","25.0","35.784","1501.371"
"7","26.0","35.797","1501.768"
"7","27.0","35.808","1502.11"
"7","28.0","35.819","1502.408"
"7","29.0","35.829","1502.633"
"7","30.0","35.839","1502.785"
"7","31.0","35.848","1502.904"
"7","32.0","35.856","1502.988"
"7","33.0","35.864","1502.934"
"7","34.0","35.871","1502.906"
"7","35.0","35.878","1502.836"
"7","36.0","35.885","1502.718"
"7","37.0","35.891","1502.56"
"7","38.0","35.896","1502.372"
"7","39.0","35.902","1502.148"
"7","40.0","35.907","1501.902"
"7","41.0","35.911","1500.191"
"7","42.0","35.914","1496.893"
"7","43.0","35.917","1493.395"
"7","44.0","35.919","1489.742"
"7","45.0","35.921","1486.033"
"7","46.0","35.922","1482.27"
"7","47.0","35.923","1478.461"
"7_sec6_0","0.0","34.705","0.0"
"7_sec6_0","1.0","35.014","553.25"
"7_sec6_0","2.0","35.086","509.649"
"7_sec6_0","3.0","35.157","510.161"
"7_sec6_0","4.0","35.212","516.426"
"7_sec6_0","5.0","35.264","525.692"
"7_sec6_0","6.0","35.312","534.082"
"7_sec6_0","7.0","35.356","541.708"
"7_sec6_0","8.0","35.396","548.495"
"7_sec6_0","9.0","35.432","555.042"
"7_sec6_0","10.0","35.467","561.206"
"7_sec6_0","11.0","35.498","566.902"
"7_sec6_0","12.0","35.529","572.87"
"7_sec6_0","13.0","35.557","577.781"
"7_sec6_0","14.0","35.583","582.246"
"7_sec6_0","15.0","35.607","586.326"
"7_sec6_0","16.0","35.63","589.994"
"7_sec6_0","17.0","35.652","593.444"
"7_sec6_0","18.0","35.672","596.722"
"7_sec6_0","19.0","35.691","599.845"
"7_sec6_0","20.0","35.709","603.355"
"7_sec6_0","21.0","35.726","606.437"
"7_sec6_0","22.0","35.742","609.343"
"7_sec6_0","23.0","35.757","611.988"
"7_sec6_0","24.0","35.771","614.426"
"7_sec6_0","25.0","35.784","616.66"
"7_sec6_0","26.0","35.797","618.702"
"7_sec6_0","27.0","35.808","620.573"
"7_sec6_0","28.0","35.819","622.279"
"7_sec6_0","29.0","35.829","623.846"
"7_sec6_0","30.0","35.839","625.304"
"7_sec6_0","31.0","35.848","626.685"
"7_sec6_0","32.0","35.856","627.988"
"7_sec6_0","33.0","35.864","629.17"
"7_sec6_0","34.0","35.871","630.256"
"7_sec6_0","35.0","35.878","631.239"
"7_sec6_0","36.0","35.885","632.112"
"7_sec6_0","37.0","35.891","632.896"
"7_sec6_0","38.0","35.896","633.608"
"7_sec6_0","39.0","35.902","634.254"
"7_sec6_0","40.0","35.907","634.861"
"7_sec6_0","41.0","35.911","635.048"
"7_sec6_0","42.0","35.914","634.861"
"7_sec6_0","43.0","35.917","634.545"
"7_sec6_0","44.0","35.919","634.137"
"7_sec6_0","45.0","35.921","633.627"
"7_sec6_0","46.0","35.922","633.019"
"7_sec6_0","47.0","35.923","632.323"
"8","0.0","34.691","0.0"
"8","1.0","34.992","554.916"
"8","2.0","35.061","506.524"
"8","3.0","35.133","507.079"
"8","4.0","35.189","513.815"
"8","5.0","35.241","523.27"
"8","6.0","35.289","531.838"
"8","7.0","35.333","539.653"
"8","8.0","35.372","546.6"
"8","9.0","35.409","553.271"
"8","10.0","35.443","559.559"
"8","11.0","35.475","565.364"
"8","12.0","35.506","571.383"
"8","13.0","35.534","576.397"
"8","14.0","35.56","580.954"
"8","15.0","35.584","585.114"
"8","16.0","35.607","588.857"
"8","17.0","35.629","592.358"
"8","18.0","35.649","595.689"
"8","19.0","35.668","598.875"
"8","20.0","35.686","602.436"
"8","21.0","35.703","605.568"
"8","22.0","35.719","608.52"
"8","23.0","35.734","611.209"
"8","24.0","35.748","613.692"
"8","25.0","35.761","615.966"
"8","26.0","35.773","618.045"
"8","27.0","35.785","619.953"
"8","28.0","35.795","621.697"
"8","29.0","35.806","623.296"
"8","30.0","35.815","624.785"
"8","31.0","35.824","626.196"
"8","32.0","35.832","627.531"
"8","33.0","35.84","628.741"
"8","34.0","35.848","629.851"
"8","35.0","35.854","630.859"
"8","36.0","35.861","631.756"
"8","37.0","35.867","632.562"
"8","38.0","35.873","633.293"
"8","39.0","35.878","633.958"
"8","40.0","35.883","634.587"
"8","41.0","35.887","634.833"
"8","42.0","35.89","634.687"
"8","43.0","35.893","634.405"
"8","44.0","35.895","634.028"
"8","45.0","35.897","633.546"
"8","46.0","35.898","632.966"
"8","47.0","35.899","632.295"
"8_sec7_0","0.0","34.691","6.0"
"8_sec7_0","1.0","34.992","554.916"
"8_sec7_0","2.0","35.061","506.524"
"8_sec7_0","3.0","35.133","507.079"
"8_sec7_0","4.0","35.189","513.815"
"8_sec7_0","5.0","35.241","523.27"
"8_sec7_0","6.0","35.289","531.838"
"8_sec7_0","7.0","35.333","539.653"
"8_sec7_0","8.0","35.372","546.6"
"8_sec7_0","9.0","35.409","553.271"
"8_sec7_0","10.0","35.443","559.559"
"8_sec7_0","11.0","35.475","565.364"
"8_sec7_0","12.0","35.506","571.383"
"8_sec7_0","13.0","35.534","576.397"
"8_sec7_0","14.0","35.56","580.954"
"8_sec7_0","15.0","35.584","585.114"
"8_sec7_0","16.0","35.607","588.857"
"8_sec7_0","17.0","35.629","592.358"
"8_sec7_0","18.0","35.649","595.689"
"8_sec7_0","19.0","35.668","598.875"
"8_sec7_0","20.0","35.686","602.436"
"8_sec7_0","21.0","35.703","605.568"
"8_sec7_0","22.0","35.719","608.52"
"8_sec7_0","23.0","35.734","611.209"
"8_sec7_0","24.0","35.748","613.692"
"8_sec7_0","25.0","35.761","615.966"
"8_sec7_0","26.0","35.773","618.045"
"8_sec7_0","27.0","35.785","619.953"
"8_sec7_0","28.0","35.795","621.697"
"8_sec7_0","29.0","35.806","623.296"
"8_sec7_0","30.0","35.815","624.785"
"8_sec7_0","31.0","35.824","626.196"
"8_sec7_0","32.0","35.832","627.531"
"8_sec7_0","33.0","35.84","628.741"
"8_sec7_0","34.0","35.848","629.851"
"8_sec7_0","35.0","35.854","630.859"
"8_sec7_0","36.0","35.861","631.756"
"8_sec7_0","37.0","35.867","632.562"
"8_sec7_0","38.0","35.873","633.293"
"8_sec7_0","39.0","35.878","633.958"
"8_sec7_0","40.0","35.883","634.587"
"8_sec7_0","41.0","35.887","634.833"
"8_sec7_0","42.0","35.89","634.687"
"8_sec7_0","43.0","35.893","634.405"
"8_sec7_0","44.0","35.895","634.028"
"8_sec7_0","45.0","35.897","633.546"
"8_sec7_0","46.0","35.898","632.966"
"8_sec7_0","47.0","35.899","632.295"
"84","0.0","34.625","1.0"
"84","1.0","34.864","543.963"
"84","2.0","34.949","497.22"
"84","3.0","35.019","498.138"
"84","4.0","35.075","506.674"
"84","5.0","35.126","516.741"
"84","6.0","35.174","525.83"
"84","7.0","35.217","534.12"
"84","8.0","35.257","541.515"
"84","9.0","35.294","548.517"
"84","10.0","35.328","555.08"
"84","11.0","35.36","561.166"
"84","12.0","35.391","567.345"
"84","13.0","35.42","572.636"
"84","14.0","35.446","577.437"
"84","15.0","35.471","581.815"
"84","16.0","35.495","585.756"
"84","17.0","35.517","589.399"
"84","18.0","35.537","592.882"
"84","19.0","35.557","596.286"
"84","20.0","35.575","600.002"
"84","21.0","35.592","603.261"
"84","22.0","35.607","606.335"
"84","23.0","35.622","609.141"
"84","24.0","35.636","611.735"
"84","25.0","35.649","614.116"
"84","26.0","35.661","616.297"
"84","27.0","35.673","618.302"
"84","28.0","35.684","620.138"
"84","29.0","35.694","621.825"
"84","30.0","35.704","623.402"
"84","31.0","35.713","624.894"
"84","32.0","35.721","626.308"
"84","33.0","35.729","627.593"
"84","34.0","35.736","628.772"
"84","35.0","35.743","629.844"
"84","36.0","35.75","630.8"
"84","37.0","35.756","631.664"
"84","38.0","35.762","632.451"
"84","39.0","35.767","633.171"
"84","40.0","35.772","633.849"
"84","41.0","35.776","634.233"
"84","42.0","35.78","634.197"
"84","43.0","35.783","634.006"
"84","44.0","35.786","633.71"
"84","45.0","35.787","633.305"
"84","46.0","35.789","632.796"
"84","47.0","35.79","632.192"
"85","0.0","34.559","0.0"
"85","1.0","34.718","515.75"
"85","2.0","34.824","484.679"
"85","3.0","34.89","489.971"
"85","4.0","34.942","499.281"
"85","5.0","34.993","509.868"
"85","6.0","35.038","519.411"
"85","7.0","35.08","528.071"
"85","8.0","35.119","535.859"
"85","9.0","35.155","543.122"
"85","10.0","35.189","549.821"
"85","11.0","35.221","556.18"
"85","12.0","35.252","562.517"
"85","13.0","35.281","568.105"
"85","14.0","35.308","573.167"
"85","15.0","35.333","577.781"
"85","16.0","35.357","581.943"
"85","17.0","35.379","585.746"
"85","18.0","35.401","589.396"
"85","19.0","35.42","593.137"
"85","20.0","35.438","597.04"
"85","21.0","35.455","600.446"
"85","22.0","35.47","603.664"
"85","23.0","35.485","606.613"
"85","24.0","35.499","609.344"
"85","25.0","35.513","611.853"
"85","26.0","35.525","614.156"
"85","27.0","35.537","616.28"
"85","28.0","35.548","618.231"
"85","29.0","35.558","620.026"
"85","30.0","35.568","621.711"
"85","31.0","35.577","623.301"
"85","32.0","35.586","624.81"
"85","33.0","35.594","626.184"
"85","34.0","35.601","627.443"
"85","35.0","35.609","628.592"
"85","36.0","35.615","629.621"
"85","37.0","35.622","630.555"
"85","38.0","35.628","631.407"
"85","39.0","35.633","632.196"
"85","40.0","35.638","632.937"
"85","41.0","35.643","633.462"
"85","42.0","35.647","633.552"
"85","43.0","35.65","633.473"
"85","44.0","35.653","633.274"
"85","45.0","35.655","632.959"
"85","46.0","35.657","632.536"
"85","47.0","35.659","632.013"
"86","0.0","34.501","0.0"
"86","1.0","34.624","480.769"
"86","2.0","34.741","474.345"
"86","3.0","34.809","482.13"
"86","4.0","34.861","491.369"
"86","5.0","34.911","502.634"
"86","6.0","34.956","512.763"
"86","7.0","34.998","521.865"
"86","8.0","35.037","530.094"
"86","9.0","35.072","537.687"
"86","10.0","35.107","544.478"
"86","11.0","35.139","551.12"
"86","12.0","35.17","557.642"
"86","13.0","35.199","563.532"
"86","14.0","35.227","568.86"
"86","15.0","35.252","573.716"
"86","16.0","35.276","578.105"
"86","17.0","35.298","582.078"
"86","18.0","35.32","585.895"
"86","19.0","35.339","590.042"
"86","20.0","35.357","594.097"
"86","21.0","35.374","597.647"
"86","22.0","35.389","601.002"
"86","23.0","35.404","604.092"
"86","24.0","35.418","606.956"
"86","25.0","35.431","609.589"
"86","26.0","35.444","612.014"
"86","27.0","35.456","614.254"
"86","28.0","35.467","616.316"
"86","29.0","35.477","618.217"
"86","30.0","35.487","620.015"
"86","31.0","35.496","621.703"
"86","32.0","35.505","623.295"
"86","33.0","35.513","624.758"
"86","34.0","35.521","626.1"
"86","35.0","35.528","627.325"
"86","36.0","35.535","628.422"
"86","37.0","35.541","629.427"
"86","38.0","35.547","630.347"
"86","39.0","35.553","631.207"
"86","40.0","35.558","632.01"
"86","41.0","35.563","632.646"
"86","42.0","35.567","632.862"
"86","43.0","35.57","632.893"
"86","44.0","35.573","632.79"
"86","45.0","35.576","632.565"
"86","46.0","35.578","632.226"
"86","47.0","35.579","631.783"
"87","0.0","34.417","7.0"
"87","1.0","34.486","448.023"
"87","2.0","34.608","464.855"
"87","3.0","34.671","469.998"
"87","4.0","34.723","479.682"
"87","5.0","34.773","491.909"
"87","6.0","34.818","502.888"
"87","7.0","34.86","512.694"
"87","8.0","34.898","521.599"
"87","9.0","34.934","529.703"
"87","10.0","34.967","536.751"
"87","11.0","34.999","543.774"
"87","12.0","35.029","550.583"
"87","13.0","35.057","556.916"
"87","14.0","35.083","562.622"
"87","15.0","35.108","567.824"
"87","16.0","35.131","572.541"
"87","17.0","35.153","576.794"
"87","18.0","35.173","580.859"
"87","19.0","35.193","585.437"
"87","20.0","35.212","589.69"
"87","21.0","35.229","593.462"
"87","22.0","35.246","597.014"
"87","23.0","35.262","600.317"
"87","24.0","35.277","603.38"
"87","25.0","35.291","606.196"
"87","26.0","35.304","608.8"
"87","27.0","35.317","611.213"
"87","28.0","35.329","613.441"
"87","29.0","35.34","615.495"
"87","30.0","35.351","617.475"
"87","31.0","35.36","619.309"
"87","32.0","35.37","621.026"
"87","33.0","35.378","622.618"
"87","34.0","35.387","624.077"
"87","35.0","35.394","625.415"
"87","36.0","35.402","626.621"
"87","37.0","35.408","627.729"
"87","38.0","35.415","628.746"
"87","39.0","35.421","629.714"
"87","40.0","35.427","630.61"
"87","41.0","35.432","631.385"
"87","42.0","35.436","631.78"
"87","43.0","35.44","631.969"
"87","44.0","35.444","632.008"
"87","45.0","35.447","631.915"
"87","46.0","35.449","631.701"
"87","47.0","35.451","631.375"
"88","0.0","34.357","1.0"
"88","1.0","34.388","427.544"
"88","2.0","34.513","450.607"
"88","3.0","34.575","460.466"
"88","4.0","34.626","471.041"
"88","5.0","34.675","483.565"
"88","6.0","34.72","494.968"
"88","7.0","34.761","505.184"
"88","8.0","34.799","514.536"
"88","9.0","34.835","522.998"
"88","10.0","34.867","530.176"
"88","11.0","34.898","537.26"
"88","12.0","34.926","544.104"
"88","13.0","34.954","550.634"
"88","14.0","34.979","556.512"
"88","15.0","35.003","561.891"
"88","16.0","35.026","566.775"
"88","17.0","35.047","571.227"
"88","18.0","35.067","575.459"
"88","19.0","35.087","580.07"
"88","20.0","35.106","584.54"
"88","21.0","35.125","588.588"
"88","22.0","35.142","592.38"
"88","23.0","35.159","595.938"
"88","24.0","35.175","599.242"
"88","25.0","35.189","602.27"
"88","26.0","35.203","605.09"
"88","27.0","35.216","607.706"
"88","28.0","35.229","610.127"
"88","29.0","35.241","612.372"
"88","30.0","35.252","614.565"
"88","31.0","35.262","616.568"
"88","32.0","35.271","618.431"
"88","33.0","35.281","620.17"
"88","34.0","35.289","621.765"
"88","35.0","35.297","623.231"
"88","36.0","35.305","624.566"
"88","37.0","35.312","625.793"
"88","38.0","35.319","626.921"
"88","39.0","35.325","628.023"
"88","40.0","35.331","629.023"
"88","41.0","35.337","629.926"
"88","42.0","35.342","630.51"
"88","43.0","35.346","630.874"
"88","44.0","35.35","631.069"
"88","45.0","35.353","631.121"
"88","46.0","35.356","631.042"
"88","47.0","35.358","630.848"
"89","0.0","34.298","0.0"
"89","1.0","34.302","396.721"
"89","2.0","34.427","432.98"
"89","3.0","34.492","450.849"
"89","4.0","34.541","462.612"
"89","5.0","34.587","475.565"
"89","6.0","34.63","487.489"
"89","7.0","34.67","498.232"
"89","8.0","34.707","508.077"
"89","9.0","34.742","516.949"
"89","10.0","34.774","524.618"
"89","11.0","34.804","532.002"
"89","12.0","34.833","539.113"
"89","13.0","34.859","545.94"
"89","14.0","34.885","552.089"
"89","15.0","34.908","557.719"
"89","16.0","34.931","562.834"
"89","17.0","34.952","567.519"
"89","18.0","34.972","571.944"
"89","19.0","34.991","576.51"
"89","20.0","35.01","581.121"
"89","21.0","35.029","585.356"
"89","22.0","35.046","589.307"
"89","23.0","35.062","593.036"
"89","24.0","35.078","596.508"
"89","25.0","35.092","599.673"
"89","26.0","35.106","602.633"
"89","27.0","35.119","605.382"
"89","28.0","35.132","607.931"
"89","29.0","35.143","610.316"
"89","30.0","35.154","612.64"
"89","31.0","35.164","614.753"
"89","32.0","35.174","616.714"
"89","33.0","35.183","618.547"
"89","34.0","35.192","620.228"
"89","35.0","35.2","621.779"
"89","36.0","35.208","623.199"
"89","37.0","35.215","624.504"
"89","38.0","35.222","625.705"
"89","39.0","35.228","626.897"
"89","40.0","35.234","627.967"
"89","41.0","35.24","628.945"
"89","42.0","35.245","629.651"
"89","43.0","35.249","630.126"
"89","44.0","35.253","630.422"
"89","45.0","35.256","630.567"
"89","46.0","35.259","630.577"
"89","47.0","35.262","630.467"
"90","0.0","34.265","0.0"
"90","1.0","34.25","384.228"
"90","2.0","34.365","429.539"
"90","3.0","34.424","447.355"
"90","4.0","34.47","459.408"
"90","5.0","34.513","472.461"
"90","6.0","34.554","484.524"
"90","7.0","34.593","495.429"
"90","8.0","34.629","505.414"
"90","9.0","34.663","514.432"
"90","10.0","34.695","522.288"
"90","11.0","34.725","529.788"
"90","12.0","34.753","537.005"
"90","13.0","34.78","543.93"
"90","14.0","34.805","550.182"
"90","15.0","34.829","555.91"
"90","16.0","34.852","561.125"
"90","17.0","34.873","565.9"
"90","18.0","34.893","570.397"
"90","19.0","34.912","574.942"
"90","20.0","34.931","579.6"
"90","21.0","34.949","583.909"
"90","22.0","34.967","587.924"
"90","23.0","34.983","591.722"
"90","24.0","34.998","595.263"
"90","25.0","35.013","598.486"
"90","26.0","35.027","601.505"
"90","27.0","35.04","604.31"
"90","28.0","35.052","606.913"
"90","29.0","35.064","609.365"
"90","30.0","35.075","611.744"
"90","31.0","35.085","613.905"
"90","32.0","35.095","615.908"
"90","33.0","35.104","617.781"
"90","34.0","35.112","619.501"
"90","35.0","35.121","621.088"
"90","36.0","35.128","622.546"
"90","37.0","35.136","623.886"
"90","38.0","35.143","625.126"
"90","39.0","35.149","626.356"
"90","40.0","35.155","627.457"
"90","41.0","35.161","628.465"
"90","42.0","35.166","629.225"
"90","43.0","35.17","629.751"
"90","44.0","35.174","630.094"
"90","45.0","35.178","630.283"
"90","46.0","35.181","630.335"
"90","47.0","35.183","630.266"
"91","0.0","34.239","0.0"
"91","1.0","34.203","371.641"
"91","2.0","34.308","426.449"
"91","3.0","34.361","442.95"
"91","4.0","34.403","455.341"
"91","5.0","34.443","468.29"
"91","6.0","34.483","480.524"
"91","7.0","34.521","491.631"
"91","8.0","34.557","501.755"
"91","9.0","34.591","510.937"
"91","10.0","34.623","519.038"
"91","11.0","34.653","526.695"
"91","12.0","34.681","534.011"
"91","13.0","34.708","541.072"
"91","14.0","34.734","547.474"
"91","15.0","34.758","553.346"
"91","16.0","34.781","558.719"
"91","17.0","34.803","563.632"
"91","18.0","34.823","568.246"
"91","19.0","34.843","572.788"
"91","20.0","34.862","577.517"
"91","21.0","34.881","581.937"
"91","22.0","34.898","586.05"
"91","23.0","34.915","589.948"
"91","24.0","34.931","593.589"
"91","25.0","34.946","596.902"
"91","26.0","34.96","600.002"
"91","27.0","34.973","602.882"
"91","28.0","34.985","605.557"
"91","29.0","34.997","608.096"
"91","30.0","35.008","610.547"
"91","31.0","35.019","612.773"
"91","32.0","35.029","614.833"
"91","33.0","35.038","616.761"
"91","34.0","35.047","618.531"
"91","35.0","35.056","620.169"
"91","36.0","35.064","621.677"
"91","37.0","35.071","623.063"
"91","38.0","35.078","624.36"
"91","39.0","35.085","625.639"
"91","40.0","35.091","626.782"
"91","41.0","35.097","627.831"
"91","42.0","35.102","628.66"
"91","43.0","35.107","629.252"
"91","44.0","35.111","629.655"
"91","45.0","35.115","629.901"
"91","46.0","35.118","630.007"
"91","47.0","35.121","629.99"
"9","0.0","34.021","0.0"
"9","1.0","33.992","353.141"
"9","2.0","34.042","419.42"
"9","3.0","34.08","437.893"
"9","4.0","34.113","450.862"
"9","5.0","34.145","463.617"
"9","6.0","34.178","475.923"
"9","7.0","34.21","487.123"
"9","8.0","34.243","497.391"
"9","9.0","34.273","506.727"
"9","10.0","34.303","515.099"
"9","11.0","34.33","522.909"
"9","12.0","34.357","530.325"
"9","13.0","34.383","537.495"
"9","14.0","34.408","544.042"
"9","15.0","34.432","550.06"
"9","16.0","34.455","555.585"
"9","17.0","34.476","560.663"
"9","18.0","34.497","565.402"
"9","19.0","34.516","569.961"
"9","20.0","34.535","574.753"
"9","21.0","34.554","579.273"
"9","22.0","34.571","583.505"
"9","23.0","34.588","587.525"
"9","24.0","34.604","591.284"
"9","25.0","34.619","594.717"
"9","26.0","34.634","597.918"
"9","27.0","34.647","600.892"
"9","28.0","34.66","603.661"
"9","29.0","34.672","606.289"
"9","30.0","34.684","608.832"
"9","31.0","34.695","611.147"
"9","32.0","34.706","613.288"
"9","33.0","34.716","615.29"
"9","34.0","34.726","617.131"
"9","35.0","34.735","618.839"
"9","36.0","34.744","620.416"
"9","37.0","34.752","621.869"
"9","38.0","34.76","623.231"
"9","39.0","34.767","624.571"
"9","40.0","34.774","625.774"
"9","41.0","34.781","626.875"
"9","42.0","34.788","627.792"
"9","43.0","34.793","628.472"
"9","44.0","34.799","628.958"
"9","45.0","34.803","629.283"
"9","46.0","34.808","629.465"
"9","47.0","34.811","629.524"
"9_sec8_0","0.0","34.021","8.0"
"9_sec8_0","1.0","33.992","264.489"
"9_sec8_0","2.0","34.042","318.587"
"9_sec8_0","3.0","34.08","330.586"
"9_sec8_0","4.0","34.113","339.843"
"9_sec8_0","5.0","34.145","349.026"
"9_sec8_0","6.0","34.178","357.814"
"9_sec8_0","7.0","34.21","365.701"
"9_sec8_0","8.0","34.243","372.95"
"9_sec8_0","9.0","34.273","379.564"
"9_sec8_0","10.0","34.303","385.56"
"9_sec8_0","11.0","34.33","391.139"
"9_sec8_0","12.0","34.357","396.417"
"9_sec8_0","13.0","34.383","401.484"
"9_sec8_0","14.0","34.408","406.083"
"9_sec8_0","15.0","34.432","410.262"
"9_sec8_0","16.0","34.455","414.087"
"9_sec8_0","17.0","34.476","417.636"
"9_sec8_0","18.0","34.497","420.944"
"9_sec8_0","19.0","34.516","424.109"
"9_sec8_0","20.0","34.535","427.451"
"9_sec8_0","21.0","34.554","430.591"
"9_sec8_0","22.0","34.571","433.55"
"9_sec8_0","23.0","34.588","436.402"
"9_sec8_0","24.0","34.604","439.094"
"9_sec8_0","25.0","34.619","441.55"
"9_sec8_0","26.0","34.634","443.834"
"9_sec8_0","27.0","34.647","445.939"
"9_sec8_0","28.0","34.66","447.888"
"9_sec8_0","29.0","34.672","449.736"
"9_sec8_0","30.0","34.684","451.527"
"9_sec8_0","31.0","34.695","453.152"
"9_sec8_0","32.0","34.706","454.655"
"9_sec8_0","33.0","34.716","456.057"
"9_sec8_0","34.0","34.726","457.329"
"9_sec8_0","35.0","34.735","458.505"
"9_sec8_0","36.0","34.744","459.594"
"9_sec8_0","37.0","34.752","460.595"
"9_sec8_0","38.0","34.76","461.529"
"9_sec8_0","39.0","34.767","462.448"
"9_sec8_0","40.0","34.774","463.275"
"9_sec8_0","41.0","34.781","464.028"
"9_sec8_0","42.0","34.788","464.653"
"9_sec8_0","43.0","34.793","465.109"
"9_sec8_0","44.0","34.799","465.426"
"9_sec8_0","45.0","34.803","465.63"
"9_sec8_0","46.0","34.808","465.732"
"9_sec8_0","47.0","34.811","465.758"
"92","0.0","33.995","1.0"
"92","1.0","33.962","252.911"
"92","2.0","33.999","313.961"
"92","3.0","34.036","328.33"
"92","4.0","34.068","337.812"
"92","5.0","34.098","346.921"
"92","6.0","34.129","355.693"
"92","7.0","34.16","363.568"
"92","8.0","34.191","370.874"
"92","9.0","34.221","377.536"
"92","10.0","34.249","383.658"
"92","11.0","34.276","389.292"
"92","12.0","34.301","394.618"
"92","13.0","34.327","399.723"
"92","14.0","34.351","404.383"
"92","15.0","34.374","408.631"
"92","16.0","34.397","412.53"
"92","17.0","34.418","416.163"
"92","18.0","34.438","419.542"
"92","19.0","34.457","422.738"
"92","20.0","34.476","426.108"
"92","21.0","34.494","429.286"
"92","22.0","34.511","432.315"
"92","23.0","34.527","435.223"
"92","24.0","34.543","437.962"
"92","25.0","34.557","440.47"
"92","26.0","34.571","442.801"
"92","27.0","34.584","444.947"
"92","28.0","34.597","446.935"
"92","29.0","34.609","448.813"
"92","30.0","34.621","450.644"
"92","31.0","34.632","452.308"
"92","32.0","34.642","453.845"
"92","33.0","34.652","455.279"
"92","34.0","34.661","456.586"
"92","35.0","34.67","457.795"
"92","36.0","34.679","458.914"
"92","37.0","34.687","459.947"
"92","38.0","34.695","460.907"
"92","39.0","34.702","461.853"
"92","40.0","34.71","462.708"
"92","41.0","34.716","463.491"
"92","42.0","34.723","464.156"
"92","43.0","34.728","464.654"
"92","44.0","34.734","465.014"
"92","45.0","34.738","465.259"
"92","46.0","34.743","465.402"
"92","47.0","34.746","465.469"
"93","0.0","33.971","0.0"
"93","1.0","33.945","250.368"
"93","2.0","33.975","312.347"
"93","3.0","34.011","326.99"
"93","4.0","34.041","336.607"
"93","5.0","34.07","345.672"
"93","6.0","34.1","354.415"
"93","7.0","34.131","362.274"
"93","8.0","34.161","369.609"
"93","9.0","34.19","376.295"
"93","10.0","34.218","382.49"
"93","11.0","34.244","388.154"
"93","12.0","34.269","393.508"
"93","13.0","34.294","398.629"
"93","14.0","34.318","403.321"
"93","15.0","34.341","407.605"
"93","16.0","34.363","411.546"
"93","17.0","34.384","415.228"
"93","18.0","34.403","418.643"
"93","19.0","34.422","421.861"
"93","20.0","34.441","425.25"
"93","21.0","34.458","428.447"
"93","22.0","34.476","431.52"
"93","23.0","34.492","434.467"
"93","24.0","34.507","437.244"
"93","25.0","34.521","439.786"
"93","26.0","34.535","442.143"
"93","27.0","34.548","444.317"
"93","28.0","34.56","446.336"
"93","29.0","34.572","448.235"
"93","30.0","34.584","450.086"
"93","31.0","34.595","451.775"
"93","32.0","34.605","453.339"
"93","33.0","34.615","454.794"
"93","34.0","34.624","456.119"
"93","35.0","34.633","457.349"
"93","36.0","34.642","458.492"
"93","37.0","34.65","459.545"
"93","38.0","34.658","460.518"
"93","39.0","34.665","461.48"
"93","40.0","34.672","462.357"
"93","41.0","34.679","463.156"
"93","42.0","34.685","463.843"
"93","43.0","34.691","464.369"
"93","44.0","34.696","464.753"
"93","45.0","34.701","465.024"
"93","46.0","34.705","465.193"
"93","47.0","34.709","465.283"
"94","0.0","33.929","0.0"
"94","1.0","33.91","254.327"
"94","2.0","33.934","312.437"
"94","3.0","33.967","324.662"
"94","4.0","33.996","334.602"
"94","5.0","34.023","343.574"
"94","6.0","34.051","352.257"
"94","7.0","34.08","360.094"
"94","8.0","34.109","367.471"
"94","9.0","34.138","374.202"
"94","10.0","34.165","380.529"
"94","11.0","34.191","386.256"
"94","12.0","34.216","391.665"
"94","13.0","34.24","396.82"
"94","14.0","34.264","401.572"
"94","15.0","34.287","405.925"
"94","16.0","34.309","409.944"
"94","17.0","34.33","413.714"
"94","18.0","34.349","417.203"
"94","19.0","34.368","420.469"
"94","20.0","34.387","423.883"
"94","21.0","34.405","427.119"
"94","22.0","34.422","430.272"
"94","23.0","34.438","433.291"
"94","24.0","34.453","436.123"
"94","25.0","34.467","438.721"
"94","26.0","34.481","441.13"
"94","27.0","34.494","443.35"
"94","28.0","34.507","445.412"
"94","29.0","34.519","447.345"
"94","30.0","34.53","449.237"
"94","31.0","34.541","450.966"
"94","32.0","34.552","452.566"
"94","33.0","34.562","454.054"
"94","34.0","34.571","455.415"
"94","35.0","34.58","456.678"
"94","36.0","34.589","457.85"
"94","37.0","34.597","458.935"
"94","38.0","34.605","459.939"
"94","39.0","34.613","460.926"
"94","40.0","34.62","461.829"
"94","41.0","34.627","462.656"
"94","42.0","34.633","463.378"
"94","43.0","34.639","463.942"
"94","44.0","34.644","464.365"
"94","45.0","34.649","464.673"
"94","46.0","34.654","464.879"
"94","47.0","34.658","465.006"
"95","0.0","33.867","0.0"
"95","1.0","33.872","262.21"
"95","2.0","33.878","309.099"
"95","3.0","33.907","321.295"
"95","4.0","33.933","331.705"
"95","5.0","33.958","340.434"
"95","6.0","33.984","348.917"
"95","7.0","34.011","356.641"
"95","8.0","34.039","363.955"
"95","9.0","34.067","370.729"
"95","10.0","34.094","377.28"
"95","11.0","34.119","383.104"
"95","12.0","34.144","388.59"
"95","13.0","34.168","393.797"
"95","14.0","34.192","398.641"
"95","15.0","34.214","403.1"
"95","16.0","34.236","407.243"
"95","17.0","34.257","411.155"
"95","18.0","34.277","414.756"
"95","19.0","34.296","418.112"
"95","20.0","34.314","421.565"
"95","21.0","34.332","424.86"
"95","22.0","34.349","428.155"
"95","23.0","34.366","431.291"
"95","24.0","34.381","434.22"
"95","25.0","34.395","436.912"
"95","26.0","34.409","439.398"
"95","27.0","34.423","441.694"
"95","28.0","34.435","443.835"
"95","29.0","34.447","445.832"
"95","30.0","34.459","447.779"
"95","31.0","34.47","449.576"
"95","32.0","34.481","451.244"
"95","33.0","34.491","452.785"
"95","34.0","34.501","454.198"
"95","35.0","34.51","455.518"
"95","36.0","34.519","456.748"
"95","37.0","34.527","457.887"
"95","38.0","34.535","458.941"
"95","39.0","34.543","459.968"
"95","40.0","34.55","460.921"
"95","41.0","34.557","461.791"
"95","42.0","34.564","462.568"
"95","43.0","34.57","463.196"
"95","44.0","34.576","463.684"
"95","45.0","34.581","464.055"
"95","46.0","34.585","464.327"
"95","47.0","34.59","464.512"
"96","0.0","33.81","0.0"
"96","1.0","33.835","279.608"
"96","2.0","33.817","303.673"
"96","3.0","33.843","318.873"
"96","4.0","33.867","329.517"
"96","5.0","33.89","338.132"
"96","6.0","33.915","346.453"
"96","7.0","33.941","354.113"
"96","8.0","33.968","361.356"
"96","9.0","33.995","368.166"
"96","10.0","34.021","374.86"
"96","11.0","34.046","380.758"
"96","12.0","34.071","386.293"
"96","13.0","34.095","391.534"
"96","14.0","34.118","396.439"
"96","15.0","34.141","400.97"
"96","16.0","34.163","405.208"
"96","17.0","34.184","409.22"
"96","18.0","34.204","412.911"
"96","19.0","34.223","416.341"
"96","20.0","34.241","419.809"
"96","21.0","34.259","423.145"
"96","22.0","34.277","426.564"
"96","23.0","34.293","429.782"
"96","24.0","34.308","432.775"
"96","25.0","34.323","435.535"
"96","26.0","34.337","438.081"
"96","27.0","34.35","440.434"
"96","28.0","34.363","442.628"
"96","29.0","34.376","444.678"
"96","30.0","34.387","446.667"
"96","31.0","34.399","448.514"
"96","32.0","34.41","450.228"
"96","33.0","34.42","451.808"
"96","34.0","34.43","453.266"
"96","35.0","34.439","454.628"
"96","36.0","34.449","455.897"
"96","37.0","34.457","457.077"
"96","38.0","34.465","458.173"
"96","39.0","34.473","459.231"
"96","40.0","34.481","460.217"
"96","41.0","34.488","461.124"
"96","42.0","34.495","461.941"
"96","43.0","34.501","462.616"
"96","44.0","34.507","463.153"
"96","45.0","34.512","463.572"
"96","46.0","34.517","463.893"
"96","47.0","34.522","464.124"
"97","0.0","33.758","0.0"
"97","1.0","33.763","300.307"
"97","2.0","33.74","301.799"
"97","3.0","33.76","316.399"
"97","4.0","33.778","326.966"
"97","5.0","33.798","335.474"
"97","6.0","33.819","343.526"
"97","7.0","33.842","351.058"
"97","8.0","33.866","358.174"
"97","9.0","33.89","364.968"
"97","10.0","33.916","371.726"
"97","11.0","33.94","377.697"
"97","12.0","33.964","383.272"
"97","13.0","33.988","388.541"
"97","14.0","34.012","393.507"
"97","15.0","34.035","398.118"
"97","16.0","34.057","402.483"
"97","17.0","34.078","406.619"
"97","18.0","34.098","410.41"
"97","19.0","34.117","413.936"
"97","20.0","34.136","417.423"
"97","21.0","34.154","420.81"
"97","22.0","34.172","424.406"
"97","23.0","34.188","427.731"
"97","24.0","34.204","430.809"
"97","25.0","34.219","433.656"
"97","26.0","34.233","436.27"
"97","27.0","34.247","438.698"
"97","28.0","34.26","440.969"
"97","29.0","34.273","443.09"
"97","30.0","34.285","445.128"
"97","31.0","34.297","447.041"
"97","32.0","34.308","448.824"
"97","33.0","34.319","450.452"
"97","34.0","34.329","451.963"
"97","35.0","34.339","453.382"
"97","36.0","34.348","454.711"
"97","37.0","34.357","455.946"
"97","38.0","34.366","457.091"
"97","39.0","34.374","458.191"
"97","40.0","34.382","459.228"
"97","41.0","34.39","460.181"
"97","42.0","34.397","461.05"
"97","43.0","34.404","461.788"
"97","44.0","34.41","462.392"
"97","45.0","34.415","462.875"
"97","46.0","34.421","463.261"
"97","47.0","34.425","463.552"
"98","0.0","33.733","0.0"
"98","1.0","33.727","294.97"
"98","2.0","33.706","301.411"
"98","3.0","33.722","315.116"
"98","4.0","33.738","325.525"
"98","5.0","33.756","333.922"
"98","6.0","33.775","341.749"
"98","7.0","33.796","349.146"
"98","8.0","33.819","356.132"
"98","9.0","33.842","362.818"
"98","10.0","33.866","369.539"
"98","11.0","33.89","375.539"
"98","12.0","33.913","381.123"
"98","13.0","33.936","386.398"
"98","14.0","33.959","391.392"
"98","15.0","33.982","396.045"
"98","16.0","34.004","400.502"
"98","17.0","34.024","404.717"
"98","18.0","34.044","408.577"
"98","19.0","34.063","412.166"
"98","20.0","34.082","415.654"
"98","21.0","34.1","419.065"
"98","22.0","34.117","422.814"
"98","23.0","34.133","426.206"
"98","24.0","34.149","429.335"
"98","25.0","34.163","432.238"
"98","26.0","34.178","434.904"
"98","27.0","34.191","437.382"
"98","28.0","34.204","439.7"
"98","29.0","34.217","441.871"
"98","30.0","34.229","443.949"
"98","31.0","34.24","445.909"
"98","32.0","34.251","447.735"
"98","33.0","34.262","449.394"
"98","34.0","34.272","450.95"
"98","35.0","34.282","452.411"
"98","36.0","34.292","453.778"
"98","37.0","34.301","455.054"
"98","38.0","34.309","456.242"
"98","39.0","34.317","457.371"
"98","40.0","34.325","458.441"
"98","41.0","34.333","459.431"
"98","42.0","34.34","460.34"
"98","43.0","34.347","461.124"
"98","44.0","34.353","461.778"
"98","45.0","34.359","462.31"
"98","46.0","34.364","462.74"
"98","47.0","34.369","463.079"
"99","0.0","33.689","0.0"
"99","1.0","33.681","291.478"
"99","2.0","33.659","298.904"
"99","3.0","33.67","314.117"
"99","4.0","33.683","324.523"
"99","5.0","33.699","332.819"
"99","6.0","33.716","340.496"
"99","7.0","33.735","347.812"
"99","8.0","33.756","354.727"
"99","9.0","33.777","361.371"
"99","10.0","33.8","368.035"
"99","11.0","33.822","374.051"
"99","12.0","33.844","379.642"
"99","13.0","33.866","384.922"
"99","14.0","33.888","389.935"
"99","15.0","33.91","394.618"
"99","16.0","33.931","399.128"
"99","17.0","33.951","403.396"
"99","18.0","33.97","407.3"
"99","19.0","33.989","410.932"
"99","20.0","34.007","414.432"
"99","21.0","34.025","417.875"
"99","22.0","34.042","421.723"
"99","23.0","34.058","425.161"
"99","24.0","34.073","428.331"
"99","25.0","34.087","431.272"
"99","26.0","34.101","433.973"
"99","27.0","34.115","436.483"
"99","28.0","34.127","438.84"
"99","29.0","34.14","441.042"
"99","30.0","34.152","443.144"
"99","31.0","34.163","445.134"
"99","32.0","34.174","446.995"
"99","33.0","34.184","448.677"
"99","34.0","34.195","450.256"
"99","35.0","34.204","451.746"
"99","36.0","34.214","453.144"
"99","37.0","34.222","454.447"
"99","38.0","34.231","455.659"
"99","39.0","34.239","456.808"
"99","40.0","34.247","457.905"
"99","41.0","34.254","458.918"
"99","42.0","34.261","459.85"
"99","43.0","34.268","460.665"
"99","44.0","34.274","461.352"
"99","45.0","34.28","461.917"
"99","46.0","34.285","462.375"
"99","47.0","34.29","462.746"
"100","0.0","33.629","0.0"
"100","1.0","33.614","297.739"
"100","2.0","33.597","297.595"
"100","3.0","33.603","313.203"
"100","4.0","33.613","323.599"
"100","5.0","33.625","331.743"
"100","6.0","33.639","339.252"
"100","7.0","33.655","346.453"
"100","8.0","33.672","353.269"
"100","9.0","33.69","359.852"
"100","10.0","33.709","366.422"
"100","11.0","33.728","372.43"
"100","12.0","33.748","378.008"
"100","13.0","33.767","383.273"
"100","14.0","33.786","388.289"
"100","15.0","33.805","392.987"
"100","16.0","33.823","397.509"
"100","17.0","33.841","401.836"
"100","18.0","33.859","405.797"
"100","19.0","33.876","409.474"
"100","20.0","33.893","412.987"
"100","21.0","33.909","416.467"
"100","22.0","33.926","420.407"
"100","23.0","33.941","423.896"
"100","24.0","33.956","427.104"
"100","25.0","33.97","430.09"
"100","26.0","33.984","432.841"
"100","27.0","33.997","435.392"
"100","28.0","34.01","437.787"
"100","29.0","34.023","440.03"
"100","30.0","34.034","442.168"
"100","31.0","34.046","444.196"
"100","32.0","34.057","446.091"
"100","33.0","34.068","447.81"
"100","34.0","34.078","449.425"
"100","35.0","34.087","450.947"
"100","36.0","34.097","452.374"
"100","37.0","34.105","453.709"
"100","38.0","34.114","454.954"
"100","39.0","34.122","456.128"
"100","40.0","34.13","457.25"
"100","41.0","34.137","458.292"
"100","42.0","34.145","459.253"
"100","43.0","34.151","460.103"
"100","44.0","34.158","460.828"
"100","45.0","34.164","461.43"
"100","46.0","34.169","461.921"
"100","47.0","34.174","462.329"
"101","0.0","33.583","0.0"
"101","1.0","33.561","308.708"
"101","2.0","33.543","299.011"
"101","3.0","33.544","312.771"
"101","4.0","33.551","322.833"
"101","5.0","33.56","330.811"
"101","6.0","33.571","338.142"
"101","7.0","33.585","345.2"
"101","8.0","33.599","351.894"
"101","9.0","33.614","358.378"
"101","10.0","33.631","364.836"
"101","11.0","33.648","370.806"
"101","12.0","33.665","376.345"
"101","13.0","33.682","381.576"
"101","14.0","33.699","386.571"
"101","15.0","33.715","391.262"
"101","16.0","33.732","395.747"
"101","17.0","33.748","400.1"
"101","18.0","33.764","404.079"
"101","19.0","33.779","407.778"
"101","20.0","33.794","411.288"
"101","21.0","33.809","414.753"
"101","22.0","33.825","418.724"
"101","23.0","33.839","422.266"
"101","24.0","33.854","425.522"
"101","25.0","33.868","428.555"
"101","26.0","33.881","431.356"
"101","27.0","33.894","433.954"
"101","28.0","33.907","436.402"
"101","29.0","33.919","438.695"
"101","30.0","33.931","440.871"
"101","31.0","33.942","442.943"
"101","32.0","33.953","444.888"
"101","33.0","33.964","446.662"
"101","34.0","33.974","448.317"
"101","35.0","33.983","449.882"
"101","36.0","33.993","451.355"
"101","37.0","34.002","452.731"
"101","38.0","34.01","454.014"
"101","39.0","34.018","455.223"
"101","40.0","34.026","456.382"
"101","41.0","34.034","457.457"
"101","42.0","34.041","458.456"
"101","43.0","34.048","459.348"
"101","44.0","34.054","460.12"
"101","45.0","34.061","460.77"
"101","46.0","34.066","461.305"
"101","47.0","34.072","461.758"
"102","0.0","33.554","0.0"
"102","1.0","33.541","316.752"
"102","2.0","33.515","299.437"
"102","3.0","33.514","312.734"
"102","4.0","33.519","322.443"
"102","5.0","33.527","330.296"
"102","6.0","33.537","337.521"
"102","7.0","33.55","344.496"
"102","8.0","33.563","351.129"
"102","9.0","33.578","357.565"
"102","10.0","33.593","363.974"
"102","11.0","33.609","369.936"
"102","12.0","33.626","375.469"
"102","13.0","33.642","380.698"
"102","14.0","33.658","385.696"
"102","15.0","33.675","390.397"
"102","16.0","33.691","394.882"
"102","17.0","33.707","399.254"
"102","18.0","33.722","403.26"
"102","19.0","33.737","406.981"
"102","20.0","33.752","410.498"
"102","21.0","33.767","413.969"
"102","22.0","33.782","417.933"
"102","23.0","33.796","421.496"
"102","24.0","33.81","424.768"
"102","25.0","33.824","427.823"
"102","26.0","33.837","430.65"
"102","27.0","33.85","433.271"
"102","28.0","33.863","435.738"
"102","29.0","33.875","438.054"
"102","30.0","33.887","440.253"
"102","31.0","33.898","442.347"
"102","32.0","33.909","444.31"
"102","33.0","33.919","446.109"
"102","34.0","33.93","447.788"
"102","35.0","33.939","449.374"
"102","36.0","33.949","450.863"
"102","37.0","33.957","452.259"
"102","38.0","33.966","453.564"
"102","39.0","33.974","454.791"
"102","40.0","33.982","455.963"
"102","41.0","33.99","457.058"
"102","42.0","33.997","458.073"
"102","43.0","34.004","458.985"
"102","44.0","34.011","459.779"
"102","45.0","34.017","460.45"
"102","46.0","34.022","461.006"
"102","47.0","34.028","461.48"
"103","0.0","33.479","0.0"
"103","1.0","33.478","308.885"
"103","2.0","33.456","299.796"
"103","3.0","33.451","312.77"
"103","4.0","33.452","321.906"
"103","5.0","33.458","329.442"
"103","6.0","33.466","336.442"
"103","7.0","33.475","343.235"
"103","8.0","33.487","349.73"
"103","9.0","33.499","356.052"
"103","10.0","33.513","362.356"
"103","11.0","33.528","368.28"
"103","12.0","33.542","373.791"
"103","13.0","33.557","379.005"
"103","14.0","33.573","383.998"
"103","15.0","33.588","388.71"
"103","16.0","33.603","393.195"
"103","17.0","33.618","397.594"
"103","18.0","33.632","401.634"
"103","19.0","33.647","405.392"
"103","20.0","33.661","408.933"
"103","21.0","33.675","412.425"
"103","22.0","33.689","416.359"
"103","23.0","33.703","419.955"
"103","24.0","33.717","423.263"
"103","25.0","33.73","426.357"
"103","26.0","33.743","429.221"
"103","27.0","33.756","431.885"
"103","28.0","33.768","434.4"
"103","29.0","33.78","436.76"
"103","30.0","33.792","438.997"
"103","31.0","33.803","441.131"
"103","32.0","33.814","443.141"
"103","33.0","33.824","444.986"
"103","34.0","33.834","446.702"
"103","35.0","33.844","448.329"
"103","36.0","33.853","449.862"
"103","37.0","33.862","451.296"
"103","38.0","33.871","452.636"
"103","39.0","33.879","453.898"
"103","40.0","33.887","455.107"
"103","41.0","33.895","456.233"
"103","42.0","33.902","457.281"
"103","43.0","33.909","458.231"
"103","44.0","33.916","459.068"
"103","45.0","33.922","459.783"
"103","46.0","33.928","460.38"
"103","47.0","33.933","460.896"
"104","0.0","33.479","0.0"
"104","1.0","33.473","300.269"
"104","2.0","33.457","300.394"
"104","3.0","33.452","312.794"
"104","4.0","33.454","321.725"
"104","5.0","33.459","329.109"
"104","6.0","33.467","336.001"
"104","7.0","33.477","342.705"
"104","8.0","33.488","349.132"
"104","9.0","33.501","355.395"
"104","10.0","33.515","361.65"
"104","11.0","33.53","367.55"
"104","12.0","33.544","373.046"
"104","13.0","33.559","378.253"
"104","14.0","33.575","383.24"
"104","15.0","33.59","387.953"
"104","16.0","33.605","392.44"
"104","17.0","33.62","396.847"
"104","18.0","33.635","400.903"
"104","19.0","33.649","404.675"
"104","20.0","33.664","408.222"
"104","21.0","33.678","411.721"
"104","22.0","33.692","415.649"
"104","23.0","33.706","419.256"
"104","24.0","33.72","422.574"
"104","25.0","33.733","425.683"
"104","26.0","33.746","428.568"
"104","27.0","33.759","431.25"
"104","28.0","33.771","433.78"
"104","29.0","33.783","436.16"
"104","30.0","33.795","438.419"
"104","31.0","33.806","440.572"
"104","32.0","33.817","442.596"
"104","33.0","33.827","444.461"
"104","34.0","33.837","446.2"
"104","35.0","33.847","447.846"
"104","36.0","33.856","449.393"
"104","37.0","33.865","450.845"
"104","38.0","33.874","452.205"
"104","39.0","33.882","453.484"
"104","40.0","33.89","454.703"
"104","41.0","33.898","455.847"
"104","42.0","33.905","456.911"
"104","43.0","33.912","457.878"
"104","44.0","33.919","458.733"
"104","45.0","33.925","459.468"
"104","46.0","33.931","460.086"
"104","47.0","33.937","460.619"
"10","0.0","33.475","0.0"
"10","1.0","33.472","303.648"
"10","2.0","33.454","304.428"
"10","3.0","33.449","312.931"
"10","4.0","33.451","320.804"
"10","5.0","33.456","327.552"
"10","6.0","33.464","333.924"
"10","7.0","33.474","340.205"
"10","8.0","33.485","346.314"
"10","9.0","33.498","352.313"
"10","10.0","33.512","358.334"
"10","11.0","33.526","364.13"
"10","12.0","33.541","369.564"
"10","13.0","33.556","374.731"
"10","14.0","33.571","379.696"
"10","15.0","33.586","384.42"
"10","16.0","33.602","388.915"
"10","17.0","33.617","393.371"
"10","18.0","33.631","397.488"
"10","19.0","33.646","401.327"
"10","20.0","33.66","404.93"
"10","21.0","33.674","408.465"
"10","22.0","33.688","412.347"
"10","23.0","33.702","416.008"
"10","24.0","33.716","419.395"
"10","25.0","33.729","422.581"
"10","26.0","33.743","425.541"
"10","27.0","33.755","428.312"
"10","28.0","33.768","430.938"
"10","29.0","33.78","433.41"
"10","30.0","33.791","435.751"
"10","31.0","33.803","437.989"
"10","32.0","33.813","440.106"
"10","33.0","33.824","442.068"
"10","34.0","33.834","443.889"
"10","35.0","33.844","445.621"
"10","36.0","33.853","447.256"
"10","37.0","33.862","448.79"
"10","38.0","33.871","450.226"
"10","39.0","33.879","451.58"
"10","40.0","33.887","452.874"
"10","41.0","33.894","454.083"
"10","42.0","33.902","455.218"
"10","43.0","33.909","456.264"
"10","44.0","33.916","457.209"
"10","45.0","33.922","458.034"
"10","46.0","33.928","458.741"
"10","47.0","33.933","459.361"
"9_sec9_0","0.0","34.021","9.0"
"9_sec9_0","1.0","33.992","88.652"
"9_sec9_0","2.0","34.042","100.833"
"9_sec9_0","3.0","34.08","107.306"
"9_sec9_0","4.0","34.113","111.019"
"9_sec9_0","5.0","34.145","114.591"
"9_sec9_0","6.0","34.178","118.109"
"9_sec9_0","7.0","34.21","121.422"
"9_sec9_0","8.0","34.243","124.441"
"9_sec9_0","9.0","34.273","127.163"
"9_sec9_0","10.0","34.303","129.539"
"9_sec9_0","11.0","34.33","131.769"
"9_sec9_0","12.0","34.357","133.907"
"9_sec9_0","13.0","34.383","136.012"
"9_sec9_0","14.0","34.408","137.96"
"9_sec9_0","15.0","34.432","139.798"
"9_sec9_0","16.0","34.455","141.498"
"9_sec9_0","17.0","34.476","143.027"
"9_sec9_0","18.0","34.497","144.458"
"9_sec9_0","19.0","34.516","145.852"
"9_sec9_0","20.0","34.535","147.302"
"9_sec9_0","21.0","34.554","148.682"
"9_sec9_0","22.0","34.571","149.954"
"9_sec9_0","23.0","34.588","151.122"
"9_sec9_0","24.0","34.604","152.19"
"9_sec9_0","25.0","34.619","153.167"
"9_sec9_0","26.0","34.634","154.084"
"9_sec9_0","27.0","34.647","154.953"
"9_sec9_0","28.0","34.66","155.773"
"9_sec9_0","29.0","34.672","156.553"
"9_sec9_0","30.0","34.684","157.305"
"9_sec9_0","31.0","34.695","157.994"
"9_sec9_0","32.0","34.706","158.633"
"9_sec9_0","33.0","34.716","159.233"
"9_sec9_0","34.0","34.726","159.802"
"9_sec9_0","35.0","34.735","160.333"
"9_sec9_0","36.0","34.744","160.822"
"9_sec9_0","37.0","34.752","161.275"
"9_sec9_0","38.0","34.76","161.702"
"9_sec9_0","39.0","34.767","162.123"
"9_sec9_0","40.0","34.774","162.499"
"9_sec9_0","41.0","34.781","162.847"
"9_sec9_0","42.0","34.788","163.139"
"9_sec9_0","43.0","34.793","163.362"
"9_sec9_0","44.0","34.799","163.532"
"9_sec9_0","45.0","34.803","163.653"
"9_sec9_0","46.0","34.808","163.732"
"9_sec9_0","47.0","34.811","163.766"
"11","0.0","33.979","1.0"
"11","1.0","33.96","84.313"
"11","2.0","34.009","99.775"
"11","3.0","34.046","106.556"
"11","4.0","34.079","110.352"
"11","5.0","34.11","113.899"
"11","6.0","34.142","117.415"
"11","7.0","34.175","120.731"
"11","8.0","34.207","123.772"
"11","9.0","34.238","126.512"
"11","10.0","34.267","128.932"
"11","11.0","34.295","131.182"
"11","12.0","34.322","133.336"
"11","13.0","34.348","135.458"
"11","14.0","34.373","137.428"
"11","15.0","34.397","139.288"
"11","16.0","34.42","141.013"
"11","17.0","34.442","142.569"
"11","18.0","34.463","144.02"
"11","19.0","34.482","145.426"
"11","20.0","34.502","146.888"
"11","21.0","34.52","148.281"
"11","22.0","34.538","149.571"
"11","23.0","34.555","150.759"
"11","24.0","34.571","151.847"
"11","25.0","34.586","152.842"
"11","26.0","34.601","153.773"
"11","27.0","34.615","154.657"
"11","28.0","34.628","155.493"
"11","29.0","34.64","156.284"
"11","30.0","34.652","157.047"
"11","31.0","34.663","157.749"
"11","32.0","34.674","158.401"
"11","33.0","34.685","159.012"
"11","34.0","34.694","159.589"
"11","35.0","34.704","160.131"
"11","36.0","34.713","160.631"
"11","37.0","34.721","161.094"
"11","38.0","34.729","161.526"
"11","39.0","34.737","161.956"
"11","40.0","34.744","162.342"
"11","41.0","34.751","162.699"
"11","42.0","34.757","163.002"
"11","43.0","34.763","163.238"
"11","44.0","34.769","163.42"
"11","45.0","34.773","163.553"
"11","46.0","34.778","163.643"
"11","47.0","34.781","163.687"
"11_sec10_0","0.0","33.979","0.0"
"11_sec10_0","1.0","33.96","84.313"
"11_sec10_0","2.0","34.009","99.775"
"11_sec10_0","3.0","34.046","106.556"
"11_sec10_0","4.0","34.079","110.352"
"11_sec10_0","5.0","34.11","113.899"
"11_sec10_0","6.0","34.142","117.415"
"11_sec10_0","7.0","34.175","120.731"
"11_sec10_0","8.0","34.207","123.772"
"11_sec10_0","9.0","34.238","126.512"
"11_sec10_0","10.0","34.267","128.932"
"11_sec10_0","11.0","34.295","131.182"
"11_sec10_0","12.0","34.322","133.336"
"11_sec10_0","13.0","34.348","135.458"
"11_sec10_0","14.0","34.373","137.428"
"11_sec10_0","15.0","34.397","139.288"
"11_sec10_0","16.0","34.42","141.013"
"11_sec10_0","17.0","34.442","142.569"
"11_sec10_0","18.0","34.463","144.02"
"11_sec10_0","19.0","34.482","145.426"
"11_sec10_0","20.0","34.502","146.888"
"11_sec10_0","21.0","34.52","148.281"
"11_sec10_0","22.0","34.538","149.571"
"11_sec10_0","23.0","34.555","150.759"
"11_sec10_0","24.0","34.571","151.847"
"11_sec10_0","25.0","34.586","152.842"
"11_sec10_0","26.0","34.601","153.773"
"11_sec10_0","27.0","34.615","154.657"
"11_sec10_0","28.0","34.628","155.493"
"11_sec10_0","29.0","34.64","156.284"
"11_sec10_0","30.0","34.652","157.047"
"11_sec10_0","31.0","34.663","157.749"
"11_sec10_0","32.0","34.674","158.401"
"11_sec10_0","33.0","34.685","159.012"
"11_sec10_0","34.0","34.694","159.589"
"11_sec10_0","35.0","34.704","160.131"
"11_sec10_0","36.0","34.713","160.631"
"11_sec10_0","37.0","34.721","161.094"
"11_sec10_0","38.0","34.729","161.526"
"11_sec10_0","39.0","34.737","161.956"
"11_sec10_0","40.0","34.744","162.342"
"11_sec10_0","41.0","34.751","162.699"
"11_sec10_0","42.0","34.757","163.002"
"11_sec10_0","43.0","34.763","163.238"
"11_sec10_0","44.0","34.769","163.42"
"11_sec10_0","45.0","34.773","163.553"
"11_sec10_0","46.0","34.778","163.643"
"11_sec10_0","47.0","34.781","163.687"
"105","0.0","33.945","0.0"
"105","1.0","33.929","81.503"
"105","2.0","33.969","98.508"
"105","3.0","34.004","105.192"
"105","4.0","34.034","109.128"
"105","5.0","34.064","112.624"
"105","6.0","34.095","116.129"
"105","7.0","34.127","119.437"
"105","8.0","34.158","122.51"
"105","9.0","34.188","125.289"
"105","10.0","34.217","127.782"
"105","11.0","34.244","130.068"
"105","12.0","34.271","132.262"
"105","13.0","34.296","134.406"
"105","14.0","34.321","136.415"
"105","15.0","34.345","138.319"
"105","16.0","34.368","140.087"
"105","17.0","34.39","141.697"
"105","18.0","34.41","143.192"
"105","19.0","34.43","144.621"
"105","20.0","34.449","146.101"
"105","21.0","34.468","147.518"
"105","22.0","34.486","148.847"
"105","23.0","34.503","150.072"
"105","24.0","34.519","151.193"
"105","25.0","34.534","152.222"
"105","26.0","34.549","153.184"
"105","27.0","34.563","154.096"
"105","28.0","34.576","154.958"
"105","29.0","34.588","155.771"
"105","30.0","34.6","156.558"
"105","31.0","34.612","157.284"
"105","32.0","34.622","157.957"
"105","33.0","34.633","158.589"
"105","34.0","34.643","159.187"
"105","35.0","34.652","159.748"
"105","36.0","34.661","160.266"
"105","37.0","34.67","160.747"
"105","38.0","34.678","161.195"
"105","39.0","34.685","161.64"
"105","40.0","34.693","162.042"
"105","41.0","34.7","162.413"
"105","42.0","34.706","162.738"
"105","43.0","34.712","162.997"
"105","44.0","34.718","163.201"
"105","45.0","34.723","163.356"
"105","46.0","34.727","163.467"
"105","47.0","34.731","163.533"
"106","0.0","33.925","10.0"
"106","1.0","33.914","82.891"
"106","2.0","33.941","97.702"
"106","3.0","33.972","104.346"
"106","4.0","34.002","108.373"
"106","5.0","34.03","111.826"
"106","6.0","34.06","115.306"
"106","7.0","34.09","118.601"
"106","8.0","34.12","121.684"
"106","9.0","34.149","124.476"
"106","10.0","34.177","127.011"
"106","11.0","34.204","129.316"
"106","12.0","34.229","131.528"
"106","13.0","34.254","133.686"
"106","14.0","34.279","135.716"
"106","15.0","34.302","137.641"
"106","16.0","34.325","139.439"
"106","17.0","34.346","141.08"
"106","18.0","34.366","142.602"
"106","19.0","34.385","144.049"
"106","20.0","34.404","145.541"
"106","21.0","34.423","146.973"
"106","22.0","34.44","148.325"
"106","23.0","34.457","149.574"
"106","24.0","34.473","150.719"
"106","25.0","34.488","151.772"
"106","26.0","34.502","152.753"
"106","27.0","34.516","153.685"
"106","28.0","34.529","154.567"
"106","29.0","34.541","155.395"
"106","30.0","34.553","156.197"
"106","31.0","34.565","156.939"
"106","32.0","34.575","157.63"
"106","33.0","34.586","158.275"
"106","34.0","34.596","158.886"
"106","35.0","34.605","159.46"
"106","36.0","34.614","159.993"
"106","37.0","34.622","160.487"
"106","38.0","34.63","160.946"
"106","39.0","34.638","161.4"
"106","40.0","34.645","161.816"
"106","41.0","34.652","162.198"
"106","42.0","34.659","162.538"
"106","43.0","34.665","162.814"
"106","44.0","34.67","163.034"
"106","45.0","34.675","163.205"
"106","46.0","34.68","163.332"
"106","47.0","34.684","163.414"
"107","0.0","33.894","1.0"
"107","1.0","33.875","85.285"
"107","2.0","33.893","97.035"
"107","3.0","33.919","103.347"
"107","4.0","33.945","107.455"
"107","5.0","33.971","110.85"
"107","6.0","33.998","114.3"
"107","7.0","34.026","117.577"
"107","8.0","34.054","120.67"
"107","9.0","34.081","123.486"
"107","10.0","34.108","126.069"
"107","11.0","34.133","128.403"
"107","12.0","34.157","130.643"
"107","13.0","34.181","132.814"
"107","14.0","34.204","134.871"
"107","15.0","34.226","136.824"
"107","16.0","34.248","138.653"
"107","17.0","34.268","140.335"
"107","18.0","34.287","141.891"
"107","19.0","34.306","143.364"
"107","20.0","34.324","144.866"
"107","21.0","34.341","146.315"
"107","22.0","34.358","147.694"
"107","23.0","34.374","148.971"
"107","24.0","34.39","150.142"
"107","25.0","34.405","151.223"
"107","26.0","34.419","152.231"
"107","27.0","34.432","153.186"
"107","28.0","34.445","154.09"
"107","29.0","34.457","154.939"
"107","30.0","34.469","155.762"
"107","31.0","34.48","156.524"
"107","32.0","34.49","157.232"
"107","33.0","34.5","157.895"
"107","34.0","34.51","158.524"
"107","35.0","34.519","159.115"
"107","36.0","34.528","159.662"
"107","37.0","34.536","160.172"
"107","38.0","34.544","160.648"
"107","39.0","34.552","161.112"
"107","40.0","34.559","161.541"
"107","41.0","34.566","161.937"
"107","42.0","34.573","162.294"
"107","43.0","34.579","162.589"
"107","44.0","34.584","162.829"
"107","45.0","34.589","163.019"
"107","46.0","34.594","163.164"
"107","47.0","34.598","163.265"
"108","0.0","33.866","0.0"
"108","1.0","33.853","89.351"
"108","2.0","33.857","96.402"
"108","3.0","33.879","102.881"
"108","4.0","33.903","106.991"
"108","5.0","33.928","110.359"
"108","6.0","33.953","113.782"
"108","7.0","33.979","117.048"
"108","8.0","34.006","120.141"
"108","9.0","34.032","122.963"
"108","10.0","34.057","125.571"
"108","11.0","34.081","127.92"
"108","12.0","34.105","130.169"
"108","13.0","34.128","132.35"
"108","14.0","34.15","134.418"
"108","15.0","34.171","136.381"
"108","16.0","34.192","138.228"
"108","17.0","34.212","139.927"
"108","18.0","34.231","141.499"
"108","19.0","34.249","142.987"
"108","20.0","34.266","144.495"
"108","21.0","34.283","145.953"
"108","22.0","34.3","147.342"
"108","23.0","34.316","148.632"
"108","24.0","34.331","149.817"
"108","25.0","34.345","150.914"
"108","26.0","34.359","151.934"
"108","27.0","34.372","152.902"
"108","28.0","34.385","153.82"
"108","29.0","34.397","154.681"
"108","30.0","34.409","155.512"
"108","31.0","34.42","156.285"
"108","32.0","34.43","157.004"
"108","33.0","34.44","157.677"
"108","34.0","34.45","158.314"
"108","35.0","34.459","158.914"
"108","36.0","34.468","159.471"
"108","37.0","34.476","159.99"
"108","38.0","34.484","160.474"
"108","39.0","34.492","160.945"
"108","40.0","34.499","161.383"
"108","41.0","34.506","161.786"
"108","42.0","34.512","162.152"
"108","43.0","34.518","162.457"
"108","44.0","34.524","162.708"
"108","45.0","34.529","162.909"
"108","46.0","34.534","163.064"
"108","47.0","34.538","163.176"
"109","0.0","33.841","0.0"
"109","1.0","33.847","93.82"
"109","2.0","33.832","95.473"
"109","3.0","33.853","102.391"
"109","4.0","33.876","106.479"
"109","5.0","33.899","109.834"
"109","6.0","33.924","113.225"
"109","7.0","33.949","116.473"
"109","8.0","33.975","119.562"
"109","9.0","34.0","122.396"
"109","10.0","34.025","125.026"
"109","11.0","34.049","127.395"
"109","12.0","34.072","129.658"
"109","13.0","34.095","131.846"
"109","14.0","34.116","133.928"
"109","15.0","34.138","135.907"
"109","16.0","34.158","137.768"
"109","17.0","34.178","139.49"
"109","18.0","34.197","141.084"
"109","19.0","34.214","142.59"
"109","20.0","34.232","144.103"
"109","21.0","34.249","145.571"
"109","22.0","34.265","146.974"
"109","23.0","34.281","148.275"
"109","24.0","34.296","149.475"
"109","25.0","34.311","150.587"
"109","26.0","34.324","151.623"
"109","27.0","34.338","152.605"
"109","28.0","34.35","153.536"
"109","29.0","34.362","154.409"
"109","30.0","34.374","155.251"
"109","31.0","34.385","156.035"
"109","32.0","34.395","156.765"
"109","33.0","34.406","157.448"
"109","34.0","34.415","158.096"
"109","35.0","34.424","158.705"
"109","36.0","34.433","159.271"
"109","37.0","34.442","159.799"
"109","38.0","34.45","160.293"
"109","39.0","34.457","160.77"
"109","40.0","34.465","161.216"
"109","41.0","34.472","161.627"
"109","42.0","34.478","162.002"
"109","43.0","34.484","162.318"
"109","44.0","34.49","162.579"
"109","45.0","34.495","162.791"
"109","46.0","34.5","162.958"
"109","47.0","34.504","163.08"
"110","0.0","33.813","0.0"
"110","1.0","33.817","91.411"
"110","2.0","33.809","95.715"
"110","3.0","33.826","101.669"
"110","4.0","33.848","105.717"
"110","5.0","33.87","109.064"
"110","6.0","33.893","112.401"
"110","7.0","33.918","115.623"
"110","8.0","33.943","118.7"
"110","9.0","33.968","121.548"
"110","10.0","33.992","124.213"
"110","11.0","34.015","126.611"
"110","12.0","34.038","128.89"
"110","13.0","34.06","131.093"
"110","14.0","34.081","133.195"
"110","15.0","34.102","135.192"
"110","16.0","34.123","137.08"
"110","17.0","34.142","138.832"
"110","18.0","34.161","140.454"
"110","19.0","34.178","141.988"
"110","20.0","34.195","143.511"
"110","21.0","34.212","144.994"
"110","22.0","34.228","146.414"
"110","23.0","34.244","147.732"
"110","24.0","34.259","148.955"
"110","25.0","34.274","150.091"
"110","26.0","34.288","151.149"
"110","27.0","34.301","152.153"
"110","28.0","34.313","153.104"
"110","29.0","34.325","153.998"
"110","30.0","34.337","154.854"
"110","31.0","34.348","155.655"
"110","32.0","34.359","156.401"
"110","33.0","34.369","157.101"
"110","34.0","34.378","157.763"
"110","35.0","34.388","158.386"
"110","36.0","34.396","158.967"
"110","37.0","34.405","159.509"
"110","38.0","34.413","160.016"
"110","39.0","34.421","160.504"
"110","40.0","34.428","160.963"
"110","41.0","34.435","161.386"
"110","42.0","34.442","161.774"
"110","43.0","34.448","162.106"
"110","44.0","34.454","162.383"
"110","45.0","34.459","162.612"
"110","46.0","34.464","162.794"
"110","47.0","34.468","162.932"
"111","0.0","33.781","0.0"
"111","1.0","33.778","87.04"
"111","2.0","33.778","96.306"
"111","3.0","33.791","101.07"
"111","4.0","33.811","105.033"
"111","5.0","33.831","108.369"
"111","6.0","33.853","111.66"
"111","7.0","33.876","114.852"
"111","8.0","33.9","117.913"
"111","9.0","33.924","120.773"
"111","10.0","33.947","123.46"
"111","11.0","33.97","125.882"
"111","12.0","33.992","128.18"
"111","13.0","34.014","130.392"
"111","14.0","34.035","132.511"
"111","15.0","34.055","134.528"
"111","16.0","34.075","136.437"
"111","17.0","34.094","138.219"
"111","18.0","34.113","139.869"
"111","19.0","34.13","141.428"
"111","20.0","34.147","142.961"
"111","21.0","34.164","144.456"
"111","22.0","34.18","145.892"
"111","23.0","34.195","147.225"
"111","24.0","34.211","148.467"
"111","25.0","34.225","149.624"
"111","26.0","34.239","150.703"
"111","27.0","34.252","151.727"
"111","28.0","34.265","152.696"
"111","29.0","34.277","153.608"
"111","30.0","34.288","154.479"
"111","31.0","34.299","155.295"
"111","32.0","34.31","156.056"
"111","33.0","34.32","156.771"
"111","34.0","34.33","157.447"
"111","35.0","34.339","158.083"
"111","36.0","34.348","158.676"
"111","37.0","34.356","159.232"
"111","38.0","34.364","159.752"
"111","39.0","34.372","160.251"
"111","40.0","34.38","160.72"
"111","41.0","34.387","161.155"
"111","42.0","34.393","161.555"
"111","43.0","34.4","161.901"
"111","44.0","34.406","162.194"
"111","45.0","34.411","162.438"
"111","46.0","34.416","162.635"
"111","47.0","34.421","162.789"
"112","0.0","33.761","0.0"
"112","1.0","33.761","90.052"
"112","2.0","33.752","94.93"
"112","3.0","33.765","100.238"
"112","4.0","33.783","104.091"
"112","5.0","33.802","107.391"
"112","6.0","33.823","110.603"
"112","7.0","33.845","113.739"
"112","8.0","33.868","116.762"
"112","9.0","33.89","119.619"
"112","10.0","33.913","122.322"
"112","11.0","33.935","124.774"
"112","12.0","33.957","127.091"
"112","13.0","33.978","129.318"
"112","14.0","33.998","131.458"
"112","15.0","34.018","133.498"
"112","16.0","34.038","135.439"
"112","17.0","34.057","137.257"
"112","18.0","34.075","138.947"
"112","19.0","34.092","140.543"
"112","20.0","34.109","142.092"
"112","21.0","34.125","143.606"
"112","22.0","34.141","145.06"
"112","23.0","34.156","146.416"
"112","24.0","34.171","147.688"
"112","25.0","34.186","148.876"
"112","26.0","34.2","149.987"
"112","27.0","34.213","151.042"
"112","28.0","34.225","152.04"
"112","29.0","34.237","152.979"
"112","30.0","34.249","153.872"
"112","31.0","34.26","154.713"
"112","32.0","34.27","155.498"
"112","33.0","34.28","156.235"
"112","34.0","34.29","156.933"
"112","35.0","34.299","157.589"
"112","36.0","34.308","158.203"
"112","37.0","34.317","158.78"
"112","38.0","34.325","159.32"
"112","39.0","34.333","159.835"
"112","40.0","34.34","160.323"
"112","41.0","34.347","160.776"
"112","42.0","34.354","161.195"
"112","43.0","34.36","161.563"
"112","44.0","34.366","161.88"
"112","45.0","34.372","162.148"
"112","46.0","34.377","162.37"
"112","47.0","34.381","162.548"
"113","0.0","33.744","0.0"
"113","1.0","33.734","90.673"
"113","2.0","33.724","94.197"
"113","3.0","33.734","99.492"
"113","4.0","33.75","103.329"
"113","5.0","33.768","106.586"
"113","6.0","33.787","109.738"
"113","7.0","33.808","112.828"
"113","8.0","33.829","115.824"
"113","9.0","33.851","118.683"
"113","10.0","33.872","121.394"
"113","11.0","33.894","123.87"
"113","12.0","33.914","126.207"
"113","13.0","33.935","128.445"
"113","14.0","33.955","130.604"
"113","15.0","33.974","132.666"
"113","16.0","33.993","134.632"
"113","17.0","34.012","136.482"
"113","18.0","34.029","138.207"
"113","19.0","34.046","139.831"
"113","20.0","34.063","141.398"
"113","21.0","34.078","142.927"
"113","22.0","34.094","144.396"
"113","23.0","34.109","145.77"
"113","24.0","34.124","147.065"
"113","25.0","34.138","148.279"
"113","26.0","34.152","149.417"
"113","27.0","34.165","150.497"
"113","28.0","34.177","151.518"
"113","29.0","34.189","152.479"
"113","30.0","34.2","153.391"
"113","31.0","34.211","154.251"
"113","32.0","34.222","155.054"
"113","33.0","34.232","155.81"
"113","34.0","34.241","156.526"
"113","35.0","34.25","157.198"
"113","36.0","34.259","157.829"
"113","37.0","34.268","158.422"
"113","38.0","34.276","158.979"
"113","39.0","34.284","159.507"
"113","40.0","34.291","160.009"
"113","41.0","34.298","160.477"
"113","42.0","34.305","160.91"
"113","43.0","34.311","161.296"
"113","44.0","34.317","161.632"
"113","45.0","34.323","161.919"
"113","46.0","34.328","162.16"
"113","47.0","34.332","162.356"
"114","0.0","33.719","0.0"
"114","1.0","33.694","93.45"
"114","2.0","33.685","94.768"
"114","3.0","33.69","99.124"
"114","4.0","33.704","102.911"
"114","5.0","33.72","106.127"
"114","6.0","33.737","109.234"
"114","7.0","33.756","112.29"
"114","8.0","33.776","115.265"
"114","9.0","33.796","118.117"
"114","10.0","33.816","120.829"
"114","11.0","33.836","123.316"
"114","12.0","33.856","125.658"
"114","13.0","33.876","127.903"
"114","14.0","33.895","130.069"
"114","15.0","33.914","132.14"
"114","16.0","33.932","134.12"
"114","17.0","33.95","135.985"
"114","18.0","33.967","137.727"
"114","19.0","33.984","139.369"
"114","20.0","34.0","140.945"
"114","21.0","34.016","142.482"
"114","22.0","34.031","143.958"
"114","23.0","34.046","145.342"
"114","24.0","34.061","146.652"
"114","25.0","34.075","147.88"
"114","26.0","34.088","149.035"
"114","27.0","34.101","150.131"
"114","28.0","34.113","151.167"
"114","29.0","34.125","152.141"
"114","30.0","34.136","153.064"
"114","31.0","34.147","153.936"
"114","32.0","34.158","154.751"
"114","33.0","34.168","155.519"
"114","34.0","34.178","156.246"
"114","35.0","34.187","156.93"
"114","36.0","34.196","157.571"
"114","37.0","34.204","158.175"
"114","38.0","34.212","158.742"
"114","39.0","34.22","159.279"
"114","40.0","34.227","159.79"
"114","41.0","34.235","160.266"
"114","42.0","34.241","160.709"
"114","43.0","34.248","161.106"
"114","44.0","34.254","161.454"
"114","45.0","34.259","161.754"
"114","46.0","34.265","162.007"
"114","47.0","34.269","162.216"
"115","0.0","33.656","0.0"
"115","1.0","33.642","100.48"
"115","2.0","33.623","95.093"
"115","3.0","33.623","98.834"
"115","4.0","33.634","102.456"
"115","5.0","33.647","105.608"
"115","6.0","33.662","108.655"
"115","7.0","33.679","111.659"
"115","8.0","33.697","114.602"
"115","9.0","33.716","117.442"
"115","10.0","33.736","120.143"
"115","11.0","33.755","122.638"
"115","12.0","33.774","124.988"
"115","13.0","33.793","127.237"
"115","14.0","33.812","129.411"
"115","15.0","33.831","131.494"
"115","16.0","33.849","133.487"
"115","17.0","33.867","135.371"
"115","18.0","33.885","137.134"
"115","19.0","33.901","138.797"
"115","20.0","33.918","140.386"
"115","21.0","33.933","141.933"
"115","22.0","33.949","143.418"
"115","23.0","33.964","144.813"
"115","24.0","33.979","146.14"
"115","25.0","33.994","147.388"
"115","26.0","34.008","148.564"
"115","27.0","34.021","149.681"
"115","28.0","34.034","150.734"
"115","29.0","34.046","151.725"
"115","30.0","34.058","152.664"
"115","31.0","34.069","153.55"
"115","32.0","34.08","154.379"
"115","33.0","34.09","155.162"
"115","34.0","34.1","155.904"
"115","35.0","34.11","156.603"
"115","36.0","34.119","157.258"
"115","37.0","34.128","157.875"
"115","38.0","34.136","158.455"
"115","39.0","34.144","159.004"
"115","40.0","34.152","159.526"
"115","41.0","34.16","160.014"
"115","42.0","34.167","160.468"
"115","43.0","34.174","160.879"
"115","44.0","34.18","161.241"
"115","45.0","34.186","161.556"
"115","46.0","34.191","161.825"
"115","47.0","34.196","162.049"
"116","0.0","33.619","0.0"
"116","1.0","33.606","93.943"
"116","2.0","33.583","95.542"
"116","3.0","33.582","98.402"
"116","4.0","33.59","101.746"
"116","5.0","33.602","104.765"
"116","6.0","33.615","107.681"
"116","7.0","33.631","110.579"
"116","8.0","33.648","113.45"
"116","9.0","33.665","116.247"
"116","10.0","33.684","118.918"
"116","11.0","33.702","121.415"
"116","12.0","33.721","123.768"
"116","13.0","33.739","126.023"
"116","14.0","33.758","128.207"
"116","15.0","33.776","130.304"
"116","16.0","33.794","132.32"
"116","17.0","33.811","134.226"
"116","18.0","33.828","136.022"
"116","19.0","33.845","137.72"
"116","20.0","33.861","139.333"
"116","21.0","33.876","140.897"
"116","22.0","33.892","142.39"
"116","23.0","33.907","143.805"
"116","24.0","33.922","145.162"
"116","25.0","33.937","146.441"
"116","26.0","33.951","147.659"
"116","27.0","33.964","148.813"
"116","28.0","33.977","149.899"
"116","29.0","33.989","150.92"
"116","30.0","34.001","151.886"
"116","31.0","34.012","152.8"
"116","32.0","34.023","153.657"
"116","33.0","34.034","154.466"
"116","34.0","34.044","155.236"
"116","35.0","34.053","155.962"
"116","36.0","34.063","156.642"
"116","37.0","34.072","157.284"
"116","38.0","34.08","157.888"
"116","39.0","34.088","158.459"
"116","40.0","34.096","159.002"
"116","41.0","34.104","159.51"
"116","42.0","34.111","159.986"
"116","43.0","34.118","160.421"
"116","44.0","34.124","160.81"
"116","45.0","34.13","161.154"
"116","46.0","34.136","161.452"
"116","47.0","34.141","161.703"
"117","0.0","33.599","0.0"
"117","1.0","33.578","95.602"
"117","2.0","33.566","96.377"
"117","3.0","33.565","98.15"
"117","4.0","33.572","101.37"
"117","5.0","33.583","104.311"
"117","6.0","33.595","107.15"
"117","7.0","33.61","109.979"
"117","8.0","33.626","112.804"
"117","9.0","33.643","115.575"
"117","10.0","33.661","118.219"
"117","11.0","33.679","120.715"
"117","12.0","33.697","123.07"
"117","13.0","33.715","125.325"
"117","14.0","33.733","127.512"
"117","15.0","33.751","129.619"
"117","16.0","33.769","131.645"
"117","17.0","33.786","133.565"
"117","18.0","33.803","135.378"
"117","19.0","33.819","137.096"
"117","20.0","33.835","138.722"
"117","21.0","33.851","140.295"
"117","22.0","33.866","141.792"
"117","23.0","33.881","143.217"
"117","24.0","33.896","144.591"
"117","25.0","33.91","145.887"
"117","26.0","33.924","147.13"
"117","27.0","33.938","148.305"
"117","28.0","33.95","149.409"
"117","29.0","33.963","150.449"
"117","30.0","33.974","151.43"
"117","31.0","33.986","152.36"
"117","32.0","33.997","153.234"
"117","33.0","34.007","154.06"
"117","34.0","34.017","154.845"
"117","35.0","34.027","155.587"
"117","36.0","34.037","156.282"
"117","37.0","34.045","156.939"
"117","38.0","34.054","157.557"
"117","39.0","34.062","158.141"
"117","40.0","34.07","158.697"
"117","41.0","34.078","159.219"
"117","42.0","34.085","159.707"
"117","43.0","34.092","160.156"
"117","44.0","34.098","160.562"
"117","45.0","34.104","160.922"
"117","46.0","34.11","161.236"
"117","47.0","34.115","161.504"
"118","0.0","33.551","0.0"
"118","1.0","33.554","102.566"
"118","2.0","33.532","97.245"
"118","3.0","33.529","97.89"
"118","4.0","33.535","100.77"
"118","5.0","33.544","103.567"
"118","6.0","33.555","106.258"
"118","7.0","33.568","108.963"
"118","8.0","33.583","111.699"
"118","9.0","33.599","114.406"
"118","10.0","33.615","117.001"
"118","11.0","33.633","119.481"
"118","12.0","33.65","121.829"
"118","13.0","33.667","124.081"
"118","14.0","33.685","126.27"
"118","15.0","33.702","128.385"
"118","16.0","33.719","130.429"
"118","17.0","33.736","132.363"
"118","18.0","33.752","134.205"
"118","19.0","33.768","135.953"
"118","20.0","33.784","137.6"
"118","21.0","33.799","139.188"
"118","22.0","33.814","140.685"
"118","23.0","33.83","142.127"
"118","24.0","33.844","143.527"
"118","25.0","33.859","144.854"
"118","26.0","33.873","146.144"
"118","27.0","33.886","147.359"
"118","28.0","33.899","148.497"
"118","29.0","33.911","149.569"
"118","30.0","33.923","150.579"
"118","31.0","33.934","151.538"
"118","32.0","33.945","152.443"
"118","33.0","33.956","153.299"
"118","34.0","33.966","154.114"
"118","35.0","33.976","154.886"
"118","36.0","33.985","155.609"
"118","37.0","33.994","156.293"
"118","38.0","34.003","156.937"
"118","39.0","34.011","157.546"
"118","40.0","34.019","158.124"
"118","41.0","34.027","158.668"
"118","42.0","34.034","159.179"
"118","43.0","34.041","159.654"
"118","44.0","34.048","160.089"
"118","45.0","34.054","160.479"
"118","46.0","34.06","160.824"
"118","47.0","34.065","161.121"
"119","0.0","33.514","0.0"
"119","1.0","33.535","96.452"
"119","2.0","33.501","97.111"
"119","3.0","33.497","97.87"
"119","4.0","33.501","100.473"
"119","5.0","33.509","103.164"
"119","6.0","33.519","105.765"
"119","7.0","33.531","108.389"
"119","8.0","33.544","111.067"
"119","9.0","33.559","113.733"
"119","10.0","33.575","116.291"
"119","11.0","33.591","118.757"
"119","12.0","33.608","121.1"
"119","13.0","33.625","123.348"
"119","14.0","33.642","125.538"
"119","15.0","33.659","127.659"
"119","16.0","33.675","129.71"
"119","17.0","33.692","131.654"
"119","18.0","33.708","133.513"
"119","19.0","33.724","135.279"
"119","20.0","33.739","136.939"
"119","21.0","33.754","138.535"
"119","22.0","33.769","140.03"
"119","23.0","33.784","141.482"
"119","24.0","33.799","142.896"
"119","25.0","33.813","144.24"
"119","26.0","33.827","145.557"
"119","27.0","33.84","146.795"
"119","28.0","33.853","147.952"
"119","29.0","33.865","149.044"
"119","30.0","33.877","150.07"
"119","31.0","33.889","151.045"
"119","32.0","33.9","151.968"
"119","33.0","33.911","152.843"
"119","34.0","33.921","153.676"
"119","35.0","33.931","154.464"
"119","36.0","33.94","155.204"
"119","37.0","33.949","155.904"
"119","38.0","33.958","156.564"
"119","39.0","33.966","157.187"
"119","40.0","33.975","157.779"
"119","41.0","33.982","158.339"
"119","42.0","33.99","158.864"
"119","43.0","33.997","159.354"
"119","44.0","34.004","159.806"
"119","45.0","34.01","160.214"
"119","46.0","34.016","160.577"
"119","47.0","34.021","160.891"
"120","0.0","33.487","0.0"
"120","1.0","33.494","96.542"
"120","2.0","33.474","97.142"
"120","3.0","33.469","97.868"
"120","4.0","33.472","100.232"
"120","5.0","33.478","102.787"
"120","6.0","33.487","105.286"
"120","7.0","33.498","107.824"
"120","8.0","33.51","110.434"
"120","9.0","33.524","113.047"
"120","10.0","33.539","115.564"
"120","11.0","33.554","118.01"
"120","12.0","33.57","120.339"
"120","13.0","33.586","122.582"
"120","14.0","33.602","124.769"
"120","15.0","33.618","126.891"
"120","16.0","33.634","128.949"
"120","17.0","33.65","130.898"
"120","18.0","33.666","132.771"
"120","19.0","33.681","134.554"
"120","20.0","33.696","136.226"
"120","21.0","33.711","137.829"
"120","22.0","33.726","139.318"
"120","23.0","33.741","140.781"
"120","24.0","33.755","142.208"
"120","25.0","33.77","143.568"
"120","26.0","33.783","144.916"
"120","27.0","33.796","146.178"
"120","28.0","33.809","147.355"
"120","29.0","33.821","148.465"
"120","30.0","33.833","149.509"
"120","31.0","33.844","150.502"
"120","32.0","33.855","151.444"
"120","33.0","33.866","152.338"
"120","34.0","33.876","153.19"
"120","35.0","33.886","153.996"
"120","36.0","33.895","154.754"
"120","37.0","33.904","155.471"
"120","38.0","33.913","156.148"
"120","39.0","33.922","156.787"
"120","40.0","33.93","157.394"
"120","41.0","33.937","157.967"
"120","42.0","33.945","158.506"
"120","43.0","33.952","159.012"
"120","44.0","33.959","159.483"
"120","45.0","33.965","159.911"
"120","46.0","33.971","160.293"
"120","47.0","33.977","160.626"
"12","0.0","33.478","0.0"
"12","1.0","33.479","93.575"
"12","2.0","33.46","97.586"
"12","3.0","33.456","97.857"
"12","4.0","33.458","100.084"
"12","5.0","33.463","102.548"
"12","6.0","33.471","104.973"
"12","7.0","33.482","107.447"
"12","8.0","33.493","110.008"
"12","9.0","33.506","112.584"
"12","10.0","33.521","115.065"
"12","11.0","33.535","117.493"
"12","12.0","33.551","119.813"
"12","13.0","33.566","122.048"
"12","14.0","33.582","124.231"
"12","15.0","33.597","126.354"
"12","16.0","33.613","128.412"
"12","17.0","33.628","130.368"
"12","18.0","33.643","132.25"
"12","19.0","33.658","134.042"
"12","20.0","33.673","135.721"
"12","21.0","33.687","137.329"
"12","22.0","33.701","138.811"
"12","23.0","33.716","140.281"
"12","24.0","33.73","141.717"
"12","25.0","33.744","143.088"
"12","26.0","33.757","144.454"
"12","27.0","33.77","145.733"
"12","28.0","33.782","146.923"
"12","29.0","33.795","148.047"
"12","30.0","33.806","149.103"
"12","31.0","33.818","150.109"
"12","32.0","33.828","151.063"
"12","33.0","33.839","151.971"
"12","34.0","33.849","152.835"
"12","35.0","33.859","153.654"
"12","36.0","33.868","154.424"
"12","37.0","33.877","155.154"
"12","38.0","33.886","155.842"
"12","39.0","33.894","156.493"
"12","40.0","33.902","157.11"
"12","41.0","33.91","157.696"
"12","42.0","33.917","158.246"
"12","43.0","33.925","158.764"
"12","44.0","33.931","159.249"
"12","45.0","33.938","159.69"
"12","46.0","33.944","160.086"
"12","47.0","33.949","160.433"
"12_sec11_0","0.0","33.478","11.0"
"12_sec11_0","1.0","33.479","93.575"
"12_sec11_0","2.0","33.46","97.586"
"12_sec11_0","3.0","33.456","97.857"
"12_sec11_0","4.0","33.458","100.084"
"12_sec11_0","5.0","33.463","102.548"
"12_sec11_0","6.0","33.471","104.973"
"12_sec11_0","7.0","33.482","107.447"
"12_sec11_0","8.0","33.493","110.008"
"12_sec11_0","9.0","33.506","112.584"
"12_sec11_0","10.0","33.521","115.065"
"12_sec11_0","11.0","33.535","117.493"
"12_sec11_0","12.0","33.551","119.813"
"12_sec11_0","13.0","33.566","122.048"
"12_sec11_0","14.0","33.582","124.231"
"12_sec11_0","15.0","33.597","126.354"
"12_sec11_0","16.0","33.613","128.412"
"12_sec11_0","17.0","33.628","130.368"
"12_sec11_0","18.0","33.643","132.25"
"12_sec11_0","19.0","33.658","134.042"
"12_sec11_0","20.0","33.673","135.721"
"12_sec11_0","21.0","33.687","137.329"
"12_sec11_0","22.0","33.701","138.811"
"12_sec11_0","23.0","33.716","140.281"
"12_sec11_0","24.0","33.73","141.717"
"12_sec11_0","25.0","33.744","143.088"
"12_sec11_0","26.0","33.757","144.454"
"12_sec11_0","27.0","33.77","145.733"
"12_sec11_0","28.0","33.782","146.923"
"12_sec11_0","29.0","33.795","148.047"
"12_sec11_0","30.0","33.806","149.103"
"12_sec11_0","31.0","33.818","150.109"
"12_sec11_0","32.0","33.828","151.063"
"12_sec11_0","33.0","33.839","151.971"
"12_sec11_0","34.0","33.849","152.835"
"12_sec11_0","35.0","33.859","153.654"
"12_sec11_0","36.0","33.868","154.424"
"12_sec11_0","37.0","33.877","155.154"
"12_sec11_0","38.0","33.886","155.842"
"12_sec11_0","39.0","33.894","156.493"
"12_sec11_0","40.0","33.902","157.11"
"12_sec11_0","41.0","33.91","157.696"
"12_sec11_0","42.0","33.917","158.246"
"12_sec11_0","43.0","33.925","158.764"
"12_sec11_0","44.0","33.931","159.249"
"12_sec11_0","45.0","33.938","159.69"
"12_sec11_0","46.0","33.944","160.086"
"12_sec11_0","47.0","33.949","160.433"
"10_sec11_1","0.0","33.475","1.0"
"10_sec11_1","1.0","33.472","91.24"
"10_sec11_1","2.0","33.454","98.024"
"10_sec11_1","3.0","33.449","97.863"
"10_sec11_1","4.0","33.451","99.991"
"10_sec11_1","5.0","33.456","102.397"
"10_sec11_1","6.0","33.464","104.771"
"10_sec11_1","7.0","33.474","107.203"
"10_sec11_1","8.0","33.485","109.728"
"10_sec11_1","9.0","33.498","112.27"
"10_sec11_1","10.0","33.512","114.724"
"10_sec11_1","11.0","33.526","117.134"
"10_sec11_1","12.0","33.541","119.44"
"10_sec11_1","13.0","33.556","121.664"
"10_sec11_1","14.0","33.571","123.836"
"10_sec11_1","15.0","33.586","125.952"
"10_sec11_1","16.0","33.602","128.005"
"10_sec11_1","17.0","33.617","129.957"
"10_sec11_1","18.0","33.631","131.84"
"10_sec11_1","19.0","33.646","133.634"
"10_sec11_1","20.0","33.66","135.313"
"10_sec11_1","21.0","33.674","136.919"
"10_sec11_1","22.0","33.688","138.389"
"10_sec11_1","23.0","33.702","139.86"
"10_sec11_1","24.0","33.716","141.298"
"10_sec11_1","25.0","33.729","142.674"
"10_sec11_1","26.0","33.743","144.048"
"10_sec11_1","27.0","33.755","145.338"
"10_sec11_1","28.0","33.768","146.538"
"10_sec11_1","29.0","33.78","147.672"
"10_sec11_1","30.0","33.791","148.738"
"10_sec11_1","31.0","33.803","149.753"
"10_sec11_1","32.0","33.813","150.717"
"10_sec11_1","33.0","33.824","151.637"
"10_sec11_1","34.0","33.834","152.511"
"10_sec11_1","35.0","33.844","153.341"
"10_sec11_1","36.0","33.853","154.121"
"10_sec11_1","37.0","33.862","154.861"
"10_sec11_1","38.0","33.871","155.56"
"10_sec11_1","39.0","33.879","156.219"
"10_sec11_1","40.0","33.887","156.846"
"10_sec11_1","41.0","33.894","157.438"
"10_sec11_1","42.0","33.902","157.997"
"10_sec11_1","43.0","33.909","158.526"
"10_sec11_1","44.0","33.916","159.023"
"10_sec11_1","45.0","33.922","159.477"
"10_sec11_1","46.0","33.928","159.886"
"10_sec11_1","47.0","33.933","160.244"
"10_sec12_0","0.0","33.475","0.0"
"10_sec12_0","1.0","33.472","394.888"
"10_sec12_0","2.0","33.454","402.453"
"10_sec12_0","3.0","33.449","410.794"
"10_sec12_0","4.0","33.451","420.796"
"10_sec12_0","5.0","33.456","429.949"
"10_sec12_0","6.0","33.464","438.695"
"10_sec12_0","7.0","33.474","447.409"
"10_sec12_0","8.0","33.485","456.042"
"10_sec12_0","9.0","33.498","464.583"
"10_sec12_0","10.0","33.512","473.058"
"10_sec12_0","11.0","33.526","481.264"
"10_sec12_0","12.0","33.541","489.004"
"10_sec12_0","13.0","33.556","496.395"
"10_sec12_0","14.0","33.571","503.532"
"10_sec12_0","15.0","33.586","510.372"
"10_sec12_0","16.0","33.602","516.92"
"10_sec12_0","17.0","33.617","523.328"
"10_sec12_0","18.0","33.631","529.328"
"10_sec12_0","19.0","33.646","534.961"
"10_sec12_0","20.0","33.66","540.243"
"10_sec12_0","21.0","33.674","545.384"
"10_sec12_0","22.0","33.688","550.736"
"10_sec12_0","23.0","33.702","555.869"
"10_sec12_0","24.0","33.716","560.694"
"10_sec12_0","25.0","33.729","565.255"
"10_sec12_0","26.0","33.743","569.589"
"10_sec12_0","27.0","33.755","573.65"
"10_sec12_0","28.0","33.768","577.476"
"10_sec12_0","29.0","33.78","581.082"
"10_sec12_0","30.0","33.791","584.489"
"10_sec12_0","31.0","33.803","587.742"
"10_sec12_0","32.0","33.813","590.824"
"10_sec12_0","33.0","33.824","593.704"
"10_sec12_0","34.0","33.834","596.401"
"10_sec12_0","35.0","33.844","598.962"
"10_sec12_0","36.0","33.853","601.377"
"10_sec12_0","37.0","33.862","603.65"
"10_sec12_0","38.0","33.871","605.786"
"10_sec12_0","39.0","33.879","607.799"
"10_sec12_0","40.0","33.887","609.719"
"10_sec12_0","41.0","33.894","611.521"
"10_sec12_0","42.0","33.902","613.215"
"10_sec12_0","43.0","33.909","614.79"
"10_sec12_0","44.0","33.916","616.231"
"10_sec12_0","45.0","33.922","617.511"
"10_sec12_0","46.0","33.928","618.627"
"10_sec12_0","47.0","33.933","619.605"
"121","0.0","33.442","0.0"
"121","1.0","33.446","422.756"
"121","2.0","33.426","406.778"
"121","3.0","33.421","411.306"
"121","4.0","33.421","419.967"
"121","5.0","33.425","428.479"
"121","6.0","33.432","436.667"
"121","7.0","33.441","444.94"
"121","8.0","33.451","453.229"
"121","9.0","33.463","461.49"
"121","10.0","33.476","469.721"
"121","11.0","33.49","477.801"
"121","12.0","33.504","485.463"
"121","13.0","33.518","492.81"
"121","14.0","33.533","499.915"
"121","15.0","33.548","506.757"
"121","16.0","33.562","513.314"
"121","17.0","33.577","519.747"
"121","18.0","33.591","525.827"
"121","19.0","33.605","531.518"
"121","20.0","33.619","536.843"
"121","21.0","33.633","542.017"
"121","22.0","33.647","547.331"
"121","23.0","33.661","552.513"
"121","24.0","33.674","557.394"
"121","25.0","33.687","562.027"
"121","26.0","33.7","566.443"
"121","27.0","33.713","570.593"
"121","28.0","33.725","574.505"
"121","29.0","33.737","578.202"
"121","30.0","33.749","581.701"
"121","31.0","33.76","585.04"
"121","32.0","33.771","588.208"
"121","33.0","33.781","591.186"
"121","34.0","33.791","593.974"
"121","35.0","33.801","596.624"
"121","36.0","33.81","599.122"
"121","37.0","33.819","601.478"
"121","38.0","33.828","603.701"
"121","39.0","33.836","605.793"
"121","40.0","33.844","607.78"
"121","41.0","33.852","609.664"
"121","42.0","33.859","611.427"
"121","43.0","33.866","613.087"
"121","44.0","33.873","614.617"
"121","45.0","33.879","615.99"
"121","46.0","33.885","617.202"
"121","47.0","33.891","618.268"
"122","0.0","33.417","12.0"
"122","1.0","33.42","421.356"
"122","2.0","33.403","407.945"
"122","3.0","33.396","411.807"
"122","4.0","33.395","419.633"
"122","5.0","33.399","427.708"
"122","6.0","33.405","435.549"
"122","7.0","33.413","443.547"
"122","8.0","33.422","451.616"
"122","9.0","33.433","459.699"
"122","10.0","33.446","467.778"
"122","11.0","33.459","475.767"
"122","12.0","33.472","483.375"
"122","13.0","33.486","490.687"
"122","14.0","33.5","497.766"
"122","15.0","33.514","504.604"
"122","16.0","33.528","511.165"
"122","17.0","33.542","517.606"
"122","18.0","33.556","523.722"
"122","19.0","33.57","529.44"
"122","20.0","33.584","534.796"
"122","21.0","33.597","539.987"
"122","22.0","33.611","545.274"
"122","23.0","33.624","550.482"
"122","24.0","33.637","555.401"
"122","25.0","33.65","560.075"
"122","26.0","33.663","564.531"
"122","27.0","33.676","568.733"
"122","28.0","33.688","572.704"
"122","29.0","33.699","576.455"
"122","30.0","33.711","580.001"
"122","31.0","33.722","583.393"
"122","32.0","33.732","586.618"
"122","33.0","33.743","589.653"
"122","34.0","33.753","592.491"
"122","35.0","33.762","595.194"
"122","36.0","33.772","597.748"
"122","37.0","33.78","600.155"
"122","38.0","33.789","602.423"
"122","39.0","33.797","604.561"
"122","40.0","33.805","606.598"
"122","41.0","33.813","608.518"
"122","42.0","33.82","610.324"
"122","43.0","33.827","612.034"
"122","44.0","33.834","613.62"
"122","45.0","33.841","615.049"
"122","46.0","33.847","616.316"
"122","47.0","33.852","617.437"
"123","0.0","33.384","1.0"
"123","1.0","33.376","414.823"
"123","2.0","33.364","408.667"
"123","3.0","33.355","412.25"
"123","4.0","33.353","419.515"
"123","5.0","33.355","427.163"
"123","6.0","33.359","434.69"
"123","7.0","33.366","442.436"
"123","8.0","33.375","450.303"
"123","9.0","33.385","458.222"
"123","10.0","33.396","466.159"
"123","11.0","33.408","474.057"
"123","12.0","33.42","481.605"
"123","13.0","33.433","488.879"
"123","14.0","33.446","495.93"
"123","15.0","33.46","502.755"
"123","16.0","33.473","509.319"
"123","17.0","33.487","515.767"
"123","18.0","33.5","521.905"
"123","19.0","33.513","527.635"
"123","20.0","33.527","533.005"
"123","21.0","33.54","538.208"
"123","22.0","33.553","543.484"
"123","23.0","33.566","548.706"
"123","24.0","33.579","553.645"
"123","25.0","33.591","558.351"
"123","26.0","33.604","562.845"
"123","27.0","33.616","567.091"
"123","28.0","33.628","571.1"
"123","29.0","33.64","574.897"
"123","30.0","33.651","578.493"
"123","31.0","33.662","581.929"
"123","32.0","33.672","585.194"
"123","33.0","33.683","588.279"
"123","34.0","33.692","591.167"
"123","35.0","33.702","593.915"
"123","36.0","33.711","596.509"
"123","37.0","33.72","598.96"
"123","38.0","33.729","601.276"
"123","39.0","33.737","603.457"
"123","40.0","33.745","605.527"
"123","41.0","33.753","607.491"
"123","42.0","33.76","609.336"
"123","43.0","33.767","611.093"
"123","44.0","33.774","612.725"
"123","45.0","33.78","614.203"
"123","46.0","33.786","615.521"
"123","47.0","33.792","616.688"
"124","0.0","33.343","0.0"
"124","1.0","33.329","415.882"
"124","2.0","33.324","411.286"
"124","3.0","33.314","413.466"
"124","4.0","33.31","419.668"
"124","5.0","33.311","426.635"
"124","6.0","33.314","433.684"
"124","7.0","33.32","441.05"
"124","8.0","33.327","448.61"
"124","9.0","33.336","456.274"
"124","10.0","33.346","463.999"
"124","11.0","33.357","471.738"
"124","12.0","33.368","479.184"
"124","13.0","33.38","486.385"
"124","14.0","33.393","493.382"
"124","15.0","33.405","500.177"
"124","16.0","33.418","506.738"
"124","17.0","33.431","513.176"
"124","18.0","33.444","519.328"
"124","19.0","33.457","525.064"
"124","20.0","33.469","530.456"
"124","21.0","33.482","535.672"
"124","22.0","33.495","540.928"
"124","23.0","33.507","546.16"
"124","24.0","33.52","551.131"
"124","25.0","33.533","555.876"
"124","26.0","33.545","560.41"
"124","27.0","33.557","564.711"
"124","28.0","33.569","568.785"
"124","29.0","33.58","572.643"
"124","30.0","33.591","576.299"
"124","31.0","33.602","579.795"
"124","32.0","33.613","583.127"
"124","33.0","33.623","586.278"
"124","34.0","33.633","589.227"
"124","35.0","33.642","592.039"
"124","36.0","33.651","594.7"
"124","37.0","33.66","597.213"
"124","38.0","33.669","599.586"
"124","39.0","33.677","601.826"
"124","40.0","33.685","603.955"
"124","41.0","33.693","605.966"
"124","42.0","33.701","607.866"
"124","43.0","33.708","609.688"
"124","44.0","33.715","611.39"
"124","45.0","33.721","612.937"
"124","46.0","33.727","614.323"
"124","47.0","33.733","615.559"
"125","0.0","33.322","0.0"
"125","1.0","33.325","420.543"
"125","2.0","33.315","412.956"
"125","3.0","33.303","415.239"
"125","4.0","33.3","419.981"
"125","5.0","33.3","426.257"
"125","6.0","33.303","432.8"
"125","7.0","33.308","439.763"
"125","8.0","33.315","446.997"
"125","9.0","33.324","454.395"
"125","10.0","33.333","461.892"
"125","11.0","33.344","469.455"
"125","12.0","33.355","476.784"
"125","13.0","33.367","483.905"
"125","14.0","33.38","490.841"
"125","15.0","33.392","497.596"
"125","16.0","33.405","504.148"
"125","17.0","33.417","510.559"
"125","18.0","33.43","516.735"
"125","19.0","33.443","522.468"
"125","20.0","33.456","527.869"
"125","21.0","33.468","533.096"
"125","22.0","33.481","538.345"
"125","23.0","33.494","543.581"
"125","24.0","33.506","548.573"
"125","25.0","33.519","553.352"
"125","26.0","33.531","557.934"
"125","27.0","33.543","562.289"
"125","28.0","33.555","566.416"
"125","29.0","33.566","570.335"
"125","30.0","33.577","574.061"
"125","31.0","33.588","577.62"
"125","32.0","33.599","581.01"
"125","33.0","33.609","584.225"
"125","34.0","33.619","587.247"
"125","35.0","33.628","590.123"
"125","36.0","33.638","592.844"
"125","37.0","33.647","595.42"
"125","38.0","33.655","597.859"
"125","39.0","33.664","600.16"
"125","40.0","33.672","602.342"
"125","41.0","33.679","604.418"
"125","42.0","33.687","606.371"
"125","43.0","33.694","608.261"
"125","44.0","33.701","610.03"
"125","45.0","33.707","611.647"
"125","46.0","33.714","613.104"
"125","47.0","33.719","614.407"
"126","0.0","33.303","0.0"
"126","1.0","33.313","421.506"
"126","2.0","33.305","417.802"
"126","3.0","33.293","418.267"
"126","4.0","33.289","420.679"
"126","5.0","33.289","425.542"
"126","6.0","33.292","430.954"
"126","7.0","33.297","437.01"
"126","8.0","33.304","443.513"
"126","9.0","33.312","450.309"
"126","10.0","33.321","457.296"
"126","11.0","33.332","464.453"
"126","12.0","33.343","471.509"
"126","13.0","33.355","478.437"
"126","14.0","33.367","485.232"
"126","15.0","33.379","491.897"
"126","16.0","33.392","498.409"
"126","17.0","33.404","504.798"
"126","18.0","33.417","510.972"
"126","19.0","33.429","516.688"
"126","20.0","33.442","522.12"
"126","21.0","33.455","527.368"
"126","22.0","33.467","532.589"
"126","23.0","33.48","537.827"
"126","24.0","33.492","542.874"
"126","25.0","33.505","547.729"
"126","26.0","33.517","552.401"
"126","27.0","33.529","556.87"
"126","28.0","33.54","561.127"
"126","29.0","33.552","565.182"
"126","30.0","33.563","569.048"
"126","31.0","33.574","572.745"
"126","32.0","33.584","576.277"
"126","33.0","33.595","579.635"
"126","34.0","33.604","582.803"
"126","35.0","33.614","585.823"
"126","36.0","33.623","588.688"
"126","37.0","33.632","591.405"
"126","38.0","33.641","593.979"
"126","39.0","33.649","596.415"
"126","40.0","33.657","598.726"
"126","41.0","33.665","600.915"
"126","42.0","33.672","603.0"
"126","43.0","33.68","605.039"
"126","44.0","33.686","606.961"
"126","45.0","33.693","608.732"
"126","46.0","33.699","610.345"
"126","47.0","33.705","611.801"
"127","0.0","33.274","0.0"
"127","1.0","33.295","398.472"
"127","2.0","33.29","426.691"
"127","3.0","33.278","420.127"
"127","4.0","33.273","421.402"
"127","5.0","33.273","425.091"
"127","6.0","33.275","429.642"
"127","7.0","33.28","435.005"
"127","8.0","33.286","440.949"
"127","9.0","33.294","447.279"
"127","10.0","33.303","453.871"
"127","11.0","33.313","460.704"
"127","12.0","33.324","467.547"
"127","13.0","33.336","474.317"
"127","14.0","33.347","480.996"
"127","15.0","33.36","487.577"
"127","16.0","33.372","494.042"
"127","17.0","33.384","500.4"
"127","18.0","33.396","506.553"
"127","19.0","33.409","512.236"
"127","20.0","33.421","517.665"
"127","21.0","33.434","522.916"
"127","22.0","33.446","528.109"
"127","23.0","33.458","533.335"
"127","24.0","33.471","538.401"
"127","25.0","33.483","543.299"
"127","26.0","33.495","548.034"
"127","27.0","33.507","552.581"
"127","28.0","33.519","556.919"
"127","29.0","33.53","561.068"
"127","30.0","33.541","565.043"
"127","31.0","33.552","568.84"
"127","32.0","33.562","572.468"
"127","33.0","33.572","575.929"
"127","34.0","33.582","579.215"
"127","35.0","33.592","582.343"
"127","36.0","33.601","585.309"
"127","37.0","33.61","588.131"
"127","38.0","33.619","590.815"
"127","39.0","33.627","593.354"
"127","40.0","33.635","595.757"
"127","41.0","33.643","598.045"
"127","42.0","33.65","600.234"
"127","43.0","33.657","602.393"
"127","44.0","33.664","604.435"
"127","45.0","33.671","606.33"
"127","46.0","33.677","608.067"
"127","47.0","33.683","609.644"
"128","0.0","33.255","0.0"
"128","1.0","33.287","415.005"
"128","2.0","33.275","431.88"
"128","3.0","33.263","422.211"
"128","4.0","33.258","422.129"
"128","5.0","33.258","424.808"
"128","6.0","33.26","428.7"
"128","7.0","33.264","433.525"
"128","8.0","33.27","439.027"
"128","9.0","33.278","444.988"
"128","10.0","33.286","451.273"
"128","11.0","33.296","457.846"
"128","12.0","33.307","464.51"
"128","13.0","33.318","471.152"
"128","14.0","33.329","477.734"
"128","15.0","33.341","484.256"
"128","16.0","33.353","490.686"
"128","17.0","33.365","497.005"
"128","18.0","33.377","503.148"
"128","19.0","33.389","508.805"
"128","20.0","33.402","514.244"
"128","21.0","33.414","519.5"
"128","22.0","33.426","524.673"
"128","23.0","33.438","529.892"
"128","24.0","33.451","534.985"
"128","25.0","33.463","539.92"
"128","26.0","33.475","544.699"
"128","27.0","33.486","549.309"
"128","28.0","33.498","553.722"
"128","29.0","33.509","557.946"
"128","30.0","33.52","561.999"
"128","31.0","33.531","565.876"
"128","32.0","33.541","569.587"
"128","33.0","33.551","573.129"
"128","34.0","33.561","576.5"
"128","35.0","33.57","579.712"
"128","36.0","33.579","582.765"
"128","37.0","33.588","585.667"
"128","38.0","33.597","588.428"
"128","39.0","33.605","591.049"
"128","40.0","33.613","593.531"
"128","41.0","33.621","595.89"
"128","42.0","33.628","598.154"
"128","43.0","33.636","600.405"
"128","44.0","33.642","602.537"
"128","45.0","33.649","604.525"
"128","46.0","33.655","606.356"
"128","47.0","33.661","608.024"
"129","0.0","33.235","0.0"
"129","1.0","33.262","407.474"
"129","2.0","33.255","433.337"
"129","3.0","33.243","423.637"
"129","4.0","33.238","422.562"
"129","5.0","33.237","424.654"
"129","6.0","33.239","428.128"
"129","7.0","33.243","432.602"
"129","8.0","33.249","437.813"
"129","9.0","33.256","443.534"
"129","10.0","33.264","449.617"
"129","11.0","33.273","456.018"
"129","12.0","33.284","462.566"
"129","13.0","33.294","469.121"
"129","14.0","33.305","475.641"
"129","15.0","33.317","482.117"
"129","16.0","33.328","488.526"
"129","17.0","33.34","494.82"
"129","18.0","33.351","500.949"
"129","19.0","33.363","506.588"
"129","20.0","33.375","512.022"
"129","21.0","33.387","517.281"
"129","22.0","33.399","522.448"
"129","23.0","33.411","527.661"
"129","24.0","33.423","532.761"
"129","25.0","33.435","537.719"
"129","26.0","33.446","542.534"
"129","27.0","33.458","547.181"
"129","28.0","33.469","551.634"
"129","29.0","33.48","555.906"
"129","30.0","33.491","560.017"
"129","31.0","33.501","563.944"
"129","32.0","33.511","567.701"
"129","33.0","33.521","571.295"
"129","34.0","33.531","574.728"
"129","35.0","33.54","577.993"
"129","36.0","33.549","581.095"
"129","37.0","33.558","584.049"
"129","38.0","33.566","586.868"
"129","39.0","33.575","589.539"
"129","40.0","33.582","592.065"
"129","41.0","33.59","594.478"
"129","42.0","33.598","596.797"
"129","43.0","33.605","599.106"
"129","44.0","33.611","601.299"
"129","45.0","33.618","603.346"
"129","46.0","33.624","605.236"
"129","47.0","33.63","606.965"
"130","0.0","33.199","0.0"
"130","1.0","33.217","392.799"
"130","2.0","33.211","435.055"
"130","3.0","33.202","424.565"
"130","4.0","33.197","422.918"
"130","5.0","33.196","424.581"
"130","6.0","33.197","427.717"
"130","7.0","33.2","431.891"
"130","8.0","33.205","436.854"
"130","9.0","33.211","442.368"
"130","10.0","33.218","448.277"
"130","11.0","33.227","454.526"
"130","12.0","33.236","460.968"
"130","13.0","33.246","467.444"
"130","14.0","33.256","473.906"
"130","15.0","33.266","480.345"
"130","16.0","33.277","486.724"
"130","17.0","33.288","493.007"
"130","18.0","33.299","499.087"
"130","19.0","33.31","504.704"
"130","20.0","33.321","510.135"
"130","21.0","33.333","515.394"
"130","22.0","33.344","520.549"
"130","23.0","33.355","525.754"
"130","24.0","33.367","530.865"
"130","25.0","33.378","535.84"
"130","26.0","33.389","540.674"
"130","27.0","33.4","545.351"
"130","28.0","33.411","549.843"
"130","29.0","33.422","554.155"
"130","30.0","33.432","558.305"
"130","31.0","33.443","562.273"
"130","32.0","33.452","566.076"
"130","33.0","33.462","569.713"
"130","34.0","33.472","573.189"
"130","35.0","33.481","576.499"
"130","36.0","33.489","579.649"
"130","37.0","33.498","582.648"
"130","38.0","33.506","585.507"
"130","39.0","33.514","588.221"
"130","40.0","33.522","590.792"
"130","41.0","33.53","593.237"
"130","42.0","33.537","595.609"
"130","43.0","33.544","597.97"
"130","44.0","33.551","600.212"
"130","45.0","33.557","602.31"
"130","46.0","33.563","604.252"
"130","47.0","33.569","606.029"
"13","0.0","33.172","0.0"
"13","1.0","33.187","412.446"
"13","2.0","33.18","436.349"
"13","3.0","33.172","425.523"
"13","4.0","33.167","423.315"
"13","5.0","33.165","424.578"
"13","6.0","33.166","427.414"
"13","7.0","33.169","431.328"
"13","8.0","33.173","436.073"
"13","9.0","33.179","441.399"
"13","10.0","33.185","447.153"
"13","11.0","33.193","453.264"
"13","12.0","33.202","459.607"
"13","13.0","33.211","466.007"
"13","14.0","33.22","472.414"
"13","15.0","33.23","478.813"
"13","16.0","33.24","485.164"
"13","17.0","33.25","491.432"
"13","18.0","33.261","497.46"
"13","19.0","33.272","503.051"
"13","20.0","33.282","508.466"
"13","21.0","33.293","513.721"
"13","22.0","33.304","518.875"
"13","23.0","33.315","524.07"
"13","24.0","33.327","529.18"
"13","25.0","33.338","534.168"
"13","26.0","33.348","539.025"
"13","27.0","33.359","543.725"
"13","28.0","33.37","548.242"
"13","29.0","33.38","552.588"
"13","30.0","33.391","556.777"
"13","31.0","33.4","560.781"
"13","32.0","33.41","564.615"
"13","33.0","33.42","568.291"
"13","34.0","33.429","571.812"
"13","35.0","33.438","575.16"
"13","36.0","33.447","578.344"
"13","37.0","33.455","581.382"
"13","38.0","33.463","584.283"
"13","39.0","33.471","587.034"
"13","40.0","33.479","589.637"
"13","41.0","33.487","592.122"
"13","42.0","33.494","594.546"
"13","43.0","33.501","596.952"
"13","44.0","33.507","599.239"
"13","45.0","33.514","601.381"
"13","46.0","33.52","603.367"
"13","47.0","33.525","605.188"
"13_sec13_0","0.0","33.172","0.0"
"13_sec13_0","1.0","33.187","412.446"
"13_sec13_0","2.0","33.18","436.349"
"13_sec13_0","3.0","33.172","425.523"
"13_sec13_0","4.0","33.167","423.315"
"13_sec13_0","5.0","33.165","424.578"
"13_sec13_0","6.0","33.166","427.414"
"13_sec13_0","7.0","33.169","431.328"
"13_sec13_0","8.0","33.173","436.073"
"13_sec13_0","9.0","33.179","441.399"
"13_sec13_0","10.0","33.185","447.153"
"13_sec13_0","11.0","33.193","453.264"
"13_sec13_0","12.0","33.202","459.607"
"13_sec13_0","13.0","33.211","466.007"
"13_sec13_0","14.0","33.22","472.414"
"13_sec13_0","15.0","33.23","478.813"
"13_sec13_0","16.0","33.24","485.164"
"13_sec13_0","17.0","33.25","491.432"
"13_sec13_0","18.0","33.261","497.46"
"13_sec13_0","19.0","33.272","503.051"
"13_sec13_0","20.0","33.282","508.466"
"13_sec13_0","21.0","33.293","513.721"
"13_sec13_0","22.0","33.304","518.875"
"13_sec13_0","23.0","33.315","524.07"
"13_sec13_0","24.0","33.327","529.18"
"13_sec13_0","25.0","33.338","534.168"
"13_sec13_0","26.0","33.348","539.025"
"13_sec13_0","27.0","33.359","543.725"
"13_sec13_0","28.0","33.37","548.242"
"13_sec13_0","29.0","33.38","552.588"
"13_sec13_0","30.0","33.391","556.777"
"13_sec13_0","31.0","33.4","560.781"
"13_sec13_0","32.0","33.41","564.615"
"13_sec13_0","33.0","33.42","568.291"
"13_sec13_0","34.0","33.429","571.812"
"13_sec13_0","35.0","33.438","575.16"
"13_sec13_0","36.0","33.447","578.344"
"13_sec13_0","37.0","33.455","581.382"
"13_sec13_0","38.0","33.463","584.283"
"13_sec13_0","39.0","33.471","587.034"
"13_sec13_0","40.0","33.479","589.637"
"13_sec13_0","41.0","33.487","592.122"
"13_sec13_0","42.0","33.494","594.546"
"13_sec13_0","43.0","33.501","596.952"
"13_sec13_0","44.0","33.507","599.239"
"13_sec13_0","45.0","33.514","601.381"
"13_sec13_0","46.0","33.52","603.367"
"13_sec13_0","47.0","33.525","605.188"
"131","0.0","33.155","0.0"
"131","1.0","33.168","422.01"
"131","2.0","33.161","439.571"
"131","3.0","33.154","427.502"
"131","4.0","33.149","424.124"
"131","5.0","33.147","424.65"
"131","6.0","33.148","426.994"
"131","7.0","33.15","430.479"
"131","8.0","33.154","434.852"
"131","9.0","33.159","439.865"
"131","10.0","33.165","445.351"
"131","11.0","33.173","451.233"
"131","12.0","33.181","457.403"
"131","13.0","33.189","463.671"
"131","14.0","33.198","469.984"
"131","15.0","33.208","476.312"
"131","16.0","33.217","482.614"
"131","17.0","33.227","488.829"
"131","18.0","33.237","494.755"
"131","19.0","33.248","500.298"
"131","20.0","33.258","505.688"
"131","21.0","33.269","510.933"
"131","22.0","33.279","516.076"
"131","23.0","33.29","521.249"
"131","24.0","33.301","526.364"
"131","25.0","33.312","531.372"
"131","26.0","33.322","536.253"
"131","27.0","33.333","540.989"
"131","28.0","33.343","545.555"
"131","29.0","33.353","549.953"
"131","30.0","33.363","554.195"
"131","31.0","33.373","558.256"
"131","32.0","33.383","562.152"
"131","33.0","33.392","565.892"
"131","34.0","33.401","569.474"
"131","35.0","33.41","572.885"
"131","36.0","33.418","576.136"
"131","37.0","33.427","579.239"
"131","38.0","33.435","582.2"
"131","39.0","33.443","585.012"
"131","40.0","33.45","587.679"
"131","41.0","33.458","590.223"
"131","42.0","33.465","592.73"
"131","43.0","33.471","595.214"
"131","44.0","33.478","597.574"
"131","45.0","33.484","599.791"
"131","46.0","33.49","601.851"
"131","47.0","33.496","603.743"
"132","0.0","33.142","13.0"
"132","1.0","33.151","412.819"
"132","2.0","33.147","442.065"
"132","3.0","33.14","428.349"
"132","4.0","33.135","424.568"
"132","5.0","33.133","424.706"
"132","6.0","33.134","426.797"
"132","7.0","33.136","430.061"
"132","8.0","33.14","434.245"
"132","9.0","33.144","439.093"
"132","10.0","33.15","444.438"
"132","11.0","33.157","450.203"
"132","12.0","33.165","456.279"
"132","13.0","33.173","462.477"
"132","14.0","33.182","468.739"
"132","15.0","33.191","475.031"
"132","16.0","33.2","481.304"
"132","17.0","33.21","487.489"
"132","18.0","33.22","493.363"
"132","19.0","33.23","498.877"
"132","20.0","33.24","504.247"
"132","21.0","33.251","509.485"
"132","22.0","33.261","514.629"
"132","23.0","33.271","519.789"
"132","24.0","33.282","524.9"
"132","25.0","33.292","529.916"
"132","26.0","33.303","534.815"
"132","27.0","33.313","539.568"
"132","28.0","33.323","544.153"
"132","29.0","33.333","548.577"
"132","30.0","33.343","552.85"
"132","31.0","33.353","556.941"
"132","32.0","33.362","560.863"
"132","33.0","33.371","564.635"
"132","34.0","33.38","568.254"
"132","35.0","33.389","571.696"
"132","36.0","33.397","574.975"
"132","37.0","33.405","578.111"
"132","38.0","33.413","581.107"
"132","39.0","33.421","583.951"
"132","40.0","33.429","586.645"
"132","41.0","33.436","589.226"
"132","42.0","33.443","591.78"
"132","43.0","33.45","594.304"
"132","44.0","33.456","596.704"
"132","45.0","33.462","598.958"
"132","46.0","33.468","601.054"
"132","47.0","33.474","602.985"
"133","0.0","33.127","1.0"
"133","1.0","33.128","414.381"
"133","2.0","33.13","443.059"
"133","3.0","33.124","429.079"
"133","4.0","33.119","425.059"
"133","5.0","33.117","424.805"
"133","6.0","33.117","426.619"
"133","7.0","33.119","429.655"
"133","8.0","33.123","433.636"
"133","9.0","33.127","438.312"
"133","10.0","33.133","443.505"
"133","11.0","33.14","449.147"
"133","12.0","33.147","455.128"
"133","13.0","33.155","461.249"
"133","14.0","33.163","467.457"
"133","15.0","33.172","473.705"
"133","16.0","33.181","479.949"
"133","17.0","33.19","486.109"
"133","18.0","33.199","491.9"
"133","19.0","33.209","497.38"
"133","20.0","33.219","502.732"
"133","21.0","33.229","507.962"
"133","22.0","33.239","513.1"
"133","23.0","33.249","518.243"
"133","24.0","33.26","523.356"
"133","25.0","33.27","528.38"
"133","26.0","33.28","533.288"
"133","27.0","33.29","538.058"
"133","28.0","33.3","542.668"
"133","29.0","33.31","547.119"
"133","30.0","33.319","551.418"
"133","31.0","33.329","555.538"
"133","32.0","33.338","559.494"
"133","33.0","33.347","563.3"
"133","34.0","33.356","566.95"
"133","35.0","33.364","570.425"
"133","36.0","33.372","573.74"
"133","37.0","33.38","576.911"
"133","38.0","33.388","579.938"
"133","39.0","33.396","582.813"
"133","40.0","33.403","585.543"
"133","41.0","33.411","588.151"
"133","42.0","33.417","590.76"
"133","43.0","33.424","593.327"
"133","44.0","33.43","595.767"
"133","45.0","33.436","598.062"
"133","46.0","33.442","600.198"
"133","47.0","33.448","602.167"
"134","0.0","33.112","0.0"
"134","1.0","33.118","419.78"
"134","2.0","33.115","442.399"
"134","3.0","33.11","429.852"
"134","4.0","33.106","425.463"
"134","5.0","33.104","424.9"
"134","6.0","33.104","426.488"
"134","7.0","33.105","429.334"
"134","8.0","33.109","433.153"
"134","9.0","33.113","437.687"
"134","10.0","33.118","442.756"
"134","11.0","33.124","448.298"
"134","12.0","33.131","454.196"
"134","13.0","33.139","460.252"
"134","14.0","33.147","466.415"
"134","15.0","33.155","472.631"
"134","16.0","33.164","478.845"
"134","17.0","33.173","485.002"
"134","18.0","33.182","490.712"
"134","19.0","33.191","496.161"
"134","20.0","33.201","501.491"
"134","21.0","33.211","506.714"
"134","22.0","33.221","511.853"
"134","23.0","33.231","516.982"
"134","24.0","33.241","522.089"
"134","25.0","33.251","527.119"
"134","26.0","33.26","532.041"
"134","27.0","33.27","536.822"
"134","28.0","33.28","541.445"
"134","29.0","33.289","545.919"
"134","30.0","33.299","550.243"
"134","31.0","33.308","554.385"
"134","32.0","33.317","558.363"
"134","33.0","33.326","562.196"
"134","34.0","33.334","565.877"
"134","35.0","33.343","569.378"
"134","36.0","33.351","572.716"
"134","37.0","33.359","575.915"
"134","38.0","33.366","578.973"
"134","39.0","33.374","581.873"
"134","40.0","33.381","584.625"
"134","41.0","33.388","587.261"
"134","42.0","33.395","589.921"
"134","43.0","33.401","592.523"
"134","44.0","33.408","594.996"
"134","45.0","33.413","597.324"
"134","46.0","33.419","599.491"
"134","47.0","33.425","601.492"
"135","0.0","33.099","0.0"
"135","1.0","33.109","425.657"
"135","2.0","33.103","441.963"
"135","3.0","33.099","430.899"
"135","4.0","33.094","425.889"
"135","5.0","33.092","425.016"
"135","6.0","33.092","426.378"
"135","7.0","33.094","429.036"
"135","8.0","33.097","432.692"
"135","9.0","33.101","437.083"
"135","10.0","33.106","442.027"
"135","11.0","33.112","447.468"
"135","12.0","33.119","453.283"
"135","13.0","33.126","459.273"
"135","14.0","33.134","465.39"
"135","15.0","33.142","471.57"
"135","16.0","33.15","477.756"
"135","17.0","33.159","483.91"
"135","18.0","33.168","489.517"
"135","19.0","33.177","494.929"
"135","20.0","33.186","500.236"
"135","21.0","33.196","505.446"
"135","22.0","33.206","510.574"
"135","23.0","33.215","515.684"
"135","24.0","33.225","520.784"
"135","25.0","33.235","525.815"
"135","26.0","33.244","530.74"
"135","27.0","33.254","535.528"
"135","28.0","33.264","540.164"
"135","29.0","33.273","544.656"
"135","30.0","33.282","548.997"
"135","31.0","33.291","553.158"
"135","32.0","33.3","557.16"
"135","33.0","33.308","561.018"
"135","34.0","33.317","564.722"
"135","35.0","33.325","568.246"
"135","36.0","33.333","571.611"
"135","37.0","33.341","574.838"
"135","38.0","33.348","577.919"
"135","39.0","33.356","580.843"
"135","40.0","33.363","583.622"
"135","41.0","33.37","586.277"
"135","42.0","33.377","588.992"
"135","43.0","33.383","591.633"
"135","44.0","33.389","594.14"
"135","45.0","33.395","596.5"
"135","46.0","33.4","598.701"
"135","47.0","33.406","600.735"
"136","0.0","33.081","0.0"
"136","1.0","33.09","421.434"
"136","2.0","33.088","442.529"
"136","3.0","33.085","432.659"
"136","4.0","33.081","426.763"
"136","5.0","33.079","425.261"
"136","6.0","33.078","426.178"
"136","7.0","33.08","428.449"
"136","8.0","33.083","431.771"
"136","9.0","33.086","435.87"
"136","10.0","33.091","440.558"
"136","11.0","33.097","445.792"
"136","12.0","33.103","451.439"
"136","13.0","33.11","457.291"
"136","14.0","33.118","463.312"
"136","15.0","33.126","469.418"
"136","16.0","33.134","475.544"
"136","17.0","33.142","481.687"
"136","18.0","33.15","487.104"
"136","19.0","33.16","492.445"
"136","20.0","33.169","497.704"
"136","21.0","33.178","502.898"
"136","22.0","33.188","508.019"
"136","23.0","33.197","513.104"
"136","24.0","33.207","518.196"
"136","25.0","33.216","523.238"
"136","26.0","33.226","528.185"
"136","27.0","33.235","532.994"
"136","28.0","33.244","537.66"
"136","29.0","33.254","542.195"
"136","30.0","33.263","546.584"
"136","31.0","33.271","550.79"
"136","32.0","33.28","554.837"
"136","33.0","33.289","558.751"
"136","34.0","33.297","562.514"
"136","35.0","33.305","566.088"
"136","36.0","33.313","569.502"
"136","37.0","33.321","572.788"
"136","38.0","33.328","575.926"
"136","39.0","33.335","578.901"
"136","40.0","33.342","581.728"
"136","41.0","33.349","584.437"
"136","42.0","33.356","587.263"
"136","43.0","33.362","589.976"
"136","44.0","33.368","592.55"
"136","45.0","33.374","594.976"
"136","46.0","33.379","597.239"
"136","47.0","33.385","599.335"
"137","0.0","33.074","0.0"
"137","1.0","33.085","413.203"
"137","2.0","33.083","442.972"
"137","3.0","33.08","433.369"
"137","4.0","33.075","427.385"
"137","5.0","33.073","425.452"
"137","6.0","33.073","426.056"
"137","7.0","33.075","428.055"
"137","8.0","33.077","431.142"
"137","9.0","33.081","435.031"
"137","10.0","33.086","439.542"
"137","11.0","33.091","444.627"
"137","12.0","33.098","450.147"
"137","13.0","33.105","455.904"
"137","14.0","33.112","461.856"
"137","15.0","33.12","467.909"
"137","16.0","33.128","473.991"
"137","17.0","33.136","480.111"
"137","18.0","33.144","485.393"
"137","19.0","33.153","490.682"
"137","20.0","33.162","495.91"
"137","21.0","33.172","501.091"
"137","22.0","33.181","506.2"
"137","23.0","33.19","511.27"
"137","24.0","33.2","516.36"
"137","25.0","33.209","521.409"
"137","26.0","33.219","526.366"
"137","27.0","33.228","531.189"
"137","28.0","33.237","535.88"
"137","29.0","33.246","540.447"
"137","30.0","33.255","544.864"
"137","31.0","33.264","549.101"
"137","32.0","33.273","553.186"
"137","33.0","33.281","557.139"
"137","34.0","33.289","560.936"
"137","35.0","33.297","564.547"
"137","36.0","33.305","568.001"
"137","37.0","33.313","571.327"
"137","38.0","33.32","574.501"
"137","39.0","33.328","577.511"
"137","40.0","33.335","580.379"
"137","41.0","33.342","583.128"
"137","42.0","33.348","586.027"
"137","43.0","33.354","588.794"
"137","44.0","33.36","591.415"
"137","45.0","33.366","593.888"
"137","46.0","33.372","596.196"
"137","47.0","33.377","598.335"
"138","0.0","33.064","0.0"
"138","1.0","33.077","421.398"
"138","2.0","33.073","443.684"
"138","3.0","33.07","434.366"
"138","4.0","33.066","428.24"
"138","5.0","33.064","425.724"
"138","6.0","33.064","425.89"
"138","7.0","33.065","427.519"
"138","8.0","33.068","430.281"
"138","9.0","33.071","433.886"
"138","10.0","33.076","438.148"
"138","11.0","33.081","443.03"
"138","12.0","33.088","448.384"
"138","13.0","33.094","454.005"
"138","14.0","33.101","459.859"
"138","15.0","33.109","465.838"
"138","16.0","33.117","471.861"
"138","17.0","33.124","477.924"
"138","18.0","33.133","483.036"
"138","19.0","33.142","488.251"
"138","20.0","33.151","493.429"
"138","21.0","33.16","498.59"
"138","22.0","33.169","503.688"
"138","23.0","33.178","508.737"
"138","24.0","33.187","513.815"
"138","25.0","33.197","518.873"
"138","26.0","33.206","523.849"
"138","27.0","33.215","528.692"
"138","28.0","33.224","533.409"
"138","29.0","33.233","538.016"
"138","30.0","33.242","542.478"
"138","31.0","33.251","546.758"
"138","32.0","33.259","550.886"
"138","33.0","33.268","554.892"
"138","34.0","33.276","558.745"
"138","35.0","33.284","562.404"
"138","36.0","33.291","565.905"
"138","37.0","33.299","569.287"
"138","38.0","33.306","572.516"
"138","39.0","33.313","575.575"
"138","40.0","33.32","578.489"
"138","41.0","33.327","581.303"
"138","42.0","33.334","584.304"
"138","43.0","33.34","587.143"
"138","44.0","33.346","589.831"
"138","45.0","33.351","592.366"
"138","46.0","33.357","594.736"
"138","47.0","33.362","596.936"
"139","0.0","33.048","0.0"
"139","1.0","33.056","415.948"
"139","2.0","33.054","444.648"
"139","3.0","33.052","435.82"
"139","4.0","33.048","429.022"
"139","5.0","33.047","425.991"
"139","6.0","33.046","425.76"
"139","7.0","33.047","427.071"
"139","8.0","33.05","429.547"
"139","9.0","33.053","432.892"
"139","10.0","33.057","436.94"
"139","11.0","33.063","441.643"
"139","12.0","33.068","446.841"
"139","13.0","33.075","452.345"
"139","14.0","33.081","458.112"
"139","15.0","33.088","464.019"
"139","16.0","33.096","469.993"
"139","17.0","33.103","475.964"
"139","18.0","33.111","480.932"
"139","19.0","33.119","486.08"
"139","20.0","33.128","491.22"
"139","21.0","33.137","496.359"
"139","22.0","33.146","501.438"
"139","23.0","33.155","506.469"
"139","24.0","33.164","511.544"
"139","25.0","33.173","516.608"
"139","26.0","33.182","521.591"
"139","27.0","33.19","526.451"
"139","28.0","33.199","531.198"
"139","29.0","33.208","535.839"
"139","30.0","33.216","540.332"
"139","31.0","33.225","544.649"
"139","32.0","33.233","548.823"
"139","33.0","33.241","552.875"
"139","34.0","33.249","556.768"
"139","35.0","33.257","560.469"
"139","36.0","33.264","564.021"
"139","37.0","33.272","567.451"
"139","38.0","33.279","570.72"
"139","39.0","33.286","573.822"
"139","40.0","33.293","576.787"
"139","41.0","33.299","579.668"
"139","42.0","33.306","582.755"
"139","43.0","33.312","585.657"
"139","44.0","33.317","588.404"
"139","45.0","33.323","590.996"
"139","46.0","33.328","593.419"
"139","47.0","33.333","595.672"
"140","0.0","33.04","0.0"
"140","1.0","33.046","407.246"
"140","2.0","33.043","443.798"
"140","3.0","33.041","436.446"
"140","4.0","33.038","429.333"
"140","5.0","33.036","426.104"
"140","6.0","33.036","425.706"
"140","7.0","33.037","426.881"
"140","8.0","33.039","429.235"
"140","9.0","33.043","432.473"
"140","10.0","33.047","436.427"
"140","11.0","33.052","441.054"
"140","12.0","33.057","446.187"
"140","13.0","33.063","451.64"
"140","14.0","33.07","457.368"
"140","15.0","33.076","463.248"
"140","16.0","33.083","469.197"
"140","17.0","33.09","475.113"
"140","18.0","33.098","480.03"
"140","19.0","33.107","485.148"
"140","20.0","33.115","490.265"
"140","21.0","33.124","495.394"
"140","22.0","33.132","500.472"
"140","23.0","33.141","505.494"
"140","24.0","33.15","510.561"
"140","25.0","33.159","515.627"
"140","26.0","33.167","520.619"
"140","27.0","33.176","525.486"
"140","28.0","33.185","530.239"
"140","29.0","33.193","534.894"
"140","30.0","33.201","539.406"
"140","31.0","33.21","543.738"
"140","32.0","33.218","547.925"
"140","33.0","33.226","551.997"
"140","34.0","33.233","555.913"
"140","35.0","33.241","559.632"
"140","36.0","33.248","563.199"
"140","37.0","33.256","566.648"
"140","38.0","33.263","569.941"
"140","39.0","33.269","573.061"
"140","40.0","33.276","576.041"
"140","41.0","33.283","578.958"
"140","42.0","33.289","582.079"
"140","43.0","33.295","585.01"
"140","44.0","33.3","587.782"
"140","45.0","33.306","590.396"
"140","46.0","33.311","592.843"
"140","47.0","33.316","595.118"
"141","0.0","33.026","0.0"
"141","1.0","33.028","410.424"
"141","2.0","33.028","441.161"
"141","3.0","33.027","436.71"
"141","4.0","33.024","429.676"
"141","5.0","33.022","426.253"
"141","6.0","33.022","425.654"
"141","7.0","33.023","426.677"
"141","8.0","33.025","428.888"
"141","9.0","33.028","431.996"
"141","10.0","33.032","435.847"
"141","11.0","33.036","440.384"
"141","12.0","33.042","445.439"
"141","13.0","33.047","450.834"
"141","14.0","33.054","456.518"
"141","15.0","33.06","462.358"
"141","16.0","33.067","468.285"
"141","17.0","33.073","474.126"
"141","18.0","33.081","478.972"
"141","19.0","33.089","484.051"
"141","20.0","33.097","489.151"
"141","21.0","33.106","494.267"
"141","22.0","33.114","499.332"
"141","23.0","33.122","504.344"
"141","24.0","33.131","509.413"
"141","25.0","33.139","514.481"
"141","26.0","33.148","519.472"
"141","27.0","33.156","524.346"
"141","28.0","33.165","529.117"
"141","29.0","33.173","533.788"
"141","30.0","33.181","538.31"
"141","31.0","33.189","542.66"
"141","32.0","33.197","546.874"
"141","33.0","33.205","550.967"
"141","34.0","33.212","554.899"
"141","35.0","33.22","558.638"
"141","36.0","33.227","562.234"
"141","37.0","33.234","565.706"
"141","38.0","33.241","569.014"
"141","39.0","33.248","572.155"
"141","40.0","33.254","575.163"
"141","41.0","33.261","578.122"
"141","42.0","33.267","581.286"
"141","43.0","33.272","584.249"
"141","44.0","33.278","587.051"
"141","45.0","33.283","589.692"
"141","46.0","33.288","592.165"
"141","47.0","33.293","594.466"
"4_sec13_12","0.0","33.016","0.0"
"4_sec13_12","1.0","33.016","413.399"
"4_sec13_12","2.0","33.017","439.798"
"4_sec13_12","3.0","33.016","436.753"
"4_sec13_12","4.0","33.013","430.038"
"4_sec13_12","5.0","33.012","426.407"
"4_sec13_12","6.0","33.012","425.598"
"4_sec13_12","7.0","33.012","426.443"
"4_sec13_12","8.0","33.014","428.497"
"4_sec13_12","9.0","33.017","431.463"
"4_sec13_12","10.0","33.021","435.195"
"4_sec13_12","11.0","33.025","439.631"
"4_sec13_12","12.0","33.03","444.597"
"4_sec13_12","13.0","33.036","449.925"
"4_sec13_12","14.0","33.042","455.558"
"4_sec13_12","15.0","33.048","461.36"
"4_sec13_12","16.0","33.054","467.256"
"4_sec13_12","17.0","33.061","472.997"
"4_sec13_12","18.0","33.068","477.774"
"4_sec13_12","19.0","33.076","482.808"
"4_sec13_12","20.0","33.084","487.877"
"4_sec13_12","21.0","33.092","492.979"
"4_sec13_12","22.0","33.1","498.037"
"4_sec13_12","23.0","33.109","503.041"
"4_sec13_12","24.0","33.117","508.101"
"4_sec13_12","25.0","33.125","513.171"
"4_sec13_12","26.0","33.134","518.17"
"4_sec13_12","27.0","33.142","523.053"
"4_sec13_12","28.0","33.15","527.833"
"4_sec13_12","29.0","33.158","532.521"
"4_sec13_12","30.0","33.166","537.066"
"4_sec13_12","31.0","33.174","541.436"
"4_sec13_12","32.0","33.181","545.667"
"4_sec13_12","33.0","33.189","549.786"
"4_sec13_12","34.0","33.196","553.745"
"4_sec13_12","35.0","33.204","557.507"
"4_sec13_12","36.0","33.211","561.123"
"4_sec13_12","37.0","33.218","564.621"
"4_sec13_12","38.0","33.224","567.958"
"4_sec13_12","39.0","33.231","571.121"
"4_sec13_12","40.0","33.238","574.151"
"4_sec13_12","41.0","33.244","577.165"
"4_sec13_12","42.0","33.25","580.377"
"4_sec13_12","43.0","33.255","583.377"
"4_sec13_12","44.0","33.261","586.211"
"4_sec13_12","45.0","33.266","588.883"
"4_sec13_12","46.0","33.271","591.384"
"4_sec13_12","47.0","33.276","593.714"
"7_sec14_0","0.0","34.705","0.0"
"7_sec14_0","1.0","35.014","891.795"
"7_sec14_0","2.0","35.086","951.981"
"7_sec14_0","3.0","35.157","964.435"
"7_sec14_0","4.0","35.212","962.726"
"7_sec14_0","5.0","35.264","956.218"
"7_sec14_0","6.0","35.312","950.586"
"7_sec14_0","7.0","35.356","945.01"
"7_sec14_0","8.0","35.396","940.471"
"7_sec14_0","9.0","35.432","935.067"
"7_sec14_0","10.0","35.467","929.625"
"7_sec14_0","11.0","35.498","924.5"
"7_sec14_0","12.0","35.529","922.154"
"7_sec14_0","13.0","35.557","917.824"
"7_sec14_0","14.0","35.583","913.624"
"7_sec14_0","15.0","35.607","909.486"
"7_sec14_0","16.0","35.63","905.489"
"7_sec14_0","17.0","35.652","902.209"
"7_sec14_0","18.0","35.672","899.696"
"7_sec14_0","19.0","35.691","897.385"
"7_sec14_0","20.0","35.709","894.888"
"7_sec14_0","21.0","35.726","892.583"
"7_sec14_0","22.0","35.742","890.398"
"7_sec14_0","23.0","35.757","888.381"
"7_sec14_0","24.0","35.771","886.49"
"7_sec14_0","25.0","35.784","884.711"
"7_sec14_0","26.0","35.797","883.066"
"7_sec14_0","27.0","35.808","881.537"
"7_sec14_0","28.0","35.819","880.129"
"7_sec14_0","29.0","35.829","878.788"
"7_sec14_0","30.0","35.839","877.481"
"7_sec14_0","31.0","35.848","876.219"
"7_sec14_0","32.0","35.856","875.0"
"7_sec14_0","33.0","35.864","873.765"
"7_sec14_0","34.0","35.871","872.65"
"7_sec14_0","35.0","35.878","871.597"
"7_sec14_0","36.0","35.885","870.606"
"7_sec14_0","37.0","35.891","869.664"
"7_sec14_0","38.0","35.896","868.764"
"7_sec14_0","39.0","35.902","867.895"
"7_sec14_0","40.0","35.907","867.041"
"7_sec14_0","41.0","35.911","865.143"
"7_sec14_0","42.0","35.914","862.032"
"7_sec14_0","43.0","35.917","858.85"
"7_sec14_0","44.0","35.919","855.605"
"7_sec14_0","45.0","35.921","852.406"
"7_sec14_0","46.0","35.922","849.25"
"7_sec14_0","47.0","35.923","846.138"
"142","0.0","34.702","0.0"
"142","1.0","34.967","906.619"
"142","2.0","35.04","942.059"
"142","3.0","35.107","951.87"
"142","4.0","35.167","948.226"
"142","5.0","35.221","942.653"
"142","6.0","35.271","937.983"
"142","7.0","35.316","933.435"
"142","8.0","35.358","929.84"
"142","9.0","35.396","925.206"
"142","10.0","35.432","920.481"
"142","11.0","35.465","915.999"
"142","12.0","35.497","913.994"
"142","13.0","35.526","910.27"
"142","14.0","35.553","906.596"
"142","15.0","35.578","902.921"
"142","16.0","35.602","899.35"
"142","17.0","35.624","896.374"
"142","18.0","35.645","894.178"
"142","19.0","35.665","892.206"
"142","20.0","35.683","890.017"
"142","21.0","35.701","888.014"
"142","22.0","35.717","886.11"
"142","23.0","35.732","884.354"
"142","24.0","35.747","882.706"
"142","25.0","35.76","881.158"
"142","26.0","35.773","879.733"
"142","27.0","35.785","878.409"
"142","28.0","35.796","877.192"
"142","29.0","35.807","876.03"
"142","30.0","35.816","874.898"
"142","31.0","35.826","873.797"
"142","32.0","35.834","872.732"
"142","33.0","35.842","871.642"
"142","34.0","35.85","870.665"
"142","35.0","35.857","869.738"
"142","36.0","35.863","868.861"
"142","37.0","35.87","868.031"
"142","38.0","35.875","867.24"
"142","39.0","35.881","866.472"
"142","40.0","35.886","865.709"
"142","41.0","35.89","864.087"
"142","42.0","35.894","861.179"
"142","43.0","35.897","858.162"
"142","44.0","35.899","855.067"
"142","45.0","35.901","852.008"
"142","46.0","35.902","848.981"
"142","47.0","35.903","845.992"
"143","0.0","34.699","0.0"
"143","1.0","34.921","880.535"
"143","2.0","35.01","924.372"
"143","3.0","35.074","943.673"
"143","4.0","35.137","932.18"
"143","5.0","35.192","927.1"
"143","6.0","35.242","923.216"
"143","7.0","35.289","919.638"
"143","8.0","35.331","917.073"
"143","9.0","35.371","913.304"
"143","10.0","35.407","909.405"
"143","11.0","35.441","905.641"
"143","12.0","35.473","904.04"
"143","13.0","35.503","901.035"
"143","14.0","35.531","897.974"
"143","15.0","35.557","894.844"
"143","16.0","35.581","891.779"
"143","17.0","35.604","889.185"
"143","18.0","35.625","887.356"
"143","19.0","35.645","885.773"
"143","20.0","35.664","883.973"
"143","21.0","35.682","882.327"
"143","22.0","35.698","880.755"
"143","23.0","35.714","879.313"
"143","24.0","35.729","877.966"
"143","25.0","35.742","876.701"
"143","26.0","35.755","875.535"
"143","27.0","35.767","874.464"
"143","28.0","35.779","873.49"
"143","29.0","35.789","872.549"
"143","30.0","35.799","871.622"
"143","31.0","35.809","870.721"
"143","32.0","35.817","869.854"
"143","33.0","35.825","868.95"
"143","34.0","35.833","868.135"
"143","35.0","35.84","867.366"
"143","36.0","35.847","866.642"
"143","37.0","35.853","865.951"
"143","38.0","35.859","865.288"
"143","39.0","35.865","864.646"
"143","40.0","35.87","864.007"
"143","41.0","35.874","862.694"
"143","42.0","35.878","860.045"
"143","43.0","35.881","857.238"
"143","44.0","35.884","854.333"
"143","45.0","35.885","851.452"
"143","46.0","35.887","848.594"
"143","47.0","35.888","845.761"
"144","0.0","34.695","14.0"
"144","1.0","34.907","790.217"
"144","2.0","34.979","882.078"
"144","3.0","35.041","934.612"
"144","4.0","35.106","915.701"
"144","5.0","35.162","911.104"
"144","6.0","35.214","908.23"
"144","7.0","35.262","905.875"
"144","8.0","35.305","904.358"
"144","9.0","35.346","901.506"
"144","10.0","35.383","898.471"
"144","11.0","35.418","895.456"
"144","12.0","35.451","894.294"
"144","13.0","35.481","892.027"
"144","14.0","35.51","889.591"
"144","15.0","35.536","887.025"
"144","16.0","35.561","884.476"
"144","17.0","35.584","882.284"
"144","18.0","35.605","880.837"
"144","19.0","35.626","879.633"
"144","20.0","35.645","878.225"
"144","21.0","35.663","876.935"
"144","22.0","35.68","875.702"
"144","23.0","35.696","874.57"
"144","24.0","35.711","873.512"
"144","25.0","35.725","872.522"
"144","26.0","35.738","871.617"
"144","27.0","35.75","870.79"
"144","28.0","35.762","870.04"
"144","29.0","35.773","869.31"
"144","30.0","35.783","868.589"
"144","31.0","35.792","867.877"
"144","32.0","35.801","867.185"
"144","33.0","35.809","866.457"
"144","34.0","35.817","865.804"
"144","35.0","35.824","865.182"
"144","36.0","35.831","864.592"
"144","37.0","35.838","864.032"
"144","38.0","35.844","863.496"
"144","39.0","35.849","862.972"
"144","40.0","35.854","862.439"
"144","41.0","35.859","861.393"
"144","42.0","35.863","858.984"
"144","43.0","35.866","856.363"
"144","44.0","35.869","853.636"
"144","45.0","35.871","850.919"
"144","46.0","35.872","848.212"
"144","47.0","35.873","845.523"
"145","0.0","34.69","1.0"
"145","1.0","34.898","728.255"
"145","2.0","34.953","849.54"
"145","3.0","35.008","913.485"
"145","4.0","35.073","893.163"
"145","5.0","35.129","889.805"
"145","6.0","35.183","888.484"
"145","7.0","35.232","887.89"
"145","8.0","35.277","887.722"
"145","9.0","35.318","886.112"
"145","10.0","35.357","884.245"
"145","11.0","35.392","882.246"
"145","12.0","35.426","881.668"
"145","13.0","35.457","880.392"
"145","14.0","35.486","878.767"
"145","15.0","35.513","876.947"
"145","16.0","35.539","875.073"
"145","17.0","35.562","873.427"
"145","18.0","35.584","872.47"
"145","19.0","35.605","871.749"
"145","20.0","35.625","870.865"
"145","21.0","35.643","870.036"
"145","22.0","35.661","869.234"
"145","23.0","35.677","868.504"
"145","24.0","35.692","867.827"
"145","25.0","35.706","867.193"
"145","26.0","35.719","866.613"
"145","27.0","35.732","866.101"
"145","28.0","35.744","865.647"
"145","29.0","35.755","865.188"
"145","30.0","35.765","864.72"
"145","31.0","35.774","864.252"
"145","32.0","35.783","863.797"
"145","33.0","35.792","863.293"
"145","34.0","35.8","862.835"
"145","35.0","35.807","862.402"
"145","36.0","35.814","861.994"
"145","37.0","35.821","861.601"
"145","38.0","35.827","861.217"
"145","39.0","35.832","860.84"
"145","40.0","35.838","860.454"
"145","41.0","35.842","859.708"
"145","42.0","35.846","857.601"
"145","43.0","35.85","855.216"
"145","44.0","35.852","852.712"
"145","45.0","35.855","850.201"
"145","46.0","35.856","847.689"
"145","47.0","35.857","845.18"
"14","0.0","34.685","0.0"
"14","1.0","34.836","759.416"
"14","2.0","34.926","836.466"
"14","3.0","34.977","881.61"
"14","4.0","35.042","869.381"
"14","5.0","35.099","867.747"
"14","6.0","35.154","867.922"
"14","7.0","35.204","869.224"
"14","8.0","35.25","870.42"
"14","9.0","35.292","870.115"
"14","10.0","35.332","869.462"
"14","11.0","35.368","868.514"
"14","12.0","35.402","868.549"
"14","13.0","35.434","868.326"
"14","14.0","35.464","867.539"
"14","15.0","35.491","866.494"
"14","16.0","35.517","865.323"
"14","17.0","35.541","864.26"
"14","18.0","35.563","863.822"
"14","19.0","35.585","863.598"
"14","20.0","35.605","863.249"
"14","21.0","35.623","862.899"
"14","22.0","35.641","862.555"
"14","23.0","35.657","862.242"
"14","24.0","35.672","861.95"
"14","25.0","35.687","861.683"
"14","26.0","35.7","861.451"
"14","27.0","35.713","861.266"
"14","28.0","35.725","861.108"
"14","29.0","35.736","860.928"
"14","30.0","35.746","860.73"
"14","31.0","35.756","860.514"
"14","32.0","35.765","860.293"
"14","33.0","35.774","860.02"
"14","34.0","35.782","859.774"
"14","35.0","35.789","859.537"
"14","36.0","35.796","859.306"
"14","37.0","35.803","859.085"
"14","38.0","35.809","858.868"
"14","39.0","35.815","858.644"
"14","40.0","35.82","858.398"
"14","41.0","35.825","857.938"
"14","42.0","35.829","856.144"
"14","43.0","35.833","854.001"
"14","44.0","35.835","851.728"
"14","45.0","35.838","849.43"
"14","46.0","35.839","847.117"
"14","47.0","35.841","844.795"
"14_sec15_0","0.0","34.685","15.0"
"14_sec15_0","1.0","34.836","549.651"
"14_sec15_0","2.0","34.926","529.713"
"14_sec15_0","3.0","34.977","564.739"
"14_sec15_0","4.0","35.042","561.259"
"14_sec15_0","5.0","35.099","559.003"
"14_sec15_0","6.0","35.154","558.377"
"14_sec15_0","7.0","35.204","556.518"
"14_sec15_0","8.0","35.25","555.39"
"14_sec15_0","9.0","35.292","553.452"
"14_sec15_0","10.0","35.332","551.621"
"14_sec15_0","11.0","35.368","549.513"
"14_sec15_0","12.0","35.402","548.175"
"14_sec15_0","13.0","35.434","546.983"
"14_sec15_0","14.0","35.464","545.589"
"14_sec15_0","15.0","35.491","544.038"
"14_sec15_0","16.0","35.517","542.472"
"14_sec15_0","17.0","35.541","541.065"
"14_sec15_0","18.0","35.563","540.08"
"14_sec15_0","19.0","35.585","539.273"
"14_sec15_0","20.0","35.605","538.444"
"14_sec15_0","21.0","35.623","537.677"
"14_sec15_0","22.0","35.641","536.956"
"14_sec15_0","23.0","35.657","536.294"
"14_sec15_0","24.0","35.672","535.681"
"14_sec15_0","25.0","35.687","535.113"
"14_sec15_0","26.0","35.7","534.569"
"14_sec15_0","27.0","35.713","534.091"
"14_sec15_0","28.0","35.725","533.675"
"14_sec15_0","29.0","35.736","533.266"
"14_sec15_0","30.0","35.746","532.861"
"14_sec15_0","31.0","35.756","532.465"
"14_sec15_0","32.0","35.765","532.087"
"14_sec15_0","33.0","35.774","531.698"
"14_sec15_0","34.0","35.782","531.341"
"14_sec15_0","35.0","35.789","531.004"
"14_sec15_0","36.0","35.796","530.685"
"14_sec15_0","37.0","35.803","530.383"
"14_sec15_0","38.0","35.809","530.094"
"14_sec15_0","39.0","35.815","529.813"
"14_sec15_0","40.0","35.82","529.529"
"14_sec15_0","41.0","35.825","529.128"
"14_sec15_0","42.0","35.829","527.972"
"14_sec15_0","43.0","35.833","526.636"
"14_sec15_0","44.0","35.835","525.237"
"14_sec15_0","45.0","35.838","523.838"
"14_sec15_0","46.0","35.839","522.445"
"14_sec15_0","47.0","35.841","521.056"
"146","0.0","34.68","1.0"
"146","1.0","34.789","512.396"
"146","2.0","34.892","527.317"
"146","3.0","34.945","556.664"
"146","4.0","35.011","554.636"
"146","5.0","35.069","552.679"
"146","6.0","35.123","552.308"
"146","7.0","35.173","550.813"
"146","8.0","35.219","549.916"
"146","9.0","35.262","548.243"
"146","10.0","35.302","546.709"
"146","11.0","35.339","544.948"
"146","12.0","35.374","543.819"
"146","13.0","35.407","542.965"
"146","14.0","35.437","541.844"
"146","15.0","35.465","540.547"
"146","16.0","35.491","539.213"
"146","17.0","35.516","538.004"
"146","18.0","35.539","537.188"
"146","19.0","35.561","536.547"
"146","20.0","35.581","535.897"
"146","21.0","35.6","535.288"
"146","22.0","35.618","534.714"
"146","23.0","35.635","534.19"
"146","24.0","35.65","533.709"
"146","25.0","35.665","533.262"
"146","26.0","35.679","532.83"
"146","27.0","35.691","532.461"
"146","28.0","35.703","532.148"
"146","29.0","35.715","531.831"
"146","30.0","35.725","531.512"
"146","31.0","35.735","531.2"
"146","32.0","35.745","530.906"
"146","33.0","35.753","530.594"
"146","34.0","35.761","530.303"
"146","35.0","35.769","530.032"
"146","36.0","35.776","529.777"
"146","37.0","35.783","529.533"
"146","38.0","35.789","529.296"
"146","39.0","35.795","529.067"
"146","40.0","35.8","528.835"
"146","41.0","35.805","528.515"
"146","42.0","35.81","527.464"
"146","43.0","35.813","526.208"
"146","44.0","35.816","524.888"
"146","45.0","35.819","523.562"
"146","46.0","35.82","522.235"
"146","47.0","35.822","520.91"
"147","0.0","34.674","0.0"
"147","1.0","34.739","426.332"
"147","2.0","34.853","527.741"
"147","3.0","34.909","545.313"
"147","4.0","34.976","543.274"
"147","5.0","35.034","541.861"
"147","6.0","35.089","541.955"
"147","7.0","35.14","541.113"
"147","8.0","35.187","540.79"
"147","9.0","35.23","539.768"
"147","10.0","35.271","538.729"
"147","11.0","35.309","537.538"
"147","12.0","35.345","536.789"
"147","13.0","35.378","536.471"
"147","14.0","35.409","535.789"
"147","15.0","35.438","534.903"
"147","16.0","35.464","533.952"
"147","17.0","35.489","533.071"
"147","18.0","35.513","532.541"
"147","19.0","35.535","532.182"
"147","20.0","35.555","531.809"
"147","21.0","35.575","531.457"
"147","22.0","35.593","531.13"
"147","23.0","35.61","530.831"
"147","24.0","35.626","530.558"
"147","25.0","35.641","530.307"
"147","26.0","35.654","530.064"
"147","27.0","35.667","529.872"
"147","28.0","35.68","529.717"
"147","29.0","35.691","529.549"
"147","30.0","35.702","529.376"
"147","31.0","35.712","529.198"
"147","32.0","35.721","529.029"
"147","33.0","35.73","528.841"
"147","34.0","35.738","528.664"
"147","35.0","35.746","528.497"
"147","36.0","35.753","528.337"
"147","37.0","35.76","528.185"
"147","38.0","35.766","528.038"
"147","39.0","35.772","527.889"
"147","40.0","35.778","527.732"
"147","41.0","35.783","527.539"
"147","42.0","35.787","526.649"
"147","43.0","35.791","525.522"
"147","44.0","35.794","524.323"
"147","45.0","35.797","523.11"
"147","46.0","35.799","521.891"
"147","47.0","35.8","520.665"
"148","0.0","34.671","0.0"
"148","1.0","34.699","422.258"
"148","2.0","34.833","527.878"
"148","3.0","34.889","541.13"
"148","4.0","34.956","538.71"
"148","5.0","35.015","537.595"
"148","6.0","35.07","537.957"
"148","7.0","35.121","537.454"
"148","8.0","35.168","537.331"
"148","9.0","35.212","536.552"
"148","10.0","35.254","535.703"
"148","11.0","35.292","534.726"
"148","12.0","35.328","534.129"
"148","13.0","35.361","534.007"
"148","14.0","35.392","533.488"
"148","15.0","35.421","532.759"
"148","16.0","35.448","531.95"
"148","17.0","35.474","531.2"
"148","18.0","35.497","530.773"
"148","19.0","35.519","530.52"
"148","20.0","35.54","530.254"
"148","21.0","35.56","529.999"
"148","22.0","35.578","529.762"
"148","23.0","35.595","529.547"
"148","24.0","35.611","529.356"
"148","25.0","35.626","529.18"
"148","26.0","35.64","529.005"
"148","27.0","35.653","528.88"
"148","28.0","35.665","528.79"
"148","29.0","35.677","528.679"
"148","30.0","35.688","528.555"
"148","31.0","35.698","528.43"
"148","32.0","35.707","528.312"
"148","33.0","35.716","528.172"
"148","34.0","35.724","528.033"
"148","35.0","35.732","527.906"
"148","36.0","35.739","527.787"
"148","37.0","35.746","527.67"
"148","38.0","35.753","527.552"
"148","39.0","35.759","527.435"
"148","40.0","35.764","527.311"
"148","41.0","35.769","527.155"
"148","42.0","35.774","526.329"
"148","43.0","35.777","525.247"
"148","44.0","35.781","524.097"
"148","45.0","35.783","522.928"
"148","46.0","35.785","521.748"
"148","47.0","35.787","520.561"
"149","0.0","34.666","0.0"
"149","1.0","34.671","373.614"
"149","2.0","34.81","522.033"
"149","3.0","34.863","535.604"
"149","4.0","34.932","532.03"
"149","5.0","34.991","531.251"
"149","6.0","35.047","531.972"
"149","7.0","35.098","531.951"
"149","8.0","35.146","532.113"
"149","9.0","35.19","531.677"
"149","10.0","35.232","531.097"
"149","11.0","35.271","530.428"
"149","12.0","35.307","530.049"
"149","13.0","35.341","530.215"
"149","14.0","35.372","529.939"
"149","15.0","35.402","529.444"
"149","16.0","35.429","528.857"
"149","17.0","35.454","528.301"
"149","18.0","35.478","528.042"
"149","19.0","35.501","527.952"
"149","20.0","35.522","527.845"
"149","21.0","35.542","527.737"
"149","22.0","35.56","527.646"
"149","23.0","35.577","527.563"
"149","24.0","35.593","527.491"
"149","25.0","35.608","527.429"
"149","26.0","35.623","527.367"
"149","27.0","35.636","527.347"
"149","28.0","35.648","527.347"
"149","29.0","35.66","527.325"
"149","30.0","35.671","527.287"
"149","31.0","35.681","527.238"
"149","32.0","35.691","527.191"
"149","33.0","35.7","527.122"
"149","34.0","35.708","527.052"
"149","35.0","35.716","526.986"
"149","36.0","35.723","526.921"
"149","37.0","35.73","526.858"
"149","38.0","35.736","526.795"
"149","39.0","35.742","526.726"
"149","40.0","35.748","526.644"
"149","41.0","35.753","526.552"
"149","42.0","35.758","525.822"
"149","43.0","35.762","524.817"
"149","44.0","35.765","523.739"
"149","45.0","35.767","522.638"
"149","46.0","35.77","521.524"
"149","47.0","35.771","520.396"
"150","0.0","34.66","0.0"
"150","1.0","34.626","239.469"
"150","2.0","34.776","506.104"
"150","3.0","34.826","527.346"
"150","4.0","34.896","522.565"
"150","5.0","34.957","522.256"
"150","6.0","35.013","523.441"
"150","7.0","35.065","524.0"
"150","8.0","35.113","524.502"
"150","9.0","35.159","524.491"
"150","10.0","35.201","524.26"
"150","11.0","35.24","523.994"
"150","12.0","35.276","523.915"
"150","13.0","35.311","524.516"
"150","14.0","35.343","524.612"
"150","15.0","35.373","524.48"
"150","16.0","35.401","524.232"
"150","17.0","35.426","523.984"
"150","18.0","35.451","523.978"
"150","19.0","35.473","524.134"
"150","20.0","35.495","524.283"
"150","21.0","35.515","524.398"
"150","22.0","35.533","524.517"
"150","23.0","35.551","524.632"
"150","24.0","35.567","524.749"
"150","25.0","35.583","524.857"
"150","26.0","35.597","524.955"
"150","27.0","35.61","525.092"
"150","28.0","35.623","525.236"
"150","29.0","35.635","525.348"
"150","30.0","35.646","525.428"
"150","31.0","35.656","525.497"
"150","32.0","35.666","525.565"
"150","33.0","35.675","525.604"
"150","34.0","35.683","525.624"
"150","35.0","35.691","525.65"
"150","36.0","35.699","525.675"
"150","37.0","35.706","525.692"
"150","38.0","35.712","525.698"
"150","39.0","35.718","525.7"
"150","40.0","35.724","525.689"
"150","41.0","35.729","525.67"
"150","42.0","35.734","525.077"
"150","43.0","35.738","524.177"
"150","44.0","35.741","523.206"
"150","45.0","35.744","522.203"
"150","46.0","35.746","521.18"
"150","47.0","35.748","520.138"
"151","0.0","34.656","0.0"
"151","1.0","34.542","196.9"
"151","2.0","34.752","499.868"
"151","3.0","34.804","520.519"
"151","4.0","34.874","516.901"
"151","5.0","34.935","516.918"
"151","6.0","34.992","518.459"
"151","7.0","35.045","519.417"
"151","8.0","35.094","520.177"
"151","9.0","35.14","520.456"
"151","10.0","35.182","520.471"
"151","11.0","35.222","520.465"
"151","12.0","35.259","520.587"
"151","13.0","35.294","521.413"
"151","14.0","35.326","521.704"
"151","15.0","35.356","521.764"
"151","16.0","35.384","521.701"
"151","17.0","35.41","521.619"
"151","18.0","35.435","521.757"
"151","19.0","35.458","522.048"
"151","20.0","35.479","522.327"
"151","21.0","35.5","522.564"
"151","22.0","35.518","522.805"
"151","23.0","35.536","523.028"
"151","24.0","35.553","523.241"
"151","25.0","35.568","523.443"
"151","26.0","35.583","523.635"
"151","27.0","35.596","523.858"
"151","28.0","35.609","524.075"
"151","29.0","35.621","524.26"
"151","30.0","35.632","524.412"
"151","31.0","35.642","524.545"
"151","32.0","35.652","524.668"
"151","33.0","35.661","524.765"
"151","34.0","35.67","524.843"
"151","35.0","35.678","524.919"
"151","36.0","35.685","524.985"
"151","37.0","35.692","525.046"
"151","38.0","35.699","525.098"
"151","39.0","35.705","525.138"
"151","40.0","35.71","525.159"
"151","41.0","35.716","525.183"
"151","42.0","35.72","524.665"
"151","43.0","35.725","523.824"
"151","44.0","35.728","522.909"
"151","45.0","35.731","521.96"
"151","46.0","35.733","520.988"
"151","47.0","35.735","519.994"
"152","0.0","34.652","0.0"
"152","1.0","34.476","120.081"
"152","2.0","34.731","492.952"
"152","3.0","34.786","501.893"
"152","4.0","34.856","504.531"
"152","5.0","34.918","505.344"
"152","6.0","34.975","507.638"
"152","7.0","35.028","509.384"
"152","8.0","35.077","510.668"
"152","9.0","35.123","511.609"
"152","10.0","35.166","512.193"
"152","11.0","35.206","512.769"
"152","12.0","35.243","513.378"
"152","13.0","35.278","514.683"
"152","14.0","35.311","515.408"
"152","15.0","35.341","515.894"
"152","16.0","35.37","516.234"
"152","17.0","35.396","516.53"
"152","18.0","35.421","516.97"
"152","19.0","35.444","517.56"
"152","20.0","35.465","518.134"
"152","21.0","35.486","518.641"
"152","22.0","35.505","519.13"
"152","23.0","35.522","519.586"
"152","24.0","35.539","520.023"
"152","25.0","35.555","520.429"
"152","26.0","35.569","520.808"
"152","27.0","35.583","521.219"
"152","28.0","35.595","521.604"
"152","29.0","35.607","521.947"
"152","30.0","35.618","522.239"
"152","31.0","35.629","522.509"
"152","32.0","35.639","522.767"
"152","33.0","35.648","522.99"
"152","34.0","35.656","523.175"
"152","35.0","35.665","523.358"
"152","36.0","35.672","523.529"
"152","37.0","35.679","523.683"
"152","38.0","35.686","523.818"
"152","39.0","35.692","523.94"
"152","40.0","35.698","524.043"
"152","41.0","35.703","524.129"
"152","42.0","35.708","523.776"
"152","43.0","35.712","523.055"
"152","44.0","35.715","522.264"
"152","45.0","35.718","521.429"
"152","46.0","35.721","520.563"
"152","47.0","35.723","519.669"
"153","0.0","34.648","0.0"
"153","1.0","34.469","62.614"
"153","2.0","34.709","486.018"
"153","3.0","34.768","490.811"
"153","4.0","34.836","496.982"
"153","5.0","34.898","498.583"
"153","6.0","34.956","501.393"
"153","7.0","35.009","503.624"
"153","8.0","35.058","505.22"
"153","9.0","35.105","506.53"
"153","10.0","35.148","507.437"
"153","11.0","35.188","508.341"
"153","12.0","35.225","509.241"
"153","13.0","35.261","510.809"
"153","14.0","35.293","511.78"
"153","15.0","35.324","512.506"
"153","16.0","35.352","513.08"
"153","17.0","35.379","513.59"
"153","18.0","35.404","514.211"
"153","19.0","35.427","514.975"
"153","20.0","35.449","515.709"
"153","21.0","35.469","516.37"
"153","22.0","35.488","517.01"
"153","23.0","35.506","517.601"
"153","24.0","35.523","518.159"
"153","25.0","35.538","518.682"
"153","26.0","35.553","519.177"
"153","27.0","35.567","519.695"
"153","28.0","35.579","520.169"
"153","29.0","35.591","520.601"
"153","30.0","35.602","520.983"
"153","31.0","35.613","521.333"
"153","32.0","35.623","521.659"
"153","33.0","35.632","521.954"
"153","34.0","35.641","522.21"
"153","35.0","35.649","522.455"
"153","36.0","35.656","522.678"
"153","37.0","35.663","522.886"
"153","38.0","35.67","523.077"
"153","39.0","35.676","523.246"
"153","40.0","35.682","523.39"
"153","41.0","35.687","523.519"
"153","42.0","35.692","523.257"
"153","43.0","35.696","522.608"
"153","44.0","35.7","521.887"
"153","45.0","35.703","521.118"
"153","46.0","35.705","520.315"
"153","47.0","35.707","519.479"
"154","0.0","34.644","0.0"
"154","1.0","34.541","130.166"
"154","2.0","34.689","483.003"
"154","3.0","34.749","481.995"
"154","4.0","34.817","489.828"
"154","5.0","34.879","492.364"
"154","6.0","34.936","495.676"
"154","7.0","34.989","498.343"
"154","8.0","35.039","500.21"
"154","9.0","35.085","501.855"
"154","10.0","35.128","503.052"
"154","11.0","35.168","504.256"
"154","12.0","35.206","505.42"
"154","13.0","35.241","507.214"
"154","14.0","35.274","508.412"
"154","15.0","35.305","509.364"
"154","16.0","35.334","510.151"
"154","17.0","35.361","510.863"
"154","18.0","35.386","511.647"
"154","19.0","35.409","512.571"
"154","20.0","35.431","513.463"
"154","21.0","35.451","514.268"
"154","22.0","35.471","515.038"
"154","23.0","35.488","515.753"
"154","24.0","35.505","516.434"
"154","25.0","35.521","517.067"
"154","26.0","35.536","517.658"
"154","27.0","35.549","518.276"
"154","28.0","35.562","518.844"
"154","29.0","35.574","519.36"
"154","30.0","35.586","519.814"
"154","31.0","35.596","520.237"
"154","32.0","35.606","520.638"
"154","33.0","35.615","521.0"
"154","34.0","35.624","521.311"
"154","35.0","35.632","521.613"
"154","36.0","35.64","521.895"
"154","37.0","35.647","522.153"
"154","38.0","35.653","522.385"
"154","39.0","35.66","522.599"
"154","40.0","35.665","522.789"
"154","41.0","35.671","522.949"
"154","42.0","35.676","522.766"
"154","43.0","35.68","522.182"
"154","44.0","35.684","521.527"
"154","45.0","35.687","520.819"
"154","46.0","35.689","520.074"
"154","47.0","35.691","519.291"
"155","0.0","34.642","0.0"
"155","1.0","34.572","267.412"
"155","2.0","34.673","485.611"
"155","3.0","34.734","475.847"
"155","4.0","34.802","484.18"
"155","5.0","34.864","487.217"
"155","6.0","34.921","490.743"
"155","7.0","34.975","493.626"
"155","8.0","35.024","495.611"
"155","9.0","35.07","497.443"
"155","10.0","35.113","498.821"
"155","11.0","35.153","500.226"
"155","12.0","35.191","501.607"
"155","13.0","35.226","503.625"
"155","14.0","35.259","505.046"
"155","15.0","35.29","506.215"
"155","16.0","35.319","507.217"
"155","17.0","35.346","508.125"
"155","18.0","35.371","509.083"
"155","19.0","35.395","510.165"
"155","20.0","35.417","511.203"
"155","21.0","35.437","512.152"
"155","22.0","35.456","513.062"
"155","23.0","35.474","513.902"
"155","24.0","35.491","514.694"
"155","25.0","35.507","515.438"
"155","26.0","35.522","516.135"
"155","27.0","35.535","516.855"
"155","28.0","35.548","517.506"
"155","29.0","35.56","518.105"
"155","30.0","35.572","518.642"
"155","31.0","35.582","519.14"
"155","32.0","35.592","519.606"
"155","33.0","35.602","520.033"
"155","34.0","35.61","520.411"
"155","35.0","35.618","520.77"
"155","36.0","35.626","521.101"
"155","37.0","35.633","521.409"
"155","38.0","35.64","521.693"
"155","39.0","35.646","521.951"
"155","40.0","35.652","522.179"
"155","41.0","35.657","522.378"
"155","42.0","35.662","522.272"
"155","43.0","35.667","521.754"
"155","44.0","35.67","521.164"
"155","45.0","35.673","520.519"
"155","46.0","35.676","519.831"
"155","47.0","35.678","519.102"
"156","0.0","34.64","0.0"
"156","1.0","34.564","321.549"
"156","2.0","34.663","487.332"
"156","3.0","34.724","472.179"
"156","4.0","34.793","480.851"
"156","5.0","34.855","484.244"
"156","6.0","34.912","487.991"
"156","7.0","34.965","491.075"
"156","8.0","35.015","493.197"
"156","9.0","35.061","495.19"
"156","10.0","35.104","496.713"
"156","11.0","35.145","498.259"
"156","12.0","35.182","499.761"
"156","13.0","35.218","501.884"
"156","14.0","35.251","503.414"
"156","15.0","35.282","504.691"
"156","16.0","35.311","505.795"
"156","17.0","35.337","506.8"
"156","18.0","35.362","507.838"
"156","19.0","35.386","508.996"
"156","20.0","35.408","510.111"
"156","21.0","35.428","511.132"
"156","22.0","35.448","512.102"
"156","23.0","35.466","513.003"
"156","24.0","35.483","513.856"
"156","25.0","35.498","514.652"
"156","26.0","35.513","515.396"
"156","27.0","35.527","516.164"
"156","28.0","35.54","516.861"
"156","29.0","35.552","517.501"
"156","30.0","35.563","518.072"
"156","31.0","35.574","518.605"
"156","32.0","35.584","519.109"
"156","33.0","35.593","519.569"
"156","34.0","35.602","519.972"
"156","35.0","35.61","520.359"
"156","36.0","35.618","520.721"
"156","37.0","35.625","521.053"
"156","38.0","35.631","521.356"
"156","39.0","35.638","521.635"
"156","40.0","35.643","521.887"
"156","41.0","35.649","522.101"
"156","42.0","35.654","522.027"
"156","43.0","35.658","521.543"
"156","44.0","35.662","520.984"
"156","45.0","35.665","520.368"
"156","46.0","35.668","519.709"
"156","47.0","35.67","519.006"
"157","0.0","34.636","0.0"
"157","1.0","34.556","313.787"
"157","2.0","34.637","492.616"
"157","3.0","34.704","464.815"
"157","4.0","34.772","473.99"
"157","5.0","34.835","477.845"
"157","6.0","34.892","481.961"
"157","7.0","34.945","485.423"
"157","8.0","34.995","487.806"
"157","9.0","35.042","490.116"
"157","10.0","35.085","491.937"
"157","11.0","35.125","493.769"
"157","12.0","35.163","495.524"
"157","13.0","35.199","497.865"
"157","14.0","35.232","499.604"
"157","15.0","35.263","501.075"
"157","16.0","35.292","502.38"
"157","17.0","35.319","503.575"
"157","18.0","35.344","504.788"
"157","19.0","35.367","506.107"
"157","20.0","35.389","507.37"
"157","21.0","35.41","508.547"
"157","22.0","35.429","509.666"
"157","23.0","35.447","510.703"
"157","24.0","35.464","511.683"
"157","25.0","35.48","512.604"
"157","26.0","35.494","513.467"
"157","27.0","35.508","514.354"
"157","28.0","35.521","515.159"
"157","29.0","35.533","515.906"
"157","30.0","35.545","516.579"
"157","31.0","35.555","517.207"
"157","32.0","35.565","517.796"
"157","33.0","35.575","518.339"
"157","34.0","35.584","518.824"
"157","35.0","35.592","519.285"
"157","36.0","35.599","519.711"
"157","37.0","35.607","520.107"
"157","38.0","35.613","520.474"
"157","39.0","35.62","520.809"
"157","40.0","35.625","521.11"
"157","41.0","35.631","521.38"
"157","42.0","35.636","521.386"
"157","43.0","35.64","520.986"
"157","44.0","35.644","520.512"
"157","45.0","35.648","519.974"
"157","46.0","35.65","519.387"
"157","47.0","35.652","518.754"
"158","0.0","34.631","0.0"
"158","1.0","34.558","248.919"
"158","2.0","34.591","509.899"
"158","3.0","34.675","453.356"
"158","4.0","34.744","462.134"
"158","5.0","34.807","466.53"
"158","6.0","34.865","471.322"
"158","7.0","34.919","475.523"
"158","8.0","34.969","478.408"
"158","9.0","35.016","481.32"
"158","10.0","35.06","483.711"
"158","11.0","35.1","486.063"
"158","12.0","35.138","488.304"
"158","13.0","35.174","491.048"
"158","14.0","35.208","493.232"
"158","15.0","35.239","495.117"
"158","16.0","35.268","496.824"
"158","17.0","35.295","498.395"
"158","18.0","35.321","499.941"
"158","19.0","35.344","501.56"
"158","20.0","35.366","503.108"
"158","21.0","35.387","504.562"
"158","22.0","35.406","505.932"
"158","23.0","35.425","507.205"
"158","24.0","35.441","508.409"
"158","25.0","35.457","509.536"
"158","26.0","35.472","510.591"
"158","27.0","35.486","511.649"
"158","28.0","35.499","512.625"
"158","29.0","35.511","513.53"
"158","30.0","35.523","514.35"
"158","31.0","35.534","515.118"
"158","32.0","35.544","515.842"
"158","33.0","35.553","516.511"
"158","34.0","35.562","517.111"
"158","35.0","35.57","517.681"
"158","36.0","35.578","518.212"
"158","37.0","35.585","518.703"
"158","38.0","35.592","519.156"
"158","39.0","35.598","519.575"
"158","40.0","35.604","519.959"
"158","41.0","35.61","520.306"
"158","42.0","35.615","520.418"
"158","43.0","35.619","520.147"
"158","44.0","35.623","519.795"
"158","45.0","35.627","519.374"
"158","46.0","35.629","518.897"
"158","47.0","35.632","518.365"
"159","0.0","34.628","0.0"
"159","1.0","34.537","224.833"
"159","2.0","34.574","515.149"
"159","3.0","34.665","445.352"
"159","4.0","34.735","453.402"
"159","5.0","34.798","458.109"
"159","6.0","34.856","463.374"
"159","7.0","34.91","468.145"
"159","8.0","34.96","471.409"
"159","9.0","35.007","474.788"
"159","10.0","35.051","477.626"
"159","11.0","35.092","480.375"
"159","12.0","35.13","482.99"
"159","13.0","35.166","486.031"
"159","14.0","35.2","488.547"
"159","15.0","35.231","490.737"
"159","16.0","35.26","492.744"
"159","17.0","35.288","494.595"
"159","18.0","35.313","496.392"
"159","19.0","35.337","498.232"
"159","20.0","35.359","499.989"
"159","21.0","35.38","501.644"
"159","22.0","35.399","503.202"
"159","23.0","35.417","504.649"
"159","24.0","35.434","506.014"
"159","25.0","35.45","507.292"
"159","26.0","35.465","508.49"
"159","27.0","35.479","509.673"
"159","28.0","35.492","510.77"
"159","29.0","35.504","511.79"
"159","30.0","35.516","512.722"
"159","31.0","35.526","513.593"
"159","32.0","35.537","514.412"
"159","33.0","35.546","515.172"
"159","34.0","35.555","515.86"
"159","35.0","35.563","516.51"
"159","36.0","35.571","517.114"
"159","37.0","35.578","517.674"
"159","38.0","35.585","518.195"
"159","39.0","35.591","518.675"
"159","40.0","35.597","519.114"
"159","41.0","35.603","519.518"
"159","42.0","35.608","519.704"
"159","43.0","35.612","519.528"
"159","44.0","35.616","519.267"
"159","45.0","35.62","518.932"
"159","46.0","35.622","518.533"
"159","47.0","35.625","518.076"
"160","0.0","34.625","0.0"
"160","1.0","34.505","204.665"
"160","2.0","34.565","496.728"
"160","3.0","34.655","431.45"
"160","4.0","34.725","439.122"
"160","5.0","34.789","444.598"
"160","6.0","34.847","450.68"
"160","7.0","34.901","456.407"
"160","8.0","34.951","460.297"
"160","9.0","34.998","464.413"
"160","10.0","35.042","467.975"
"160","11.0","35.083","471.351"
"160","12.0","35.122","474.563"
"160","13.0","35.157","478.078"
"160","14.0","35.191","481.128"
"160","15.0","35.223","483.8"
"160","16.0","35.252","486.285"
"160","17.0","35.279","488.578"
"160","18.0","35.304","490.778"
"160","19.0","35.328","492.969"
"160","20.0","35.35","495.064"
"160","21.0","35.371","497.039"
"160","22.0","35.391","498.892"
"160","23.0","35.409","500.616"
"160","24.0","35.426","502.24"
"160","25.0","35.442","503.757"
"160","26.0","35.457","505.177"
"160","27.0","35.471","506.561"
"160","28.0","35.484","507.852"
"160","29.0","35.496","509.055"
"160","30.0","35.508","510.158"
"160","31.0","35.518","511.193"
"160","32.0","35.528","512.166"
"160","33.0","35.538","513.069"
"160","34.0","35.547","513.891"
"160","35.0","35.555","514.668"
"160","36.0","35.563","515.39"
"160","37.0","35.57","516.061"
"160","38.0","35.577","516.683"
"160","39.0","35.583","517.259"
"160","40.0","35.589","517.791"
"160","41.0","35.595","518.279"
"160","42.0","35.6","518.581"
"160","43.0","35.604","518.554"
"160","44.0","35.608","518.435"
"160","45.0","35.612","518.233"
"160","46.0","35.614","517.958"
"160","47.0","35.617","517.619"
"161","0.0","34.622","0.0"
"161","1.0","34.499","277.489"
"161","2.0","34.561","475.365"
"161","3.0","34.646","420.926"
"161","4.0","34.716","428.516"
"161","5.0","34.78","434.808"
"161","6.0","34.838","441.513"
"161","7.0","34.891","447.911"
"161","8.0","34.942","452.259"
"161","9.0","34.989","456.895"
"161","10.0","35.033","460.978"
"161","11.0","35.074","464.804"
"161","12.0","35.112","468.441"
"161","13.0","35.148","472.299"
"161","14.0","35.182","475.738"
"161","15.0","35.213","478.759"
"161","16.0","35.243","481.587"
"161","17.0","35.27","484.204"
"161","18.0","35.295","486.698"
"161","19.0","35.319","489.144"
"161","20.0","35.341","491.482"
"161","21.0","35.362","493.689"
"161","22.0","35.382","495.758"
"161","23.0","35.4","497.682"
"161","24.0","35.417","499.492"
"161","25.0","35.433","501.185"
"161","26.0","35.448","502.767"
"161","27.0","35.461","504.296"
"161","28.0","35.475","505.727"
"161","29.0","35.487","507.062"
"161","30.0","35.498","508.292"
"161","31.0","35.509","509.446"
"161","32.0","35.519","510.528"
"161","33.0","35.529","511.535"
"161","34.0","35.538","512.458"
"161","35.0","35.546","513.326"
"161","36.0","35.554","514.133"
"161","37.0","35.561","514.883"
"161","38.0","35.568","515.582"
"161","39.0","35.574","516.228"
"161","40.0","35.58","516.824"
"161","41.0","35.586","517.373"
"161","42.0","35.591","517.758"
"161","43.0","35.595","517.84"
"161","44.0","35.599","517.823"
"161","45.0","35.603","517.719"
"161","46.0","35.605","517.535"
"161","47.0","35.608","517.281"
"15","0.0","34.62","0.0"
"15","1.0","34.525","336.744"
"15","2.0","34.557","453.047"
"15","3.0","34.638","410.541"
"15","4.0","34.708","418.74"
"15","5.0","34.772","426.074"
"15","6.0","34.829","433.281"
"15","7.0","34.883","440.162"
"15","8.0","34.933","444.863"
"15","9.0","34.98","449.894"
"15","10.0","35.024","454.393"
"15","11.0","35.065","458.588"
"15","12.0","35.103","462.583"
"15","13.0","35.139","466.771"
"15","14.0","35.173","470.575"
"15","15.0","35.205","473.92"
"15","16.0","35.234","477.076"
"15","17.0","35.261","479.998"
"15","18.0","35.286","482.766"
"15","19.0","35.31","485.454"
"15","20.0","35.332","488.023"
"15","21.0","35.353","490.453"
"15","22.0","35.373","492.726"
"15","23.0","35.391","494.842"
"15","24.0","35.408","496.828"
"15","25.0","35.424","498.687"
"15","26.0","35.439","500.42"
"15","27.0","35.453","502.087"
"15","28.0","35.466","503.653"
"15","29.0","35.478","505.114"
"15","30.0","35.49","506.464"
"15","31.0","35.5","507.731"
"15","32.0","35.51","508.921"
"15","33.0","35.52","510.028"
"15","34.0","35.529","511.047"
"15","35.0","35.537","512.004"
"15","36.0","35.545","512.895"
"15","37.0","35.552","513.723"
"15","38.0","35.559","514.493"
"15","39.0","35.565","515.208"
"15","40.0","35.571","515.87"
"15","41.0","35.577","516.479"
"15","42.0","35.582","516.944"
"15","43.0","35.586","517.133"
"15","44.0","35.59","517.218"
"15","45.0","35.594","517.21"
"15","46.0","35.597","517.115"
"15","47.0","35.599","516.946"
"14_sec16_0","0.0","34.685","16.0"
"14_sec16_0","1.0","34.836","209.764"
"14_sec16_0","2.0","34.926","306.753"
"14_sec16_0","3.0","34.977","316.871"
"14_sec16_0","4.0","35.042","308.122"
"14_sec16_0","5.0","35.099","308.744"
"14_sec16_0","6.0","35.154","309.545"
"14_sec16_0","7.0","35.204","312.706"
"14_sec16_0","8.0","35.25","315.031"
"14_sec16_0","9.0","35.292","316.663"
"14_sec16_0","10.0","35.332","317.841"
"14_sec16_0","11.0","35.368","319.001"
"14_sec16_0","12.0","35.402","320.374"
"14_sec16_0","13.0","35.434","321.343"
"14_sec16_0","14.0","35.464","321.95"
"14_sec16_0","15.0","35.491","322.456"
"14_sec16_0","16.0","35.517","322.851"
"14_sec16_0","17.0","35.541","323.195"
"14_sec16_0","18.0","35.563","323.741"
"14_sec16_0","19.0","35.585","324.326"
"14_sec16_0","20.0","35.605","324.805"
"14_sec16_0","21.0","35.623","325.222"
"14_sec16_0","22.0","35.641","325.599"
"14_sec16_0","23.0","35.657","325.948"
"14_sec16_0","24.0","35.672","326.269"
"14_sec16_0","25.0","35.687","326.571"
"14_sec16_0","26.0","35.7","326.883"
"14_sec16_0","27.0","35.713","327.175"
"14_sec16_0","28.0","35.725","327.434"
"14_sec16_0","29.0","35.736","327.662"
"14_sec16_0","30.0","35.746","327.87"
"14_sec16_0","31.0","35.756","328.049"
"14_sec16_0","32.0","35.765","328.206"
"14_sec16_0","33.0","35.774","328.322"
"14_sec16_0","34.0","35.782","328.433"
"14_sec16_0","35.0","35.789","328.533"
"14_sec16_0","36.0","35.796","328.621"
"14_sec16_0","37.0","35.803","328.701"
"14_sec16_0","38.0","35.809","328.773"
"14_sec16_0","39.0","35.815","328.831"
"14_sec16_0","40.0","35.82","328.869"
"14_sec16_0","41.0","35.825","328.81"
"14_sec16_0","42.0","35.829","328.173"
"14_sec16_0","43.0","35.833","327.365"
"14_sec16_0","44.0","35.835","326.492"
"14_sec16_0","45.0","35.838","325.591"
"14_sec16_0","46.0","35.839","324.672"
"14_sec16_0","47.0","35.841","323.739"
"16","0.0","34.681","1.0"
"16","1.0","34.81","228.849"
"16","2.0","34.888","303.332"
"16","3.0","34.945","311.975"
"16","4.0","35.011","304.719"
"16","5.0","35.071","305.615"
"16","6.0","35.127","306.662"
"16","7.0","35.178","310.103"
"16","8.0","35.226","312.614"
"16","9.0","35.269","314.427"
"16","10.0","35.309","315.777"
"16","11.0","35.346","317.084"
"16","12.0","35.381","318.542"
"16","13.0","35.414","319.656"
"16","14.0","35.444","320.38"
"16","15.0","35.472","320.993"
"16","16.0","35.499","321.486"
"16","17.0","35.523","321.915"
"16","18.0","35.546","322.53"
"16","19.0","35.568","323.185"
"16","20.0","35.588","323.741"
"16","21.0","35.607","324.225"
"16","22.0","35.625","324.663"
"16","23.0","35.641","325.07"
"16","24.0","35.657","325.449"
"16","25.0","35.672","325.802"
"16","26.0","35.685","326.158"
"16","27.0","35.698","326.496"
"16","28.0","35.71","326.8"
"16","29.0","35.721","327.068"
"16","30.0","35.732","327.309"
"16","31.0","35.742","327.524"
"16","32.0","35.751","327.717"
"16","33.0","35.76","327.866"
"16","34.0","35.768","328.002"
"16","35.0","35.776","328.13"
"16","36.0","35.783","328.246"
"16","37.0","35.789","328.351"
"16","38.0","35.796","328.442"
"16","39.0","35.801","328.521"
"16","40.0","35.807","328.582"
"16","41.0","35.812","328.558"
"16","42.0","35.816","327.963"
"16","43.0","35.82","327.19"
"16","44.0","35.823","326.348"
"16","45.0","35.825","325.477"
"16","46.0","35.827","324.587"
"16","47.0","35.828","323.679"
"16_sec17_0","0.0","34.681","0.0"
"16_sec17_0","1.0","34.81","228.849"
"16_sec17_0","2.0","34.888","303.332"
"16_sec17_0","3.0","34.945","311.975"
"16_sec17_0","4.0","35.011","304.719"
"16_sec17_0","5.0","35.071","305.615"
"16_sec17_0","6.0","35.127","306.662"
"16_sec17_0","7.0","35.178","310.103"
"16_sec17_0","8.0","35.226","312.614"
"16_sec17_0","9.0","35.269","314.427"
"16_sec17_0","10.0","35.309","315.777"
"16_sec17_0","11.0","35.346","317.084"
"16_sec17_0","12.0","35.381","318.542"
"16_sec17_0","13.0","35.414","319.656"
"16_sec17_0","14.0","35.444","320.38"
"16_sec17_0","15.0","35.472","320.993"
"16_sec17_0","16.0","35.499","321.486"
"16_sec17_0","17.0","35.523","321.915"
"16_sec17_0","18.0","35.546","322.53"
"16_sec17_0","19.0","35.568","323.185"
"16_sec17_0","20.0","35.588","323.741"
"16_sec17_0","21.0","35.607","324.225"
"16_sec17_0","22.0","35.625","324.663"
"16_sec17_0","23.0","35.641","325.07"
"16_sec17_0","24.0","35.657","325.449"
"16_sec17_0","25.0","35.672","325.802"
"16_sec17_0","26.0","35.685","326.158"
"16_sec17_0","27.0","35.698","326.496"
"16_sec17_0","28.0","35.71","326.8"
"16_sec17_0","29.0","35.721","327.068"
"16_sec17_0","30.0","35.732","327.309"
"16_sec17_0","31.0","35.742","327.524"
"16_sec17_0","32.0","35.751","327.717"
"16_sec17_0","33.0","35.76","327.866"
"16_sec17_0","34.0","35.768","328.002"
"16_sec17_0","35.0","35.776","328.13"
"16_sec17_0","36.0","35.783","328.246"
"16_sec17_0","37.0","35.789","328.351"
"16_sec17_0","38.0","35.796","328.442"
"16_sec17_0","39.0","35.801","328.521"
"16_sec17_0","40.0","35.807","328.582"
"16_sec17_0","41.0","35.812","328.558"
"16_sec17_0","42.0","35.816","327.963"
"16_sec17_0","43.0","35.82","327.19"
"16_sec17_0","44.0","35.823","326.348"
"16_sec17_0","45.0","35.825","325.477"
"16_sec17_0","46.0","35.827","324.587"
"16_sec17_0","47.0","35.828","323.679"
"162","0.0","34.674","0.0"
"162","1.0","34.821","212.609"
"162","2.0","34.815","294.77"
"162","3.0","34.882","299.601"
"162","4.0","34.95","296.493"
"162","5.0","35.013","297.937"
"162","6.0","35.072","299.611"
"162","7.0","35.125","303.789"
"162","8.0","35.174","306.739"
"162","9.0","35.219","309.003"
"162","10.0","35.261","310.76"
"162","11.0","35.3","312.419"
"162","12.0","35.336","314.105"
"162","13.0","35.37","315.566"
"162","14.0","35.402","316.576"
"162","15.0","35.431","317.449"
"162","16.0","35.459","318.184"
"162","17.0","35.484","318.821"
"162","18.0","35.508","319.617"
"162","19.0","35.53","320.447"
"162","20.0","35.551","321.176"
"162","21.0","35.571","321.821"
"162","22.0","35.589","322.415"
"162","23.0","35.606","322.963"
"162","24.0","35.622","323.471"
"162","25.0","35.637","323.948"
"162","26.0","35.652","324.425"
"162","27.0","35.665","324.873"
"162","28.0","35.677","325.274"
"162","29.0","35.689","325.635"
"162","30.0","35.7","325.969"
"162","31.0","35.71","326.268"
"162","32.0","35.719","326.539"
"162","33.0","35.728","326.765"
"162","34.0","35.737","326.974"
"162","35.0","35.744","327.167"
"162","36.0","35.752","327.342"
"162","37.0","35.759","327.504"
"162","38.0","35.765","327.653"
"162","39.0","35.771","327.783"
"162","40.0","35.777","327.89"
"162","41.0","35.782","327.945"
"162","42.0","35.786","327.451"
"162","43.0","35.79","326.758"
"162","44.0","35.793","325.992"
"162","45.0","35.796","325.193"
"162","46.0","35.798","324.369"
"162","47.0","35.799","323.524"
"163","0.0","34.669","17.0"
"163","1.0","34.771","142.978"
"163","2.0","34.775","287.37"
"163","3.0","34.842","289.607"
"163","4.0","34.908","289.762"
"163","5.0","34.969","291.355"
"163","6.0","35.027","293.366"
"163","7.0","35.081","297.974"
"163","8.0","35.132","301.227"
"163","9.0","35.179","303.842"
"163","10.0","35.222","305.914"
"163","11.0","35.263","307.879"
"163","12.0","35.3","309.782"
"163","13.0","35.335","311.544"
"163","14.0","35.368","312.821"
"163","15.0","35.398","313.936"
"163","16.0","35.426","314.897"
"163","17.0","35.453","315.736"
"163","18.0","35.477","316.698"
"163","19.0","35.5","317.694"
"163","20.0","35.522","318.59"
"163","21.0","35.542","319.388"
"163","22.0","35.561","320.125"
"163","23.0","35.578","320.81"
"163","24.0","35.595","321.45"
"163","25.0","35.61","322.05"
"163","26.0","35.624","322.639"
"163","27.0","35.638","323.195"
"163","28.0","35.651","323.698"
"163","29.0","35.663","324.153"
"163","30.0","35.674","324.573"
"163","31.0","35.684","324.957"
"163","32.0","35.694","325.311"
"163","33.0","35.703","325.616"
"163","34.0","35.711","325.893"
"163","35.0","35.719","326.153"
"163","36.0","35.727","326.395"
"163","37.0","35.734","326.616"
"163","38.0","35.74","326.817"
"163","39.0","35.746","327.0"
"163","40.0","35.752","327.16"
"163","41.0","35.758","327.282"
"163","42.0","35.762","326.89"
"163","43.0","35.766","326.279"
"163","44.0","35.769","325.594"
"163","45.0","35.772","324.87"
"163","46.0","35.774","324.117"
"163","47.0","35.776","323.338"
"164","0.0","34.663","1.0"
"164","1.0","34.699","106.562"
"164","2.0","34.751","277.082"
"164","3.0","34.813","281.722"
"164","4.0","34.881","283.125"
"164","5.0","34.942","284.336"
"164","6.0","34.999","286.236"
"164","7.0","35.054","291.162"
"164","8.0","35.106","294.873"
"164","9.0","35.154","297.989"
"164","10.0","35.198","300.488"
"164","11.0","35.24","302.828"
"164","12.0","35.278","305.021"
"164","13.0","35.314","307.137"
"164","14.0","35.347","308.731"
"164","15.0","35.378","310.132"
"164","16.0","35.406","311.357"
"164","17.0","35.433","312.438"
"164","18.0","35.458","313.605"
"164","19.0","35.481","314.793"
"164","20.0","35.503","315.875"
"164","21.0","35.523","316.845"
"164","22.0","35.543","317.749"
"164","23.0","35.56","318.585"
"164","24.0","35.577","319.364"
"164","25.0","35.593","320.099"
"164","26.0","35.607","320.815"
"164","27.0","35.621","321.487"
"164","28.0","35.634","322.093"
"164","29.0","35.646","322.647"
"164","30.0","35.657","323.164"
"164","31.0","35.668","323.638"
"164","32.0","35.678","324.073"
"164","33.0","35.687","324.459"
"164","34.0","35.695","324.813"
"164","35.0","35.704","325.143"
"164","36.0","35.711","325.445"
"164","37.0","35.718","325.728"
"164","38.0","35.725","325.99"
"164","39.0","35.731","326.226"
"164","40.0","35.737","326.433"
"164","41.0","35.742","326.62"
"164","42.0","35.747","326.326"
"164","43.0","35.751","325.797"
"164","44.0","35.754","325.191"
"164","45.0","35.757","324.541"
"164","46.0","35.76","323.858"
"164","47.0","35.761","323.144"
"165","0.0","34.659","0.0"
"165","1.0","34.655","52.041"
"165","2.0","34.736","270.37"
"165","3.0","34.795","273.844"
"165","4.0","34.865","276.745"
"165","5.0","34.927","278.264"
"165","6.0","34.985","280.581"
"165","7.0","35.04","285.666"
"165","8.0","35.093","289.744"
"165","9.0","35.141","293.258"
"165","10.0","35.186","296.111"
"165","11.0","35.227","298.746"
"165","12.0","35.266","301.181"
"165","13.0","35.302","303.573"
"165","14.0","35.335","305.424"
"165","15.0","35.366","307.059"
"165","16.0","35.395","308.497"
"165","17.0","35.422","309.78"
"165","18.0","35.447","311.107"
"165","19.0","35.471","312.449"
"165","20.0","35.493","313.689"
"165","21.0","35.513","314.797"
"165","22.0","35.532","315.832"
"165","23.0","35.55","316.789"
"165","24.0","35.567","317.686"
"165","25.0","35.583","318.531"
"165","26.0","35.598","319.344"
"165","27.0","35.611","320.109"
"165","28.0","35.624","320.803"
"165","29.0","35.636","321.439"
"165","30.0","35.648","322.028"
"165","31.0","35.658","322.574"
"165","32.0","35.668","323.079"
"165","33.0","35.677","323.532"
"165","34.0","35.686","323.941"
"165","35.0","35.694","324.327"
"165","36.0","35.702","324.685"
"165","37.0","35.709","325.017"
"165","38.0","35.716","325.321"
"165","39.0","35.722","325.6"
"165","40.0","35.728","325.852"
"165","41.0","35.733","326.077"
"165","42.0","35.738","325.865"
"165","43.0","35.742","325.401"
"165","44.0","35.746","324.859"
"165","45.0","35.748","324.269"
"165","46.0","35.751","323.642"
"165","47.0","35.753","322.98"
"166","0.0","34.656","0.0"
"166","1.0","34.576","22.746"
"166","2.0","34.717","276.28"
"166","3.0","34.777","264.526"
"166","4.0","34.849","269.423"
"166","5.0","34.912","271.37"
"166","6.0","34.97","274.134"
"166","7.0","35.026","279.392"
"166","8.0","35.078","283.879"
"166","9.0","35.127","287.829"
"166","10.0","35.172","291.083"
"166","11.0","35.214","294.058"
"166","12.0","35.253","296.776"
"166","13.0","35.289","299.475"
"166","14.0","35.323","301.617"
"166","15.0","35.354","303.517"
"166","16.0","35.383","305.199"
"166","17.0","35.41","306.709"
"166","18.0","35.435","308.224"
"166","19.0","35.459","309.743"
"166","20.0","35.481","311.153"
"166","21.0","35.502","312.419"
"166","22.0","35.521","313.61"
"166","23.0","35.539","314.708"
"166","24.0","35.556","315.733"
"166","25.0","35.572","316.704"
"166","26.0","35.587","317.635"
"166","27.0","35.601","318.508"
"166","28.0","35.614","319.297"
"166","29.0","35.626","320.026"
"166","30.0","35.637","320.707"
"166","31.0","35.648","321.337"
"166","32.0","35.658","321.917"
"166","33.0","35.667","322.446"
"166","34.0","35.676","322.927"
"166","35.0","35.684","323.379"
"166","36.0","35.692","323.794"
"166","37.0","35.699","324.183"
"166","38.0","35.706","324.543"
"166","39.0","35.712","324.873"
"166","40.0","35.718","325.169"
"166","41.0","35.723","325.442"
"166","42.0","35.728","325.325"
"166","43.0","35.732","324.937"
"166","44.0","35.736","324.469"
"166","45.0","35.739","323.949"
"166","46.0","35.741","323.388"
"166","47.0","35.743","322.787"
"167","0.0","34.653","0.0"
"167","1.0","34.528","32.063"
"167","2.0","34.693","272.751"
"167","3.0","34.76","255.441"
"167","4.0","34.831","262.523"
"167","5.0","34.894","264.785"
"167","6.0","34.952","267.888"
"167","7.0","35.008","273.231"
"167","8.0","35.061","278.053"
"167","9.0","35.11","282.404"
"167","10.0","35.155","286.06"
"167","11.0","35.198","289.38"
"167","12.0","35.237","292.389"
"167","13.0","35.273","295.388"
"167","14.0","35.307","297.82"
"167","15.0","35.339","299.986"
"167","16.0","35.368","301.912"
"167","17.0","35.396","303.654"
"167","18.0","35.421","305.357"
"167","19.0","35.445","307.055"
"167","20.0","35.467","308.641"
"167","21.0","35.488","310.066"
"167","22.0","35.507","311.406"
"167","23.0","35.526","312.644"
"167","24.0","35.543","313.805"
"167","25.0","35.559","314.902"
"167","26.0","35.573","315.944"
"167","27.0","35.587","316.924"
"167","28.0","35.6","317.815"
"167","29.0","35.613","318.637"
"167","30.0","35.624","319.4"
"167","31.0","35.635","320.113"
"167","32.0","35.645","320.775"
"167","33.0","35.654","321.379"
"167","34.0","35.663","321.925"
"167","35.0","35.671","322.441"
"167","36.0","35.679","322.92"
"167","37.0","35.686","323.365"
"167","38.0","35.693","323.774"
"167","39.0","35.699","324.153"
"167","40.0","35.705","324.5"
"167","41.0","35.711","324.812"
"167","42.0","35.716","324.787"
"167","43.0","35.72","324.472"
"167","44.0","35.724","324.078"
"167","45.0","35.727","323.626"
"167","46.0","35.729","323.129"
"167","47.0","35.731","322.588"
"168","0.0","34.65","0.0"
"168","1.0","34.572","25.973"
"168","2.0","34.67","250.541"
"168","3.0","34.739","246.12"
"168","4.0","34.807","254.91"
"168","5.0","34.871","257.346"
"168","6.0","34.929","260.816"
"168","7.0","34.985","266.257"
"168","8.0","35.038","271.535"
"168","9.0","35.087","276.34"
"168","10.0","35.133","280.446"
"168","11.0","35.175","284.153"
"168","12.0","35.214","287.494"
"168","13.0","35.251","290.825"
"168","14.0","35.285","293.579"
"168","15.0","35.317","296.04"
"168","16.0","35.346","298.241"
"168","17.0","35.374","300.241"
"168","18.0","35.399","302.162"
"168","19.0","35.423","304.062"
"168","20.0","35.446","305.834"
"168","21.0","35.466","307.44"
"168","22.0","35.486","308.955"
"168","23.0","35.504","310.348"
"168","24.0","35.521","311.652"
"168","25.0","35.537","312.887"
"168","26.0","35.552","314.059"
"168","27.0","35.566","315.157"
"168","28.0","35.58","316.153"
"168","29.0","35.592","317.078"
"168","30.0","35.603","317.942"
"168","31.0","35.614","318.747"
"168","32.0","35.624","319.491"
"168","33.0","35.634","320.179"
"168","34.0","35.643","320.805"
"168","35.0","35.651","321.392"
"168","36.0","35.659","321.935"
"168","37.0","35.666","322.443"
"168","38.0","35.673","322.915"
"168","39.0","35.679","323.349"
"168","40.0","35.685","323.744"
"168","41.0","35.691","324.108"
"168","42.0","35.696","324.179"
"168","43.0","35.7","323.946"
"168","44.0","35.704","323.633"
"168","45.0","35.707","323.258"
"168","46.0","35.709","322.834"
"168","47.0","35.711","322.36"
"169","0.0","34.647","0.0"
"169","1.0","34.598","67.559"
"169","2.0","34.659","240.882"
"169","3.0","34.723","241.65"
"169","4.0","34.79","250.769"
"169","5.0","34.854","253.305"
"169","6.0","34.912","257.073"
"169","7.0","34.968","262.546"
"169","8.0","35.021","268.015"
"169","9.0","35.07","273.011"
"169","10.0","35.116","277.314"
"169","11.0","35.158","281.203"
"169","12.0","35.197","284.708"
"169","13.0","35.234","288.192"
"169","14.0","35.269","291.106"
"169","15.0","35.301","293.714"
"169","16.0","35.33","296.051"
"169","17.0","35.358","298.187"
"169","18.0","35.383","300.217"
"169","19.0","35.407","302.223"
"169","20.0","35.43","304.102"
"169","21.0","35.451","305.808"
"169","22.0","35.471","307.414"
"169","23.0","35.489","308.898"
"169","24.0","35.506","310.29"
"169","25.0","35.522","311.604"
"169","26.0","35.537","312.85"
"169","27.0","35.551","314.021"
"169","28.0","35.565","315.088"
"169","29.0","35.577","316.077"
"169","30.0","35.589","316.998"
"169","31.0","35.6","317.861"
"169","32.0","35.61","318.664"
"169","33.0","35.619","319.404"
"169","34.0","35.628","320.075"
"169","35.0","35.636","320.708"
"169","36.0","35.644","321.297"
"169","37.0","35.652","321.846"
"169","38.0","35.658","322.351"
"169","39.0","35.665","322.821"
"169","40.0","35.671","323.253"
"169","41.0","35.676","323.641"
"169","42.0","35.681","323.773"
"169","43.0","35.686","323.592"
"169","44.0","35.69","323.334"
"169","45.0","35.693","323.009"
"169","46.0","35.696","322.631"
"169","47.0","35.698","322.202"
"170","0.0","34.643","0.0"
"170","1.0","34.583","209.698"
"170","2.0","34.636","243.124"
"170","3.0","34.701","234.492"
"170","4.0","34.768","242.358"
"170","5.0","34.832","244.852"
"170","6.0","34.891","249.156"
"170","7.0","34.946","254.653"
"170","8.0","34.998","260.466"
"170","9.0","35.047","265.79"
"170","10.0","35.092","270.494"
"170","11.0","35.134","274.82"
"170","12.0","35.174","278.726"
"170","13.0","35.21","282.559"
"170","14.0","35.245","285.824"
"170","15.0","35.277","288.781"
"170","16.0","35.307","291.441"
"170","17.0","35.334","293.89"
"170","18.0","35.36","296.2"
"170","19.0","35.384","298.457"
"170","20.0","35.407","300.567"
"170","21.0","35.428","302.501"
"170","22.0","35.448","304.323"
"170","23.0","35.467","306.004"
"170","24.0","35.484","307.576"
"170","25.0","35.5","309.056"
"170","26.0","35.515","310.467"
"170","27.0","35.529","311.787"
"170","28.0","35.543","312.986"
"170","29.0","35.555","314.107"
"170","30.0","35.567","315.154"
"170","31.0","35.578","316.132"
"170","32.0","35.588","317.04"
"170","33.0","35.598","317.885"
"170","34.0","35.607","318.656"
"170","35.0","35.615","319.38"
"170","36.0","35.623","320.05"
"170","37.0","35.63","320.678"
"170","38.0","35.637","321.261"
"170","39.0","35.644","321.801"
"170","40.0","35.65","322.295"
"170","41.0","35.655","322.745"
"170","42.0","35.66","322.982"
"170","43.0","35.665","322.906"
"170","44.0","35.669","322.749"
"170","45.0","35.672","322.522"
"170","46.0","35.675","322.236"
"170","47.0","35.677","321.891"
"171","0.0","34.642","0.0"
"171","1.0","34.583","230.264"
"171","2.0","34.621","252.781"
"171","3.0","34.696","230.708"
"171","4.0","34.764","237.52"
"171","5.0","34.828","240.315"
"171","6.0","34.887","244.98"
"171","7.0","34.942","250.619"
"171","8.0","34.995","256.632"
"171","9.0","35.043","262.099"
"171","10.0","35.088","266.953"
"171","11.0","35.131","271.447"
"171","12.0","35.17","275.519"
"171","13.0","35.207","279.486"
"171","14.0","35.241","282.91"
"171","15.0","35.273","286.064"
"171","16.0","35.303","288.902"
"171","17.0","35.331","291.52"
"171","18.0","35.357","293.978"
"171","19.0","35.381","296.371"
"171","20.0","35.404","298.61"
"171","21.0","35.425","300.669"
"171","22.0","35.445","302.603"
"171","23.0","35.463","304.392"
"171","24.0","35.48","306.069"
"171","25.0","35.497","307.639"
"171","26.0","35.512","309.134"
"171","27.0","35.526","310.536"
"171","28.0","35.539","311.813"
"171","29.0","35.552","313.005"
"171","30.0","35.563","314.117"
"171","31.0","35.574","315.16"
"171","32.0","35.585","316.132"
"171","33.0","35.594","317.034"
"171","34.0","35.603","317.856"
"171","35.0","35.612","318.63"
"171","36.0","35.62","319.351"
"171","37.0","35.627","320.023"
"171","38.0","35.634","320.644"
"171","39.0","35.64","321.223"
"171","40.0","35.646","321.757"
"171","41.0","35.652","322.239"
"171","42.0","35.657","322.529"
"171","43.0","35.662","322.511"
"171","44.0","35.666","322.414"
"171","45.0","35.669","322.241"
"171","46.0","35.672","322.006"
"171","47.0","35.674","321.709"
"172","0.0","34.641","0.0"
"172","1.0","34.589","136.524"
"172","2.0","34.604","278.61"
"172","3.0","34.69","223.81"
"172","4.0","34.76","228.176"
"172","5.0","34.824","231.693"
"172","6.0","34.883","236.971"
"172","7.0","34.938","242.928"
"172","8.0","34.991","249.502"
"172","9.0","35.039","255.421"
"172","10.0","35.084","260.707"
"172","11.0","35.127","265.636"
"172","12.0","35.166","270.115"
"172","13.0","35.202","274.4"
"172","14.0","35.237","278.132"
"172","15.0","35.269","281.617"
"172","16.0","35.299","284.762"
"172","17.0","35.327","287.661"
"172","18.0","35.352","290.381"
"172","19.0","35.377","293.001"
"172","20.0","35.399","295.448"
"172","21.0","35.421","297.714"
"172","22.0","35.44","299.843"
"172","23.0","35.459","301.81"
"172","24.0","35.476","303.651"
"172","25.0","35.492","305.37"
"172","26.0","35.508","307.014"
"172","27.0","35.522","308.548"
"172","28.0","35.535","309.946"
"172","29.0","35.548","311.255"
"172","30.0","35.559","312.48"
"172","31.0","35.57","313.627"
"172","32.0","35.581","314.693"
"172","33.0","35.59","315.687"
"172","34.0","35.599","316.6"
"172","35.0","35.607","317.454"
"172","36.0","35.615","318.248"
"172","37.0","35.623","318.991"
"172","38.0","35.63","319.681"
"172","39.0","35.636","320.321"
"172","40.0","35.642","320.91"
"172","41.0","35.648","321.455"
"172","42.0","35.653","321.821"
"172","43.0","35.657","321.899"
"172","44.0","35.661","321.892"
"172","45.0","35.665","321.806"
"172","46.0","35.667","321.65"
"172","47.0","35.67","321.428"
"173","0.0","34.638","0.0"
"173","1.0","34.552","117.734"
"173","2.0","34.562","291.143"
"173","3.0","34.677","215.967"
"173","4.0","34.748","218.166"
"173","5.0","34.813","222.383"
"173","6.0","34.872","228.265"
"173","7.0","34.927","234.585"
"173","8.0","34.979","241.779"
"173","9.0","35.027","248.185"
"173","10.0","35.072","253.944"
"173","11.0","35.114","259.348"
"173","12.0","35.153","264.275"
"173","13.0","35.19","268.892"
"173","14.0","35.225","272.966"
"173","15.0","35.257","276.814"
"173","16.0","35.286","280.288"
"173","17.0","35.314","283.498"
"173","18.0","35.34","286.494"
"173","19.0","35.364","289.359"
"173","20.0","35.387","292.038"
"173","21.0","35.408","294.529"
"173","22.0","35.428","296.862"
"173","23.0","35.447","299.021"
"173","24.0","35.464","301.044"
"173","25.0","35.48","302.926"
"173","26.0","35.495","304.724"
"173","27.0","35.509","306.4"
"173","28.0","35.523","307.934"
"173","29.0","35.535","309.369"
"173","30.0","35.547","310.711"
"173","31.0","35.558","311.969"
"173","32.0","35.568","313.144"
"173","33.0","35.578","314.238"
"173","34.0","35.587","315.242"
"173","35.0","35.595","316.183"
"173","36.0","35.603","317.062"
"173","37.0","35.611","317.88"
"173","38.0","35.617","318.638"
"173","39.0","35.624","319.345"
"173","40.0","35.63","320.0"
"173","41.0","35.636","320.602"
"173","42.0","35.641","321.05"
"173","43.0","35.645","321.232"
"173","44.0","35.649","321.322"
"173","45.0","35.653","321.328"
"173","46.0","35.655","321.259"
"173","47.0","35.658","321.118"
"174","0.0","34.634","0.0"
"174","1.0","34.515","161.205"
"174","2.0","34.54","272.142"
"174","3.0","34.666","208.459"
"174","4.0","34.738","211.031"
"174","5.0","34.802","215.571"
"174","6.0","34.861","221.838"
"174","7.0","34.916","228.367"
"174","8.0","34.968","235.939"
"174","9.0","35.016","242.634"
"174","10.0","35.061","248.695"
"174","11.0","35.103","254.404"
"174","12.0","35.142","259.658"
"174","13.0","35.179","264.522"
"174","14.0","35.213","268.865"
"174","15.0","35.245","272.992"
"174","16.0","35.275","276.725"
"174","17.0","35.303","280.175"
"174","18.0","35.329","283.393"
"174","19.0","35.353","286.451"
"174","20.0","35.375","289.304"
"174","21.0","35.397","291.971"
"174","22.0","35.416","294.467"
"174","23.0","35.435","296.778"
"174","24.0","35.452","298.939"
"174","25.0","35.469","300.95"
"174","26.0","35.484","302.874"
"174","27.0","35.498","304.662"
"174","28.0","35.511","306.299"
"174","29.0","35.524","307.834"
"174","30.0","35.536","309.274"
"174","31.0","35.546","310.622"
"174","32.0","35.557","311.879"
"174","33.0","35.566","313.053"
"174","34.0","35.575","314.136"
"174","35.0","35.584","315.147"
"174","36.0","35.592","316.089"
"174","37.0","35.599","316.969"
"174","38.0","35.606","317.788"
"174","39.0","35.612","318.549"
"174","40.0","35.618","319.252"
"174","41.0","35.624","319.905"
"174","42.0","35.629","320.419"
"174","43.0","35.634","320.684"
"174","44.0","35.638","320.855"
"174","45.0","35.641","320.937"
"174","46.0","35.644","320.938"
"174","47.0","35.646","320.864"
"175","0.0","34.63","0.0"
"175","1.0","34.561","199.398"
"175","2.0","34.548","223.264"
"175","3.0","34.659","195.221"
"175","4.0","34.729","200.467"
"175","5.0","34.793","205.74"
"175","6.0","34.852","212.702"
"175","7.0","34.907","219.692"
"175","8.0","34.958","227.884"
"175","9.0","35.006","235.067"
"175","10.0","35.051","241.623"
"175","11.0","35.093","247.806"
"175","12.0","35.132","253.499"
"175","13.0","35.169","258.697"
"175","14.0","35.203","263.406"
"175","15.0","35.235","267.911"
"175","16.0","35.265","271.985"
"175","17.0","35.293","275.757"
"175","18.0","35.319","279.271"
"175","19.0","35.343","282.586"
"175","20.0","35.366","285.676"
"175","21.0","35.387","288.586"
"175","22.0","35.407","291.296"
"175","23.0","35.425","293.81"
"175","24.0","35.443","296.163"
"175","25.0","35.459","298.348"
"175","26.0","35.474","300.434"
"175","27.0","35.488","302.37"
"175","28.0","35.502","304.153"
"175","29.0","35.514","305.821"
"175","30.0","35.526","307.385"
"175","31.0","35.537","308.851"
"175","32.0","35.547","310.224"
"175","33.0","35.557","311.503"
"175","34.0","35.566","312.684"
"175","35.0","35.574","313.788"
"175","36.0","35.582","314.819"
"175","37.0","35.59","315.78"
"175","38.0","35.596","316.672"
"175","39.0","35.603","317.504"
"175","40.0","35.609","318.277"
"175","41.0","35.615","318.989"
"175","42.0","35.62","319.586"
"175","43.0","35.625","319.963"
"175","44.0","35.629","320.237"
"175","45.0","35.632","320.418"
"175","46.0","35.635","320.512"
"175","47.0","35.637","320.524"
"176","0.0","34.628","0.0"
"176","1.0","34.575","217.127"
"176","2.0","34.565","172.298"
"176","3.0","34.656","181.034"
"176","4.0","34.725","189.08"
"176","5.0","34.789","195.488"
"176","6.0","34.848","203.212"
"176","7.0","34.902","210.727"
"176","8.0","34.954","219.549"
"176","9.0","35.002","227.236"
"176","10.0","35.047","234.314"
"176","11.0","35.089","240.991"
"176","12.0","35.128","247.132"
"176","13.0","35.164","252.686"
"176","14.0","35.198","257.782"
"176","15.0","35.231","262.668"
"176","16.0","35.26","267.099"
"176","17.0","35.288","271.202"
"176","18.0","35.314","275.024"
"176","19.0","35.338","278.604"
"176","20.0","35.361","281.935"
"176","21.0","35.382","285.095"
"176","22.0","35.402","288.03"
"176","23.0","35.42","290.755"
"176","24.0","35.438","293.3"
"176","25.0","35.454","295.666"
"176","26.0","35.469","297.922"
"176","27.0","35.483","300.012"
"176","28.0","35.497","301.939"
"176","29.0","35.509","303.746"
"176","30.0","35.521","305.443"
"176","31.0","35.532","307.032"
"176","32.0","35.542","308.518"
"176","33.0","35.552","309.905"
"176","34.0","35.561","311.193"
"176","35.0","35.569","312.393"
"176","36.0","35.577","313.51"
"176","37.0","35.584","314.555"
"176","38.0","35.591","315.527"
"176","39.0","35.598","316.432"
"176","40.0","35.604","317.271"
"176","41.0","35.609","318.05"
"176","42.0","35.615","318.732"
"176","43.0","35.619","319.222"
"176","44.0","35.623","319.603"
"176","45.0","35.627","319.886"
"176","46.0","35.63","320.075"
"176","47.0","35.632","320.175"
"177","0.0","34.625","0.0"
"177","1.0","34.514","174.788"
"177","2.0","34.579","130.686"
"177","3.0","34.651","166.091"
"177","4.0","34.72","177.474"
"177","5.0","34.783","185.26"
"177","6.0","34.842","193.799"
"177","7.0","34.896","201.85"
"177","8.0","34.947","211.304"
"177","9.0","34.995","219.497"
"177","10.0","35.04","227.092"
"177","11.0","35.082","234.251"
"177","12.0","35.121","240.833"
"177","13.0","35.157","246.736"
"177","14.0","35.191","252.222"
"177","15.0","35.223","257.49"
"177","16.0","35.253","262.273"
"177","17.0","35.281","266.708"
"177","18.0","35.307","270.831"
"177","19.0","35.331","274.674"
"177","20.0","35.353","278.251"
"177","21.0","35.375","281.657"
"177","22.0","35.394","284.813"
"177","23.0","35.413","287.746"
"177","24.0","35.43","290.486"
"177","25.0","35.446","293.031"
"177","26.0","35.461","295.451"
"177","27.0","35.476","297.691"
"177","28.0","35.489","299.766"
"177","29.0","35.501","301.709"
"177","30.0","35.513","303.533"
"177","31.0","35.524","305.241"
"177","32.0","35.534","306.844"
"177","33.0","35.544","308.338"
"177","34.0","35.553","309.726"
"177","35.0","35.561","311.019"
"177","36.0","35.569","312.226"
"177","37.0","35.577","313.353"
"177","38.0","35.584","314.4"
"177","39.0","35.59","315.377"
"177","40.0","35.596","316.286"
"177","41.0","35.602","317.128"
"177","42.0","35.607","317.89"
"177","43.0","35.612","318.49"
"177","44.0","35.616","318.977"
"177","45.0","35.619","319.36"
"177","46.0","35.622","319.641"
"177","47.0","35.624","319.828"
"178","0.0","34.624","0.0"
"178","1.0","34.492","161.722"
"178","2.0","34.58","119.143"
"178","3.0","34.648","155.836"
"178","4.0","34.716","169.229"
"178","5.0","34.779","178.049"
"178","6.0","34.837","187.147"
"178","7.0","34.892","195.557"
"178","8.0","34.943","205.434"
"178","9.0","34.99","213.964"
"178","10.0","35.035","221.916"
"178","11.0","35.076","229.401"
"178","12.0","35.115","236.287"
"178","13.0","35.151","242.429"
"178","14.0","35.185","248.189"
"178","15.0","35.217","253.723"
"178","16.0","35.247","258.757"
"178","17.0","35.274","263.426"
"178","18.0","35.3","267.767"
"178","19.0","35.324","271.797"
"178","20.0","35.346","275.549"
"178","21.0","35.367","279.129"
"178","22.0","35.387","282.445"
"178","23.0","35.405","285.529"
"178","24.0","35.422","288.406"
"178","25.0","35.439","291.082"
"178","26.0","35.454","293.624"
"178","27.0","35.468","295.973"
"178","28.0","35.481","298.151"
"178","29.0","35.493","300.194"
"178","30.0","35.505","302.114"
"178","31.0","35.516","303.911"
"178","32.0","35.526","305.595"
"178","33.0","35.536","307.169"
"178","34.0","35.545","308.633"
"178","35.0","35.553","309.996"
"178","36.0","35.561","311.265"
"178","37.0","35.568","312.453"
"178","38.0","35.575","313.559"
"178","39.0","35.581","314.589"
"178","40.0","35.587","315.546"
"178","41.0","35.593","316.44"
"178","42.0","35.598","317.261"
"178","43.0","35.603","317.944"
"178","44.0","35.607","318.509"
"178","45.0","35.61","318.966"
"178","46.0","35.613","319.316"
"178","47.0","35.615","319.57"
"179","0.0","34.623","0.0"
"179","1.0","34.531","204.563"
"179","2.0","34.573","118.782"
"179","3.0","34.643","146.406"
"179","4.0","34.712","160.662"
"179","5.0","34.775","170.455"
"179","6.0","34.833","179.823"
"179","7.0","34.887","188.372"
"179","8.0","34.938","198.482"
"179","9.0","34.985","207.212"
"179","10.0","35.029","215.422"
"179","11.0","35.07","223.159"
"179","12.0","35.109","230.3"
"179","13.0","35.145","236.641"
"179","14.0","35.179","242.668"
"179","15.0","35.21","248.477"
"179","16.0","35.24","253.782"
"179","17.0","35.267","258.713"
"179","18.0","35.293","263.307"
"179","19.0","35.316","267.559"
"179","20.0","35.339","271.53"
"179","21.0","35.36","275.328"
"179","22.0","35.379","278.849"
"179","23.0","35.397","282.133"
"179","24.0","35.414","285.199"
"179","25.0","35.43","288.053"
"179","26.0","35.445","290.761"
"179","27.0","35.459","293.264"
"179","28.0","35.472","295.595"
"179","29.0","35.485","297.782"
"179","30.0","35.496","299.84"
"179","31.0","35.507","301.768"
"179","32.0","35.517","303.579"
"179","33.0","35.527","305.272"
"179","34.0","35.536","306.85"
"179","35.0","35.544","308.32"
"179","36.0","35.552","309.691"
"179","37.0","35.559","310.974"
"179","38.0","35.566","312.168"
"179","39.0","35.572","313.282"
"179","40.0","35.578","314.32"
"179","41.0","35.584","315.289"
"179","42.0","35.589","316.21"
"179","43.0","35.593","317.026"
"179","44.0","35.597","317.721"
"179","45.0","35.601","318.303"
"179","46.0","35.604","318.768"
"179","47.0","35.606","319.13"
"17","0.0","34.621","0.0"
"17","1.0","34.554","202.249"
"17","2.0","34.563","111.69"
"17","3.0","34.64","138.654"
"17","4.0","34.71","153.65"
"17","5.0","34.773","164.593"
"17","6.0","34.831","174.402"
"17","7.0","34.885","183.291"
"17","8.0","34.935","193.72"
"17","9.0","34.982","202.743"
"17","10.0","35.026","211.256"
"17","11.0","35.067","219.265"
"17","12.0","35.106","226.648"
"17","13.0","35.142","233.195"
"17","14.0","35.176","239.451"
"17","15.0","35.207","245.474"
"17","16.0","35.236","250.981"
"17","17.0","35.264","256.101"
"17","18.0","35.289","260.868"
"17","19.0","35.313","265.27"
"17","20.0","35.335","269.383"
"17","21.0","35.356","273.319"
"17","22.0","35.376","276.969"
"17","23.0","35.394","280.372"
"17","24.0","35.411","283.548"
"17","25.0","35.427","286.507"
"17","26.0","35.442","289.312"
"17","27.0","35.456","291.9"
"17","28.0","35.469","294.315"
"17","29.0","35.481","296.581"
"17","30.0","35.493","298.715"
"17","31.0","35.503","300.714"
"17","32.0","35.513","302.591"
"17","33.0","35.523","304.347"
"17","34.0","35.532","305.985"
"17","35.0","35.54","307.51"
"17","36.0","35.548","308.933"
"17","37.0","35.555","310.263"
"17","38.0","35.562","311.503"
"17","39.0","35.568","312.66"
"17","40.0","35.574","313.737"
"17","41.0","35.58","314.743"
"17","42.0","35.585","315.713"
"17","43.0","35.59","316.595"
"17","44.0","35.594","317.351"
"17","45.0","35.597","317.992"
"17","46.0","35.6","318.512"
"17","47.0","35.602","318.926"
"17_sec18_0","0.0","34.621","18.0"
"17_sec18_0","1.0","34.554","202.249"
"17_sec18_0","2.0","34.563","111.69"
"17_sec18_0","3.0","34.64","138.654"
"17_sec18_0","4.0","34.71","153.65"
"17_sec18_0","5.0","34.773","164.593"
"17_sec18_0","6.0","34.831","174.402"
"17_sec18_0","7.0","34.885","183.291"
"17_sec18_0","8.0","34.935","193.72"
"17_sec18_0","9.0","34.982","202.743"
"17_sec18_0","10.0","35.026","211.256"
"17_sec18_0","11.0","35.067","219.265"
"17_sec18_0","12.0","35.106","226.648"
"17_sec18_0","13.0","35.142","233.195"
"17_sec18_0","14.0","35.176","239.451"
"17_sec18_0","15.0","35.207","245.474"
"17_sec18_0","16.0","35.236","250.981"
"17_sec18_0","17.0","35.264","256.101"
"17_sec18_0","18.0","35.289","260.868"
"17_sec18_0","19.0","35.313","265.27"
"17_sec18_0","20.0","35.335","269.383"
"17_sec18_0","21.0","35.356","273.319"
"17_sec18_0","22.0","35.376","276.969"
"17_sec18_0","23.0","35.394","280.372"
"17_sec18_0","24.0","35.411","283.548"
"17_sec18_0","25.0","35.427","286.507"
"17_sec18_0","26.0","35.442","289.312"
"17_sec18_0","27.0","35.456","291.9"
"17_sec18_0","28.0","35.469","294.315"
"17_sec18_0","29.0","35.481","296.581"
"17_sec18_0","30.0","35.493","298.715"
"17_sec18_0","31.0","35.503","300.714"
"17_sec18_0","32.0","35.513","302.591"
"17_sec18_0","33.0","35.523","304.347"
"17_sec18_0","34.0","35.532","305.985"
"17_sec18_0","35.0","35.54","307.51"
"17_sec18_0","36.0","35.548","308.933"
"17_sec18_0","37.0","35.555","310.263"
"17_sec18_0","38.0","35.562","311.503"
"17_sec18_0","39.0","35.568","312.66"
"17_sec18_0","40.0","35.574","313.737"
"17_sec18_0","41.0","35.58","314.743"
"17_sec18_0","42.0","35.585","315.713"
"17_sec18_0","43.0","35.59","316.595"
"17_sec18_0","44.0","35.594","317.351"
"17_sec18_0","45.0","35.597","317.992"
"17_sec18_0","46.0","35.6","318.512"
"17_sec18_0","47.0","35.602","318.926"
"15_sec18_1","0.0","34.62","1.0"
"15_sec18_1","1.0","34.525","169.711"
"15_sec18_1","2.0","34.557","91.546"
"15_sec18_1","3.0","34.638","128.909"
"15_sec18_1","4.0","34.708","145.155"
"15_sec18_1","5.0","34.772","157.34"
"15_sec18_1","6.0","34.829","167.664"
"15_sec18_1","7.0","34.883","176.996"
"15_sec18_1","8.0","34.933","187.745"
"15_sec18_1","9.0","34.98","197.098"
"15_sec18_1","10.0","35.024","205.954"
"15_sec18_1","11.0","35.065","214.273"
"15_sec18_1","12.0","35.103","221.935"
"15_sec18_1","13.0","35.139","228.725"
"15_sec18_1","14.0","35.173","235.257"
"15_sec18_1","15.0","35.205","241.545"
"15_sec18_1","16.0","35.234","247.317"
"15_sec18_1","17.0","35.261","252.686"
"15_sec18_1","18.0","35.286","257.676"
"15_sec18_1","19.0","35.31","262.275"
"15_sec18_1","20.0","35.332","266.576"
"15_sec18_1","21.0","35.353","270.692"
"15_sec18_1","22.0","35.373","274.508"
"15_sec18_1","23.0","35.391","278.068"
"15_sec18_1","24.0","35.408","281.39"
"15_sec18_1","25.0","35.424","284.486"
"15_sec18_1","26.0","35.439","287.415"
"15_sec18_1","27.0","35.453","290.117"
"15_sec18_1","28.0","35.466","292.642"
"15_sec18_1","29.0","35.478","295.012"
"15_sec18_1","30.0","35.49","297.244"
"15_sec18_1","31.0","35.5","299.334"
"15_sec18_1","32.0","35.51","301.299"
"15_sec18_1","33.0","35.52","303.137"
"15_sec18_1","34.0","35.529","304.853"
"15_sec18_1","35.0","35.537","306.45"
"15_sec18_1","36.0","35.545","307.94"
"15_sec18_1","37.0","35.552","309.333"
"15_sec18_1","38.0","35.559","310.632"
"15_sec18_1","39.0","35.565","311.843"
"15_sec18_1","40.0","35.571","312.973"
"15_sec18_1","41.0","35.577","314.026"
"15_sec18_1","42.0","35.582","315.06"
"15_sec18_1","43.0","35.586","316.027"
"15_sec18_1","44.0","35.59","316.865"
"15_sec18_1","45.0","35.594","317.582"
"15_sec18_1","46.0","35.597","318.173"
"15_sec18_1","47.0","35.599","318.655"
"15_sec19_0","0.0","34.62","0.0"
"15_sec19_0","1.0","34.525","506.454"
"15_sec19_0","2.0","34.557","544.593"
"15_sec19_0","3.0","34.638","539.45"
"15_sec19_0","4.0","34.708","563.895"
"15_sec19_0","5.0","34.772","583.414"
"15_sec19_0","6.0","34.829","600.945"
"15_sec19_0","7.0","34.883","617.158"
"15_sec19_0","8.0","34.933","632.608"
"15_sec19_0","9.0","34.98","646.993"
"15_sec19_0","10.0","35.024","660.347"
"15_sec19_0","11.0","35.065","672.86"
"15_sec19_0","12.0","35.103","684.518"
"15_sec19_0","13.0","35.139","695.496"
"15_sec19_0","14.0","35.173","705.831"
"15_sec19_0","15.0","35.205","715.465"
"15_sec19_0","16.0","35.234","724.393"
"15_sec19_0","17.0","35.261","732.685"
"15_sec19_0","18.0","35.286","740.442"
"15_sec19_0","19.0","35.31","747.729"
"15_sec19_0","20.0","35.332","754.6"
"15_sec19_0","21.0","35.353","761.145"
"15_sec19_0","22.0","35.373","767.234"
"15_sec19_0","23.0","35.391","772.91"
"15_sec19_0","24.0","35.408","778.218"
"15_sec19_0","25.0","35.424","783.173"
"15_sec19_0","26.0","35.439","787.834"
"15_sec19_0","27.0","35.453","792.204"
"15_sec19_0","28.0","35.466","796.295"
"15_sec19_0","29.0","35.478","800.126"
"15_sec19_0","30.0","35.49","803.708"
"15_sec19_0","31.0","35.5","807.066"
"15_sec19_0","32.0","35.51","810.221"
"15_sec19_0","33.0","35.52","813.165"
"15_sec19_0","34.0","35.529","815.9"
"15_sec19_0","35.0","35.537","818.454"
"15_sec19_0","36.0","35.545","820.835"
"15_sec19_0","37.0","35.552","823.056"
"15_sec19_0","38.0","35.559","825.125"
"15_sec19_0","39.0","35.565","827.051"
"15_sec19_0","40.0","35.571","828.843"
"15_sec19_0","41.0","35.577","830.505"
"15_sec19_0","42.0","35.582","832.004"
"15_sec19_0","43.0","35.586","833.159"
"15_sec19_0","44.0","35.59","834.083"
"15_sec19_0","45.0","35.594","834.792"
"15_sec19_0","46.0","35.597","835.288"
"15_sec19_0","47.0","35.599","835.601"
"180","0.0","34.524","0.0"
"180","1.0","34.431","454.997"
"180","2.0","34.459","498.928"
"180","3.0","34.545","522.842"
"180","4.0","34.615","548.938"
"180","5.0","34.679","570.103"
"180","6.0","34.737","588.445"
"180","7.0","34.791","605.415"
"180","8.0","34.842","621.416"
"180","9.0","34.89","636.455"
"180","10.0","34.935","650.485"
"180","11.0","34.976","663.603"
"180","12.0","35.015","675.791"
"180","13.0","35.051","687.255"
"180","14.0","35.085","698.118"
"180","15.0","35.117","708.229"
"180","16.0","35.147","717.633"
"180","17.0","35.175","726.378"
"180","18.0","35.2","734.548"
"180","19.0","35.224","742.192"
"180","20.0","35.247","749.411"
"180","21.0","35.268","756.284"
"180","22.0","35.287","762.677"
"180","23.0","35.306","768.642"
"180","24.0","35.323","774.214"
"180","25.0","35.339","779.418"
"180","26.0","35.354","784.309"
"180","27.0","35.368","788.89"
"180","28.0","35.382","793.18"
"180","29.0","35.394","797.199"
"180","30.0","35.406","800.963"
"180","31.0","35.417","804.49"
"180","32.0","35.427","807.803"
"180","33.0","35.436","810.898"
"180","34.0","35.445","813.778"
"180","35.0","35.454","816.464"
"180","36.0","35.461","818.969"
"180","37.0","35.469","821.306"
"180","38.0","35.476","823.486"
"180","39.0","35.482","825.515"
"180","40.0","35.488","827.402"
"180","41.0","35.494","829.16"
"180","42.0","35.499","830.769"
"180","43.0","35.504","832.084"
"180","44.0","35.508","833.157"
"180","45.0","35.511","834.011"
"180","46.0","35.514","834.642"
"180","47.0","35.517","835.08"
"181","0.0","34.353","19.0"
"181","1.0","34.328","433.896"
"181","2.0","34.347","480.389"
"181","3.0","34.439","516.493"
"181","4.0","34.509","542.722"
"181","5.0","34.575","564.467"
"181","6.0","34.635","583.199"
"181","7.0","34.69","600.537"
"181","8.0","34.743","616.795"
"181","9.0","34.792","632.127"
"181","10.0","34.837","646.451"
"181","11.0","34.88","659.833"
"181","12.0","34.92","672.253"
"181","13.0","34.957","683.934"
"181","14.0","34.992","695.02"
"181","15.0","35.025","705.326"
"181","16.0","35.055","714.929"
"181","17.0","35.084","723.852"
"181","18.0","35.11","732.191"
"181","19.0","35.135","739.98"
"181","20.0","35.158","747.348"
"181","21.0","35.179","754.351"
"181","22.0","35.199","760.865"
"181","23.0","35.218","766.946"
"181","24.0","35.236","772.626"
"181","25.0","35.252","777.928"
"181","26.0","35.268","782.91"
"181","27.0","35.282","787.577"
"181","28.0","35.296","791.95"
"181","29.0","35.308","796.046"
"181","30.0","35.32","799.881"
"181","31.0","35.332","803.477"
"181","32.0","35.342","806.856"
"181","33.0","35.352","810.01"
"181","34.0","35.361","812.946"
"181","35.0","35.37","815.686"
"181","36.0","35.378","818.241"
"181","37.0","35.385","820.624"
"181","38.0","35.392","822.847"
"181","39.0","35.399","824.915"
"181","40.0","35.405","826.842"
"181","41.0","35.411","828.637"
"181","42.0","35.416","830.287"
"181","43.0","35.421","831.663"
"181","44.0","35.425","832.797"
"181","45.0","35.429","833.705"
"181","46.0","35.432","834.387"
"181","47.0","35.434","834.876"
"182","0.0","34.2","1.0"
"182","1.0","34.221","462.993"
"182","2.0","34.22","466.178"
"182","3.0","34.31","509.132"
"182","4.0","34.378","534.367"
"182","5.0","34.442","556.587"
"182","6.0","34.502","575.845"
"182","7.0","34.557","593.687"
"182","8.0","34.61","610.296"
"182","9.0","34.659","626.041"
"182","10.0","34.705","640.777"
"182","11.0","34.748","654.529"
"182","12.0","34.788","667.279"
"182","13.0","34.825","679.266"
"182","14.0","34.86","690.66"
"182","15.0","34.893","701.255"
"182","16.0","34.923","711.133"
"182","17.0","34.951","720.314"
"182","18.0","34.978","728.892"
"182","19.0","35.002","736.886"
"182","20.0","35.026","744.459"
"182","21.0","35.047","751.642"
"182","22.0","35.068","758.33"
"182","23.0","35.087","764.574"
"182","24.0","35.104","770.401"
"182","25.0","35.121","775.84"
"182","26.0","35.137","780.953"
"182","27.0","35.151","785.741"
"182","28.0","35.165","790.226"
"182","29.0","35.178","794.429"
"182","30.0","35.19","798.367"
"182","31.0","35.202","802.06"
"182","32.0","35.212","805.527"
"182","33.0","35.222","808.765"
"182","34.0","35.231","811.783"
"182","35.0","35.24","814.596"
"182","36.0","35.248","817.218"
"182","37.0","35.256","819.665"
"182","38.0","35.263","821.95"
"182","39.0","35.27","824.074"
"182","40.0","35.276","826.052"
"182","41.0","35.282","827.899"
"182","42.0","35.287","829.604"
"182","43.0","35.292","831.065"
"182","44.0","35.297","832.279"
"182","45.0","35.3","833.263"
"182","46.0","35.303","834.017"
"182","47.0","35.306","834.572"
"183","0.0","33.967","0.0"
"183","1.0","33.997","473.72"
"183","2.0","33.978","463.637"
"183","3.0","34.05","504.214"
"183","4.0","34.107","528.391"
"183","5.0","34.165","550.668"
"183","6.0","34.22","570.246"
"183","7.0","34.272","588.399"
"183","8.0","34.321","605.267"
"183","9.0","34.368","621.319"
"183","10.0","34.411","636.347"
"183","11.0","34.452","650.371"
"183","12.0","34.49","663.385"
"183","13.0","34.525","675.593"
"183","14.0","34.558","687.203"
"183","15.0","34.589","698.009"
"183","16.0","34.618","708.09"
"183","17.0","34.645","717.462"
"183","18.0","34.67","726.213"
"183","19.0","34.694","734.361"
"183","20.0","34.717","742.069"
"183","21.0","34.738","749.394"
"183","22.0","34.758","756.219"
"183","23.0","34.777","762.598"
"183","24.0","34.794","768.547"
"183","25.0","34.811","774.098"
"183","26.0","34.826","779.316"
"183","27.0","34.841","784.204"
"183","28.0","34.855","788.785"
"183","29.0","34.867","793.077"
"183","30.0","34.879","797.098"
"183","31.0","34.891","800.874"
"183","32.0","34.901","804.415"
"183","33.0","34.911","807.722"
"183","34.0","34.92","810.805"
"183","35.0","34.929","813.679"
"183","36.0","34.937","816.36"
"183","37.0","34.945","818.86"
"183","38.0","34.952","821.193"
"183","39.0","34.959","823.365"
"183","40.0","34.965","825.389"
"183","41.0","34.971","827.274"
"183","42.0","34.977","829.027"
"183","43.0","34.982","830.555"
"183","44.0","34.986","831.836"
"183","45.0","34.99","832.88"
"183","46.0","34.993","833.692"
"183","47.0","34.996","834.304"
"184","0.0","33.819","0.0"
"184","1.0","33.857","463.118"
"184","2.0","33.848","464.05"
"184","3.0","33.906","500.984"
"184","4.0","33.958","524.895"
"184","5.0","34.012","547.106"
"184","6.0","34.064","566.847"
"184","7.0","34.115","585.165"
"184","8.0","34.162","602.198"
"184","9.0","34.207","618.434"
"184","10.0","34.249","633.633"
"184","11.0","34.288","647.818"
"184","12.0","34.325","660.999"
"184","13.0","34.36","673.338"
"184","14.0","34.393","685.081"
"184","15.0","34.423","696.021"
"184","16.0","34.452","706.226"
"184","17.0","34.479","715.723"
"184","18.0","34.504","724.584"
"184","19.0","34.527","732.824"
"184","20.0","34.549","740.6"
"184","21.0","34.571","748.008"
"184","22.0","34.591","754.919"
"184","23.0","34.609","761.378"
"184","24.0","34.627","767.395"
"184","25.0","34.643","773.017"
"184","26.0","34.659","778.301"
"184","27.0","34.674","783.251"
"184","28.0","34.687","787.887"
"184","29.0","34.7","792.233"
"184","30.0","34.712","796.308"
"184","31.0","34.724","800.136"
"184","32.0","34.734","803.72"
"184","33.0","34.744","807.069"
"184","34.0","34.754","810.194"
"184","35.0","34.762","813.105"
"184","36.0","34.771","815.819"
"184","37.0","34.778","818.352"
"184","38.0","34.786","820.718"
"184","39.0","34.792","822.919"
"184","40.0","34.799","824.967"
"184","41.0","34.805","826.877"
"184","42.0","34.81","828.658"
"184","43.0","34.816","830.227"
"184","44.0","34.82","831.547"
"184","45.0","34.824","832.627"
"184","46.0","34.828","833.473"
"184","47.0","34.831","834.119"
"185","0.0","33.622","0.0"
"185","1.0","33.723","459.585"
"185","2.0","33.712","460.726"
"185","3.0","33.752","495.651"
"185","4.0","33.799","519.631"
"185","5.0","33.849","541.668"
"185","6.0","33.899","561.581"
"185","7.0","33.948","580.109"
"185","8.0","33.995","597.407"
"185","9.0","34.039","613.923"
"185","10.0","34.081","629.379"
"185","11.0","34.12","643.816"
"185","12.0","34.157","657.259"
"185","13.0","34.192","669.806"
"185","14.0","34.224","681.755"
"185","15.0","34.255","692.9"
"185","16.0","34.284","703.298"
"185","17.0","34.311","712.983"
"185","18.0","34.336","722.005"
"185","19.0","34.36","730.389"
"185","20.0","34.383","738.285"
"185","21.0","34.404","745.818"
"185","22.0","34.425","752.856"
"185","23.0","34.444","759.44"
"185","24.0","34.462","765.571"
"185","25.0","34.478","771.303"
"185","26.0","34.494","776.686"
"185","27.0","34.509","781.732"
"185","28.0","34.523","786.462"
"185","29.0","34.536","790.896"
"185","30.0","34.549","795.048"
"185","31.0","34.56","798.957"
"185","32.0","34.571","802.615"
"185","33.0","34.582","806.031"
"185","34.0","34.591","809.217"
"185","35.0","34.6","812.187"
"185","36.0","34.609","814.959"
"185","37.0","34.617","817.543"
"185","38.0","34.624","819.955"
"185","39.0","34.631","822.201"
"185","40.0","34.638","824.296"
"185","41.0","34.644","826.246"
"185","42.0","34.65","828.07"
"185","43.0","34.656","829.699"
"185","44.0","34.66","831.081"
"185","45.0","34.665","832.213"
"185","46.0","34.668","833.113"
"185","47.0","34.672","833.813"
"186","0.0","33.44","0.0"
"186","1.0","33.571","464.612"
"186","2.0","33.558","453.884"
"186","3.0","33.58","489.973"
"186","4.0","33.618","513.183"
"186","5.0","33.662","534.753"
"186","6.0","33.707","554.695"
"186","7.0","33.752","573.381"
"186","8.0","33.795","590.932"
"186","9.0","33.836","607.711"
"186","10.0","33.875","623.48"
"186","11.0","33.913","638.234"
"186","12.0","33.948","652.0"
"186","13.0","33.981","664.824"
"186","14.0","34.012","677.037"
"186","15.0","34.042","688.453"
"186","16.0","34.069","699.108"
"186","17.0","34.096","709.041"
"186","18.0","34.12","718.283"
"186","19.0","34.143","726.858"
"186","20.0","34.165","734.915"
"186","21.0","34.186","742.611"
"186","22.0","34.206","749.833"
"186","23.0","34.225","756.591"
"186","24.0","34.242","762.876"
"186","25.0","34.259","768.765"
"186","26.0","34.274","774.295"
"186","27.0","34.289","779.48"
"186","28.0","34.302","784.335"
"186","29.0","34.315","788.893"
"186","30.0","34.328","793.167"
"186","31.0","34.339","797.187"
"186","32.0","34.35","800.944"
"186","33.0","34.36","804.456"
"186","34.0","34.369","807.739"
"186","35.0","34.378","810.796"
"186","36.0","34.387","813.644"
"186","37.0","34.395","816.304"
"186","38.0","34.402","818.793"
"186","39.0","34.41","821.107"
"186","40.0","34.416","823.262"
"186","41.0","34.422","825.275"
"186","42.0","34.428","827.162"
"186","43.0","34.434","828.88"
"186","44.0","34.439","830.35"
"186","45.0","34.443","831.555"
"186","46.0","34.447","832.535"
"186","47.0","34.45","833.313"
"187","0.0","33.418","0.0"
"187","1.0","33.55","463.342"
"187","2.0","33.535","452.628"
"187","3.0","33.558","488.003"
"187","4.0","33.595","510.698"
"187","5.0","33.638","532.057"
"187","6.0","33.683","552.0"
"187","7.0","33.727","570.749"
"187","8.0","33.77","588.406"
"187","9.0","33.811","605.282"
"187","10.0","33.85","621.172"
"187","11.0","33.887","636.051"
"187","12.0","33.922","649.944"
"187","13.0","33.955","662.885"
"187","14.0","33.986","675.199"
"187","15.0","34.016","686.723"
"187","16.0","34.044","697.48"
"187","17.0","34.07","707.512"
"187","18.0","34.094","716.833"
"187","19.0","34.117","725.482"
"187","20.0","34.139","733.612"
"187","21.0","34.16","741.373"
"187","22.0","34.18","748.661"
"187","23.0","34.199","755.487"
"187","24.0","34.216","761.842"
"187","25.0","34.233","767.792"
"187","26.0","34.248","773.373"
"187","27.0","34.263","778.612"
"187","28.0","34.277","783.522"
"187","29.0","34.29","788.128"
"187","30.0","34.302","792.442"
"187","31.0","34.313","796.503"
"187","32.0","34.324","800.304"
"187","33.0","34.334","803.854"
"187","34.0","34.344","807.167"
"187","35.0","34.353","810.257"
"187","36.0","34.361","813.141"
"187","37.0","34.369","815.831"
"187","38.0","34.377","818.342"
"187","39.0","34.384","820.681"
"187","40.0","34.391","822.866"
"187","41.0","34.397","824.898"
"187","42.0","34.403","826.812"
"187","43.0","34.409","828.562"
"187","44.0","34.414","830.066"
"187","45.0","34.418","831.297"
"187","46.0","34.422","832.307"
"187","47.0","34.425","833.115"
"188","0.0","33.388","0.0"
"188","1.0","33.513","458.333"
"188","2.0","33.493","454.784"
"188","3.0","33.513","483.96"
"188","4.0","33.547","506.006"
"188","5.0","33.588","526.948"
"188","6.0","33.631","546.857"
"188","7.0","33.673","565.691"
"188","8.0","33.714","583.528"
"188","9.0","33.753","600.56"
"188","10.0","33.791","616.663"
"188","11.0","33.826","631.768"
"188","12.0","33.86","645.88"
"188","13.0","33.892","659.037"
"188","14.0","33.922","671.539"
"188","15.0","33.95","683.262"
"188","16.0","33.977","694.212"
"188","17.0","34.002","704.441"
"188","18.0","34.026","713.915"
"188","19.0","34.049","722.707"
"188","20.0","34.07","730.96"
"188","21.0","34.09","738.845"
"188","22.0","34.11","746.278"
"188","23.0","34.128","753.236"
"188","24.0","34.145","759.717"
"188","25.0","34.161","765.788"
"188","26.0","34.176","771.487"
"188","27.0","34.191","776.833"
"188","28.0","34.204","781.837"
"188","29.0","34.217","786.542"
"188","30.0","34.229","790.952"
"188","31.0","34.24","795.096"
"188","32.0","34.25","798.971"
"188","33.0","34.26","802.596"
"188","34.0","34.27","805.987"
"188","35.0","34.278","809.143"
"188","36.0","34.287","812.083"
"188","37.0","34.295","814.833"
"188","38.0","34.302","817.407"
"188","39.0","34.309","819.797"
"188","40.0","34.316","822.024"
"188","41.0","34.322","824.106"
"188","42.0","34.328","826.076"
"188","43.0","34.333","827.894"
"188","44.0","34.338","829.467"
"188","45.0","34.342","830.749"
"188","46.0","34.346","831.822"
"188","47.0","34.35","832.692"
"189","0.0","33.266","0.0"
"189","1.0","33.38","462.061"
"189","2.0","33.367","463.401"
"189","3.0","33.373","480.421"
"189","4.0","33.399","502.065"
"189","5.0","33.432","522.488"
"189","6.0","33.468","542.324"
"189","7.0","33.504","561.213"
"189","8.0","33.54","579.196"
"189","9.0","33.574","596.367"
"189","10.0","33.607","612.65"
"189","11.0","33.639","627.954"
"189","12.0","33.669","642.253"
"189","13.0","33.697","655.609"
"189","14.0","33.724","668.276"
"189","15.0","33.75","680.174"
"189","16.0","33.774","691.296"
"189","17.0","33.797","701.707"
"189","18.0","33.819","711.287"
"189","19.0","33.839","720.201"
"189","20.0","33.859","728.579"
"189","21.0","33.878","736.575"
"189","22.0","33.896","744.128"
"189","23.0","33.913","751.203"
"189","24.0","33.929","757.808"
"189","25.0","33.944","763.987"
"189","26.0","33.958","769.782"
"189","27.0","33.971","775.224"
"189","28.0","33.984","780.324"
"189","29.0","33.996","785.115"
"189","30.0","34.007","789.601"
"189","31.0","34.018","793.82"
"189","32.0","34.028","797.771"
"189","33.0","34.037","801.464"
"189","34.0","34.046","804.913"
"189","35.0","34.055","808.128"
"189","36.0","34.063","811.13"
"189","37.0","34.07","813.933"
"189","38.0","34.078","816.551"
"189","39.0","34.084","818.987"
"189","40.0","34.091","821.261"
"189","41.0","34.097","823.378"
"189","42.0","34.103","825.405"
"189","43.0","34.108","827.281"
"189","44.0","34.113","828.915"
"189","45.0","34.117","830.238"
"189","46.0","34.121","831.365"
"189","47.0","34.125","832.291"
"190","0.0","33.235","0.0"
"190","1.0","33.353","459.809"
"190","2.0","33.346","468.978"
"190","3.0","33.344","478.87"
"190","4.0","33.368","500.139"
"190","5.0","33.4","520.162"
"190","6.0","33.435","539.929"
"190","7.0","33.47","558.836"
"190","8.0","33.505","576.89"
"190","9.0","33.538","594.127"
"190","10.0","33.571","610.502"
"190","11.0","33.602","625.909"
"190","12.0","33.631","640.295"
"190","13.0","33.659","653.756"
"190","14.0","33.686","666.511"
"190","15.0","33.711","678.501"
"190","16.0","33.735","689.713"
"190","17.0","33.758","700.222"
"190","18.0","33.779","709.857"
"190","19.0","33.8","718.834"
"190","20.0","33.819","727.27"
"190","21.0","33.838","735.324"
"190","22.0","33.856","742.953"
"190","23.0","33.872","750.089"
"190","24.0","33.888","756.75"
"190","25.0","33.903","762.989"
"190","26.0","33.917","768.844"
"190","27.0","33.931","774.338"
"190","28.0","33.943","779.48"
"190","29.0","33.955","784.317"
"190","30.0","33.967","788.854"
"190","31.0","33.977","793.114"
"190","32.0","33.987","797.097"
"190","33.0","33.997","800.827"
"190","34.0","34.006","804.317"
"190","35.0","34.014","807.564"
"190","36.0","34.022","810.589"
"190","37.0","34.03","813.422"
"190","38.0","34.037","816.073"
"190","39.0","34.044","818.534"
"190","40.0","34.05","820.825"
"190","41.0","34.056","822.968"
"190","42.0","34.062","825.029"
"190","43.0","34.067","826.936"
"190","44.0","34.072","828.602"
"190","45.0","34.077","829.944"
"190","46.0","34.081","831.102"
"190","47.0","34.084","832.057"
"191","0.0","33.162","0.0"
"191","1.0","33.282","462.295"
"191","2.0","33.272","472.335"
"191","3.0","33.262","476.668"
"191","4.0","33.281","495.039"
"191","5.0","33.308","513.766"
"191","6.0","33.339","533.257"
"191","7.0","33.37","552.176"
"191","8.0","33.401","570.392"
"191","9.0","33.431","587.8"
"191","10.0","33.46","604.404"
"191","11.0","33.487","620.083"
"191","12.0","33.514","634.709"
"191","13.0","33.54","648.462"
"191","14.0","33.564","661.467"
"191","15.0","33.587","673.711"
"191","16.0","33.608","685.177"
"191","17.0","33.629","695.953"
"191","18.0","33.649","705.706"
"191","19.0","33.668","714.863"
"191","20.0","33.686","723.493"
"191","21.0","33.704","731.709"
"191","22.0","33.72","739.523"
"191","23.0","33.736","746.836"
"191","24.0","33.751","753.681"
"191","25.0","33.765","760.091"
"191","26.0","33.779","766.099"
"191","27.0","33.791","771.738"
"191","28.0","33.803","777.026"
"191","29.0","33.815","781.995"
"191","30.0","33.825","786.655"
"191","31.0","33.835","791.035"
"191","32.0","33.845","795.134"
"191","33.0","33.854","798.971"
"191","34.0","33.863","802.556"
"191","35.0","33.871","805.894"
"191","36.0","33.879","809.012"
"191","37.0","33.886","811.929"
"191","38.0","33.893","814.653"
"191","39.0","33.9","817.184"
"191","40.0","33.906","819.545"
"191","41.0","33.912","821.748"
"191","42.0","33.918","823.915"
"191","43.0","33.923","825.911"
"191","44.0","33.927","827.67"
"191","45.0","33.932","829.073"
"191","46.0","33.936","830.317"
"191","47.0","33.939","831.358"
"192","0.0","33.072","0.0"
"192","1.0","33.172","474.861"
"192","2.0","33.168","468.567"
"192","3.0","33.156","476.66"
"192","4.0","33.169","492.376"
"192","5.0","33.19","510.463"
"192","6.0","33.215","529.733"
"192","7.0","33.24","548.624"
"192","8.0","33.265","566.899"
"192","9.0","33.29","584.377"
"192","10.0","33.314","601.086"
"192","11.0","33.337","616.895"
"192","12.0","33.36","631.64"
"192","13.0","33.381","645.529"
"192","14.0","33.401","658.655"
"192","15.0","33.421","671.018"
"192","16.0","33.439","682.612"
"192","17.0","33.456","693.498"
"192","18.0","33.473","703.297"
"192","19.0","33.49","712.538"
"192","20.0","33.506","721.261"
"192","21.0","33.521","729.561"
"192","22.0","33.536","737.471"
"192","23.0","33.55","744.878"
"192","24.0","33.563","751.816"
"192","25.0","33.576","758.321"
"192","26.0","33.588","764.423"
"192","27.0","33.599","770.142"
"192","28.0","33.61","775.505"
"192","29.0","33.62","780.549"
"192","30.0","33.63","785.287"
"192","31.0","33.639","789.733"
"192","32.0","33.648","793.89"
"192","33.0","33.657","797.79"
"192","34.0","33.665","801.438"
"192","35.0","33.672","804.829"
"192","36.0","33.68","807.992"
"192","37.0","33.686","810.96"
"192","38.0","33.693","813.735"
"192","39.0","33.699","816.307"
"192","40.0","33.705","818.703"
"192","41.0","33.711","820.959"
"192","42.0","33.716","823.195"
"192","43.0","33.721","825.244"
"192","44.0","33.725","827.058"
"192","45.0","33.729","828.514"
"192","46.0","33.733","829.809"
"192","47.0","33.736","830.898"
"193","0.0","33.057","0.0"
"193","1.0","33.159","465.945"
"193","2.0","33.15","466.489"
"193","3.0","33.14","476.215"
"193","4.0","33.152","490.447"
"193","5.0","33.173","508.107"
"193","6.0","33.196","527.191"
"193","7.0","33.22","546.046"
"193","8.0","33.245","564.351"
"193","9.0","33.269","581.878"
"193","10.0","33.292","598.656"
"193","11.0","33.315","614.556"
"193","12.0","33.337","629.403"
"193","13.0","33.357","643.398"
"193","14.0","33.377","656.619"
"193","15.0","33.396","669.077"
"193","16.0","33.414","680.765"
"193","17.0","33.431","691.71"
"193","18.0","33.448","701.536"
"193","19.0","33.464","710.839"
"193","20.0","33.48","719.637"
"193","21.0","33.495","728.003"
"193","22.0","33.509","735.97"
"193","23.0","33.523","743.444"
"193","24.0","33.536","750.457"
"193","25.0","33.549","757.032"
"193","26.0","33.561","763.193"
"193","27.0","33.572","768.972"
"193","28.0","33.582","774.396"
"193","29.0","33.593","779.495"
"193","30.0","33.602","784.281"
"193","31.0","33.612","788.772"
"193","32.0","33.62","792.979"
"193","33.0","33.629","796.924"
"193","34.0","33.637","800.609"
"193","35.0","33.644","804.038"
"193","36.0","33.651","807.243"
"193","37.0","33.658","810.248"
"193","38.0","33.665","813.051"
"193","39.0","33.671","815.652"
"193","40.0","33.677","818.081"
"193","41.0","33.683","820.374"
"193","42.0","33.688","822.66"
"193","43.0","33.693","824.748"
"193","44.0","33.697","826.6"
"193","45.0","33.701","828.105"
"193","46.0","33.705","829.434"
"193","47.0","33.708","830.558"
"194","0.0","33.036","0.0"
"194","1.0","33.127","478.997"
"194","2.0","33.116","470.332"
"194","3.0","33.107","473.022"
"194","4.0","33.117","485.893"
"194","5.0","33.135","502.245"
"194","6.0","33.157","520.832"
"194","7.0","33.179","539.583"
"194","8.0","33.201","557.948"
"194","9.0","33.223","575.59"
"194","10.0","33.245","592.532"
"194","11.0","33.265","608.647"
"194","12.0","33.285","623.756"
"194","13.0","33.304","638.01"
"194","14.0","33.323","651.465"
"194","15.0","33.34","664.159"
"194","16.0","33.357","676.088"
"194","17.0","33.372","687.137"
"194","18.0","33.388","697.049"
"194","19.0","33.403","706.505"
"194","20.0","33.418","715.48"
"194","21.0","33.432","724.014"
"194","22.0","33.446","732.136"
"194","23.0","33.459","739.781"
"194","24.0","33.471","746.973"
"194","25.0","33.483","753.724"
"194","26.0","33.494","760.048"
"194","27.0","33.505","765.973"
"194","28.0","33.515","771.542"
"194","29.0","33.525","776.78"
"194","30.0","33.534","781.696"
"194","31.0","33.543","786.299"
"194","32.0","33.551","790.621"
"194","33.0","33.559","794.681"
"194","34.0","33.567","798.471"
"194","35.0","33.574","801.996"
"194","36.0","33.581","805.295"
"194","37.0","33.588","808.392"
"194","38.0","33.594","811.278"
"194","39.0","33.6","813.954"
"194","40.0","33.606","816.455"
"194","41.0","33.612","818.871"
"194","42.0","33.617","821.283"
"194","43.0","33.621","823.467"
"194","44.0","33.626","825.415"
"194","45.0","33.629","827.044"
"194","46.0","33.633","828.461"
"194","47.0","33.636","829.669"
"195","0.0","33.007","0.0"
"195","1.0","33.076","490.279"
"195","2.0","33.079","476.459"
"195","3.0","33.068","472.753"
"195","4.0","33.076","484.196"
"195","5.0","33.092","499.971"
"195","6.0","33.111","518.344"
"195","7.0","33.131","537.053"
"195","8.0","33.151","555.436"
"195","9.0","33.17","573.117"
"195","10.0","33.189","590.121"
"195","11.0","33.208","606.318"
"195","12.0","33.226","621.524"
"195","13.0","33.243","635.876"
"195","14.0","33.26","649.421"
"195","15.0","33.275","662.206"
"195","16.0","33.29","674.227"
"195","17.0","33.305","685.296"
"195","18.0","33.319","695.232"
"195","19.0","33.334","704.746"
"195","20.0","33.347","713.794"
"195","21.0","33.36","722.394"
"195","22.0","33.373","730.574"
"195","23.0","33.385","738.285"
"195","24.0","33.397","745.55"
"195","25.0","33.408","752.371"
"195","26.0","33.418","758.756"
"195","27.0","33.428","764.739"
"195","28.0","33.438","770.37"
"195","29.0","33.447","775.663"
"195","30.0","33.456","780.626"
"195","31.0","33.464","785.275"
"195","32.0","33.472","789.646"
"195","33.0","33.48","793.751"
"195","34.0","33.487","797.58"
"195","35.0","33.494","801.143"
"195","36.0","33.501","804.483"
"195","37.0","33.507","807.618"
"195","38.0","33.514","810.533"
"195","39.0","33.519","813.237"
"195","40.0","33.525","815.772"
"195","41.0","33.53","818.24"
"195","42.0","33.535","820.703"
"195","43.0","33.54","822.926"
"195","44.0","33.544","824.913"
"195","45.0","33.548","826.59"
"195","46.0","33.551","828.043"
"195","47.0","33.555","829.285"
"196","0.0","32.995","0.0"
"196","1.0","33.062","465.123"
"196","2.0","33.06","482.387"
"196","3.0","33.048","473.763"
"196","4.0","33.056","482.352"
"196","5.0","33.071","497.549"
"196","6.0","33.088","515.658"
"196","7.0","33.107","534.313"
"196","8.0","33.125","552.706"
"196","9.0","33.144","570.431"
"196","10.0","33.161","587.491"
"196","11.0","33.179","603.772"
"196","12.0","33.196","619.087"
"196","13.0","33.212","633.541"
"196","14.0","33.227","647.185"
"196","15.0","33.242","660.065"
"196","16.0","33.256","672.188"
"196","17.0","33.27","683.246"
"196","18.0","33.284","693.207"
"196","19.0","33.297","702.783"
"196","20.0","33.31","711.909"
"196","21.0","33.323","720.58"
"196","22.0","33.335","728.824"
"196","23.0","33.347","736.608"
"196","24.0","33.358","743.95"
"196","25.0","33.368","750.848"
"196","26.0","33.378","757.302"
"196","27.0","33.388","763.347"
"196","28.0","33.397","769.042"
"196","29.0","33.406","774.396"
"196","30.0","33.414","779.413"
"196","31.0","33.423","784.111"
"196","32.0","33.43","788.532"
"196","33.0","33.438","792.688"
"196","34.0","33.445","796.561"
"196","35.0","33.452","800.167"
"196","36.0","33.458","803.549"
"196","37.0","33.464","806.724"
"196","38.0","33.47","809.674"
"196","39.0","33.476","812.411"
"196","40.0","33.482","814.978"
"196","41.0","33.487","817.523"
"196","42.0","33.491","820.045"
"196","43.0","33.496","822.309"
"196","44.0","33.5","824.338"
"196","45.0","33.504","826.07"
"196","46.0","33.507","827.561"
"196","47.0","33.51","828.841"
"197","0.0","32.979","0.0"
"197","1.0","33.025","462.098"
"197","2.0","33.025","481.684"
"197","3.0","33.015","473.714"
"197","4.0","33.022","480.553"
"197","5.0","33.034","495.235"
"197","6.0","33.049","513.07"
"197","7.0","33.065","531.678"
"197","8.0","33.081","550.08"
"197","9.0","33.097","567.835"
"197","10.0","33.113","584.952"
"197","11.0","33.128","601.311"
"197","12.0","33.143","616.72"
"197","13.0","33.157","631.274"
"197","14.0","33.17","645.012"
"197","15.0","33.183","657.978"
"197","16.0","33.195","670.2"
"197","17.0","33.207","681.209"
"197","18.0","33.22","691.191"
"197","19.0","33.232","700.827"
"197","20.0","33.244","710.027"
"197","21.0","33.255","718.768"
"197","22.0","33.266","727.07"
"197","23.0","33.277","734.923"
"197","24.0","33.287","742.342"
"197","25.0","33.296","749.315"
"197","26.0","33.306","755.832"
"197","27.0","33.314","761.938"
"197","28.0","33.323","767.697"
"197","29.0","33.331","773.112"
"197","30.0","33.339","778.178"
"197","31.0","33.346","782.923"
"197","32.0","33.353","787.396"
"197","33.0","33.36","791.6"
"197","34.0","33.367","795.514"
"197","35.0","33.373","799.162"
"197","36.0","33.379","802.589"
"197","37.0","33.385","805.803"
"197","38.0","33.391","808.784"
"197","39.0","33.396","811.552"
"197","40.0","33.401","814.155"
"197","41.0","33.406","816.78"
"197","42.0","33.41","819.359"
"197","43.0","33.414","821.665"
"197","44.0","33.418","823.735"
"197","45.0","33.422","825.519"
"197","46.0","33.425","827.049"
"197","47.0","33.428","828.365"
"198","0.0","32.962","0.0"
"198","1.0","32.981","462.51"
"198","2.0","32.991","481.185"
"198","3.0","32.985","472.922"
"198","4.0","32.99","479.597"
"198","5.0","33.001","493.985"
"198","6.0","33.014","511.674"
"198","7.0","33.027","530.247"
"198","8.0","33.041","548.65"
"198","9.0","33.055","566.423"
"198","10.0","33.068","583.564"
"198","11.0","33.081","599.961"
"198","12.0","33.094","615.422"
"198","13.0","33.106","630.028"
"198","14.0","33.118","643.815"
"198","15.0","33.129","656.828"
"198","16.0","33.139","669.101"
"198","17.0","33.15","680.048"
"198","18.0","33.161","690.04"
"198","19.0","33.172","699.707"
"198","20.0","33.183","708.949"
"198","21.0","33.193","717.728"
"198","22.0","33.203","726.06"
"198","23.0","33.213","733.949"
"198","24.0","33.222","741.41"
"198","25.0","33.231","748.424"
"198","26.0","33.239","754.976"
"198","27.0","33.247","761.114"
"198","28.0","33.255","766.909"
"198","29.0","33.262","772.356"
"198","30.0","33.269","777.448"
"198","31.0","33.276","782.22"
"198","32.0","33.283","786.722"
"198","33.0","33.289","790.953"
"198","34.0","33.295","794.888"
"198","35.0","33.301","798.559"
"198","36.0","33.307","802.01"
"198","37.0","33.312","805.246"
"198","38.0","33.318","808.244"
"198","39.0","33.323","811.029"
"198","40.0","33.328","813.652"
"198","41.0","33.332","816.342"
"198","42.0","33.336","818.953"
"198","43.0","33.34","821.282"
"198","44.0","33.344","823.375"
"198","45.0","33.347","825.187"
"198","46.0","33.35","826.739"
"198","47.0","33.353","828.075"
"199","0.0","32.947","0.0"
"199","1.0","32.962","439.637"
"199","2.0","32.965","484.499"
"199","3.0","32.961","472.407"
"199","4.0","32.965","478.585"
"199","5.0","32.974","492.607"
"199","6.0","32.986","510.133"
"199","7.0","32.997","528.67"
"199","8.0","33.009","547.073"
"199","9.0","33.021","564.863"
"199","10.0","33.033","582.036"
"199","11.0","33.045","598.476"
"199","12.0","33.056","613.991"
"199","13.0","33.066","628.656"
"199","14.0","33.077","642.499"
"199","15.0","33.086","655.558"
"199","16.0","33.096","667.893"
"199","17.0","33.106","678.723"
"199","18.0","33.116","688.729"
"199","19.0","33.126","698.431"
"199","20.0","33.135","707.721"
"199","21.0","33.145","716.543"
"199","22.0","33.154","724.906"
"199","23.0","33.163","732.837"
"199","24.0","33.171","740.347"
"199","25.0","33.179","747.406"
"199","26.0","33.187","753.993"
"199","27.0","33.194","760.168"
"199","28.0","33.202","766.006"
"199","29.0","33.209","771.488"
"199","30.0","33.215","776.607"
"199","31.0","33.222","781.408"
"199","32.0","33.228","785.945"
"199","33.0","33.234","790.205"
"199","34.0","33.24","794.161"
"199","35.0","33.245","797.857"
"199","36.0","33.251","801.338"
"199","37.0","33.256","804.598"
"199","38.0","33.261","807.611"
"199","39.0","33.266","810.415"
"199","40.0","33.271","813.064"
"199","41.0","33.275","815.832"
"199","42.0","33.279","818.475"
"199","43.0","33.283","820.829"
"199","44.0","33.286","822.945"
"199","45.0","33.289","824.789"
"199","46.0","33.292","826.364"
"199","47.0","33.295","827.722"
"200","0.0","32.931","0.0"
"200","1.0","32.941","423.968"
"200","2.0","32.943","488.038"
"200","3.0","32.939","473.235"
"200","4.0","32.942","477.601"
"200","5.0","32.95","491.235"
"200","6.0","32.959","508.587"
"200","7.0","32.969","527.084"
"200","8.0","32.98","545.483"
"200","9.0","32.99","563.288"
"200","10.0","33.0","580.491"
"200","11.0","33.01","596.972"
"200","12.0","33.019","612.538"
"200","13.0","33.029","627.263"
"200","14.0","33.037","641.161"
"200","15.0","33.046","654.265"
"200","16.0","33.054","666.661"
"200","17.0","33.063","677.317"
"200","18.0","33.072","687.341"
"200","19.0","33.081","697.079"
"200","20.0","33.09","706.417"
"200","21.0","33.098","715.28"
"200","22.0","33.107","723.674"
"200","23.0","33.115","731.647"
"200","24.0","33.123","739.205"
"200","25.0","33.13","746.309"
"200","26.0","33.137","752.932"
"200","27.0","33.144","759.145"
"200","28.0","33.151","765.023"
"200","29.0","33.157","770.542"
"200","30.0","33.164","775.687"
"200","31.0","33.17","780.517"
"200","32.0","33.176","785.09"
"200","33.0","33.181","789.379"
"200","34.0","33.187","793.356"
"200","35.0","33.192","797.077"
"200","36.0","33.197","800.589"
"200","37.0","33.202","803.872"
"200","38.0","33.207","806.901"
"200","39.0","33.212","809.724"
"200","40.0","33.216","812.398"
"200","41.0","33.221","815.279"
"200","42.0","33.224","817.954"
"200","43.0","33.228","820.332"
"200","44.0","33.231","822.473"
"200","45.0","33.234","824.348"
"200","46.0","33.237","825.946"
"200","47.0","33.24","827.326"
"201","0.0","32.906","0.0"
"201","1.0","32.911","396.502"
"201","2.0","32.915","488.695"
"201","3.0","32.911","475.675"
"201","4.0","32.913","476.375"
"201","5.0","32.919","489.574"
"201","6.0","32.927","506.709"
"201","7.0","32.935","525.16"
"201","8.0","32.943","543.55"
"201","9.0","32.951","561.371"
"201","10.0","32.959","578.609"
"201","11.0","32.967","595.138"
"201","12.0","32.975","610.765"
"201","13.0","32.982","625.56"
"201","14.0","32.99","639.524"
"201","15.0","32.996","652.676"
"201","16.0","33.003","665.149"
"201","17.0","33.011","675.49"
"201","18.0","33.019","685.529"
"201","19.0","33.027","695.307"
"201","20.0","33.034","704.709"
"201","21.0","33.042","713.624"
"201","22.0","33.049","722.048"
"201","23.0","33.057","730.07"
"201","24.0","33.063","737.695"
"201","25.0","33.07","744.853"
"201","26.0","33.077","751.512"
"201","27.0","33.083","757.769"
"201","28.0","33.089","763.706"
"201","29.0","33.095","769.269"
"201","30.0","33.101","774.438"
"201","31.0","33.106","779.304"
"201","32.0","33.112","783.928"
"201","33.0","33.117","788.252"
"201","34.0","33.122","792.248"
"201","35.0","33.127","795.999"
"201","36.0","33.132","799.555"
"201","37.0","33.137","802.867"
"201","38.0","33.141","805.908"
"201","39.0","33.146","808.754"
"201","40.0","33.15","811.466"
"201","41.0","33.154","814.511"
"201","42.0","33.158","817.224"
"201","43.0","33.161","819.634"
"201","44.0","33.164","821.804"
"201","45.0","33.167","823.718"
"201","46.0","33.17","825.344"
"201","47.0","33.173","826.75"
"202","0.0","32.878","0.0"
"202","1.0","32.879","383.633"
"202","2.0","32.88","488.124"
"202","3.0","32.879","477.39"
"202","4.0","32.881","475.224"
"202","5.0","32.886","488.15"
"202","6.0","32.891","505.125"
"202","7.0","32.897","523.546"
"202","8.0","32.903","541.927"
"202","9.0","32.909","559.748"
"202","10.0","32.914","577.021"
"202","11.0","32.92","593.586"
"202","12.0","32.926","609.254"
"202","13.0","32.931","624.11"
"202","14.0","32.936","638.126"
"202","15.0","32.941","651.31"
"202","16.0","32.946","663.851"
"202","17.0","32.952","673.771"
"202","18.0","32.959","683.814"
"202","19.0","32.966","693.624"
"202","20.0","32.972","703.08"
"202","21.0","32.978","712.037"
"202","22.0","32.985","720.485"
"202","23.0","32.991","728.547"
"202","24.0","32.997","736.228"
"202","25.0","33.002","743.43"
"202","26.0","33.008","750.118"
"202","27.0","33.014","756.412"
"202","28.0","33.019","762.398"
"202","29.0","33.024","767.997"
"202","30.0","33.029","773.186"
"202","31.0","33.034","778.08"
"202","32.0","33.039","782.748"
"202","33.0","33.044","787.101"
"202","34.0","33.049","791.112"
"202","35.0","33.053","794.887"
"202","36.0","33.058","798.48"
"202","37.0","33.062","801.817"
"202","38.0","33.067","804.867"
"202","39.0","33.071","807.732"
"202","40.0","33.075","810.476"
"202","41.0","33.079","813.734"
"202","42.0","33.082","816.483"
"202","43.0","33.085","818.916"
"202","44.0","33.088","821.113"
"202","45.0","33.09","823.06"
"202","46.0","33.093","824.705"
"202","47.0","33.096","826.135"
"203","0.0","32.827","0.0"
"203","1.0","32.831","383.408"
"203","2.0","32.832","489.417"
"203","3.0","32.834","476.993"
"203","4.0","32.836","474.509"
"203","5.0","32.838","487.384"
"203","6.0","32.84","504.315"
"203","7.0","32.842","522.731"
"203","8.0","32.844","541.107"
"203","9.0","32.846","558.918"
"203","10.0","32.848","576.214"
"203","11.0","32.85","592.795"
"203","12.0","32.852","608.474"
"203","13.0","32.854","623.364"
"203","14.0","32.856","637.404"
"203","15.0","32.858","650.593"
"203","16.0","32.86","663.173"
"203","17.0","32.865","672.616"
"203","18.0","32.869","682.634"
"203","19.0","32.874","692.457"
"203","20.0","32.878","701.952"
"203","21.0","32.883","710.929"
"203","22.0","32.887","719.372"
"203","23.0","32.892","727.452"
"203","24.0","32.896","735.173"
"203","25.0","32.9","742.396"
"203","26.0","32.905","749.083"
"203","27.0","32.909","755.394"
"203","28.0","32.913","761.417"
"203","29.0","32.917","767.033"
"203","30.0","32.922","772.217"
"203","31.0","32.926","777.125"
"203","32.0","32.93","781.826"
"203","33.0","32.934","786.193"
"203","34.0","32.938","790.197"
"203","35.0","32.942","793.984"
"203","36.0","32.946","797.608"
"203","37.0","32.95","800.956"
"203","38.0","32.954","803.997"
"203","39.0","32.958","806.87"
"203","40.0","32.962","809.645"
"203","41.0","32.964","813.111"
"203","42.0","32.967","815.877"
"203","43.0","32.97","818.325"
"203","44.0","32.972","820.531"
"203","45.0","32.975","822.495"
"203","46.0","32.978","824.151"
"203","47.0","32.98","825.59"
"18","0.0","32.817","0.0"
"18","1.0","32.818","374.192"
"18","2.0","32.818","490.313"
"18","3.0","32.819","476.355"
"18","4.0","32.82","474.226"
"18","5.0","32.821","487.119"
"18","6.0","32.822","504.042"
"18","7.0","32.822","522.473"
"18","8.0","32.823","540.848"
"18","9.0","32.824","558.641"
"18","10.0","32.825","575.956"
"18","11.0","32.826","592.54"
"18","12.0","32.827","608.206"
"18","13.0","32.827","623.116"
"18","14.0","32.828","637.16"
"18","15.0","32.829","650.336"
"18","16.0","32.83","662.937"
"18","17.0","32.834","671.894"
"18","18.0","32.838","681.893"
"18","19.0","32.841","691.719"
"18","20.0","32.845","701.229"
"18","21.0","32.849","710.209"
"18","22.0","32.853","718.643"
"18","23.0","32.856","726.727"
"18","24.0","32.86","734.463"
"18","25.0","32.864","741.69"
"18","26.0","32.868","748.369"
"18","27.0","32.871","754.682"
"18","28.0","32.875","760.72"
"18","29.0","32.879","766.339"
"18","30.0","32.882","771.514"
"18","31.0","32.886","776.424"
"18","32.0","32.89","781.14"
"18","33.0","32.894","785.51"
"18","34.0","32.897","789.504"
"18","35.0","32.901","793.292"
"18","36.0","32.905","796.931"
"18","37.0","32.909","800.281"
"18","38.0","32.912","803.311"
"18","39.0","32.916","806.185"
"18","40.0","32.92","808.974"
"18","41.0","32.923","812.65"
"18","42.0","32.925","815.425"
"18","43.0","32.928","817.871"
"18","44.0","32.93","820.082"
"18","45.0","32.932","822.049"
"18","46.0","32.935","823.704"
"18","47.0","32.938","825.148"
"19","0.0","34.782","20.0"
"19","1.0","35.4","1567.5"
"19","2.0","35.479","1565.0"
"19","3.0","35.534","1562.5"
"19","4.0","35.582","1560.0"
"19","5.0","35.631","1557.5"
"19","6.0","35.675","1555.0"
"19","7.0","35.715","1552.5"
"19","8.0","35.753","1550.0"
"19","9.0","35.787","1547.5"
"19","10.0","35.819","1545.0"
"19","11.0","35.849","1542.5"
"19","12.0","35.874","1540.0"
"19","13.0","35.897","1537.5"
"19","14.0","35.918","1535.0"
"19","15.0","35.938","1532.5"
"19","16.0","35.956","1530.0"
"19","17.0","35.974","1529.17"
"19","18.0","35.991","1528.33"
"19","19.0","36.008","1527.5"
"19","20.0","36.023","1526.67"
"19","21.0","36.037","1525.83"
"19","22.0","36.051","1525.0"
"19","23.0","36.063","1524.17"
"19","24.0","36.075","1523.33"
"19","25.0","36.086","1522.5"
"19","26.0","36.097","1521.67"
"19","27.0","36.107","1520.83"
"19","28.0","36.116","1520.0"
"19","29.0","36.124","1519.17"
"19","30.0","36.133","1518.33"
"19","31.0","36.14","1517.5"
"19","32.0","36.147","1516.67"
"19","33.0","36.154","1515.83"
"19","34.0","36.16","1515.0"
"19","35.0","36.166","1514.17"
"19","36.0","36.172","1513.33"
"19","37.0","36.177","1512.5"
"19","38.0","36.182","1511.67"
"19","39.0","36.186","1510.83"
"19","40.0","36.19","1510.0"
"19","41.0","36.193","1505.42"
"19","42.0","36.194","1500.83"
"19","43.0","36.195","1496.25"
"19","44.0","36.196","1491.67"
"19","45.0","36.196","1487.08"
"19","46.0","36.195","1482.5"
"19","47.0","36.194","1477.92"
"6_sec20_1","0.0","34.769","1.0"
"6_sec20_1","1.0","35.336","1504.443"
"6_sec20_1","2.0","35.419","1537.73"
"6_sec20_1","3.0","35.477","1541.841"
"6_sec20_1","4.0","35.526","1539.768"
"6_sec20_1","5.0","35.576","1537.968"
"6_sec20_1","6.0","35.622","1537.044"
"6_sec20_1","7.0","35.663","1535.752"
"6_sec20_1","8.0","35.701","1534.604"
"6_sec20_1","9.0","35.736","1533.108"
"6_sec20_1","10.0","35.769","1531.463"
"6_sec20_1","11.0","35.8","1529.807"
"6_sec20_1","12.0","35.826","1529.518"
"6_sec20_1","13.0","35.849","1527.74"
"6_sec20_1","14.0","35.871","1525.896"
"6_sec20_1","15.0","35.891","1523.975"
"6_sec20_1","16.0","35.91","1522.001"
"6_sec20_1","17.0","35.929","1521.299"
"6_sec20_1","18.0","35.946","1520.836"
"6_sec20_1","19.0","35.963","1520.381"
"6_sec20_1","20.0","35.978","1520.0"
"6_sec20_1","21.0","35.993","1519.539"
"6_sec20_1","22.0","36.006","1519.081"
"6_sec20_1","23.0","36.019","1518.597"
"6_sec20_1","24.0","36.031","1518.087"
"6_sec20_1","25.0","36.043","1517.548"
"6_sec20_1","26.0","36.054","1517.01"
"6_sec20_1","27.0","36.064","1516.453"
"6_sec20_1","28.0","36.073","1515.89"
"6_sec20_1","29.0","36.082","1515.311"
"6_sec20_1","30.0","36.09","1514.707"
"6_sec20_1","31.0","36.098","1514.103"
"6_sec20_1","32.0","36.105","1513.491"
"6_sec20_1","33.0","36.112","1512.82"
"6_sec20_1","34.0","36.119","1512.182"
"6_sec20_1","35.0","36.125","1511.533"
"6_sec20_1","36.0","36.13","1510.867"
"6_sec20_1","37.0","36.135","1510.197"
"6_sec20_1","38.0","36.14","1509.52"
"6_sec20_1","39.0","36.145","1508.827"
"6_sec20_1","40.0","36.149","1508.136"
"6_sec20_1","41.0","36.152","1504.474"
"6_sec20_1","42.0","36.154","1500.199"
"6_sec20_1","43.0","36.155","1495.878"
"6_sec20_1","44.0","36.156","1491.518"
"6_sec20_1","45.0","36.156","1487.137"
"6_sec20_1","46.0","36.156","1482.749"
"6_sec20_1","47.0","36.155","1478.352"
